Station,Station_Name,Quarter,year,quarter,species,X,Y,DO,Temperature,pH,Salinity,NH3,PO4,H2S,BOD5,COD,TSS,Coliform,Alkalinity,Transparency,CN,As,Cd,Pb,Cu,Hg,Zn,Total_Cr,HSI,HSI_Level,r_hsi,R_km
NB1,Luồng vào cảng Cái Lân tại cầu Bãi Cháy,2027-07-01,2027,3,cobia,2318587,428692,5.8956618309021,29.105222702026367,8.200053215026855,31.82508850097656,0.0400043874979019,0.0425846390426158,,38.06684875488281,109.00262451171876,1.0764988660812378,0.0,137.01466369628906,0.0,0.0013030779082328,0.0021986328065395,0.0001037786278175,0.0004735663824249,0.0007737803389318,0.0001684697926975,0.0101271467283368,0.0002878978848457,0.8235979220225419,Phù hợp,0.3311740478962686,
NB1,Luồng vào cảng Cái Lân tại cầu Bãi Cháy,2027-10-01,2027,4,cobia,2318587,428692,6.193403720855713,25.28636360168457,8.138829231262207,31.13478279113769,0.0366146489977836,0.025725757703185,,39.66745376586914,114.40967559814452,0.1885628402233123,0.0,129.59625244140625,2.355531454086304,0.0013075555907562,0.0018479377031326,0.0001037786278175,0.0019855655264109,0.0011789988493546,0.0001684697926975,0.0105970846489071,0.0007578015793114,0.8347036671121648,Phù hợp,0.3311740478962686,
NB2,Cảng B12- vịnh Cửa Lục,2027-07-01,2027,3,cobia,2319163,428365,6.613584041595459,28.212799072265625,8.077241897583008,31.0703182220459,0.048474296927452,0.0606413073837757,,37.02585983276367,107.7591781616211,3.641605138778688,124.48738098144533,135.02752685546875,0.0,0.0013075555907562,0.0019652931950986,0.0001037786278175,0.0,0.0011624895269051,0.0001684697926975,0.0277099199593067,0.0004869243712164,0.8140570982523283,Phù hợp,0.3311740478962686,
NB2,Cảng B12- vịnh Cửa Lục,2027-10-01,2027,4,cobia,2319163,428365,7.705638408660889,24.49944305419922,8.181693077087402,31.39651679992676,0.0596854500472545,0.0349484980106353,,35.71231842041016,87.52483367919922,3.09818434715271,0.0,118.0750961303711,0.0,0.0013075555907562,0.0017337255412712,0.0001037786278175,0.0,0.0025227111764252,0.0001684697926975,0.0196430794894695,0.0004029286501463,0.8261888855166856,Phù hợp,0.3311740478962686,
NB3,Cảng Cái Lân- vịnh Cửa Lục,2027-07-01,2027,3,cobia,2320268,427607,6.322254657745361,27.71109390258789,8.096571922302246,32.25727462768555,0.0473752617835998,0.056640587747097,,38.39194869995117,93.11670684814452,4.018861293792725,0.0,138.04498291015625,0.737041711807251,0.0013030779082328,0.0021950220689177,0.0001037786278175,0.0,0.000738772097975,0.0001684697926975,0.0220753736793994,0.0002666965592652,0.8224191654629583,Phù hợp,0.669997947758051,
NB3,Cảng Cái Lân- vịnh Cửa Lục,2027-10-01,2027,4,cobia,2320268,427607,8.059000968933105,23.8552360534668,8.143548965454102,31.581241607666016,0.0405982136726379,0.039039060473442,,40.28312301635742,91.85951232910156,1.016903042793274,0.0,145.8465576171875,1.1784707307815552,0.0013075555907562,0.0014975492376834,0.0001037786278175,0.0009345818543806,0.0011296032462269,0.0001684697926975,0.0221434142440557,0.0006176138995215,0.8330667919720721,Phù hợp,0.669997947758051,
NB4,Khu Hòn Gạc- vịnh Cửa Lục,2027-07-01,2027,3,cobia,2320452,429685,7.04296350479126,28.7688217163086,8.156745910644531,31.30933952331543,0.0401559211313724,0.057877343147993,,44.21299362182617,141.81649780273438,4.430320262908936,0.0,151.11219787597656,3.5671961307525635,0.0013030779082328,0.0019586151465773,0.0001037786278175,0.0060443482361733,0.003780442290008,0.0001684697926975,0.0207274723798036,0.0004293095262255,0.8027961046898593,Phù hợp,0.5405370015086849,
NB4,Khu Hòn Gạc- vịnh Cửa Lục,2027-10-01,2027,4,cobia,2320452,429685,6.711433410644531,25.69281578063965,8.225761413574219,30.418777465820312,0.0344593711197376,0.0497519932687282,,35.86270904541016,111.79886627197266,2.675200700759888,0.0,128.43853759765625,0.0,0.0013075555907562,0.0016196594806388,0.0001037786278175,0.0001300502481171,0.001098389038816,0.0001684697926975,0.0086848847568035,0.0004146434366703,0.8288834575075932,Phù hợp,0.5405370015086849,
NB5,Ven bờ khu đô thị CENCO 5,2027-07-01,2027,3,cobia,2319397,429449,5.722452163696289,27.458297729492188,8.179573059082031,30.908763885498047,0.0785714909434318,0.045564629137516,,36.185279846191406,99.94898223876952,9.380672454833984,0.0,136.12149047851562,5.123203754425049,0.0013030779082328,0.0019670135807245,0.0001037786278175,0.0,0.0013402982149273,0.0001684697926975,0.0082159573212265,2.393369322817307e-05,0.8147369423287086,Phù hợp,0.5405370015086849,
NB5,Ven bờ khu đô thị CENCO 5,2027-10-01,2027,4,cobia,2319397,429449,8.442631721496582,24.441442489624023,8.28814697265625,30.63656616210937,0.0733907222747802,0.0324308760464191,,34.92469024658203,84.76812744140625,8.070996284484863,0.0,135.7061004638672,0.0,0.0013075555907562,0.0014984157169237,0.0001037786278175,0.0,0.0004362868203315,0.0001684697926975,0.0158664472401142,0.0003032522508874,0.818236755284194,Phù hợp,0.5405370015086849,
NB6,Cửa sông Trới ven bờ KCN Việt Hưng,2027-07-01,2027,3,cobia,2322158,422550,6.608211994171143,28.03532791137696,8.107182502746582,27.65024948120117,0.0694153383374214,0.0404624789953231,,37.42209243774414,75.53705596923828,9.252214431762695,0.0,129.0577850341797,0.0,0.0013075555907562,0.0023220640141516,0.0001037786278175,0.0001599537354195,0.0012251333100721,0.0001684697926975,0.0067261485382914,0.0005379325593821,0.8159322680602438,Phù hợp,0.5,
NB6,Cửa sông Trới ven bờ KCN Việt Hưng,2027-10-01,2027,4,cobia,2322158,422550,6.100054740905762,25.45014953613281,8.196475982666016,28.537233352661133,0.0569237992167472,0.0285916421562433,,39.00830459594727,88.67943572998047,7.281012535095215,0.0,128.13510131835938,0.0,0.0013075555907562,0.0023152127396315,0.0001037786278175,0.000215532418224,0.0007315185503102,0.0001684697926975,0.0233845636248588,0.0002333996235392,0.8197844070239656,Phù hợp,2.2901900030346827,
NB7,Cửa sông Man tại cầu Đá Trắng đường Trới- Vũ Oai,2027-07-01,2027,3,cobia,2325055,427799,6.934841632843018,28.13947105407715,8.127466201782227,27.16228675842285,0.0708983987569809,0.0439032092690467,,40.37551498413086,96.07926940917967,12.675731658935549,0.0,151.16531372070312,2.8295910358428955,0.0013075555907562,0.0023278503213077,0.0001037786278175,0.0035576920490711,0.0010679959086701,0.0001684697926975,0.0221992656588554,0.0002374823525315,0.8032242123805989,Phù hợp,2.395424440469789,
NB7,Cửa sông Man tại cầu Đá Trắng đường Trới- Vũ Oai,2027-10-01,2027,4,cobia,2325055,427799,7.383684158325195,25.02012252807617,8.142151832580566,26.87927627563477,0.0611085332930088,0.0390521138906478,,36.31642532348633,64.76634979248047,12.445343017578123,0.0,120.34310150146484,0.0,0.0013075555907562,0.0018037725239992,0.0001037786278175,0.0,0.0010334538528695,0.0001684697926975,0.0153651498258113,0.0003893346001859,0.8224945600587633,Phù hợp,2.395424440469789,
NB8,Cửa sông Diễn Vọng tại cầu Bang,2027-07-01,2027,3,cobia,2324600,433954,5.940364360809326,29.25289726257324,7.998153209686279,18.423274993896484,0.0505270026624202,0.0497609265148639,,32.558143615722656,58.487403869628906,16.811784744262695,1378.95263671875,136.64047241210938,0.0,0.0013030779082328,0.0015831545460969,0.0001037786278175,0.0,0.0011506986338645,0.0001684697926975,0.0138358734548091,0.0003839782148133,0.7950784119541932,Phù hợp,2.976166367997596,
NB8,Cửa sông Diễn Vọng tại cầu Bang,2027-10-01,2027,4,cobia,2324600,433954,5.748010158538818,26.83932876586914,7.912944316864014,21.904071807861328,0.044549323618412,0.0215842351317405,,25.55130958557129,80.16541290283203,17.743276596069336,1740.152587890625,122.9284210205078,0.0,0.0013030779082328,0.001675852923654,0.0001037786278175,0.0,0.0006288722506724,0.0001684697926975,0.0065556913614273,0.0003293497138656,0.8075505363896971,Phù hợp,0.5,
NB9,Bến phà Tuần Châu,2027-07-01,2027,3,cobia,2313924,420738,6.603024959564209,28.141969680786133,8.155255317687988,31.041399002075195,0.0557032972574234,0.0435586720705032,,39.9209098815918,107.7167510986328,1.9498454332351685,0.0,143.1221923828125,5.1037211418151855,0.0013075555907562,0.0022379260044544,0.0001037786278175,0.0001721586304483,0.0006821379065513,0.0001684697926975,0.0231501851230859,0.000309255789034,0.8274659216732353,Phù hợp,0.6717151554044318,
NB9,Bến phà Tuần Châu,2027-10-01,2027,4,cobia,2313924,420738,5.987113952636719,25.199153900146484,8.263218879699707,30.944244384765625,0.0518754608929157,0.0304639171808958,,37.6523323059082,86.50089263916016,3.133822441101074,0.0,141.07183837890625,2.979744911193848,0.0013075555907562,0.0017828948330134,0.0001037786278175,0.0,0.0028035405557602,0.0001684697926975,0.0188099481165409,0.0003736806975211,0.8368274720912299,Phù hợp,0.6717151554044318,
NB10,Bãi tắm Tuần  Châu,2027-07-01,2027,3,cobia,2315155,421276,6.763552665710449,27.78623580932617,8.143156051635742,32.032859802246094,0.0490924008190631,0.0555060170590877,,36.06912612915039,79.44449615478516,2.15047025680542,0.0,122.3253402709961,1.7922242879867554,0.0013030779082328,0.00208460399881,0.0001037786278175,0.0004145888087805,0.0008950551273301,0.0001684697926975,0.0035851798020303,0.0003112932608928,0.8348799188759919,Phù hợp,0.6717151554044318,
NB10,Bãi tắm Tuần  Châu,2027-10-01,2027,4,cobia,2315155,421276,6.189920425415039,24.792627334594727,8.199918746948242,30.9081974029541,0.0316902995109558,0.0359850637614727,,31.033292770385746,82.36058807373047,3.7802505493164062,0.0,131.23904418945312,0.0,0.0013075555907562,0.0021696870680898,0.0001037786278175,0.0006142085185274,0.0012552755651995,0.0001684697926975,0.0291259009391069,0.000301618798403,0.8433608133449495,Phù hợp,0.6717151554044318,
NB11,Cửa sông Hòn Dấu,2027-07-01,2027,3,cobia,2316995,413685,5.957777976989746,28.15566062927246,8.055097579956055,30.2273006439209,0.050086636096239,0.0437929928302764,,31.372314453125,79.34925079345703,4.068761348724365,2515.0166015625,112.37781524658205,0.0,0.0013030779082328,0.0022307911422103,0.0001037786278175,0.0025411988608539,0.0011172969825565,0.0001684697926975,0.0275013353675603,0.0003326168225612,0.8049108682839623,Phù hợp,0.5,
NB11,Cửa sông Hòn Dấu,2027-10-01,2027,4,cobia,2316995,413685,5.511375904083252,25.0974349975586,8.083998680114746,30.70366477966309,0.0666239559650421,0.0296113397926092,,31.38075828552246,90.21834564208984,2.346099376678467,329.91162109375,128.12986755371094,0.0,0.0013075555907562,0.0018612117273733,0.0001037786278175,0.0,0.0022276698146015,0.0001684697926975,0.0133378161117434,0.0003255957562942,0.8212929838796855,Phù hợp,0.5,
NB12,Bãi tắm Bãi Cháy - phía Tây bãi tắm giáp Đảo Rều,2027-07-01,2027,3,cobia,2316901,424936,6.507694721221924,27.49827766418457,8.15576457977295,30.264036178588867,0.0549034848809242,0.0493897385895252,,37.35782241821289,103.38330078125,3.841517686843872,0.0,137.80381774902344,1.3428683280944824,0.0013030779082328,0.0021751909516751,0.0001037786278175,0.0,0.0005927646998316,0.0001684697926975,0.0111921317875385,0.0003108024829998,0.8209239555253536,Phù hợp,0.5,
NB12,Bãi tắm Bãi Cháy - phía Tây bãi tắm giáp Đảo Rều,2027-10-01,2027,4,cobia,2316901,424936,5.801396369934082,24.91008949279785,8.205355644226074,30.47007942199707,0.0464382655918598,0.0351612530648708,,35.145660400390625,82.01908874511719,3.52140474319458,0.0,129.8025360107422,0.5348076820373535,0.0013075555907562,0.0022814495023339,0.0001037786278175,0.00037571231951,0.0013101518852636,0.0001684697926975,0.0159730296581983,0.00040036891005,0.8333463663245052,Phù hợp,0.7836737203709208,
NB13,Bãi tắm Bãi Cháy - khu Trung tâm bãi tắm,2027-07-01,2027,3,cobia,2316868,426503,5.998514652252197,28.73580741882324,8.193406105041504,30.78801918029785,0.0724309384822845,0.0534507930278778,,38.75068283081055,124.656005859375,4.0542497634887695,0.0,134.18833923339844,0.0,0.0013030779082328,0.0019487977260723,0.0001037786278175,3.1351446523331106e-05,0.0004657633544411,0.0001684697926975,0.0106339687481522,0.0003382703289389,0.7983734447304729,Phù hợp,0.5,
NB13,Bãi tắm Bãi Cháy - khu Trung tâm bãi tắm,2027-10-01,2027,4,cobia,2316868,426503,10.54991054534912,24.10757827758789,8.229995727539062,31.01548385620117,0.0674433037638664,0.0269541200250387,,35.77406692504883,103.0723876953125,3.317152976989746,0.0,140.3883056640625,6.839258670806885,0.0013075555907562,0.0021848329342901,0.0001037786278175,0.000269644515356,0.0011209941003471,0.0001684697926975,0.0109886080026626,0.0004144315898884,0.835756176641875,Phù hợp,0.7836737203709208,
NB14,Ven bờ phường Hùng Thắng,2027-07-01,2027,3,cobia,2317578,422609,6.51060962677002,28.66823387145996,8.1935453414917,29.79192543029785,0.0672147795557975,0.0493343472480773,,41.270469665527344,130.05130004882812,3.5177485942840576,75.93685150146484,138.9276123046875,1.776216745376587,0.0013075555907562,0.002559773158282,0.0001037786278175,0.0017614185344427,0.00183462863788,0.0001684697926975,0.0196744725108146,0.0004548905708361,0.7974788155440784,Phù hợp,0.5,
NB14,Ven bờ phường Hùng Thắng,2027-10-01,2027,4,cobia,2317578,422609,10.37628936767578,26.105512619018555,8.203073501586914,30.04766273498535,0.0590628944337368,0.0465933941304683,,42.15839385986328,108.35952758789062,2.795587539672852,168.3086700439453,130.14479064941406,0.0,0.0013075555907562,0.0019216305809095,0.0001037786278175,0.0,0.0012387606548145,0.0001684697926975,0.0109908180311322,0.0005594787071458,0.8094556521401504,Phù hợp,0.5,
NB15,Sau chợ Hạ Long 1- cầu Bài Thơ Hạ Long,2027-07-01,2027,3,cobia,2317218,430394,7.467016696929932,27.58596992492676,8.254061698913574,31.86825561523437,0.0806638374924659,0.0602034404873847,,36.53611373901367,102.25457000732422,3.4531960487365723,0.0,125.23855590820312,0.0,0.0013075555907562,0.0017295056022703,0.0001037786278175,0.0001744311448419,0.0018807490123435,0.0001684697926975,0.0131526784971356,0.0004004710935987,0.803944115166518,Phù hợp,0.6558159040462499,
NB15,Sau chợ Hạ Long 1- cầu Bài Thơ Hạ Long,2027-10-01,2027,4,cobia,2317218,430394,7.29610538482666,25.445531845092773,8.210124015808105,30.480993270874023,0.0595400854945182,0.0418738909065723,,45.290077209472656,152.91818237304688,3.4642493724823,3.429171562194824,118.6604461669922,0.0,0.0013075555907562,0.0018964316695928,0.0001037786278175,0.0,0.0013200242538005,0.0001684697926975,0.0174766108393669,0.0004766414640471,0.7938007454667005,Phù hợp,0.5,
NB16,Ven bờ khu vực Bến Đoan- Hạ Long,2027-07-01,2027,3,cobia,2317471,431681,7.33603048324585,27.908180236816406,8.148518562316895,31.75136375427246,0.0646923258900642,0.0537151619791984,,39.529239654541016,99.9083251953125,2.9708642959594727,0.0,131.24298095703125,0.0,0.0013030779082328,0.0018304609693586,0.0001037786278175,0.0003869520442094,0.0014950768090784,0.0001684697926975,0.0117146475240588,0.0004657356475945,0.8115681464313186,Phù hợp,0.25185908758669,
NB16,Ven bờ khu vực Bến Đoan- Hạ Long,2027-10-01,2027,4,cobia,2317471,431681,8.086974143981934,24.230731964111328,8.256263732910156,30.618576049804688,0.053812950849533,0.0348723717033863,,41.31931686401367,91.61279296875,3.253389835357666,0.0,129.03858947753906,0.0,0.0013075555907562,0.0020798975601792,0.0001037786278175,0.0001192778072436,0.0010678966064006,0.0001684697926975,0.0089766681194305,0.0005294092115946,0.8224017063083053,Phù hợp,0.25185908758669,
NB17,Ven bờ khu vực cột 5- phường Hồng Hà- TP Hạ Long,2027-07-01,2027,3,cobia,2317257,432137,6.287146091461182,27.341552734375,8.359185218811035,31.76656723022461,0.0732825547456741,0.0505992174148559,,36.6938705444336,116.41856384277344,5.160149574279785,0.0,128.7108612060547,0.0,0.0013075555907562,0.0016503217630088,0.0001037786278175,0.0,0.0010305817704647,0.0001684697926975,0.0128374500200152,0.0004147701547481,0.8040590765692027,Phù hợp,0.25185908758669,
NB17,Ven bờ khu vực cột 5- phường Hồng Hà- TP Hạ Long,2027-10-01,2027,4,cobia,2317257,432137,6.760293960571289,24.781051635742188,8.258654594421387,31.40828323364257,0.0581993758678436,0.0320571921765804,,41.49012756347656,118.12596130371094,6.339653491973877,320.78826904296875,150.984375,0.0,0.0013075555907562,0.0019035880686715,0.0001037786278175,0.0011652563698589,0.0015351427718997,0.0001684697926975,0.0182452425360679,0.0003736026701517,0.8040386383098592,Phù hợp,0.25185908758669,
NB18,Lạch Hạm Nam Cầu Trắng- TP Hạ Long,2027-07-01,2027,3,cobia,2316544,435609,6.191092014312744,27.300682067871094,8.179699897766113,31.912452697753903,0.0780914276838302,0.0480800122022628,,34.39170455932617,113.47257995605467,6.607381343841553,0.0,130.03085327148438,2.267402648925781,0.0013030779082328,0.0022018935997039,0.0001037786278175,0.0062586604617536,0.0018644222291186,0.0001684697926975,0.013763453811407,0.0004365985223557,0.8018425509802031,Phù hợp,1.7722269183149206,
NB18,Lạch Hạm Nam Cầu Trắng- TP Hạ Long,2027-10-01,2027,4,cobia,2316544,435609,6.43323278427124,24.76676368713379,8.229618072509766,30.75342559814453,0.0619685761630535,0.0377407185733318,,32.641536712646484,84.36768341064453,8.405281066894531,0.0,106.4871063232422,0.4010054469108581,0.0013075555907562,0.001683322712779,0.0001037786278175,6.448930071201175e-05,0.000776135129854,0.0001684697926975,0.0069429683499038,0.0004115686460863,0.8259317022444103,Phù hợp,0.5,
NB19,Lạch Lộ Phong- TP Hạ Long,2027-07-01,2027,3,cobia,2316498,443279,6.09994649887085,28.26802444458008,8.143171310424805,31.86186790466309,0.0461138933897018,0.0555641613900661,,38.30170822143555,104.55924224853516,2.3827970027923584,0.0,144.3700714111328,6.378090858459473,0.0013075555907562,0.0019057657336816,0.0001037786278175,0.0009330997709184,0.0010036475723609,0.0001684697926975,0.0353187881410121,0.000392840913264,0.8331892600730603,Phù hợp,0.5,
NB19,Lạch Lộ Phong- TP Hạ Long,2027-10-01,2027,4,cobia,2316498,443279,7.733175277709961,24.837682723999023,8.178621292114258,30.564308166503903,0.0427368991076946,0.0393348112702369,,33.09524154663086,79.8844223022461,1.6645660400390625,0.0,119.65914916992188,0.0,0.0013075555907562,0.0019120668293908,0.0001037786278175,0.0,0.001124607399106,0.0001684697926975,0.0143774338066577,0.0003255957562942,0.8406329853840138,Phù hợp,0.5,
NB20,Cảng Km 6 - TP Cẩm Phả,2027-07-01,2027,3,cobia,2322174,447656,6.603984832763672,28.650659561157227,8.088014602661133,29.725454330444336,0.0453119128942489,0.055504273623228,,38.48849487304688,103.17768096923828,4.398467540740967,1031.55126953125,132.03334045410156,0.0,0.0013075555907562,0.0020079021342098,0.0001037786278175,7.44879653211683e-05,0.0007827582303434,0.0001684697926975,0.0245155692100524,0.0004414720169734,0.8066337681450422,Phù hợp,2.5872264106567866,
NB20,Cảng Km 6 - TP Cẩm Phả,2027-10-01,2027,4,cobia,2322174,447656,10.241467475891112,25.56650924682617,8.121991157531738,30.41385841369629,0.0463641919195652,0.0513704344630241,,38.936641693115234,112.59993743896484,3.458616018295288,651.246337890625,124.00535583496094,0.0,0.0013075555907562,0.0017153065418824,0.0001037786278175,0.0013485387898981,0.0023540616966784,0.0001684697926975,0.0230354443192482,0.0005885956925339,0.808596045299096,Phù hợp,2.5872264106567866,
NB21,Cảng Vũng Đục - TP Cẩm Phả,2027-07-01,2027,3,cobia,2321985,452827,6.469017505645752,28.40144729614257,8.219290733337402,31.5239372253418,0.0538867972791194,0.0592767931520938,,36.48239517211914,96.20277404785156,2.0287766456604004,368.0197448730469,115.44046783447266,0.0,0.0013075555907562,0.00258663110435,0.0001037786278175,0.0005427334108389,0.000826884061098,0.0001684697926975,0.0132299195975065,0.0003498143923934,0.8144325872335759,Phù hợp,0.5,
NB21,Cảng Vũng Đục - TP Cẩm Phả,2027-10-01,2027,4,cobia,2321985,452827,6.998600959777832,25.80261611938477,8.2216157913208,30.90822982788086,0.0517154149711132,0.0295391846448183,,39.76143264770508,120.13475799560548,2.880155324935913,0.0,128.1288604736328,0.0,0.0013075555907562,0.0020174896344542,0.0001037786278175,0.0030350480228662,0.001168641145341,0.0001684697926975,0.0092103602364659,0.0009167214157059,0.8142056062134646,Phù hợp,1.3645044888163615,
NB22,Khu vực Hòn Lướt ven cụm công nghiệp Cẩm Thịnh,2027-07-01,2027,3,cobia,2322430,458154,6.722159862518311,28.48398208618164,8.12073040008545,32.343727111816406,0.0388398878276348,0.0552146583795547,,35.39096450805664,110.4306640625,2.8258347511291504,0.0,124.1412124633789,7.395689964294434,0.0013030779082328,0.0022134592290967,0.0001037786278175,0.0003692113969009,0.0009414840023964,0.0001684697926975,0.010398126207292,0.0004171772452536,0.841874895482589,Phù hợp,0.5,
NB22,Khu vực Hòn Lướt ven cụm công nghiệp Cẩm Thịnh,2027-10-01,2027,4,cobia,2322430,458154,6.79845142364502,26.34982681274414,8.076885223388672,30.86915397644043,0.0385620072484016,0.0371620543301105,,37.52581024169922,106.75462341308594,1.2433918714523315,0.0,124.82701873779295,0.0,0.0013075555907562,0.0021710847504436,0.0001037786278175,0.0005751697462983,0.0006997504970058,0.0001684697926975,0.0153852244839072,0.0001256340328836,0.829180193789172,Phù hợp,1.0747805589979753,
NB23,Ven bờ Nhiệt điện Cẩm Phả - tuyển than Cửa Ông,2027-07-01,2027,3,cobia,2323792,459817,7.355313777923584,29.10504150390625,8.13405704498291,28.29021644592285,0.0487541556358337,0.0434390604496002,,32.55792236328125,114.23445129394533,3.337642192840576,1204.6456298828125,131.2388153076172,0.0,0.0013075555907562,0.0023435649927705,0.0001037786278175,0.0,0.0007482358487322,0.0001684697926975,0.0175437070429325,0.000313376833219,0.8086976131101451,Phù hợp,0.5,
NB23,Ven bờ Nhiệt điện Cẩm Phả - tuyển than Cửa Ông,2027-10-01,2027,4,cobia,2323792,459817,7.269259929656982,26.432735443115234,7.993679046630859,28.8100528717041,0.0486980192363262,0.0356104560196399,,42.12369918823242,115.5260772705078,2.831640243530273,0.0,130.69012451171875,0.99607115983963,0.0013075555907562,0.0019252692582085,0.0001037786278175,0.0009747997974045,0.001248619519174,0.0001684697926975,0.0193376913666725,0.0006231871666386,0.8172744722115697,Phù hợp,0.5,
NB24,Cảng Cửa Ông- TP Cẩm Phả,2027-07-01,2027,3,cobia,2326075,460842,6.185195446014404,29.029014587402344,8.17475700378418,28.22050094604492,0.0593218877911567,0.0545826070010662,,36.555999755859375,76.572265625,5.076927185058594,0.0,122.4456024169922,0.3547780811786651,0.0013075555907562,0.0020185827743262,0.0001037786278175,0.0,0.000758865266107,0.0001684697926975,0.0114192403852939,0.0003038069116882,0.8219407535704404,Phù hợp,1.2512707540736336,
NB24,Cảng Cửa Ông- TP Cẩm Phả,2027-10-01,2027,4,cobia,2326075,460842,5.9056596755981445,25.822481155395508,8.038864135742188,29.25826644897461,0.0498591028153896,0.0343985930085182,,35.11738967895508,93.74365997314452,4.580997943878174,0.0,133.56170654296875,3.55134916305542,0.0013075555907562,0.0019476057495921,0.0001037786278175,0.0005101045826449,0.0009209684212692,0.0001684697926975,0.0093239564448595,0.0004047841648571,0.8367575270999655,Phù hợp,1.2512707540736336,
NB25,Cảng Cái Rồng- Vân Đồn,2027-07-01,2027,3,cobia,2329585,466608,6.968450546264648,28.31865119934082,8.223724365234375,31.71907615661621,0.0737700313329696,0.056454598903656,,39.62273406982422,108.36515808105467,6.98274564743042,0.0,133.52806091308594,2.302085399627685,0.0013075555907562,0.0023943558335304,0.0001037786278175,0.0,0.0004731841036118,0.0001684697926975,0.02751743234694,0.0002452750923112,0.8023667089312347,Phù hợp,0.5,
NB25,Cảng Cái Rồng- Vân Đồn,2027-10-01,2027,4,cobia,2329585,466608,6.101745128631592,24.226959228515625,8.192341804504395,31.2822380065918,0.0662098824977874,0.040759153664112,,37.747779846191406,97.39197540283205,8.684932708740234,0.0,126.10748291015624,2.342806577682495,0.0013075555907562,0.0020840582437813,0.0001037786278175,0.0002865707501769,0.0026140599511563,0.0001684697926975,0.0313851684331893,0.0003905407502315,0.8140665101491267,Phù hợp,0.5,
NB26,Khu vực cảng 10-10 - Cẩm Phả,2027-07-01,2027,3,cobia,2321486,455510,6.156953811645508,27.2216739654541,8.160979270935059,31.856002807617188,0.0484777688980102,0.0355517193675041,,33.71523666381836,71.1170883178711,11.25312042236328,0.0,117.63465118408205,4.062530040740967,0.0013075555907562,0.0025921487249433,0.0001037786278175,0.0,0.0011399075156077,0.0001684697926975,0.0205061100423336,0.0004028929106425,0.8392229977595896,Phù hợp,0.5,
NB26,Khu vực cảng 10-10 - Cẩm Phả,2027-10-01,2027,4,cobia,2321486,455510,7.603668689727783,24.252103805541992,8.180563926696777,30.755634307861328,0.0459677949547767,0.0315478630363941,,36.81717300415039,88.64616394042969,12.130132675170898,0.0,132.7303466796875,0.0,0.0013075555907562,0.0019984191749244,0.0001037786278175,0.0,0.0017008321592584,0.0001684697926975,0.0305373258888721,0.0005948705947957,0.8217456321988765,Phù hợp,1.3645044888163615,
NB27,Khu vực cửa sông Mông Dương - TP.  Cẩm Phả,2027-07-01,2027,3,cobia,2330880,459989,6.150060176849365,29.173429489135746,8.111260414123535,23.459936141967773,0.0391800925135612,0.0443906411528587,,35.39042282104492,81.52963256835938,14.833550453186035,0.0,118.43253326416016,0.0,0.0013030779082328,0.0016657282831147,0.0001037786278175,0.0,0.0011618001153692,0.0001684697926975,0.0109223201870918,0.0004823736962862,0.817359687907474,Phù hợp,0.5,
NB27,Khu vực cửa sông Mông Dương - TP.  Cẩm Phả,2027-10-01,2027,4,cobia,2330880,459989,9.820469856262209,26.548688888549805,8.04460334777832,23.7447452545166,0.0383353866636753,0.0456736050546169,,39.43415451049805,94.75531005859376,17.817272186279297,0.0,144.01559448242188,2.11846923828125,0.0013075555907562,0.0020855662878602,0.0001037786278175,0.0001670082419877,0.0014605282340198,0.0001684697926975,0.0126706976443529,0.0004340529558248,0.8125000929509774,Phù hợp,0.5,
NB28,"Khu vực ven bờ xã Cẩm Hải, TP.  Cẩm Phả",2027-07-01,2027,3,cobia,2333357,460436,6.23464298248291,29.217548370361328,8.14954662322998,30.757333755493164,0.0676606446504592,0.0564555786550045,,35.24385452270508,104.09866333007812,5.6010823249816895,2761.286376953125,111.09662628173828,0.0,0.0013030779082328,0.0017805881798267,0.0001037786278175,0.000543485104572,0.0025578904896974,0.0001684697926975,0.015064712613821,0.0002182456082664,0.7793613973226947,Phù hợp,0.5,
NB28,"Khu vực ven bờ xã Cẩm Hải, TP.  Cẩm Phả",2027-10-01,2027,4,cobia,2333357,460436,6.390434265136719,25.572120666503903,8.032523155212402,30.21552276611328,0.06393963098526,0.0373364947736263,,32.195499420166016,88.76043701171875,3.647233009338379,2818.08447265625,123.46692657470705,0.0,0.0013075555907562,0.0015163895441219,0.0001037786278175,0.0001541941164759,0.0008604635368101,0.0001684697926975,0.0073660346679389,0.0004202166746836,0.79986362194711,Phù hợp,0.5,
NB29,Luồng Voi Lớn phía Tây xã Đoàn Kết- Vân Đồn,2027-07-01,2027,3,cobia,2334332,462783,6.536869049072266,28.830486297607425,8.157771110534668,29.95100975036621,0.0385052002966403,0.0526463128626346,,45.01786804199219,124.81324768066406,4.436262130737305,0.0,149.30410766601562,3.539767026901245,0.0013075555907562,0.0019084217492491,0.0001037786278175,0.0010667970636859,0.0017950992332771,0.0001684697926975,0.012254842557013,0.00016930878337,0.8161818632903202,Phù hợp,0.5,
NB29,Luồng Voi Lớn phía Tây xã Đoàn Kết- Vân Đồn,2027-10-01,2027,4,cobia,2334332,462783,6.074509143829346,25.17912483215332,8.167016983032227,30.261857986450195,0.0329144075512886,0.0487945862114429,,40.13982772827149,125.29820251464844,1.892104983329773,0.0,132.79278564453125,0.8641162514686584,0.0013075555907562,0.0015618016477674,0.0001037786278175,0.0,0.0008715295698493,0.0001684697926975,0.0094866976141929,0.0004120712110307,0.824314294496439,Phù hợp,0.5,
NB30,Ven bờ Đông Nam xã Đông Xá,2027-07-01,2027,3,cobia,2327079,463665,6.59627628326416,28.29088592529297,8.136194229125977,31.60005760192871,0.0389557741582393,0.0412391796708107,,41.41801834106445,150.0896759033203,4.1290388107299805,0.0,127.79700469970705,5.604756832122803,0.0013030779082328,0.0025108780246227,0.0001037786278175,0.0,0.0005786056281067,0.0001684697926975,0.0049907909706234,0.0001831805129768,0.8210323830900809,Phù hợp,1.4981108937592036,
NB30,Ven bờ Đông Nam xã Đông Xá,2027-10-01,2027,4,cobia,2327079,463665,6.352592468261719,24.71794319152832,8.245990753173828,31.43379211425781,0.0507959239184856,0.0340888760983943,,35.12501525878906,88.6654281616211,2.34597396850586,0.0,131.8932342529297,3.355424165725708,0.0013075555907562,0.0021644581574946,0.0001037786278175,0.0004125603009015,0.0025011235848069,0.0001684697926975,0.0351022519171237,0.00040036891005,0.8371677975366323,Phù hợp,1.4981108937592036,
NB31,Ven bờ Đông xã Hạ Long- Vân Đồn,2027-07-01,2027,3,cobia,2331339,470234,5.784383773803711,27.316614151000977,8.137495994567871,31.85198974609375,0.0429773442447185,0.0479093864560127,,34.614845275878906,88.63320922851562,4.525294780731201,813.6613159179688,130.5856475830078,3.9833076000213614,0.0013075555907562,0.0020862845703959,0.0001037786278175,0.0016022147610783,0.0014914743369445,0.0001684697926975,0.0116214472800493,0.0004889901028946,0.8291618038275758,Phù hợp,0.5,
NB31,Ven bờ Đông xã Hạ Long- Vân Đồn,2027-10-01,2027,4,cobia,2331339,470234,6.326686859130859,24.633272171020508,8.154435157775879,31.47657012939453,0.0444907993078231,0.032281469553709,,33.13749313354492,94.97068786621094,1.6144040822982788,559.5042114257812,136.89901733398438,0.0,0.0013075555907562,0.0018583339406177,0.0001037786278175,0.0,0.0012306908611208,0.0001684697926975,0.0101483985781669,0.0005435470957309,0.8313252229912219,Phù hợp,0.5,
NB32,Cảng Vạn Hoa- xã Vạn Yên- Vân Đồn,2027-07-01,2027,3,cobia,2346140,480817,5.71057653427124,28.32689666748047,8.113615989685059,31.227527618408203,0.0351981408894062,0.0543595105409622,,42.00383377075195,117.21061706542967,1.8564199209213257,667.8916015625,156.32435607910156,0.0,0.0013030779082328,0.0023533145431429,0.0001037786278175,0.0,0.0003160026972182,0.0001684697926975,0.0135004594922065,0.0003207366971764,0.8086205540636658,Phù hợp,1.912872186007209,
NB32,Cảng Vạn Hoa- xã Vạn Yên- Vân Đồn,2027-10-01,2027,4,cobia,2346140,480817,6.147021293640137,24.585432052612305,8.118575096130371,30.992351531982425,0.0422189161181449,0.0342131182551384,,30.19111061096192,120.48780822753906,3.369574546813965,1026.4527587890625,128.34353637695312,0.0,0.0013075555907562,0.0018958790460601,0.0001037786278175,0.0001645305019337,0.000695368158631,0.0001684697926975,0.0098827891051769,0.0004212251224089,0.8199574315520716,Phù hợp,0.5,
NB33,Thiên Cung - Đầu Gỗ,2027-07-01,2027,3,cobia,2313396,423810,11.019488334655762,28.100868225097656,8.129375457763672,31.570512771606445,0.0469561293721199,0.0757709965109825,,27.16572570800781,116.3998031616211,3.3947036266326904,331.8524780273437,91.79348754882812,0.0,0.0013030779082328,0.0017590324860066,0.0001037786278175,0.0001360407477477,0.0013431952102109,0.0001684697926975,0.011547589674592,0.0003649124118965,0.8184007250476512,Phù hợp,0.5878250164802447,
NB33,Thiên Cung - Đầu Gỗ,2027-10-01,2027,4,cobia,2313396,423810,8.170540809631348,25.457887649536133,8.10064697265625,31.550806045532227,0.0487613044679164,0.049793604761362,,32.300418853759766,92.5087432861328,3.266084909439087,641.1254272460938,98.5089340209961,0.0,0.0013075555907562,0.0019809945952147,0.0001037786278175,3.3890290069393814e-05,0.0003575684677343,0.0001684697926975,0.0070209829136729,0.0004165743011981,0.8242557327325631,Phù hợp,0.5878250164802447,
NB34,Đảo TiTop,2027-07-01,2027,3,cobia,2307445,430246,6.114050388336182,28.91014862060547,8.132923126220703,31.696258544921875,0.0408904217183589,0.0530152916908264,,42.87200164794922,96.80455780029295,1.4851809740066528,0.0,142.7436065673828,1.1068059206008911,0.0013030779082328,0.0019458687165752,0.0001037786278175,0.0,0.0008987498003989,0.0001684697926975,0.0159998685121536,0.0001901099749375,0.8239201311229027,Phù hợp,0.3916554608326048,
NB34,Đảo TiTop,2027-10-01,2027,4,cobia,2307445,430246,6.409735679626465,24.643186569213867,8.130093574523926,31.47322654724121,0.0344258360564708,0.0222520418465137,,40.05364227294922,106.26555633544922,1.7915751934051514,0.0,145.40817260742188,1.1952630281448364,0.0013075555907562,0.0017486120341345,0.0001037786278175,0.0028914881404489,0.0012712979223579,0.0001684697926975,0.0125352907925844,0.0004372680850792,0.8337770999657268,Phù hợp,0.3916554608326048,
NB35,Khu nghỉ đêm - Cát Lán,2027-07-01,2027,3,cobia,2307219,430996,5.366052627563477,27.64029312133789,8.10517692565918,31.69049835205078,0.0505832768976688,0.0495690628886222,,32.694454193115234,84.96025085449219,3.854272365570069,2051.718017578125,132.67706298828125,1.4259432554244995,0.0013075555907562,0.0020425906404852,0.0001037786278175,0.0003292665351182,0.0015328514855355,0.0001684697926975,0.014562776312232,0.000474079104606,0.8075847419449669,Phù hợp,0.3258024708316375,
NB35,Khu nghỉ đêm - Cát Lán,2027-10-01,2027,4,cobia,2307219,430996,6.275686740875244,25.357481002807617,8.111552238464355,31.535886764526367,0.0553115867078304,0.0428740084171295,,32.95208740234375,95.99098205566406,1.0163322687149048,1495.8770751953125,134.19735717773438,0.0,0.0013075555907562,0.0018451678333804,0.0001037786278175,5.2413328376133e-05,0.0013274108059704,0.0001684697926975,0.0085881054401397,0.0004923939704895,0.8144842732492293,Phù hợp,0.3258024708316375,
NB36,Khu Nghỉ đêm - Hang Luồn,2027-07-01,2027,3,cobia,2306977,431601,5.988168716430664,28.0590763092041,8.118760108947754,32.04151916503906,0.0344785116612911,0.0398720987141132,,38.65892028808594,131.7097930908203,2.060366630554199,51.03917694091797,135.22073364257812,5.394802570343018,0.0013030779082328,0.0024255067110061,0.0001037786278175,0.0005368498386815,0.0007956739864312,0.0001684697926975,0.0126709677278995,0.000336325581884,0.8325950858822871,Phù hợp,0.3258024708316375,
NB36,Khu Nghỉ đêm - Hang Luồn,2027-10-01,2027,4,cobia,2306977,431601,6.0504655838012695,25.883440017700195,8.135635375976562,31.13091468811035,0.0493952222168445,0.0424050651490688,,34.30393600463867,74.87947082519531,0.90839821100235,0.0,108.14298248291016,0.0,0.0013075555907562,0.0020384264644235,0.0001037786278175,0.0,0.0015400366391986,0.0001684697926975,0.0214443020522594,0.0005996037507429,0.8364886036703872,Phù hợp,0.3258024708316375,
NB37,Bồ Nâu - Sửng Sốt,2027-07-01,2027,3,cobia,2305988,431059,6.002847194671631,28.53517341613769,8.089014053344727,31.141870498657227,0.0433992892503738,0.0533022210001945,,39.9166374206543,122.74078369140624,3.737270832061768,0.0,136.14859008789062,1.7585140466690063,0.0013030779082328,0.0023001688532531,0.0001037786278175,0.0009956284193322,0.0020224782638251,0.0001684697926975,0.0212672855705022,0.0005090010818094,0.8141022015268448,Phù hợp,0.5,
NB37,Bồ Nâu - Sửng Sốt,2027-10-01,2027,4,cobia,2305988,431059,6.027401447296143,24.99024772644043,8.0984468460083,31.62401390075684,0.0367557406425476,0.0332958847284317,,31.84089469909668,104.95840454101562,3.024165868759156,0.0,124.95936584472656,0.0,0.0013075555907562,0.0018442966975271,0.0001037786278175,0.0,0.0010299085406586,0.0001684697926975,0.0185914821922779,0.0003533522831276,0.836427866133555,Phù hợp,0.5638893951831334,
NB38,Khu nghỉ đêm - Lờm bò,2027-07-01,2027,3,cobia,2304145,430616,5.386786937713623,27.672039031982425,8.104046821594238,32.897071838378906,0.0379396192729473,0.0468987524509429,,34.27988052368164,98.95919036865234,4.607573509216309,744.5438232421875,131.7360076904297,5.2295989990234375,0.0013030779082328,0.0021795879583805,0.0001037786278175,0.0,0.001049155020155,0.0001684697926975,0.0001496921759098,0.00019823902403,0.8320119395933296,Phù hợp,0.5,
NB38,Khu nghỉ đêm - Lờm bò,2027-10-01,2027,4,cobia,2304145,430616,6.399983882904053,25.860939025878903,8.128938674926758,31.018659591674805,0.0485879480838775,0.0271829664707183,,34.045101165771484,106.3568344116211,0.8029509782791138,346.1473693847656,128.6398162841797,0.0,0.0013075555907562,0.0017825549002736,0.0001037786278175,0.0,0.001023659016937,0.0001684697926975,0.0331493914127349,0.0003223700332455,0.8268450004940338,Phù hợp,0.947747065413552,
NB39,Khu nghỉ đêm Cống Đỏ,2027-07-01,2027,3,cobia,2309402,433983,5.807190895080566,27.715648651123047,8.127335548400879,32.33139419555664,0.034221488982439,0.0513421557843685,,36.64112854003906,114.63770294189452,2.735659122467041,0.0,129.48208618164062,0.0,0.0013030779082328,0.0020054471679031,0.0001037786278175,0.0,0.0005495130317285,0.0001684697926975,0.0072613707743585,0.0,0.8248676705895968,Phù hợp,1.2854541026423307,
NB39,Khu nghỉ đêm Cống Đỏ,2027-10-01,2027,4,cobia,2309402,433983,6.249534130096436,23.97054100036621,8.100855827331543,31.598115921020508,0.0264830291271209,0.0300436075776815,,35.75896453857422,88.84456634521484,1.646131157875061,522.4434204101562,137.18626403808594,0.0,0.0013075555907562,0.0018188984831795,0.0001037786278175,0.000379294360755,0.0016279037808999,0.0001684697926975,0.0129824187606573,0.00040036891005,0.8399948287237121,Phù hợp,1.2854541026423307,
NB40,Làng chài Ba Hang,2027-07-01,2027,3,cobia,2312233,423638,5.312536716461182,27.37700653076172,8.19746208190918,32.12028884887695,0.0721464082598686,0.0612295418977737,,31.89256858825684,83.10623931884766,2.528320550918579,0.0,120.19242095947266,0.0,0.0013030779082328,0.0017394121969118,0.0001037786278175,0.0,0.0008720196201466,0.0001684697926975,0.0078518921509385,0.0004568274889606,0.8150746275632841,Phù hợp,0.5878250164802447,
NB40,Làng chài Ba Hang,2027-10-01,2027,4,cobia,2312233,423638,7.277993202209473,25.14082908630371,8.186749458312988,30.88722419738769,0.0582378134131431,0.0240283701568841,,37.17349243164063,127.92375946044922,1.1630383729934692,0.0,146.50721740722656,0.0,0.0013075555907562,0.0022028819657862,0.0001037786278175,3.8807505916338414e-05,0.0011263899505138,0.0001684697926975,0.0170520413666963,0.0004028929106425,0.816046902587661,Phù hợp,0.5878250164802447,
NB41,Làng chài Hoa Cương,2027-07-01,2027,3,cobia,2309195,425079,5.352933883666992,27.65583610534668,8.197063446044922,32.03007507324219,0.0540126971900463,0.0587438344955444,,34.901939392089844,92.96685791015624,2.8175652027130127,769.6646728515625,133.509765625,0.0,0.0013030779082328,0.0017079239478334,0.0001037786278175,0.0,0.0012371053453534,0.0001684697926975,0.0172475483268499,0.000158671522513,0.8100143795179153,Phù hợp,1.6812142189501014,
NB41,Làng chài Hoa Cương,2027-10-01,2027,4,cobia,2309195,425079,5.826462745666504,25.28126335144043,8.172905921936035,31.018569946289062,0.0501307472586631,0.0429713353514671,,34.191627502441406,105.17933654785156,1.880397915840149,982.1008911132812,133.17730712890625,0.0,0.0013075555907562,0.001369850593619,0.0001037786278175,0.0002394954353803,0.0005671217804774,0.0001684697926975,0.0108385803177952,0.0004122608224861,0.8165818910519931,Phù hợp,1.6812142189501014,
NB42,Làng chài Cửa Vạn,2027-07-01,2027,3,cobia,2301526,434156,6.788110256195068,28.6452693939209,8.173981666564941,31.77121353149414,0.0404100082814693,0.0585821755230426,,36.089202880859375,99.31546020507812,3.358508586883545,504.3152160644531,122.32549285888672,0.0,0.0013030779082328,0.0020097191445529,0.0001037786278175,0.0021180440671741,0.0034044801723212,0.0001684697926975,0.0139641724526882,0.000272001576377,0.8167624733013052,Phù hợp,0.5,
NB42,Làng chài Cửa Vạn,2027-10-01,2027,4,cobia,2301526,434156,10.72563362121582,25.382436752319336,8.191146850585938,31.341703414916992,0.0422590374946594,0.0432441532611846,,33.64595413208008,121.20516204833984,3.3447844982147217,0.0,117.43785095214844,0.691967785358429,0.0013075555907562,0.0016319442074745,0.0001037786278175,0.0,0.0009701790404506,0.0001684697926975,0.0063182422891259,0.0004202166746836,0.8271175115342141,Phù hợp,1.887556091881775,
NB43,Làng chài Cống Tầu,2027-07-01,2027,3,cobia,2296143,437139,5.797642230987549,28.292694091796875,8.189342498779297,31.625804901123047,0.0339809209108352,0.0557584799826145,,37.33089065551758,121.5092315673828,3.977994918823242,0.0,116.57979583740234,5.1887736320495605,0.0013030779082328,0.0021867465693503,0.0001037786278175,4.762403841596097e-05,0.0008286412339657,0.0001684697926975,0.0311555005609989,0.000296569080092,0.8289226078691525,Phù hợp,1.7137416666464056,
NB43,Làng chài Cống Tầu,2027-10-01,2027,4,cobia,2296143,437139,6.47852897644043,24.985708236694336,8.144438743591309,30.968509674072266,0.0411342829465866,0.0317764468491077,,33.420658111572266,105.76750946044922,2.495568037033081,4143.61572265625,137.48863220214844,0.0,0.0013075555907562,0.0017293494893237,0.0001037786278175,0.0013189344899728,0.0016788033535704,0.0001684697926975,0.0207002013921737,0.0004039870109409,0.7904314505476548,Phù hợp,0.5,
NB44,Làng chài Vông Viêng,2027-07-01,2027,3,cobia,2305622,438613,6.854854583740234,28.40775489807129,8.106305122375488,31.351280212402344,0.0437662489712238,0.0523089803755283,,36.15198516845703,69.79692840576172,2.6177611351013184,0.0,108.26806640625,0.0,0.0013075555907562,0.0020869537256658,0.0001037786278175,0.0005108269979245,0.0008785444078966,0.0001684697926975,0.007267118897289,0.0002778083726298,0.8353475903699362,Phù hợp,2.988532248445715,
NB44,Làng chài Vông Viêng,2027-10-01,2027,4,cobia,2305622,438613,9.61424160003662,23.941875457763672,8.169123649597168,31.417774200439453,0.0476674549281597,0.030185367912054,,40.54308319091797,100.01776885986328,6.3633012771606445,0.0,137.74856567382812,0.5791519284248352,0.0013075555907562,0.0020849215798079,0.0001037786278175,0.0007655133958905,0.0015117353759706,0.0001684697926975,0.0260686874389648,0.00030748048448,0.8204696629439759,Phù hợp,0.5,
NB45,Làng chài Cống Đầm,2027-07-01,2027,3,cobia,2306077,451136,6.186854839324951,27.833356857299805,8.157492637634277,31.132057189941406,0.0477322340011596,0.0590506419539451,,38.61384963989258,90.49871826171876,2.707151412963867,118.53141021728516,140.0917205810547,0.0,0.0013030779082328,0.0024067838676273,0.0001037786278175,0.0,0.0005264586652629,0.0001684697926975,0.0012605759548023,0.0,0.822311221137301,Phù hợp,0.9045136814885666,
NB45,Làng chài Cống Đầm,2027-10-01,2027,4,cobia,2306077,451136,7.003057956695557,24.266674041748047,8.201184272766113,31.12753868103028,0.053106889128685,0.0458589568734169,,35.23963928222656,77.06507110595703,4.636979579925537,0.0,121.11058044433594,0.0,0.0013075555907562,0.0021865642629563,0.0001037786278175,0.0003848957421723,0.0025352688971906,0.0001684697926975,0.0351390615105629,0.00040036891005,0.8261025723814621,Phù hợp,0.9045136814885666,
NB46,Bãi Dài - Vân Đồn,2027-07-01,2027,3,cobia,2334825,472577,6.485961437225342,29.2379150390625,8.15937614440918,31.499420166015625,0.0333140231668949,0.0491559021174907,,38.80011749267578,83.08843231201172,2.575941801071167,774.6343383789062,126.79688262939452,0.0,0.0013075555907562,0.0020069447346031,0.0001037786278175,0.0,0.0004815856227651,0.0001684697926975,0.029835432767868,0.0003260530356783,0.8236255217906324,Phù hợp,2.100109818557116,
NB46,Bãi Dài - Vân Đồn,2027-10-01,2027,4,cobia,2334825,472577,6.941833019256592,25.41888236999512,8.097620964050293,30.80205726623535,0.0369997508823871,0.0300453249365091,,33.45185089111328,121.649169921875,3.6704816818237305,770.8381958007812,137.3248291015625,0.0,0.0013075555907562,0.0020411973819136,0.0001037786278175,0.0003124322975054,0.0019961961079388,0.0001684697926975,0.0223811194300651,0.0003875650581903,0.8201469325266387,Phù hợp,2.100109818557116,
NB47,"Bãi tắm Minh Châu- xã Minh Châu, Vân Đồn",2027-07-01,2027,3,cobia,2316823,479287,5.954328536987305,27.89176368713379,8.182538986206055,32.86919403076172,0.0573400966823101,0.0595013722777366,,37.337528228759766,111.99593353271484,3.695335626602173,0.0,135.47323608398438,7.642786026000977,0.0013075555907562,0.0026601958088576,0.0001037786278175,0.0035636438988149,0.001226526685059,0.0001684697926975,0.0351873449981212,0.0002316206810064,0.8225457727887401,Phù hợp,1.4323129895382505,
NB47,"Bãi tắm Minh Châu- xã Minh Châu, Vân Đồn",2027-10-01,2027,4,cobia,2316823,479287,6.576999664306641,25.16139411926269,8.151509284973145,31.16186714172364,0.0484941415488719,0.0274649243801832,,29.868595123291016,100.99077606201172,3.4639651775360107,1464.2874755859375,114.1165008544922,0.0,0.0013075555907562,0.001900658593513,0.0001037786278175,6.925826164660975e-05,0.0009681455558165,0.0001684697926975,0.0075833327136933,0.0004088703135494,0.8211069077822059,Phù hợp,1.4323129895382505,
NB48,"Bãi tắm Sơn Hào- xã Quan Lạn, Vân Đồn",2027-07-01,2027,3,cobia,2311631,475997,5.405412673950195,28.09664535522461,8.179150581359863,31.7531795501709,0.0623866654932498,0.0591694898903369,,33.45820999145508,89.05816650390625,2.352966547012329,773.0640258789062,122.79346466064452,0.0,0.0013030779082328,0.0023699190933257,0.0001037786278175,0.0,0.000440585281467,0.0001684697926975,0.0075151827186346,0.0002276468876516,0.8086458464704748,Phù hợp,1.3560436018063726,
NB48,"Bãi tắm Sơn Hào- xã Quan Lạn, Vân Đồn",2027-10-01,2027,4,cobia,2311631,475997,6.501605033874512,25.34473991394043,8.21484661102295,30.91686248779297,0.0574113428592681,0.0359773896634578,,33.13966369628906,87.2204818725586,1.8839980363845823,3594.18994140625,138.44012451171875,0.0,0.0013075555907562,0.0020747946109622,0.0001037786278175,0.0006782567361369,0.0018684018868952,0.0001684697926975,0.0289370901882648,0.0004144315898884,0.7927126037927807,Phù hợp,0.5,
NB49,"Bãi tắm Quan Lạn- xã Quan Lạn, Vân Đồn",2027-07-01,2027,3,cobia,2308150,473396,6.408149719238281,28.84216690063477,8.080893516540527,31.887630462646484,0.0404270477592945,0.0430198386311531,,38.55951690673828,93.49520874023438,2.0948498249053955,0.0,133.50857543945312,0.0,0.0013075555907562,0.0021940846927464,0.0001037786278175,5.882844561710954e-05,0.0005656516295857,0.0001684697926975,0.0251741558313369,0.0003435866674408,0.8272184949752617,Phù hợp,0.5,
NB49,"Bãi tắm Quan Lạn- xã Quan Lạn, Vân Đồn",2027-10-01,2027,4,cobia,2308150,473396,6.592147350311279,24.88452911376953,8.12661361694336,30.64203643798828,0.0314337313175201,0.0247423723340034,,34.51773452758789,103.5608139038086,4.34629487991333,0.0,129.84725952148438,2.9275565147399902,0.0013075555907562,0.0020350080449134,0.0001037786278175,0.0003863840247504,0.0024753727484494,0.0001684697926975,0.0346503667533397,0.0003905407502315,0.8421640237527942,Phù hợp,0.5,
NB50,"Bãi tắm Ngọc Vừng- xã Ngọc Vừng, Vân Đồn",2027-07-01,2027,3,cobia,2301554,459059,6.044266700744629,27.80706024169922,8.12310791015625,30.434234619140625,0.0328033305704593,0.0527164600789547,,34.63672637939453,112.54361724853516,5.311033725738525,1442.1929931640625,105.51261901855467,0.0,0.0013075555907562,0.0018915281398221,0.0001037786278175,0.0003864082100335,0.001804374041967,0.0001684697926975,0.0109936203807592,0.0004802284238394,0.8115141385469087,Phù hợp,1.868177521008108,
NB50,"Bãi tắm Ngọc Vừng- xã Ngọc Vừng, Vân Đồn",2027-10-01,2027,4,cobia,2301554,459059,6.250181674957275,26.05167579650879,8.11532974243164,30.608253479003903,0.0404596962034702,0.0383309014141559,,34.03375244140625,103.19827270507812,3.882807970046997,1177.8702392578125,131.1524658203125,0.0,0.0013075555907562,0.0018337427172809,0.0001037786278175,0.0,0.0008497566450387,0.0001684697926975,0.015403133817017,0.0005633957334794,0.8193588785943371,Phù hợp,1.868177521008108,
NB51,Luồng giữa Cửa Lục,2027-07-01,2027,3,cobia,2306441,428888,6.122556209564209,27.75481605529785,8.17733383178711,31.61730194091797,0.0484023690223693,0.0596507303416729,,36.49225616455078,84.49588012695312,4.347983360290527,0.0,121.53236389160156,0.0,0.0013030779082328,0.0018745554843917,0.0001037786278175,0.0017372963484376,0.001744459499605,0.0001684697926975,0.0127570750191807,0.0004007575626019,0.8234318989182012,Phù hợp,0.8444199192345003,
NB51,Luồng giữa Cửa Lục,2027-10-01,2027,4,cobia,2306441,428888,6.692483901977539,24.46630477905273,8.184746742248535,31.3342399597168,0.0414972156286239,0.0264098141342401,,40.05253219604492,119.8212890625,3.2850773334503174,0.0,140.704833984375,1.3055970668792725,0.0013075555907562,0.0016277016839012,0.0001037786278175,8.063862333074212e-05,0.0006069857627153,0.0001684697926975,0.0053315251134335,0.0004041494976263,0.8274829718599838,Phù hợp,0.8444199192345003,
NB52,Luồng khu Hòn Một,2027-07-01,2027,3,cobia,2308114,431758,5.623825073242188,27.61849021911621,8.148963928222656,32.33336639404297,0.0457093007862567,0.0545971505343914,,33.30146408081055,78.6144790649414,2.3751542568206787,0.0,127.12496185302734,0.0,0.0013075555907562,0.0019242877606302,0.0001037786278175,0.0,0.0006688591092824,0.0001684697926975,0.0075344438664615,0.0004339750448707,0.8324164064279411,Phù hợp,0.5738941540040289,
NB52,Luồng khu Hòn Một,2027-10-01,2027,4,cobia,2308114,431758,6.2349934577941895,24.194520950317383,8.199357032775879,30.793201446533203,0.0345759987831115,0.0346669815480709,,35.66121292114258,80.62218475341797,2.814969062805176,0.0,140.07208251953125,0.0,0.0013075555907562,0.0020727403461933,0.0001037786278175,0.0,0.0006355072255246,0.0001684697926975,0.02086634747684,0.0003861298901028,0.8409595305799782,Phù hợp,0.5,
NB53,Luồng khu Áng Dù,2027-07-01,2027,3,cobia,2299562,437380,5.110490322113037,27.13611221313477,8.112787246704102,32.23101806640625,0.038471795618534,0.0542019121348857,,34.68851852416992,109.58763122558594,2.9432969093322754,0.0,126.1895980834961,6.779296875,0.0013075555907562,0.0023192623630166,0.0001037786278175,0.0016123302048072,0.0011527853785082,0.0001684697926975,0.0316089056432247,0.0007128839497454,0.8312571911488236,Phù hợp,1.7137416666464056,
NB53,Luồng khu Áng Dù,2027-10-01,2027,4,cobia,2299562,437380,5.326286315917969,24.295164108276367,8.18008804321289,31.06650733947754,0.037230622023344,0.03784666582942,,33.30680847167969,75.42504119873047,2.29915189743042,607.3699951171875,123.35460662841795,0.0,0.0013075555907562,0.0018144468776881,0.0001037786278175,0.0003074622654821,0.0022819752339273,0.0001684697926975,0.0231089480221271,0.0004615910293068,0.8314165838169523,Phù hợp,0.5,
NB54,Luồng Hang Trống,2027-07-01,2027,3,cobia,2299151,443343,5.396103858947754,27.53212547302246,8.129166603088379,32.34886169433594,0.0410074777901172,0.0559104867279529,,34.88151931762695,82.85567474365234,1.5764803886413574,0.0,119.93325805664062,0.0,0.0013030779082328,0.0023621609434485,0.0001037786278175,0.0005444872076623,0.0010428034001961,0.0001684697926975,0.0150880515575408,0.0003358924586791,0.827909456958106,Phù hợp,2.9885736564454954,
NB54,Luồng Hang Trống,2027-10-01,2027,4,cobia,2299151,443343,5.952926635742188,24.10431671142578,8.155318260192871,31.140703201293945,0.0344135165214538,0.0340548641979694,,34.58024978637695,95.54022979736328,1.0492558479309082,0.0,144.88119506835938,0.0,0.0013075555907562,0.0020009241998195,0.0001037786278175,0.0,0.0013208581367507,0.0001684697926975,0.0162658430635929,0.0003949078381992,0.8391393817865799,Phù hợp,2.9885736564454954,
NB55,Luồng khu Trà Giới,2027-07-01,2027,3,cobia,2306115,446899,6.036951065063477,28.58369255065918,8.165365219116211,31.93026161193848,0.036474410444498,0.0622118636965751,,38.07060623168945,85.00542449951172,2.432699918746948,0.0,130.07862854003906,1.9808640480041504,0.0013030779082328,0.0025963832158595,0.0001037786278175,0.0008333621080964,0.0009308012085966,0.0001684697926975,0.0314671993255615,0.0003680635709315,0.8302806461620842,Phù hợp,2.118585200080469,
NB55,Luồng khu Trà Giới,2027-10-01,2027,4,cobia,2306115,446899,6.248093605041504,25.39870262145996,8.191733360290527,30.622249603271484,0.0345260016620159,0.0182359516620636,,35.83811569213867,110.3242416381836,0.0,0.0,132.2724151611328,0.0,0.0013075555907562,0.0020671566016972,0.0001037786278175,0.0009152200073003,0.0012721538078039,0.0001684697926975,0.0144093427807092,0.0002891790645662,0.8374634208663332,Phù hợp,2.118585200080469,
NB56,Luồng khu Đông Tráng,2027-07-01,2027,3,cobia,2305453,452834,6.491306304931641,27.98028564453125,8.119211196899414,31.78278923034668,0.0428597815334796,0.0683864578604698,,37.71327590942383,99.54792785644533,4.239506721496582,0.0,137.0648193359375,1.882365345954895,0.0013030779082328,0.0020241336897015,0.0001037786278175,0.0036969708744436,0.0030631055124104,0.0001684697926975,0.0278621632605791,0.0007174854981712,0.8182631274641846,Phù hợp,0.9045136814885666,
NB56,Luồng khu Đông Tráng,2027-10-01,2027,4,cobia,2305453,452834,6.1603684425354,24.289396286010746,8.136429786682129,31.348726272583008,0.0359019301831722,0.0310585368424654,,35.13022232055664,100.51612854003906,2.475130081176758,0.0,124.43641662597656,0.9604771733283995,0.0013075555907562,0.0018433694494888,0.0001037786278175,0.0006436252151615,0.0031788055785,0.0001684697926975,0.0166504625231027,0.0002923625288531,0.8376018335906987,Phù hợp,0.9045136814885666,
NB57,Cảng Hòn Nét,2027-07-01,2027,3,cobia,2313052,449812,5.412125587463379,28.18652534484864,8.170906066894531,31.46475410461425,0.0481346547603607,0.046397291123867,,30.08027458190918,89.15507507324219,3.995327711105346,193.58990478515625,119.8254623413086,0.0,0.0013075555907562,0.0021607477683573,0.0001037786278175,0.0002383621613262,0.0004057214537169,0.0001684697926975,0.0068923123180866,0.0003013340756297,0.8266748418057899,Phù hợp,2.490338179846263,
NB57,Cảng Hòn Nét,2027-10-01,2027,4,cobia,2313052,449812,5.814168930053711,23.908815383911133,8.225034713745117,31.7631950378418,0.062959536910057,0.0292937587946653,,34.0703010559082,100.45784759521484,3.30049991607666,0.0,119.34236907958984,0.8657888770103455,0.0013075555907562,0.0020767352543771,0.0001037786278175,0.0008464258862659,0.0013510630233213,0.0001684697926975,0.0182512402534484,0.0004144315898884,0.8222425303619476,Phù hợp,2.490338179846263,
NB58,Luồng Cửa Ông,2027-07-01,2027,3,cobia,2319421,458021,5.210883617401123,27.92577743530273,8.185208320617676,32.27507400512695,0.0557516627013683,0.0529426708817482,,31.674341201782227,102.25682067871094,6.554047107696533,0.0,117.681396484375,0.0,0.0013030779082328,0.0021412570495158,0.0001037786278175,0.0004336518759373,0.0011836654739454,0.0001684697926975,0.0189946666359901,0.0005627579521387,0.8116221644964577,Phù hợp,0.5,
NB58,Luồng Cửa Ông,2027-10-01,2027,4,cobia,2319421,458021,5.655484199523926,24.23259925842285,8.159794807434082,31.88566970825196,0.0453094020485878,0.0286642629653215,,33.036861419677734,86.09796142578125,4.293887138366699,0.0,124.55570220947266,0.6229336261749268,0.0013075555907562,0.0020153010264039,0.0001037786278175,0.00049155583838,0.0020633195526897,0.0001684697926975,0.0177361760288476,0.0003698311920743,0.8347163080626286,Phù hợp,1.505968957183381,
NB59,Lạch Vông Vang - Cống Thẻ,2027-07-01,2027,3,cobia,2322828,469833,5.5199079513549805,27.701229095458984,8.196049690246582,31.62618637084961,0.0552091114223003,0.0596174411475658,,34.23200988769531,106.8862762451172,3.4807584285736084,1291.7044677734375,120.20563507080078,0.0,0.0013075555907562,0.0023891374003142,0.0001037786278175,0.0001042712246999,0.0009800262050703,0.0001684697926975,0.02937588468194,0.0002338047052035,0.797740079381564,Phù hợp,0.5,
NB59,Lạch Vông Vang - Cống Thẻ,2027-10-01,2027,4,cobia,2322828,469833,6.708637714385986,25.32676696777344,8.13772964477539,31.18474006652832,0.0532962344586849,0.0389990881085395,,31.6009521484375,84.56417083740234,2.792288064956665,1815.513671875,126.08175659179688,0.0,0.0013075555907562,0.0022390694357454,0.0001037786278175,0.0022796457633376,0.001970024080947,0.0001684697926975,0.0244039762765169,0.0003869020438287,0.8117469491346456,Phù hợp,2.562145292523436,
NB60,Cửa Đối,2027-07-01,2027,3,cobia,2319552,480158,5.7522382736206055,27.2894229888916,8.146317481994629,31.87007141113281,0.048545017838478,0.0414895564317703,,34.29531478881836,100.88590240478516,3.0195183753967285,1530.8929443359375,128.7194366455078,3.1570284366607666,0.0013075555907562,0.0022373432293534,0.0001037786278175,0.0,0.0007067013648338,0.0001684697926975,0.0290937852114439,0.0004153994959779,0.8159284298766524,Phù hợp,1.4323129895382505,
NB60,Cửa Đối,2027-10-01,2027,4,cobia,2319552,480158,5.836668014526367,25.58155632019043,8.166502952575684,31.208290100097656,0.0492602996528148,0.0400664582848548,,33.816871643066406,105.5288543701172,2.052830457687378,442.4460144042969,115.91293334960938,0.0,0.0013075555907562,0.001921959221363,0.0001037786278175,0.0024158302694559,0.0018589680548757,0.0001684697926975,0.024646732956171,0.0005795922479592,0.817966695223989,Phù hợp,1.4323129895382505,
NB61,Lạch giữa đảo Thẻ Vàng- đảo Vạn Đuôi,2027-07-01,2027,3,cobia,2314890,456306,5.5601983070373535,27.92218017578125,8.137624740600586,31.47025489807129,0.0427172854542732,0.0524676069617271,,36.00313949584961,112.64602661132812,1.852369785308838,0.0,132.88983154296875,0.0,0.0013030779082328,0.0018485165201127,0.0001037786278175,0.0053312969394028,0.0030584053602069,0.0001684697926975,0.0284976102411746,0.0008991309441626,0.8123259256630403,Phù hợp,2.2861577482754774,
NB61,Lạch giữa đảo Thẻ Vàng- đảo Vạn Đuôi,2027-10-01,2027,4,cobia,2314890,456306,5.714550018310547,23.69633674621582,8.186267852783203,31.64162826538086,0.0400659590959548,0.0363845713436603,,37.991676330566406,96.63031005859376,3.624819040298462,470.22314453125,142.39031982421875,0.0,0.0013075555907562,0.0016058587934821,0.0001037786278175,0.0006093189003877,0.0012668031267821,0.0001684697926975,0.0129792029038071,0.0002639970043674,0.8228450266541554,Phù hợp,2.2861577482754774,
NB62,Lạch Đẳng Chén phía Tây đảo Đống Chén,2027-07-01,2027,3,cobia,2316094,465215,10.67800235748291,27.73437690734864,8.174149513244629,31.476377487182617,0.0498775243759155,0.0570478588342666,,33.874752044677734,118.09376525878906,4.96816349029541,3795.236083984375,142.1282501220703,0.0,0.0013075555907562,0.0020520742982625,0.0001037786278175,0.0012606972595676,0.0012424116721376,0.0001684697926975,0.0194456484168767,0.000616752076894,0.7755699277972412,Phù hợp,0.5,
NB62,Lạch Đẳng Chén phía Tây đảo Đống Chén,2027-10-01,2027,4,cobia,2316094,465215,7.325700283050537,25.56049156188965,8.195762634277344,31.56517601013184,0.0586741119623184,0.0496004186570644,,35.06795883178711,112.79920196533205,3.668273448944092,459.6683349609375,122.85350799560548,0.0,0.0013075555907562,0.001771661802195,0.0001037786278175,0.000525327748619,0.0016462805215269,0.0001684697926975,0.0163994096219539,0.0004522161325439,0.8099830346144063,Phù hợp,0.5,
NB63,Lạch Đầu Gỗ phía Đông đảo Đống Chén,2027-07-01,2027,3,cobia,2316643,468221,5.957461833953857,28.44743728637696,8.088264465332031,31.699602127075195,0.0483987368643283,0.0537630878388881,,36.25139617919922,72.72598266601562,1.549887776374817,0.0,139.68600463867188,0.0,0.0013075555907562,0.0018397341482341,0.0001037786278175,0.0001807684457162,0.0016928144032135,0.0001684697926975,0.017382338643074,0.0003660357324406,0.8319234887031781,Phù hợp,0.5,
NB63,Lạch Đầu Gỗ phía Đông đảo Đống Chén,2027-10-01,2027,4,cobia,2316643,468221,6.103935241699219,24.09994506835937,8.099225997924805,31.86717796325684,0.0379731990396976,0.0203426908701658,,36.96847152709961,85.50822448730469,3.251999616622925,138.8343505859375,133.25340270996094,0.0,0.0013075555907562,0.001738331047818,0.0001037786278175,0.0001142229157267,0.000484836025862,0.0001684697926975,0.0050819995813071,0.0003918375878129,0.8404157396150571,Phù hợp,0.5,
NB64,Lạch Cống Nứa phía Đông đảo Cống Nứa,2027-07-01,2027,3,cobia,2317955,471418,5.827388286590576,27.63092994689941,8.146429061889648,31.84808158874512,0.0460746102035045,0.0435369238257408,,37.2747688293457,88.46511840820312,3.412055253982544,2664.023193359375,139.3004150390625,5.653933048248291,0.0013030779082328,0.0021002243738621,0.0001037786278175,0.0003099530877079,0.0011137368855997,0.0001684697926975,0.0133364666253328,0.000456639798358,0.8144457071250566,Phù hợp,0.5,
NB64,Lạch Cống Nứa phía Đông đảo Cống Nứa,2027-10-01,2027,4,cobia,2317955,471418,5.852566719055176,25.36494827270508,8.192153930664062,31.154022216796875,0.0489001534879207,0.0303068161010742,,33.96326446533203,125.68468475341795,1.7637109756469729,1054.5113525390625,130.7876739501953,0.5499038100242615,0.0013075555907562,0.0018988660303875,0.0001037786278175,0.0,0.0012459034333005,0.0001684697926975,0.0138416560366749,0.0004895224119536,0.8131497627447496,Phù hợp,0.5,
NB65,Vụng Đá Bạc phía Đông đảo Trà Bản,2027-07-01,2027,3,cobia,2314090,474853,5.169017791748047,27.63087654113769,8.143155097961426,31.71772003173828,0.0595281235873699,0.053726140409708,,31.17681884765625,85.2301254272461,3.991791963577272,98.44808197021484,117.7562255859375,0.0,0.0013075555907562,0.002098434139043,0.0001037786278175,0.0,0.0004094520700164,0.0001684697926975,0.0057152542285621,0.000359653844498,0.8191015635097925,Phù hợp,1.3560436018063726,
NB65,Vụng Đá Bạc phía Đông đảo Trà Bản,2027-10-01,2027,4,cobia,2314090,474853,6.2415852546691895,24.74585723876953,8.179319381713867,31.076772689819336,0.0606612898409366,0.0393921099603176,,34.20870590209961,102.31912231445312,3.3813159465789795,720.8662719726562,119.30139923095705,0.0,0.0013075555907562,0.0020739310421049,0.0001037786278175,0.0007023393409326,0.0016806308412924,0.0001684697926975,0.0236627552658319,0.0004144315898884,0.811920399229756,Phù hợp,0.5,
NB66,Luồng Con Quýt phía Tây Bắc đảo Trà Bản,2027-07-01,2027,3,cobia,2323246,478861,5.903050899505615,27.75031852722168,8.041437149047852,32.58580017089844,0.0459188632667064,0.0488786585628986,,35.827816009521484,124.28074645996094,3.016256332397461,438.3693542480469,112.53065490722656,0.0942099690437316,0.0013075555907562,0.0019302200525999,0.0001037786278175,0.0,0.0007325009792111,0.0001684697926975,0.0111515894532203,0.0004053616721648,0.8131522692405568,Phù hợp,1.9575395909150848,
NB66,Luồng Con Quýt phía Tây Bắc đảo Trà Bản,2027-10-01,2027,4,cobia,2323246,478861,5.847165107727051,25.658166885375977,8.08022403717041,31.45480155944824,0.0585320740938186,0.0380408689379692,,31.37982940673828,74.12754821777344,2.5635769367218018,153.61488342285156,125.7936019897461,0.0,0.0013075555907562,0.0020946431905031,0.0001037786278175,0.0001277769333682,0.0006481821183115,0.0001684697926975,0.0177706349641084,0.0005733153084293,0.8320561784011199,Phù hợp,0.5,
NB67,Luồng Con Quýt phía Đông đảo Cái Lim,2027-07-01,2027,3,cobia,2332924,481604,5.664656639099121,27.89730834960937,8.130684852600098,31.84022331237793,0.0319422036409378,0.0430855713784694,,40.511375427246094,105.34190368652344,1.495652437210083,565.544677734375,140.4698028564453,2.592365264892578,0.0013030779082328,0.0018837685929611,0.0001037786278175,0.0,0.0006574991275556,0.0001684697926975,0.0018437310354784,0.0003481612657196,0.8288223830844643,Phù hợp,4.612497425473536,
NB67,Luồng Con Quýt phía Đông đảo Cái Lim,2027-10-01,2027,4,cobia,2332924,481604,5.986349582672119,24.18270492553711,8.149189949035645,31.871706008911133,0.0341762490570545,0.0397581942379474,,34.31571578979492,96.33797454833984,2.7179205417633057,0.0,123.66451263427734,0.0,0.0013075555907562,0.0021038933191448,0.0001037786278175,0.0,0.0016072688158601,0.0001684697926975,0.0255472771823406,0.0003861298901028,0.8351878820463747,Phù hợp,0.5,
NB68,Lạch Vông Vang phía Bắc đảo Trà Bản,2027-07-01,2027,3,cobia,2325763,474553,5.948574066162109,28.282350540161133,8.08560562133789,31.58454704284668,0.0388118959963321,0.0489215329289436,,38.13538360595703,93.3585433959961,2.86098313331604,687.4390869140625,138.91351318359375,2.0333266258239746,0.0013030779082328,0.0021486666519194,0.0001037786278175,0.000463469652459,0.0009293535840697,0.0001684697926975,0.0280876215547323,0.0004208687751088,0.8243244803301494,Phù hợp,2.494702036316161,
NB68,Lạch Vông Vang phía Bắc đảo Trà Bản,2027-10-01,2027,4,cobia,2325763,474553,6.27357292175293,25.036890029907227,8.081181526184082,31.23835563659668,0.0461985133588314,0.033332098275423,,35.066688537597656,85.93724060058594,1.9353879690170288,891.1735229492188,132.1059112548828,0.0,0.0013075555907562,0.0018885122844949,0.0001037786278175,0.0008995669777505,0.0015467886114493,0.0001684697926975,0.0225096624344587,0.0003992139536421,0.8254349883782146,Phù hợp,2.494702036316161,
NB69,Lạch đảo Cống Đông- Cống Tây,2027-07-01,2027,3,cobia,2310803,454256,5.964547157287598,27.91427421569824,8.124616622924805,31.377042770385746,0.0549060888588428,0.0563196837902069,,34.33932876586914,89.43090057373047,4.308957099914551,1683.352294921875,134.8199920654297,3.4440650939941406,0.0013075555907562,0.0020323928911238,0.0001037786278175,0.0,0.0006446965853683,0.0001684697926975,0.0124161234125494,0.0003207218833267,0.8147304646303317,Phù hợp,2.2861577482754774,
NB69,Lạch đảo Cống Đông- Cống Tây,2027-10-01,2027,4,cobia,2310803,454256,6.122526168823242,24.92692375183105,8.0950345993042,31.592435836791992,0.052297506481409,0.0332693941891193,,36.06058120727539,112.04300689697266,2.832736015319824,1205.3787841796875,124.41609191894533,1.3578622341156006,0.0013075555907562,0.0017747282981872,0.0001037786278175,0.0,0.0015949017833918,0.0001684697926975,0.0146549763157963,0.0004001064226031,0.8140176290246297,Phù hợp,2.2861577482754774,
NB70,Ven bờ khu Cống Yên phía Bắc đảo Ngọc Vừng,2027-07-01,2027,3,cobia,2305149,458041,5.611538887023926,28.07997131347656,8.254860877990723,31.826812744140625,0.0491486825048923,0.051882080733776,,33.728858947753906,124.12538146972656,3.6922390460968018,855.03173828125,121.8401107788086,4.011963844299316,0.0013075555907562,0.0026215305551886,0.0001037786278175,0.0047914399765431,0.001527557731606,0.0001684697926975,0.0233575515449047,0.0009336465154774,0.8071137358651563,Phù hợp,1.868177521008108,
NB70,Ven bờ khu Cống Yên phía Bắc đảo Ngọc Vừng,2027-10-01,2027,4,cobia,2305149,458041,6.284126281738281,25.61835479736328,8.223703384399414,31.06568717956543,0.051759336143732,0.0557547099888324,,34.88742446899414,126.28160095214844,2.120504379272461,624.2985229492188,127.9005355834961,0.0,0.0013075555907562,0.0019107995321974,0.0001037786278175,0.0003374960797373,0.0021351538598537,0.0001684697926975,0.0173939503729343,0.0003809267655014,0.8071436778654512,Phù hợp,1.868177521008108,
NB71,"Cửa sông Rút- sông - sông Bạch Đằng, phía Tây xã Tiền Phong",2027-07-01,2027,3,cobia,2305248,403881,5.36344575881958,29.62287139892578,7.819304466247559,14.575366020202637,0.0428582429885864,0.0297521613538265,,42.05107116699219,131.9708251953125,31.272497177124023,0.0,135.0184326171875,2.384446144104004,0.0013075555907562,0.0018396055093035,0.0001037786278175,0.0,0.0010481216013431,0.0001684697926975,0.0170052051544189,0.0005024947458878,0.760511712500417,Phù hợp,0.5,
NB71,"Cửa sông Rút- sông - sông Bạch Đằng, phía Tây xã Tiền Phong",2027-10-01,2027,4,cobia,2305248,403881,4.9911394119262695,27.21889877319336,7.809420585632324,20.789600372314453,0.0566994994878768,0.0149741442874073,,37.455299377441406,56.65675735473633,37.389930725097656,0.0,135.01515197753906,0.5347960591316223,0.0013075555907562,0.0019043845823034,0.0001037786278175,0.0,0.0015284789260476,0.0001684697926975,0.0141727346926927,0.0003172477590851,0.7875798232417287,Phù hợp,0.5,
NB72,"Cửa sông Chanh, phía Đông Bắc xã Tiền Phong",2027-07-01,2027,3,cobia,2307350,407776,3.659423828125,28.98539924621582,7.744946479797363,10.859526634216309,0.0536412335932254,0.036844789981842,,37.19114685058594,97.89282989501952,46.63560485839844,642.202392578125,127.0927734375,0.0,0.0013075555907562,0.0021704968530684,0.0001037786278175,0.0001337932335445,0.0006276023923419,0.0001684697926975,0.0168206691741943,0.000394363538362,0.7206289354786419,Ít phù hợp,0.5,
NB72,"Cửa sông Chanh, phía Đông Bắc xã Tiền Phong",2027-10-01,2027,4,cobia,2307350,407776,4.052866458892822,27.17902565002441,7.745771884918213,16.459543228149414,0.0633934289216995,0.015638468787074,,33.82560729980469,96.63204193115234,46.285404205322266,3166.323486328125,131.06948852539062,0.0,0.0013075555907562,0.0019596957135945,0.0001037786278175,0.0,0.0015695309266448,0.0001684697926975,0.0152591923251748,0.0004001064226031,0.7159416902082245,Ít phù hợp,0.5,
NB73,"Cửa sông Kênh Trai, giáp ranh xã Tân An- Hoàng Tân",2027-07-01,2027,3,cobia,2315467,409808,4.861688613891602,29.4201602935791,8.029561996459961,14.285347938537598,0.0379929356276989,0.0070811286568641,,40.928340911865234,50.26027297973633,25.15378189086914,0.0,145.0557098388672,0.0,0.0013030779082328,0.0020971654448658,0.0001037786278175,0.0106501458212733,0.0040384056046605,0.0001684697926975,0.0157247073948383,0.0037709097377955,0.780356720874981,Phù hợp,0.5,
NB73,"Cửa sông Kênh Trai, giáp ranh xã Tân An- Hoàng Tân",2027-10-01,2027,4,cobia,2315467,409808,5.512470722198486,26.676570892333984,7.867021083831787,19.835346221923828,0.0427802130579948,0.0264598168432712,,41.95878219604492,92.7026138305664,27.914459228515625,0.0,152.1591339111328,0.2893948853015899,0.0013075555907562,0.001616547582671,0.0001037786278175,0.0011064029531553,0.000911854323931,0.0001684697926975,0.0121067762374877,0.0003274523769505,0.7869173811860166,Phù hợp,0.5,
NB74,"Luồng sông Voi Lớn, phía Nam xã Đồng Rui, Tiên Yên",2027-07-01,2027,3,cobia,2142967,461852,6.779671669006348,28.57476806640625,8.12411880493164,28.73215103149414,0.0414859950542449,0.0455777868628501,,29.44026756286621,77.45365905761719,5.854884147644043,0.0,98.33048248291016,0.0,0.0013030779082328,0.0020004303660243,0.0001037786278175,0.0,0.0009394933003932,0.0001684697926975,0.0106137618422508,0.0003239531069993,0.8391510293019115,Phù hợp,0.5,
NB74,"Luồng sông Voi Lớn, phía Nam xã Đồng Rui, Tiên Yên",2027-10-01,2027,4,cobia,2142967,461852,10.18038558959961,25.17267799377441,8.130541801452637,29.76501846313477,0.0359255671501159,0.0249085389077663,,41.74129486083984,119.8756866455078,2.8018012046813965,0.0,140.60765075683594,0.0,0.0013075555907562,0.0021743716206401,0.0001037786278175,0.0002325148816453,0.0011147566838189,0.0001684697926975,0.0112002538517117,0.0002746490063145,0.8239888867163531,Phù hợp,14.75567491679049,
NB75,"Luồng sông Voi Lớn, ven bờ xã Hải Lạng, Tiên Yên",2027-07-01,2027,3,cobia,2352748,464214,5.5746660232543945,28.096603393554688,8.090542793273926,28.956621170043945,0.0534945800900459,0.0412319302558898,,33.687522888183594,82.63495635986328,5.897528171539307,1292.4761962890625,134.22103881835938,1.1269793510437012,0.0013075555907562,0.002046603243798,0.0001037786278175,0.0002745442616287,0.0005818624049425,0.0001684697926975,0.0322912484407424,0.0003013340756297,0.8129590578639035,Phù hợp,0.5,
NB75,"Luồng sông Voi Lớn, ven bờ xã Hải Lạng, Tiên Yên",2027-10-01,2027,4,cobia,2352748,464214,5.719913482666016,24.427188873291016,8.116040229797363,29.727439880371094,0.0700572282075882,0.04256122559309,,34.523399353027344,97.2412109375,3.258350610733032,278.77899169921875,125.87364959716795,0.0,0.0013075555907562,0.0020176095422357,0.0001037786278175,0.0005062700947746,0.0021923282183706,0.0001684697926975,0.0195188354700803,0.0003868039348162,0.8106550330990968,Phù hợp,0.5,
NB76,Khu vực cảng Mũi Chùa (cửa sông Tiên Yên),2027-07-01,2027,3,cobia,2354602,469532,4.573976039886475,27.81745147705078,8.126253128051758,31.539989471435547,0.0593780539929866,0.0398606024682521,,33.1003303527832,100.56626892089844,5.678819179534912,8907.6162109375,104.30982208251952,0.0,0.0013075555907562,0.0014793489826843,0.0001037786278175,0.0011780165368691,0.0017987684113904,0.0001684697926975,0.017013631761074,0.0002286231756443,0.7589042406440949,Phù hợp,0.5,
NB76,Khu vực cảng Mũi Chùa (cửa sông Tiên Yên),2027-10-01,2027,4,cobia,2354602,469532,5.031055927276611,24.52672576904297,8.045095443725586,31.02927017211914,0.072904385626316,0.0384947508573532,,35.00400924682617,107.31928253173828,5.220904350280762,9635.9130859375,117.61457824707033,0.0,0.0013030779082328,0.0013825326459482,0.0001037786278175,0.0,0.0005718020256608,0.0001684697926975,0.0069724079221487,0.0001961979432962,0.7553441410064738,Phù hợp,0.5,
NB77,"Khu vực Hòn Thạch, Đầm Hà",2027-07-01,2027,3,cobia,2349384,482845,6.235663890838623,29.167139053344727,8.183903694152832,31.55278587341309,0.0488733798265457,0.0599912665784359,,35.68458557128906,104.74768829345705,1.1382510662078855,0.0,121.92391967773438,1.6674665212631226,0.0013030779082328,0.0021281982772052,0.0001037786278175,0.0054510538466274,0.0012913701357319,0.0001684697926975,0.0166962556540966,0.0004655270604416,0.817801654092617,Phù hợp,1.912872186007209,
NB77,"Khu vực Hòn Thạch, Đầm Hà",2027-10-01,2027,4,cobia,2349384,482845,6.682760715484619,25.02309226989746,8.029024124145508,30.96427154541016,0.041681945323944,0.0228159986436367,,34.424903869628906,109.61386108398438,1.832516312599182,0.0,121.56564331054688,3.19219183921814,0.0013075555907562,0.0019109002314507,0.0001037786278175,0.0006388493347913,0.0019602552056312,0.0001684697926975,0.014839538373053,0.0005639855517074,0.8408529693618616,Phù hợp,0.5,
NB78,"Khu vực ven bờ xã Đầm Hà, huyện Đầm Hà (cửa sông Đầm Hà)",2027-07-01,2027,3,cobia,2157972,487264,5.652770042419434,29.78075790405273,7.657572746276855,17.389392852783203,0.0433248654007911,0.0353421457111835,,37.57015609741211,88.58737182617188,17.095861434936523,0.0,126.97940826416016,3.4464645385742188,0.0013075555907562,0.0022290658671408,0.0001037786278175,0.0028773841913789,0.001723799505271,0.0001684697926975,0.0164267271757125,0.0006397077813744,0.7969533729043355,Phù hợp,0.5,
NB78,"Khu vực ven bờ xã Đầm Hà, huyện Đầm Hà (cửa sông Đầm Hà)",2027-10-01,2027,4,cobia,2157972,487264,5.352750778198242,25.530780792236328,7.707266330718994,22.31040954589844,0.0592974238097667,0.0337613560259342,,35.38946533203125,40.04510498046875,16.45145606994629,189.37030029296875,130.4047393798828,2.951061964035034,0.0013075555907562,0.0017170070204883,0.0001037786278175,0.0002990389475598,0.0011914236238226,0.0001684697926975,0.0096625033766031,0.0004715540853794,0.8200913620586006,Phù hợp,14.75567491679049,
NB79,"Khu vực cửa sông Đường Hoa, huyện Hải Hà",2027-07-01,2027,3,cobia,2361229,492995,6.746769905090332,29.25718879699707,8.187408447265625,27.885229110717773,0.0564665719866752,0.0450154244899749,,42.53656768798828,96.28064727783205,3.2215139865875244,324.51593017578125,130.14524841308594,0.0,0.0013030779082328,0.0017640779260545,0.0001037786278175,0.0003654196043498,0.0007525549153797,0.0001684697926975,0.0091774836182594,0.0007140845409594,0.8108197291727837,Phù hợp,2.1653675207687035,
NB79,"Khu vực cửa sông Đường Hoa, huyện Hải Hà",2027-10-01,2027,4,cobia,2361229,492995,7.0469746589660645,25.260141372680664,8.082731246948242,29.170333862304688,0.0455327592790126,0.0374594889581203,,31.71955680847168,89.16311645507812,3.2641398906707764,0.0,132.1892852783203,3.989580154418945,0.0013075555907562,0.0021675606258213,0.0001037786278175,0.0016518280608579,0.0011191659141331,0.0001684697926975,0.0066482801921665,0.000521466252394,0.8447468270317231,Phù hợp,0.5,
NB80,"Khu vực Bắc Hòn Mỹ, Hải Hà",2027-07-01,2027,3,cobia,2362684,497074,5.267196178436279,26.82797622680664,8.183100700378418,31.28206253051757,0.029321676120162,0.0553518794476985,,38.57226943969727,126.85222625732422,3.179570198059082,1284.98974609375,137.9005584716797,5.100742816925049,0.0013075555907562,0.00224080379121,0.0001037786278175,0.003433589125052,0.0015945959603413,0.0001684697926975,0.024775480851531,0.0008424051920883,0.8088124861066864,Phù hợp,1.700583429297134,
NB80,"Khu vực Bắc Hòn Mỹ, Hải Hà",2027-10-01,2027,4,cobia,2362684,497074,5.401639938354492,24.036998748779297,8.270925521850586,31.618141174316406,0.0493831820785999,0.0380870997905731,,32.31041717529297,92.35318756103516,3.09151577949524,2493.92431640625,124.56776428222656,0.0,0.0013075555907562,0.0017201215960085,0.0001037786278175,0.0005102414288558,0.0015738108195364,0.0001684697926975,0.0124261174350976,0.000246706593316,0.8029897113211248,Phù hợp,0.5,
NB81,"Khu vực ven bờ xã Quảng Phong, Hải Hà (phía Bắc Đảo Miều)",2027-07-01,2027,3,cobia,2364428,499994,6.6025004386901855,28.687191009521484,8.186127662658691,31.77629280090332,0.0481747537851333,0.0537852980196476,,40.631378173828125,121.8188018798828,3.307894468307495,0.0,133.70266723632812,0.0,0.0013030779082328,0.002036353573203,0.0001037786278175,0.0012360671535134,0.0010409452952444,0.0001684697926975,0.0152524719014763,0.000302431959426,0.8083171664170156,Phù hợp,1.700583429297134,
NB81,"Khu vực ven bờ xã Quảng Phong, Hải Hà (phía Bắc Đảo Miều)",2027-10-01,2027,4,cobia,2364428,499994,6.699993133544922,25.631874084472656,8.189661026000977,30.30345916748047,0.0444011837244033,0.0406029596924781,,31.130002975463867,114.32039642333984,2.392869472503662,0.0,128.83079528808594,0.0,0.0013075555907562,0.0017476320499554,0.0001037786278175,0.000173392065335,0.0014795904280617,0.0001684697926975,0.0288885068148374,0.0004110810405109,0.8278971822515251,Phù hợp,0.5,
NB82,"Khu bến phà Cái Chiên phía Băc đảo Cái Chiên, Hải Hà",2027-07-01,2027,3,cobia,2359689,500633,6.0190749168396,29.13125991821289,8.205890655517578,31.71977806091309,0.0346929430961608,0.0593457445502281,,36.297828674316406,105.59410095214844,1.378817796707153,0.0,125.57000732421876,0.0,0.0013075555907562,0.0019749158527702,0.0001037786278175,0.0,0.0005071724881418,0.0001684697926975,0.0105956681072711,0.0003117926535196,0.826527705595938,Phù hợp,1.4898781829397998,
NB82,"Khu bến phà Cái Chiên phía Băc đảo Cái Chiên, Hải Hà",2027-10-01,2027,4,cobia,2359689,500633,6.504208087921143,24.8413028717041,7.972742557525635,30.944440841674805,0.0310367625206708,0.0153761999681591,,31.62136459350586,107.862060546875,3.2876861095428467,702.7830200195312,123.68254089355467,0.0,0.0013075555907562,0.0022227186709642,0.0001037786278175,0.000413556350395,0.0010942894732579,0.0001684697926975,0.0135036632418632,0.00040036891005,0.834666778762865,Phù hợp,1.4898781829397998,
NB83,"Bãi tắm Đầu Rồng- xã Cái Chiên, Hải Hà",2027-07-01,2027,3,cobia,2356931,499505,5.490772724151611,27.7158432006836,8.159940719604492,31.62416648864746,0.0324692241847515,0.051545076072216,,34.5574836730957,109.6365966796875,1.344206929206848,386.6617431640625,134.36175537109375,1.4158635139465332,0.0013075555907562,0.0021234189625829,0.0001037786278175,0.0002888038288801,0.0005991577054373,0.0001684697926975,0.0186798684298992,0.0003648918354883,0.8259487496510021,Phù hợp,1.4898781829397998,
NB83,"Bãi tắm Đầu Rồng- xã Cái Chiên, Hải Hà",2027-10-01,2027,4,cobia,2356931,499505,5.86145544052124,24.215356826782227,8.261982917785645,31.88797378540039,0.0375489257276058,0.0408965945243835,,32.84917068481445,94.31944274902344,1.3601491451263428,89.12508392333984,133.09799194335938,0.0,0.0013075555907562,0.0021639019250869,0.0001037786278175,0.0003971369005739,0.0016678739339113,0.0001684697926975,0.0170692335814237,0.0004143455007579,0.8350534555768778,Phù hợp,1.4898781829397998,
NB84,Ven bờ phía Tây đảo Vĩnh Thực- Móng Cái,2027-07-01,2027,3,cobia,2362922,508334,5.903764247894287,28.414287567138672,8.16982650756836,32.08203887939453,0.0556701682507991,0.056263405829668,,35.85308074951172,144.45570373535156,4.459650039672852,1594.7076416015625,129.3007049560547,5.572094917297363,0.0013075555907562,0.0018769426969811,0.0001037786278175,0.0002591654192656,0.0019366347696632,0.0001684697926975,0.0106964241713285,0.0003925493801943,0.799259177762403,Phù hợp,0.5,
NB84,Ven bờ phía Tây đảo Vĩnh Thực- Móng Cái,2027-10-01,2027,4,cobia,2362922,508334,6.548720359802246,25.001977920532227,8.123966217041016,30.849199295043945,0.0471464842557907,0.043013647198677,,29.37697410583496,120.613525390625,4.333523750305176,1002.4225463867188,122.41080474853516,1.1003546714782717,0.0013075555907562,0.0018831694032996,0.0001037786278175,0.0060626626946032,0.0028006173670291,0.0001684697926975,0.0170812755823135,0.001092059072107,0.8106450496202596,Phù hợp,0.5,
NB85,Ven bờ xã Quảng Nghĩa -Móng Cái,2027-07-01,2027,3,cobia,2374296,507087,5.704617977142334,28.680912017822266,7.681065082550049,17.38791275024414,0.0458692498505115,0.052167996764183,,36.2681884765625,97.26171875,10.263079643249512,83.21139526367188,121.6540985107422,3.525111198425293,0.0013075555907562,0.002290220465511,0.0001037786278175,0.0,0.0010674595832824,0.0001684697926975,0.0294561199843883,0.0003459306026343,0.800355215840493,Phù hợp,0.5,
NB85,Ven bờ xã Quảng Nghĩa -Móng Cái,2027-10-01,2027,4,cobia,2374296,507087,5.429609298706055,25.41054344177246,7.798166275024414,19.399526596069336,0.0513963438570499,0.0552025102078914,,35.786251068115234,94.58988189697266,12.0562162399292,887.5584716796875,113.44082641601562,0.0,0.0013075555907562,0.0017948963213711,0.0001037786278175,0.0002882717526517,0.0016857871087267,0.0001684697926975,0.0190423652529716,0.0003192299918737,0.7847876559261799,Phù hợp,0.5,
NB86,Ven bờ phường Hải Yên - Móng Cái,2027-07-01,2027,3,cobia,2378235,515563,5.168952941894531,28.59749221801757,7.662761688232422,18.94400405883789,0.0521312654018402,0.1175950318574905,,28.63477897644043,95.63397216796876,11.106886863708496,10558.333984375,121.95149230957033,0.0,0.0013030779082328,0.0016169906593859,0.0001037786278175,0.0,0.0005964748561382,0.0001684697926975,0.0025252355262637,0.0003481612657196,0.7331663453658548,Ít phù hợp,0.5,
NB86,Ven bờ phường Hải Yên - Móng Cái,2027-10-01,2027,4,cobia,2378235,515563,5.24939489364624,23.79449462890625,7.7294921875,21.22902488708496,0.0553963929414749,0.1155757009983062,,28.7158260345459,78.50003051757812,12.234731674194336,7744.42138671875,98.1242446899414,3.767401218414306,0.0013075555907562,0.00212510721758,0.0001037786278175,0.0,0.0014228463405743,0.0001684697926975,0.0309256631880998,0.0004060279752593,0.7475691896131332,Ít phù hợp,0.5,
NB87,Khu vực cửa sông KaLong - Móng Cái,2027-07-01,2027,3,cobia,2369213,521009,5.183435916900635,28.826875686645508,8.01451301574707,22.62121963500977,0.0551837794482708,0.0204990543425083,,33.97930908203125,83.97348022460938,6.608874320983887,0.0,122.74018096923828,4.126903533935547,0.0013030779082328,0.0018533769762143,0.0001037786278175,0.0014133943477645,0.0013931099092587,0.0001684697926975,0.0149174975231289,7.838813326088712e-05,0.8245922721490597,Phù hợp,0.5,
NB87,Khu vực cửa sông KaLong - Móng Cái,2027-10-01,2027,4,cobia,2369213,521009,5.622673511505127,23.773645401000977,8.078865051269531,25.32513427734375,0.0558679178357124,0.0211529526859521,,36.93903732299805,73.93872833251953,5.985048294067383,0.0,116.01538848876952,0.3784333169460296,0.0013075555907562,0.0014100997941568,0.0001037786278175,0.0,0.0009114600834436,0.0001684697926975,0.0065283263102173,0.000374782772269,0.8287276029011356,Phù hợp,0.5,
NB88,"Khu vực ven bờ  Núi Tổ Chim, Hải Hoà - Móng Cái ",2027-07-01,2027,3,cobia,2379574,529701,6.67680025100708,28.508394241333008,8.173111915588379,30.265962600708008,0.0578295439481735,0.0523574016988277,,35.5924072265625,100.89300537109376,4.436460018157959,229.54806518554688,110.55039978027344,0.0,0.0013075555907562,0.0019381317542865,0.0001037786278175,0.0001116743806051,0.0015715446788817,0.0001684697926975,0.0151970917358994,0.0005463506095111,0.8138748529319273,Phù hợp,0.5,
NB88,"Khu vực ven bờ  Núi Tổ Chim, Hải Hoà - Móng Cái ",2027-10-01,2027,4,cobia,2379574,529701,10.438992500305176,25.847938537597656,8.185403823852539,29.489591598510746,0.0467369444668293,0.0450781434774398,,32.53852844238281,114.7825698852539,3.874714612960816,1146.9315185546875,125.73902893066406,0.0,0.0013075555907562,0.0017352323047816,0.0001037786278175,0.0,0.0009478686843067,0.0001684697926975,0.0130557091906666,0.0003530637768562,0.8130463725789634,Phù hợp,1.890484395598123,
NB89,Bãi tắm Trà Cổ,2027-07-01,2027,3,cobia,2375900,528808,6.6274495124816895,28.05668067932129,8.134844779968262,29.906957626342773,0.0765856876969337,0.051902025938034,,39.15059280395508,100.34548950195312,12.657108306884766,0.0,143.75990295410156,0.0,0.0013075555907562,0.0019072727300226,0.0001037786278175,0.00058562355116,0.001096594845876,0.0001684697926975,0.0095599023625254,0.0003694150655064,0.7964905309916264,Phù hợp,0.5,
NB89,Bãi tắm Trà Cổ,2027-10-01,2027,4,cobia,2375900,528808,7.542743682861328,24.686182022094727,8.181941032409668,30.15513038635254,0.062467522919178,0.0482117831707,,36.62324905395508,64.89598083496094,14.293031692504885,0.0,136.15415954589844,0.0,0.0013075555907562,0.0019873757846653,0.0001037786278175,0.0,0.0005071221385151,0.0001684697926975,0.0108529785647988,0.0003426037146709,0.817698144971087,Phù hợp,1.890484395598123,
NB90,Khu vực cảng Cô Tô,2027-07-01,2027,3,cobia,2319575,501050,5.693678379058838,28.195152282714844,8.114910125732422,32.01049041748047,0.0391534902155399,0.0571481063961982,,38.0923080444336,105.31220245361328,3.602710008621216,0.0,138.03086853027344,1.61564302444458,0.0013075555907562,0.0019107467960566,0.0001037786278175,0.0005399793735705,0.0009905026527121,0.0001684697926975,0.0140562020242214,0.0002992991067003,0.8232402884319656,Phù hợp,1.4331288323106195,
NB90,Khu vực cảng Cô Tô,2027-10-01,2027,4,cobia,2319575,501050,5.574925422668457,23.94122886657715,8.105175018310547,31.319982528686523,0.0424356870353221,0.0340150333940982,,33.32912826538086,80.03076934814453,2.2068002223968506,0.0,128.04864501953125,2.3599438667297363,0.0013075555907562,0.0016016991576179,0.0001037786278175,0.0025722857099026,0.001393785350956,0.0001684697926975,0.0254900623112916,0.0012525608763098,0.8400853578716871,Phù hợp,1.4331288323106195,
NB91,"Khu vực Vụng cát 2, 3 - khu 4 thị trấn Cô Tô",2027-07-01,2027,3,cobia,2317783,498813,5.739013671875,28.463632583618164,8.123496055603027,31.969831466674805,0.0443073213100433,0.0478643625974655,,34.698177337646484,102.61091613769533,2.0567867755889893,0.0,108.1362533569336,0.0,0.0013030779082328,0.0017654766561463,0.0001037786278175,0.0,0.0006427541957236,0.0001684697926975,0.0027553001418709,0.0001157429214799,0.8268982479428233,Phù hợp,1.4331288323106195,
NB91,"Khu vực Vụng cát 2, 3 - khu 4 thị trấn Cô Tô",2027-10-01,2027,4,cobia,2317783,498813,5.599598407745361,24.24441909790039,8.061738967895508,31.68081855773925,0.0537797883152961,0.0188621934503316,,36.41831970214844,93.82044219970705,1.4517759084701538,0.0,142.27816772460938,1.0946199893951416,0.0013075555907562,0.001682382193394,0.0001037786278175,0.0,0.0015288216527551,0.0001684697926975,0.0287494622170925,0.0003861298901028,0.8308796254020848,Phù hợp,1.4331288323106195,
NB92,"Khu vực bãi tắm Hồng Vàn, xã Đồng Tiến",2027-07-01,2027,3,cobia,2323555,501698,5.647408485412598,28.276309967041016,8.079732894897461,32.01557540893555,0.0467448756098747,0.0534414537250995,,35.40563201904297,80.75545501708984,3.409598588943481,0.0,126.66177368164062,0.0,0.0013075555907562,0.0020812565926462,0.0001037786278175,0.0089456010609865,0.0022007951047271,0.0001684697926975,0.0157730616629123,0.0006708876462653,0.8173750648564768,Phù hợp,0.5,
NB92,"Khu vực bãi tắm Hồng Vàn, xã Đồng Tiến",2027-10-01,2027,4,cobia,2323555,501698,6.393046379089356,24.997501373291016,8.078438758850098,31.24745178222656,0.0525438077747821,0.0314278788864612,,38.871089935302734,93.86731719970705,1.6096816062927246,0.0,121.17179870605467,1.1646614074707031,0.0013075555907562,0.0015945335617288,0.0001037786278175,0.0002035672223428,0.0010130434529855,0.0001684697926975,0.0116859013214707,0.0003668472345452,0.8311026731870802,Phù hợp,0.5,
NB93,Khu vực ven bờ phía Nam xã Đồng Tiến,2027-07-01,2027,3,cobia,2321580,498778,6.08763599395752,28.83037376403809,8.055755615234375,31.06977081298828,0.0349941663444042,0.0505399443209171,,38.64643478393555,91.56321716308594,2.137209415435791,0.0,117.71078491210938,0.0,0.0013030779082328,0.0017815248575061,0.0001037786278175,0.0019114128081128,0.0012084951158612,0.0001684697926975,0.007805838715285,0.0004012806166429,0.829319016089717,Phù hợp,1.5150914988871134,
NB93,Khu vực ven bờ phía Nam xã Đồng Tiến,2027-10-01,2027,4,cobia,2321580,498778,11.863975524902344,25.804628372192383,7.99107551574707,31.43639373779297,0.0347847118973732,0.0228823069483041,,38.247196197509766,96.6675033569336,1.2796173095703125,0.0,130.14678955078125,2.270815134048462,0.0013075555907562,0.0017444394761696,0.0001037786278175,0.0003813795919995,0.0004482538788579,0.0001684697926975,0.01305668707937,0.0003219224163331,0.84432278712005,Phù hợp,1.5150914988871134,
NB94,Khu vực phía Bắc đảo Cô Tô con,2027-07-01,2027,3,cobia,2328260,501917,5.665701389312744,27.58505821228028,8.000410079956055,32.283897399902344,0.0700526311993599,0.0684420838952064,,32.59063720703125,105.7043685913086,4.611764430999756,1245.7265625,129.88882446289062,0.0,0.0013030779082328,0.0021898164413869,0.0001037786278175,0.0063840141519904,0.0020604156889021,0.0001684697926975,0.0153188845142722,0.000321012805216,0.7860040159784394,Phù hợp,0.5,
NB94,Khu vực phía Bắc đảo Cô Tô con,2027-10-01,2027,4,cobia,2328260,501917,5.66974401473999,25.73422622680664,8.134298324584961,31.19833374023437,0.072207286953926,0.0383584834635257,,28.56839370727539,76.40542602539062,2.613756895065308,0.0,107.03319549560548,0.0,0.0013075555907562,0.0017279316671192,0.0001037786278175,0.0,0.0010851108236238,0.0001684697926975,0.0069383555091917,0.0004120712110307,0.8292979447639514,Phù hợp,0.5,
NB95,Khu vực phía Nam đảo Cô Tô con,2027-07-01,2027,3,cobia,2326638,502012,7.864258766174316,27.948055267333984,8.165987014770508,31.37616920471192,0.0580576509237289,0.0535900704562664,,34.829532623291016,107.43721771240234,3.0914435386657715,5137.81494140625,113.6668472290039,5.162280559539795,0.0013030779082328,0.0021447089966386,0.0001037786278175,0.001808880479075,0.0017784789670258,0.0001684697926975,0.0126579189673066,0.0006466239574365,0.7774287848017842,Phù hợp,0.5,
NB95,Khu vực phía Nam đảo Cô Tô con,2027-10-01,2027,4,cobia,2326638,502012,6.447150230407715,25.839296340942383,8.169597625732422,30.91797065734864,0.0514871664345264,0.0456766970455646,,40.86760711669922,133.6559295654297,3.3779137134552,4047.36474609375,127.30716705322266,1.8003078699111938,0.0013075555907562,0.0017980511765927,0.0001037786278175,0.0001100125082302,0.0010187386069446,0.0001684697926975,0.0134182702749967,0.0003084893978666,0.7715959168469126,Phù hợp,0.5,
NB96,Khu vực phía Đông đảo Cô Tô con,2027-07-01,2027,3,cobia,2327640,503181,5.379938125610352,27.31304359436035,8.0921049118042,31.71963691711425,0.0492122806608676,0.0463695712387561,,33.45249557495117,95.09463500976562,4.182028770446777,0.0,120.10742950439452,0.0,0.0013030779082328,0.0023317413870245,0.0001037786278175,0.0,0.0007937565096653,0.0001684697926975,0.014428867958486,0.0003925915225408,0.8215217585387139,Phù hợp,0.5,
NB96,Khu vực phía Đông đảo Cô Tô con,2027-10-01,2027,4,cobia,2327640,503181,5.8362650871276855,24.003597259521484,8.100301742553711,32.12485122680664,0.0406825356185436,0.0162123721092939,,33.848262786865234,98.70015716552734,2.9965267181396484,0.0,132.77027893066406,0.0,0.0013075555907562,0.0020911893807351,0.0001037786278175,0.0023615185637027,0.0015601963968947,0.0001684697926975,0.0139939878135919,0.0006231871666386,0.8346907524747508,Phù hợp,0.5,
NB97,Khu vực phía Tây  đảo Cô Tô con,2027-07-01,2027,3,cobia,2327497,501058,5.411948204040527,27.96785545349121,8.15169906616211,30.73659896850586,0.0342902466654777,0.0394836068153381,,38.434417724609375,116.29264068603516,2.703932523727417,0.0,132.0862579345703,1.7317780256271362,0.0013030779082328,0.0022656780201941,0.0001037786278175,0.0037670885212719,0.0010272141080349,0.0001684697926975,0.0171129256486892,0.0002234791172668,0.8208864904947157,Phù hợp,0.5,
NB97,Khu vực phía Tây  đảo Cô Tô con,2027-10-01,2027,4,cobia,2327497,501058,5.536009311676025,24.139265060424805,8.088868141174316,31.502517700195312,0.0397783555090427,0.0213705077767372,,38.30128479003906,109.2082290649414,1.9382188320159912,0.0,135.70594787597656,1.85038161277771,0.0013075555907562,0.0018499495927244,0.0001037786278175,0.0008168420754373,0.0012133518466725,0.0001684697926975,0.0122477188706398,0.0003949078381992,0.8316029800866618,Phù hợp,0.5,
NB98,Khu vực cảng Thanh Lân,2027-07-01,2027,3,cobia,2323023,505543,5.643957138061523,28.19831657409668,8.086996078491211,31.3439884185791,0.0464317798614501,0.0511583425104618,,34.316341400146484,85.74340057373047,3.696532249450684,2198.629638671875,120.65095520019533,4.513039588928223,0.0013075555907562,0.0024573553819209,0.0001037786278175,0.0004603498382493,0.0006839641137048,0.0001684697926975,0.0122298719361424,0.0002780739159788,0.8151238520826322,Phù hợp,0.5,
NB98,Khu vực cảng Thanh Lân,2027-10-01,2027,4,cobia,2323023,505543,5.708904266357422,24.17344665527344,8.170221328735352,31.39950942993164,0.0546422898769378,0.0392309390008449,,31.572235107421875,107.18953704833984,3.510601282119751,698.1512451171875,121.19801330566406,0.0,0.0013075555907562,0.0019582672975957,0.0001037786278175,0.0,0.0019377470016479,0.0001684697926975,0.0187209546566009,0.0004124183324165,0.8150776646727739,Phù hợp,0.7399312468060799,
NB99,Khu vực nuôi nhuyễn thể phía Đông Nam đảo Thanh Lân,2027-07-01,2027,3,cobia,2321546,505635,5.509665966033936,28.109378814697266,8.077984809875488,31.61677360534668,0.0549913011491298,0.0504601299762725,,37.45627212524414,112.15572357177734,3.7556116580963135,1034.5726318359375,140.63363647460938,0.9064635634422302,0.0013030779082328,0.0021157618612051,0.0001037786278175,0.0039350613951683,0.0021283184178173,0.0001684697926975,0.0222609099000692,0.0005295424489304,0.7965709655517298,Phù hợp,0.5,
NB99,Khu vực nuôi nhuyễn thể phía Đông Nam đảo Thanh Lân,2027-10-01,2027,4,cobia,2321546,505635,6.3529133796691895,25.24131965637207,8.069107055664062,31.78449440002441,0.0553418844938278,0.0382689014077186,,33.58909606933594,97.42559051513672,2.733693599700928,0.0,124.04055786132812,0.0,0.0013075555907562,0.0018566431244835,0.0001037786278175,3.888102946802974e-05,0.0013910046545788,0.0001684697926975,0.0184467025101184,0.0003785644075833,0.8267865997261875,Phù hợp,0.7399312468060799,
NB1,Luồng vào cảng Cái Lân tại cầu Bãi Cháy,2027-01-01,2027,1,cobia,2318587,428692,7.290848255157471,20.65317153930664,8.258034706115723,31.85542297363281,0.0416084975004196,0.0454715825617313,,39.79606246948242,127.6189422607422,0.9061675071716307,0.0,132.90065002441406,0.0,0.0013376420829445,0.001581294927746,0.0001037786278175,8.090947812888771e-05,0.0011114114895462,0.0001684697926975,0.0145005751401185,0.0005145288305357,0.8114640003656624,Phù hợp,0.3311740478962686,
NB1,Luồng vào cảng Cái Lân tại cầu Bãi Cháy,2027-04-01,2027,2,cobia,2318587,428692,6.152935028076172,25.710887908935547,8.190360069274902,32.15278625488281,0.0418433807790279,0.0468033254146575,,35.870582580566406,117.66300964355467,2.93200945854187,0.0,130.79652404785156,3.190063953399658,0.0013030779082328,0.0015465923352167,0.0001037786278175,0.0,0.0013160108355805,0.0001684697926975,0.0099343946203589,0.0005479580140672,0.8317533260035216,Phù hợp,0.3311740478962686,
NB2,Cảng B12- vịnh Cửa Lục,2027-01-01,2027,1,cobia,2319163,428365,5.995682239532471,21.63692855834961,8.193613052368164,30.48789024353028,0.0571021735668182,0.0502339117228984,,32.719661712646484,86.84042358398438,3.403646469116211,0.0,126.73660278320312,2.739654541015625,0.0013638500822708,0.0015671697910875,0.0001037786278175,0.0022063010837882,0.0011056013172492,0.0001684697926975,0.0293666180223226,0.0012767412699759,0.8255915494724219,Phù hợp,0.3311740478962686,
NB2,Cảng B12- vịnh Cửa Lục,2027-04-01,2027,2,cobia,2319163,428365,6.427020072937012,25.81066131591797,8.179485321044922,30.589506149291992,0.0723019316792488,0.0542252361774444,,39.35866165161133,107.83561706542967,2.8450124263763428,0.0,139.69529724121094,0.0,0.0013030779082328,0.001654326566495,0.0001037786278175,0.0008963728323578,0.0012355779763311,0.0001684697926975,0.0072413492016494,0.0009285124833695,0.805501555577856,Phù hợp,0.3311740478962686,
NB3,Cảng Cái Lân- vịnh Cửa Lục,2027-01-01,2027,1,cobia,2320268,427607,7.333663463592529,21.91390609741211,8.153648376464844,31.66058349609375,0.0553075447678566,0.0416260622441768,,34.841888427734375,81.46434783935547,1.894278764724732,427.9874877929688,112.64347839355467,0.0,0.0013638500822708,0.0014833699679002,0.0001037786278175,0.000211868158658,0.0013182089896872,0.0001684697926975,0.0085306586697697,0.0005503454012796,0.8239015735601629,Phù hợp,0.669997947758051,
NB3,Cảng Cái Lân- vịnh Cửa Lục,2027-04-01,2027,2,cobia,2320268,427607,6.414698123931885,25.318086624145508,8.121988296508789,31.834806442260746,0.0692295357584953,0.0543663203716278,,36.28433990478516,83.1728744506836,4.583427429199219,0.0,123.76498413085938,0.0,0.0013030779082328,0.0015856637619435,0.0001037786278175,0.0,0.0011786479735746,0.0001684697926975,0.0058803637512028,0.0002247295196866,0.8181295558099174,Phù hợp,0.5,
NB4,Khu Hòn Gạc- vịnh Cửa Lục,2027-01-01,2027,1,cobia,2320452,429685,7.298834323883057,19.82501220703125,8.295321464538574,31.422725677490234,0.043650783598423,0.0386724136769771,,41.60498428344727,121.36821746826172,3.98880934715271,0.0,122.14913940429688,2.9063682556152344,0.0013638500822708,0.0016633392078801,0.0001037786278175,0.0,0.0014046450378373,0.0001684697926975,0.0036234483122825,0.0001914004824357,0.815913912759419,Phù hợp,0.5405370015086849,
NB4,Khu Hòn Gạc- vịnh Cửa Lục,2027-04-01,2027,2,cobia,2320452,429685,6.486726760864258,24.81767463684082,8.228808403015137,30.279430389404297,0.0559126622974872,0.0489874109625816,,43.301025390625,132.4844207763672,4.625882148742676,0.0,136.0248565673828,2.100130796432495,0.0013075555907562,0.0012925276532769,0.0001037786278175,0.0001331094390479,0.0010232122149318,0.0001684697926975,0.0155978165566921,0.0004752572858706,0.8074260663371964,Phù hợp,0.5405370015086849,
NB5,Ven bờ khu đô thị CENCO 5,2027-01-01,2027,1,cobia,2319397,429449,6.404512405395508,20.6621036529541,8.174613952636719,31.53275680541992,0.0805793032050132,0.0334082543849945,,35.90596008300781,90.07015991210938,8.982730865478516,0.0,120.39739227294922,5.203743934631348,0.0013638500822708,0.0013775749830529,0.0001037786278175,9.54244751483202e-06,0.0020858938805758,0.0001684697926975,0.0095839127898216,0.0005189186194911,0.8171656114107504,Phù hợp,0.5405370015086849,
NB5,Ven bờ khu đô thị CENCO 5,2027-04-01,2027,2,cobia,2319397,429449,6.159307956695557,25.617700576782227,8.211618423461914,30.815954208374023,0.0885866656899452,0.0351804494857788,,29.769428253173828,63.72339630126953,9.888832092285156,0.0,127.85504913330078,2.375715494155884,0.0013030779082328,0.0015759873203933,0.0001037786278175,0.0005286179366521,0.0020816640462726,0.0001684697926975,0.0265933722257614,0.000355111726094,0.8240127408710972,Phù hợp,0.5,
NB6,Cửa sông Trới ven bờ KCN Việt Hưng,2027-01-01,2027,1,cobia,2322158,422550,7.202341556549072,21.538536071777344,8.195076942443848,30.03417015075684,0.079160563647747,0.0372333414852619,,36.262481689453125,88.37872314453125,14.629749298095703,0.0,125.4525909423828,2.7549846172332764,0.0013638500822708,0.001560850534588,0.0001037786278175,0.0,0.0009010055800899,0.0001684697926975,0.0106055717915296,0.0006424962775781,0.8068666051247512,Phù hợp,2.2901900030346827,
NB6,Cửa sông Trới ven bờ KCN Việt Hưng,2027-04-01,2027,2,cobia,2322158,422550,6.493094444274902,26.573917388916016,8.237479209899902,28.07779884338379,0.0788225457072258,0.0337767153978347,,35.47734832763672,93.09828186035156,9.899596214294434,0.0,124.15119934082033,1.725615382194519,0.0013030779082328,0.0018876439426094,0.0001037786278175,0.0,0.0011642972240224,0.0001684697926975,0.0106171006336808,0.0005312017165124,0.8135985716390465,Phù hợp,2.2901900030346827,
NB7,Cửa sông Man tại cầu Đá Trắng đường Trới- Vũ Oai,2027-01-01,2027,1,cobia,2325055,427799,6.630821704864502,21.25418281555176,8.234514236450195,29.806625366210938,0.0604087002575397,0.0453447885811328,,29.03144645690918,51.34284973144531,11.512752532958984,0.0,133.55381774902344,1.4173915386199951,0.0013638500822708,0.0015551456017419,0.0001037786278175,7.503134838771075e-05,0.0003339019895065,0.0001684697926975,0.0079453643411397,0.0007051472784951,0.8332873149935471,Phù hợp,0.5,
NB7,Cửa sông Man tại cầu Đá Trắng đường Trới- Vũ Oai,2027-04-01,2027,2,cobia,2325055,427799,5.690401554107666,26.65802764892578,8.263751983642578,28.718891143798828,0.0772248357534408,0.0379899516701698,,35.425010681152344,97.1265106201172,11.024088859558104,0.0,135.30789184570312,4.285880565643311,0.0013030779082328,0.0016961693763732,0.0001037786278175,0.0018045220058411,0.000998459290713,0.0001684697926975,0.0060730250552296,0.0005875967326574,0.8138917294815226,Phù hợp,2.395424440469789,
NB8,Cửa sông Diễn Vọng tại cầu Bang,2027-01-01,2027,1,cobia,2324600,433954,7.962990283966064,22.18281936645508,8.061692237854004,25.188146591186523,0.0440279133617877,0.0647215694189071,,36.89068222045898,76.57952880859375,17.278907775878906,206.6931610107422,117.85321807861328,1.862318754196167,0.0013496461324393,0.0014007247518748,0.0001037786278175,0.0007714933017268,0.0039620925672352,0.0001684697926975,0.023263793438673,0.0006070907111279,0.8095274875616891,Phù hợp,2.976166367997596,
NB8,Cửa sông Diễn Vọng tại cầu Bang,2027-04-01,2027,2,cobia,2324600,433954,6.891948223114014,25.614431381225582,8.025971412658691,23.011234283447266,0.0613352507352829,0.0622794516384601,,34.76460266113281,76.14816284179688,13.29988956451416,815.8842163085938,118.60509490966795,0.0,0.0013030779082328,0.0015422677388414,0.0001037786278175,0.0004449790867511,0.0023336533922702,0.0001684697926975,0.0158234015107154,0.0001141631000791,0.798133554857744,Phù hợp,2.976166367997596,
NB9,Bến phà Tuần Châu,2027-01-01,2027,1,cobia,2313924,420738,6.132048606872559,20.911922454833984,8.214661598205566,31.709630966186523,0.0678469017148017,0.0393404103815555,,38.63804626464844,105.95291137695312,3.1289045810699463,0.0,133.361328125,0.5226283073425293,0.0013496461324393,0.0016160801751539,0.0001037786278175,0.0006436179974116,0.0013193556806072,0.0001684697926975,0.0106756594032049,0.000624583393801,0.8075003204864958,Phù hợp,0.5,
NB9,Bến phà Tuần Châu,2027-04-01,2027,2,cobia,2313924,420738,6.236597061157227,26.224937438964844,8.178139686584473,31.165197372436523,0.0712242200970649,0.0454864278435707,,34.352352142333984,103.27213287353516,3.774641275405884,0.0,127.21920776367188,7.114866733551025,0.0013075555907562,0.0020721487235277,0.0001037786278175,0.0,0.0012135431170463,0.0001684697926975,0.0056458138860762,0.0001579126837896,0.8320100630885229,Phù hợp,0.6717151554044318,
NB10,Bãi tắm Tuần  Châu,2027-01-01,2027,1,cobia,2315155,421276,7.055344104766846,22.34086227416992,8.20411491394043,32.11954498291016,0.0537537299096584,0.0258145723491907,,39.21958923339844,98.3137435913086,1.789231538772583,0.0,119.91680908203124,3.6096675395965576,0.0013638500822708,0.0015957060968503,0.0001037786278175,0.0,0.0017701742472127,0.0001684697926975,0.0141839459538459,0.0008652111282572,0.8320310453244838,Phù hợp,0.5,
NB10,Bãi tắm Tuần  Châu,2027-04-01,2027,2,cobia,2315155,421276,5.82068395614624,26.698041915893555,8.105207443237305,31.365453720092773,0.0621576011180877,0.0471188202500343,,35.96473693847656,97.14408111572266,4.009514808654785,0.0,122.2004165649414,3.7037994861602783,0.0013030779082328,0.0015041377628222,0.0001037786278175,0.0023177640978246,0.0015844176523387,0.0001684697926975,0.0102669224143028,0.0006181212957017,0.8246282999349491,Phù hợp,0.6717151554044318,
NB11,Cửa sông Hòn Dấu,2027-01-01,2027,1,cobia,2316995,413685,6.633148670196533,21.863985061645508,8.139169692993164,30.479223251342773,0.069096490740776,0.0291673596948385,,32.02528381347656,100.41615295410156,4.247716426849365,480.5808715820313,132.04978942871094,0.0,0.0013638500822708,0.0016089244745671,0.0001037786278175,0.0002877189835999,0.0015903309686109,0.0001684697926975,0.0168513990938663,0.00065103295492,0.8122975533902814,Phù hợp,2.083621426747191,
NB11,Cửa sông Hòn Dấu,2027-04-01,2027,2,cobia,2316995,413685,6.267535209655762,25.10138893127441,8.090422630310059,29.88886451721192,0.0739031136035919,0.0371011011302471,,30.75697135925293,75.99751281738281,5.133392333984375,1650.7144775390625,122.69589233398438,1.061772346496582,0.0013075555907562,0.0015347835142165,0.0001037786278175,0.0001674816739978,0.0012140017934143,0.0001684697926975,0.0094035742804408,0.0005402822280302,0.813064092882415,Phù hợp,0.5,
NB12,Bãi tắm Bãi Cháy - phía Tây bãi tắm giáp Đảo Rều,2027-01-01,2027,1,cobia,2316901,424936,6.885522842407227,20.1346492767334,8.197734832763672,31.70721435546875,0.0600908286869525,0.0336914658546447,,35.902610778808594,91.34578704833984,1.8145695924758911,0.0,124.29651641845705,4.815367221832275,0.001338735804893,0.0015980453463271,0.0001037786278175,0.0,0.0007172066834755,0.0001684697926975,0.0307076796889305,0.0004174631321802,0.8297669887994072,Phù hợp,0.5,
NB12,Bãi tắm Bãi Cháy - phía Tây bãi tắm giáp Đảo Rều,2027-04-01,2027,2,cobia,2316901,424936,6.179244041442871,26.567527770996094,8.142097473144531,30.2388916015625,0.0667638555169105,0.0443424023687839,,37.78873443603516,102.65589904785156,3.724032402038574,0.0,129.56097412109375,0.0,0.0013030779082328,0.0015954010887071,0.0001037786278175,0.0006800170522183,0.0011148708872497,0.0001684697926975,0.0102164484560489,0.0004348716465756,0.8135019387634669,Phù hợp,0.7836737203709208,
NB13,Bãi tắm Bãi Cháy - khu Trung tâm bãi tắm,2027-01-01,2027,1,cobia,2316868,426503,7.2069411277771,21.136817932128903,8.194962501525879,31.3227767944336,0.0744689628481864,0.0408782251179218,,35.993350982666016,102.966064453125,3.827628612518311,252.86573791503903,131.75686645507812,0.3432852327823639,0.001338735804893,0.0014771138085052,0.0001037786278175,0.0,0.0013968073762953,0.0001684697926975,0.03391620144248,0.0006604058435186,0.8028731010314338,Phù hợp,0.5,
NB13,Bãi tắm Bãi Cháy - khu Trung tâm bãi tắm,2027-04-01,2027,2,cobia,2316868,426503,6.590019702911377,24.84821891784668,8.205930709838867,30.93304443359375,0.0854359120130539,0.0470533743500709,,36.80425643920898,84.35929870605469,6.387076377868652,0.0,126.58760833740234,4.8358354568481445,0.0013030779082328,0.0015745108248665,0.0001037786278175,0.0,0.001602784381248,0.0001684697926975,0.0094255227595567,1.878958755696658e-05,0.8208954549012677,Phù hợp,0.7836737203709208,
NB14,Ven bờ phường Hùng Thắng,2027-01-01,2027,1,cobia,2317578,422609,6.947534561157227,21.643205642700195,8.243758201599121,31.72593879699707,0.0746786668896675,0.0320168063044548,,36.81145095825195,118.84856414794922,4.599281311035156,0.0,129.216552734375,2.0634539127349854,0.0013496461324393,0.0016757634002715,0.0001037786278175,0.0002104564628098,0.0006719236844219,0.0001684697926975,0.0142254196107387,0.0006294277845881,0.8074369904806803,Phù hợp,0.5,
NB14,Ven bờ phường Hùng Thắng,2027-04-01,2027,2,cobia,2317578,422609,6.719899654388428,26.36941146850586,8.229549407958984,30.44883728027344,0.0798676386475563,0.0381659008562564,,40.58061218261719,112.16613006591795,4.250911712646484,0.0,143.80447387695312,1.8217557668685915,0.0013075555907562,0.0017196900444105,0.0001037786278175,0.0,0.0007718087290413,0.0001684697926975,0.0115682361647486,0.0005838591023348,0.8068028767927359,Phù hợp,0.5,
NB15,Sau chợ Hạ Long 1- cầu Bài Thơ Hạ Long,2027-01-01,2027,1,cobia,2317218,430394,7.029484272003174,21.3267822265625,8.243945121765137,31.69938087463379,0.0874809697270393,0.0472757220268249,,36.33174133300781,159.92523193359375,1.3949004411697388,0.0,121.88592529296876,1.883423089981079,0.0013638500822708,0.0017930141184478,0.0001037786278175,0.0001421423366991,0.0012363304849714,0.0001684697926975,0.0079103307798504,0.0005923169082961,0.7896891441455078,Phù hợp,0.5,
NB15,Sau chợ Hạ Long 1- cầu Bài Thơ Hạ Long,2027-04-01,2027,2,cobia,2317218,430394,5.736434459686279,27.128307342529297,8.232643127441406,30.69832229614257,0.0863792225718498,0.0518438890576362,,39.25342178344727,107.31161499023438,3.4755845069885254,136.79673767089844,138.5293731689453,7.154184818267822,0.0013075555907562,0.0016257584793493,0.0001037786278175,0.00053415982984,0.0011890082387253,0.0001684697926975,0.0144454864785075,0.0005030312458984,0.8129640609283756,Phù hợp,0.5,
NB16,Ven bờ khu vực Bến Đoan- Hạ Long,2027-01-01,2027,1,cobia,2317471,431681,6.993612289428711,22.875757217407227,8.193782806396484,31.8461971282959,0.0632809922099113,0.0302782524377107,,40.068267822265625,96.20902252197266,2.0875630378723145,0.0,123.54390716552734,5.266483783721924,0.0013638500822708,0.0015420216368511,0.0001037786278175,0.0010116890771314,0.0014986473834142,0.0001684697926975,0.0122419744729995,0.0008545665768906,0.8303523860420142,Phù hợp,0.25185908758669,
NB16,Ven bờ khu vực Bến Đoan- Hạ Long,2027-04-01,2027,2,cobia,2317471,431681,6.194453239440918,27.346961975097656,8.083799362182617,31.37750816345215,0.0750270038843154,0.0470442473888397,,38.56919097900391,108.75643157958984,1.938060522079468,0.0,143.72042846679688,5.704397201538086,0.0013030779082328,0.0015823158901184,0.0001037786278175,0.0023987342137843,0.0018647720571607,0.0001684697926975,0.0192337036132812,0.0009426418109796,0.8188988107661761,Phù hợp,0.25185908758669,
NB17,Ven bờ khu vực cột 5- phường Hồng Hà- TP Hạ Long,2027-01-01,2027,1,cobia,2317257,432137,7.920969009399414,20.59964179992676,8.355061531066895,31.28240776062012,0.0715845897793769,0.0494985021650791,,37.92673110961914,116.56981658935548,4.602144718170166,413.63092041015625,122.35363006591795,0.0,0.0013922789366915,0.0017268917290493,0.0001037786278175,0.0001454729499528,0.0020318066235631,0.0001684697926975,0.010591440834105,0.0006154851871542,0.7927322534370296,Phù hợp,0.25185908758669,
NB17,Ven bờ khu vực cột 5- phường Hồng Hà- TP Hạ Long,2027-04-01,2027,2,cobia,2317257,432137,6.5948991775512695,23.40481185913086,8.418264389038086,31.73006057739257,0.0684817731380462,0.0484036840498447,,39.838626861572266,131.0835723876953,6.523929595947266,407.2953186035156,128.46632385253906,0.6496984958648682,0.0013075555907562,0.0016263371799141,0.0001037786278175,0.0105553865432739,0.003830746281892,0.0001684697926975,0.0172777790576219,0.0013980782823637,0.7817916427730097,Phù hợp,0.25185908758669,
NB18,Lạch Hạm Nam Cầu Trắng- TP Hạ Long,2027-01-01,2027,1,cobia,2316544,435609,8.038076400756836,19.878719329833984,8.259750366210938,32.04198455810547,0.0683134347200393,0.0356783159077167,,38.70622253417969,93.94762420654295,6.334576606750488,0.0,134.59739685058594,0.0666854009032249,0.0013593723997473,0.0014606360346078,0.0001037786278175,0.0,0.0012861245777457,0.0001684697926975,0.0029081862885504,0.0004059943603351,0.8075398427397833,Phù hợp,0.5,
NB18,Lạch Hạm Nam Cầu Trắng- TP Hạ Long,2027-04-01,2027,2,cobia,2316544,435609,6.68321704864502,25.873424530029297,8.173791885375977,30.74595832824707,0.076850339770317,0.0405232273042202,,38.26630401611328,88.14411163330078,7.807154178619385,120.78004455566406,136.4241180419922,4.229803562164307,0.0013030779082328,0.0015916750999167,0.0001037786278175,0.0001151330943685,0.0009349866886623,0.0001684697926975,0.0220464598387479,0.0006553298444487,0.8183827097198829,Phù hợp,0.5,
NB19,Lạch Lộ Phong- TP Hạ Long,2027-01-01,2027,1,cobia,2316498,443279,8.030669212341309,20.486387252807617,8.200860977172852,31.49657249450684,0.0546653494238853,0.0388809330761432,,36.70478820800781,97.04412078857422,3.3866586685180664,0.0,126.49464416503906,5.769545078277588,0.0013638500822708,0.0014969679759815,0.0001037786278175,7.927839760668576e-06,0.0014490630710497,0.0001684697926975,0.0087720369920134,0.0006231351289898,0.8321668552533223,Phù hợp,0.5,
NB19,Lạch Lộ Phong- TP Hạ Long,2027-04-01,2027,2,cobia,2316498,443279,7.157817363739014,26.255779266357425,8.167323112487793,31.58047103881836,0.066378004848957,0.0515758395195007,,42.04905319213867,118.9481430053711,3.2637741565704346,0.0,150.3918914794922,5.603050231933594,0.0013030779082328,0.001606703037396,0.0001037786278175,0.0,0.0012069129152223,0.0001684697926975,0.0021116146817803,0.0001806681102607,0.8182296587122104,Phù hợp,3.58382145900155,
NB20,Cảng Km 6 - TP Cẩm Phả,2027-01-01,2027,1,cobia,2322174,447656,6.386165142059326,21.894577026367188,8.169116020202637,29.77742958068848,0.0390703454613685,0.047793049365282,,38.12613296508789,117.69934844970705,4.4654927253723145,0.0,128.14279174804688,3.276599407196045,0.0013638500822708,0.0013616424985229,0.0001037786278175,0.0,0.0015995447756722,0.0001684697926975,0.01322200614959,0.0005690218531526,0.8249431188079418,Phù hợp,2.5872264106567866,
NB20,Cảng Km 6 - TP Cẩm Phả,2027-04-01,2027,2,cobia,2322174,447656,6.524739742279053,25.567481994628903,8.102182388305664,28.770204544067383,0.0448142252862453,0.0504278875887393,,37.88900375366211,107.3647232055664,3.754419088363648,1166.9058837890625,141.91983032226562,0.0,0.0013030779082328,0.0016530068824067,0.0001037786278175,7.881582860136405e-06,0.0024228449910879,0.0001684697926975,0.0096603957936167,0.0003659373905975,0.8098772595327782,Phù hợp,2.5872264106567866,
NB21,Cảng Vũng Đục - TP Cẩm Phả,2027-01-01,2027,1,cobia,2321985,452827,6.301797866821289,20.90528678894043,8.227506637573242,31.48119354248047,0.0572463274002075,0.0535055324435234,,36.51900863647461,77.86235809326172,1.6539251804351809,0.0,127.32633972167967,0.0,0.0013638500822708,0.0015506563941016,0.0001037786278175,0.0,0.0012527501676231,0.0001684697926975,0.009274841286242,0.0005136088584549,0.8219087627787808,Phù hợp,1.3645044888163615,
NB21,Cảng Vũng Đục - TP Cẩm Phả,2027-04-01,2027,2,cobia,2321985,452827,6.541909217834473,25.95570182800293,8.170734405517578,30.89710998535156,0.0680321902036666,0.0522433556616306,,38.79909896850586,100.00074005126952,4.265880584716797,172.16929626464844,145.4661102294922,2.236325025558472,0.0013030779082328,0.0017609712667763,0.0001037786278175,0.0,0.001061669900082,0.0001684697926975,0.0080786263570189,0.0005237715085968,0.8145432171145682,Phù hợp,1.3645044888163615,
NB22,Khu vực Hòn Lướt ven cụm công nghiệp Cẩm Thịnh,2027-01-01,2027,1,cobia,2322430,458154,6.763978004455566,22.20362663269043,8.148354530334473,31.18581771850586,0.0609764605760574,0.0486176460981369,,32.67074966430664,88.10794067382812,2.4752254486083984,272.2117919921875,124.04541015625,0.0,0.0013638500822708,0.0015970714157447,0.0001037786278175,9.032459638547152e-05,0.0012607645476236,0.0001684697926975,0.0144915906712412,0.0005742247449234,0.8200998404150048,Phù hợp,1.0747805589979753,
NB22,Khu vực Hòn Lướt ven cụm công nghiệp Cẩm Thịnh,2027-04-01,2027,2,cobia,2322430,458154,6.402913570404053,25.047758102416992,8.156781196594238,31.530567169189453,0.0671736896038055,0.0502481274306774,,34.950199127197266,63.84720230102539,3.164741277694702,0.0,133.0005645751953,0.0,0.0013030779082328,0.001530033070594,0.0001037786278175,0.0,0.0014862664975225,0.0001684697926975,0.011759296990931,0.000616559467744,0.8286601085675303,Phù hợp,1.0747805589979753,
NB23,Ven bờ Nhiệt điện Cẩm Phả - tuyển than Cửa Ông,2027-01-01,2027,1,cobia,2323792,459817,6.448683261871338,21.850446701049805,8.074259757995605,30.407848358154297,0.0616030134260654,0.0454955697059631,,34.87223434448242,94.87761688232422,3.786330223083496,0.0,123.87549591064452,0.0,0.0013922789366915,0.0014574485830962,0.0001037786278175,0.0,0.0011463033733889,0.0001684697926975,0.0079882461577653,0.0005716010928153,0.8178896901146553,Phù hợp,1.0747805589979753,
NB23,Ven bờ Nhiệt điện Cẩm Phả - tuyển than Cửa Ông,2027-04-01,2027,2,cobia,2323792,459817,5.934680938720703,25.89084243774414,8.049566268920898,30.999555587768555,0.0711668506264686,0.0327754467725753,,36.10383605957031,95.714599609375,3.910402536392212,0.0,133.98306274414062,1.6916803121566772,0.0013030779082328,0.0016314466483891,0.0001037786278175,0.0,0.0010501884389668,0.0001684697926975,0.0089891124516725,0.0003949317615479,0.8224381274071098,Phù hợp,1.0747805589979753,
NB24,Cảng Cửa Ông- TP Cẩm Phả,2027-01-01,2027,1,cobia,2326075,460842,5.538866996765137,22.200796127319336,8.09255599975586,29.01519012451172,0.0546838082373142,0.0427069514989852,,36.016822814941406,102.20626831054688,4.160592555999756,0.0,125.37051391601562,0.0,0.0013496461324393,0.001481620944105,0.0001037786278175,0.0,0.0013087355764582,0.0001684697926975,0.0175674501806497,0.0006778459064662,0.8138810668988198,Phù hợp,1.2512707540736336,
NB24,Cảng Cửa Ông- TP Cẩm Phả,2027-04-01,2027,2,cobia,2326075,460842,5.068758964538574,26.988327026367188,7.987165451049805,27.923219680786133,0.0768103823065757,0.0450578853487968,,36.11850357055664,67.53060150146484,5.581907272338867,0.0,129.3898162841797,0.700972318649292,0.0013030779082328,0.0016093569574877,0.0001037786278175,0.0,0.0011810520663857,0.0001684697926975,0.0081236250698566,0.0001288664498133,0.8147233330602607,Phù hợp,1.2512707540736336,
NB25,Cảng Cái Rồng- Vân Đồn,2027-01-01,2027,1,cobia,2329585,466608,6.357699871063232,20.89510154724121,8.191239356994629,31.365352630615234,0.0667807161808013,0.0328415930271148,,36.75335311889648,106.16421508789062,1.9966282844543457,235.1400604248047,126.86459350585938,0.7863564491271973,0.0013593723997473,0.0014613780658692,0.0001037786278175,2.3120093828765675e-05,0.0016269322950392,0.0001684697926975,0.0107672130689024,0.0006085150525905,0.8118019033504581,Phù hợp,0.5,
NB25,Cảng Cái Rồng- Vân Đồn,2027-04-01,2027,2,cobia,2329585,466608,5.857141494750977,24.935829162597656,8.158561706542969,31.78774642944336,0.0727749988436698,0.0385488085448741,,34.48550033569336,97.9593276977539,4.659627437591553,0.0,105.0341339111328,0.4642057716846466,0.0013030779082328,0.0016608100850135,0.0001037786278175,0.0007485521491616,0.0017496503423899,0.0001684697926975,0.0054519674740731,0.0003607679391279,0.8159707027901163,Phù hợp,1.93269792000716,
NB26,Khu vực cảng 10-10 - Cẩm Phả,2027-01-01,2027,1,cobia,2321486,455510,6.214527606964111,21.47265815734864,8.209872245788574,31.6372299194336,0.0559294186532497,0.0282550007104873,,36.00493240356445,91.5619888305664,13.412755966186523,0.0,104.57244110107422,0.0,0.0013530546566471,0.0016557036433368,0.0001037786278175,0.0,0.0011623825412243,0.0001684697926975,0.0092396903783082,0.0005758281913585,0.8139883525584247,Phù hợp,1.3645044888163615,
NB26,Khu vực cảng 10-10 - Cẩm Phả,2027-04-01,2027,2,cobia,2321486,455510,6.435592174530029,25.497100830078125,8.166419982910156,31.45395851135254,0.064480148255825,0.0202716309577226,,40.00115585327149,68.08148193359375,11.5746431350708,0.0,136.12339782714844,0.0775493681430816,0.0013075555907562,0.0017337918980047,0.0001037786278175,0.0,0.0008781430660746,0.0001684697926975,0.0069788000546395,0.0004608856688719,0.823018873193616,Phù hợp,1.3645044888163615,
NB27,Khu vực cửa sông Mông Dương - TP.  Cẩm Phả,2027-01-01,2027,1,cobia,2330880,459989,6.292820453643799,21.75072479248047,8.126726150512695,25.91179656982422,0.0433761328458786,0.0472062081098556,,29.105472564697266,65.35032653808594,17.65037727355957,0.0,120.66669464111328,0.985936999320984,0.0013638500822708,0.0016266793245449,0.0001037786278175,0.0003959133173339,0.0015341731486842,0.0001684697926975,0.0062865675427019,0.000671831832733,0.8277808219365628,Phù hợp,0.5,
NB27,Khu vực cửa sông Mông Dương - TP.  Cẩm Phả,2027-04-01,2027,2,cobia,2330880,459989,6.08445930480957,26.68934631347656,8.10995101928711,24.327089309692383,0.0597743168473243,0.0316351875662803,,33.61728286743164,53.882904052734375,11.807268142700195,0.0,130.61505126953125,3.3694076538085938,0.0013075555907562,0.0015753215411677,0.0001037786278175,0.0052760085090994,0.0037324947770684,0.0001684697926975,0.0170294921845197,0.0011090592015534,0.8297722415959559,Phù hợp,0.5,
NB28,"Khu vực ven bờ xã Cẩm Hải, TP.  Cẩm Phả",2027-01-01,2027,1,cobia,2333357,460436,6.454684257507324,21.267213821411133,8.124150276184082,30.384641647338867,0.0607773102819919,0.0494990982115268,,35.225860595703125,107.12539672851562,3.045419692993164,0.0,120.98373413085938,0.462670624256134,0.0013638500822708,0.0017109563341364,0.0001037786278175,0.0,0.0012030181242153,0.0001684697926975,0.0016744985477998,0.0001437397877452,0.8137595303939349,Phù hợp,0.5,
NB28,"Khu vực ven bờ xã Cẩm Hải, TP.  Cẩm Phả",2027-04-01,2027,2,cobia,2333357,460436,6.449955463409424,26.549861907958984,8.11439323425293,29.62881851196289,0.0688856169581413,0.0522035658359527,,38.131866455078125,83.31399536132812,3.454895496368408,2414.73388671875,140.92604064941406,0.0,0.0013075555907562,0.001385687966831,0.0001037786278175,0.0005671998951584,0.0012876978144049,0.0001684697926975,0.0280268639326095,0.0004636227968148,0.7914979716902641,Phù hợp,0.5,
NB29,Luồng Voi Lớn phía Tây xã Đoàn Kết- Vân Đồn,2027-01-01,2027,1,cobia,2334332,462783,6.844211101531982,21.45042610168457,8.215177536010742,30.71796607971192,0.0419000387191772,0.0439273901283741,,37.32732391357422,98.1172866821289,2.427855491638184,0.0,125.90882873535156,0.6090708374977112,0.0013638500822708,0.0014341953210532,0.0001037786278175,0.0,0.0010109074646607,0.0001684697926975,0.0,0.0005066619487479,0.8275835091839587,Phù hợp,0.5,
NB29,Luồng Voi Lớn phía Tây xã Đoàn Kết- Vân Đồn,2027-04-01,2027,2,cobia,2334332,462783,6.755214214324951,25.76834487915039,8.240840911865234,29.226207733154297,0.0455994978547096,0.0429822318255901,,37.95526123046875,102.11549377441406,3.841055631637573,0.0,133.20506286621094,0.0,0.0013030779082328,0.0017177496338263,0.0001037786278175,0.0011849494185298,0.0024305172264575,0.0001684697926975,0.0258287545293569,0.0007309294887818,0.8214717704551336,Phù hợp,0.5,
NB30,Ven bờ Đông Nam xã Đông Xá,2027-01-01,2027,1,cobia,2327079,463665,6.579484462738037,20.940881729125977,8.237213134765625,31.686464309692383,0.0553571060299873,0.0397166423499584,,38.71303939819336,83.31527709960938,0.9225481748580932,0.0,127.89432525634766,0.0,0.0013638500822708,0.0015201907372102,0.0001037786278175,0.0,0.0014252520631998,0.0001684697926975,0.0095279021188616,0.0006136855226941,0.8230521529406973,Phù hợp,1.4981108937592036,
NB30,Ven bờ Đông Nam xã Đông Xá,2027-04-01,2027,2,cobia,2327079,463665,6.469187736511231,26.36180305480957,8.225770950317383,31.95781517028809,0.0637124851346015,0.045206494629383,,37.09745788574219,101.97923278808594,3.0956177711486816,0.0,127.81591033935548,0.0,0.0013030779082328,0.0015936701092869,0.0001037786278175,0.0,0.0013078025076538,0.0001684697926975,0.0085234511643648,0.00070228864206,0.8170285503176704,Phù hợp,1.4981108937592036,
NB31,Ven bờ Đông xã Hạ Long- Vân Đồn,2027-01-01,2027,1,cobia,2331339,470234,7.327471733093262,22.108762741088867,8.137779235839844,31.842315673828125,0.0521315485239028,0.059891115874052,,38.05681991577149,89.34671020507812,1.0049084424972534,0.0,129.510009765625,0.0,0.0013638500822708,0.0015515385894104,0.0001037786278175,0.0002977279655169,0.0012475808616727,0.0001684697926975,0.0002703707432374,0.0006268873112276,0.8212052527149252,Phù hợp,2.0139756701608884,
NB31,Ven bờ Đông xã Hạ Long- Vân Đồn,2027-04-01,2027,2,cobia,2331339,470234,5.59042501449585,26.082735061645508,8.102975845336914,31.79692840576172,0.0687691420316696,0.0636205747723579,,32.09049224853516,80.53943634033203,5.073662281036377,0.0,124.57354736328124,0.7487337589263916,0.0013030779082328,0.001703580841422,0.0001037786278175,0.0,0.0011251621181145,0.0001684697926975,0.019927117973566,0.0005237715085968,0.8172507064476031,Phù hợp,2.0139756701608884,
NB32,Cảng Vạn Hoa- xã Vạn Yên- Vân Đồn,2027-01-01,2027,1,cobia,2346140,480817,7.220880508422852,21.575267791748047,8.184226036071777,31.866214752197266,0.0478294938802719,0.0565188899636268,,35.31915664672852,103.08074951171876,1.803884983062744,0.0,130.692626953125,0.5252644419670105,0.0013593723997473,0.0014336898457258,0.0001037786278175,0.0007600688259117,0.0016958083724603,0.0001684697926975,0.0167369078844785,0.000458637921838,0.819921657377354,Phù hợp,1.912872186007209,
NB32,Cảng Vạn Hoa- xã Vạn Yên- Vân Đồn,2027-04-01,2027,2,cobia,2346140,480817,6.190174579620361,24.83462142944336,8.138091087341309,31.95132064819336,0.0551180616021156,0.0582509003579616,,39.76253890991211,119.5141372680664,1.7161418199539185,0.0,133.81283569335938,0.2647949457168579,0.0013030779082328,0.0015615965239703,0.0001037786278175,0.0001935068430611,0.0013872866984456,0.0001684697926975,0.0083942553028464,0.0003645694814622,0.8116446600220752,Phù hợp,1.912872186007209,
NB33,Thiên Cung - Đầu Gỗ,2027-01-01,2027,1,cobia,2313396,423810,7.253188610076904,22.668476104736328,8.123258590698242,32.267791748046875,0.0599157996475696,0.0515222698450088,,34.34328842163086,105.60660552978516,1.2362065315246582,0.0,124.0135269165039,0.0,0.0013638500822708,0.0015221721259877,0.0001037786278175,0.0016153316246345,0.0025849710218608,0.0001684697926975,0.0182259753346443,0.0008548346813768,0.8151456072800058,Phù hợp,0.5,
NB33,Thiên Cung - Đầu Gỗ,2027-04-01,2027,2,cobia,2313396,423810,6.064310073852539,26.562225341796875,8.096384048461914,31.37831687927246,0.0597093366086483,0.0713099688291549,,34.48577880859375,67.10688018798828,3.8480026721954346,329.34844970703125,126.59693145751952,0.0,0.0013030779082328,0.0015079217264428,0.0001037786278175,0.0007600688259117,0.0014100045664235,0.0001684697926975,0.0139854559674859,0.0005812586168758,0.8216372493918873,Phù hợp,0.5,
NB34,Đảo TiTop,2027-01-01,2027,1,cobia,2307445,430246,6.724578380584717,21.14243125915528,8.17876148223877,31.053442001342773,0.0655223503708839,0.0574871525168418,,34.91395950317383,80.54322814941406,1.4442355632781982,0.0,119.14978790283205,0.7410498261451721,0.0013922789366915,0.0016693649813532,0.0001037786278175,0.0055255903862416,0.0039967307820916,0.0001684697926975,0.0236730985343456,0.0011890877503901,0.8117430006125211,Phù hợp,0.3916554608326048,
NB34,Đảo TiTop,2027-04-01,2027,2,cobia,2307445,430246,5.644654750823975,25.92708206176757,8.19534683227539,30.929555892944336,0.0700472220778465,0.0533027686178684,,33.464942932128906,94.18827056884766,3.0799360275268555,0.0,116.54608917236328,3.14865517616272,0.0013075555907562,0.0013710126513615,0.0001037786278175,0.0082291308790445,0.0037567075341939,0.0001684697926975,0.0201468132436275,0.0012515434063971,0.8132688090609583,Phù hợp,0.3916554608326048,
NB35,Khu nghỉ đêm - Cát Lán,2027-01-01,2027,1,cobia,2307219,430996,7.153554439544678,22.216089248657227,8.140825271606445,31.457698822021484,0.0581778213381767,0.0555884316563606,,35.46282196044922,145.72610473632812,4.350115776062012,802.4720458984375,124.16668701171876,0.0,0.001338735804893,0.0016163708642125,0.0001037786278175,1.3854275493940804e-05,0.0013479744084179,0.0001684697926975,0.0046834470704197,0.0006251854356378,0.791581117965432,Phù hợp,0.3258024708316375,
NB35,Khu nghỉ đêm - Cát Lán,2027-04-01,2027,2,cobia,2307219,430996,6.167406558990479,23.4940128326416,8.164188385009766,31.833885192871094,0.0592851676046848,0.0512292273342609,,37.58340835571289,133.87066650390625,4.4750075340271,2483.175537109375,131.75157165527344,1.961595892906189,0.0013075555907562,0.0016689782496541,0.0001037786278175,0.0,0.001130303251557,0.0001684697926975,0.0186882056295871,0.0004592698824126,0.7832177017526076,Phù hợp,0.3258024708316375,
NB36,Khu Nghỉ đêm - Hang Luồn,2027-01-01,2027,1,cobia,2306977,431601,7.534728527069092,22.05573081970215,8.126774787902832,31.619165420532227,0.0572633631527423,0.0414710976183414,,32.21223068237305,84.1801528930664,1.7466899156570437,0.0,132.13243103027344,0.0,0.0013496461324393,0.0015152181731536,0.0001037786278175,0.0,0.0018679297063499,0.0001684697926975,0.0131338303908705,0.0007236710516735,0.8288646662607058,Phù hợp,0.3258024708316375,
NB36,Khu Nghỉ đêm - Hang Luồn,2027-04-01,2027,2,cobia,2306977,431601,6.343769550323486,25.76805686950684,8.090825080871582,31.547832489013672,0.0608877278864383,0.037609651684761,,37.24061584472656,80.27919006347656,3.733213186264038,0.0,127.17961883544922,0.7255024313926697,0.0013030779082328,0.0015719177899882,0.0001037786278175,0.0,0.0012761092511937,0.0001684697926975,0.0085309296846389,0.0005599254509434,0.8287392278130519,Phù hợp,0.3258024708316375,
NB37,Bồ Nâu - Sửng Sốt,2027-01-01,2027,1,cobia,2305988,431059,7.282851219177246,21.36531639099121,8.132930755615234,31.531982421875,0.037248607724905,0.0507038719952106,,34.855403900146484,92.63668060302734,2.318211555480957,0.0,128.8982391357422,3.906169891357422,0.0013496461324393,0.0014179912395775,0.0001037786278175,8.546175195078831e-06,0.0018165869405493,0.0001684697926975,0.018598960712552,0.0012723871041089,0.8382838600798781,Phù hợp,0.5,
NB37,Bồ Nâu - Sửng Sốt,2027-04-01,2027,2,cobia,2305988,431059,6.413445949554443,26.03341484069824,8.075033187866211,30.58433532714844,0.0399290025234222,0.0601486675441265,,35.994571685791016,89.94171905517578,2.79745888710022,0.0,132.7999725341797,0.0,0.0013030779082328,0.0015199558110907,0.0001037786278175,0.0,0.0010357630671933,0.0001684697926975,0.0110322320833802,0.0009898807620629,0.830455919509913,Phù hợp,0.5,
NB38,Khu nghỉ đêm - Lờm bò,2027-01-01,2027,1,cobia,2304145,430616,7.258974552154541,22.39943122863769,8.100284576416016,31.50560188293457,0.0626320242881774,0.0682389363646507,,34.4921989440918,87.07569122314453,1.5473450422286987,0.0,123.1426239013672,0.0,0.0013638500822708,0.0015290897572413,0.0001037786278175,0.0001818911550799,0.0015301478561013,0.0001684697926975,0.0076751881279051,0.0006163500947877,0.8176189137704635,Phù hợp,0.5,
NB38,Khu nghỉ đêm - Lờm bò,2027-04-01,2027,2,cobia,2304145,430616,5.948634624481201,25.86921501159668,8.05851936340332,31.72558212280273,0.0668175294995307,0.061000395566225,,34.32566452026367,91.83477783203124,3.98745059967041,0.0,124.96561431884766,0.0,0.0013030779082328,0.0015735219931229,0.0001037786278175,0.0,0.0015742774121463,0.0001684697926975,0.0138239553198218,0.0007534495671279,0.8157890743135209,Phù hợp,0.5,
NB39,Khu nghỉ đêm Cống Đỏ,2027-01-01,2027,1,cobia,2309402,433983,6.469933986663818,20.679363250732425,8.16811466217041,31.75463485717773,0.0411156825721263,0.0559431053698062,,33.307464599609375,90.05773162841797,2.019456624984741,0.0,116.27281188964844,0.0,0.001338735804893,0.0016433334676548,0.0001037786278175,0.0,0.0011213037651032,0.0001684697926975,0.0353701114654541,0.0005236805882304,0.824874069176541,Phù hợp,1.2854541026423307,
NB39,Khu nghỉ đêm Cống Đỏ,2027-04-01,2027,2,cobia,2309402,433983,5.691200733184815,25.8638973236084,8.116272926330566,30.92760467529297,0.0428032018244266,0.0624613128602504,,30.81313705444336,86.91712951660156,4.393477439880371,0.0,122.4862823486328,2.976799726486206,0.0013075555907562,0.0014256249414756,0.0001037786278175,0.0,0.001447188667953,0.0001684697926975,0.0127076962962746,0.0004161505494266,0.838152993832176,Phù hợp,0.5,
NB40,Làng chài Ba Hang,2027-01-01,2027,1,cobia,2312233,423638,6.1667070388793945,22.20154571533203,8.238706588745117,31.45795631408692,0.0741061270236969,0.0668242871761322,,30.52146339416504,105.3938217163086,1.4158331155776978,1400.7520751953125,102.91873931884766,0.0,0.0013638500822708,0.0015605492517352,0.0001037786278175,9.675569890532644e-05,0.0015389105537906,0.0001684697926975,0.0029793006833642,0.000710270658601,0.7962388709487481,Phù hợp,0.5,
NB40,Làng chài Ba Hang,2027-04-01,2027,2,cobia,2312233,423638,5.245919704437256,25.355857849121094,8.157584190368652,31.728933334350582,0.0892831981182098,0.051391776651144,,32.17877197265625,94.12635803222656,3.982817888259888,234.0625762939453,119.7102279663086,0.0,0.0013030779082328,0.0015376358060166,0.0001037786278175,0.0031226030550897,0.0014690054813399,0.0001684697926975,0.0220762267708778,0.0011444740230217,0.7961221675175905,Phù hợp,0.5,
NB41,Làng chài Hoa Cương,2027-01-01,2027,1,cobia,2309195,425079,6.4570183753967285,21.825130462646484,8.16360855102539,32.038814544677734,0.050780288875103,0.0522162988781929,,31.737871170043945,94.52783966064452,0.1371602416038513,0.0,123.73868560791016,0.0,0.0013638500822708,0.0015224083326756,0.0001037786278175,0.0,0.002668266184628,0.0001684697926975,0.0223174635320901,0.0006201824289746,0.8264823654418235,Phù hợp,0.5,
NB41,Làng chài Hoa Cương,2027-04-01,2027,2,cobia,2309195,425079,5.815823554992676,24.283218383789062,8.173317909240723,32.290000915527344,0.0555322878062725,0.0528569668531417,,34.81578063964844,107.9841079711914,2.4188787937164307,89.795166015625,134.98220825195312,6.093850612640381,0.0013030779082328,0.0014158617705106,0.0001037786278175,0.0021207795944064,0.00219880300574,0.0001684697926975,0.0153384730219841,0.0010397777659818,0.8302154376317263,Phù hợp,0.5,
NB42,Làng chài Cửa Vạn,2027-01-01,2027,1,cobia,2301526,434156,8.303153038024902,21.366912841796875,8.252960205078125,31.54917526245117,0.0434941574931144,0.0491282530128955,,40.90760040283203,110.64881896972656,4.133942127227783,234.56948852539065,136.646728515625,0.0,0.0013922789366915,0.0015056283446028,0.0001037786278175,0.0,0.0015994214918464,0.0001684697926975,0.0053621307015419,0.0006339966203086,0.8110405296859003,Phù hợp,0.5,
NB42,Làng chài Cửa Vạn,2027-04-01,2027,2,cobia,2301526,434156,6.6195268630981445,24.567806243896484,8.186173439025879,32.40254211425781,0.055622924119234,0.0601126477122306,,41.4583854675293,134.6154022216797,4.405725002288818,0.0,133.2319793701172,3.892470359802246,0.0013030779082328,0.0015178319299593,0.0001037786278175,0.0,0.0011854149634018,0.0001684697926975,0.0241518374532461,0.00073836336378,0.8091675268413232,Phù hợp,0.5,
NB43,Làng chài Cống Tầu,2027-01-01,2027,1,cobia,2296143,437139,7.405162811279297,21.133995056152344,8.164205551147461,31.73159980773925,0.04086459800601,0.0595938116312027,,33.674354553222656,88.77572631835938,2.961573600769043,0.0,111.91951751708984,4.452481746673584,0.0013638500822708,0.001524731866084,0.0001037786278175,0.0,0.0014192786766216,0.0001684697926975,0.0085922526195645,0.0005857862415723,0.8381398032247909,Phù hợp,1.7137416666464056,
NB43,Làng chài Cống Tầu,2027-04-01,2027,2,cobia,2296143,437139,6.049537658691406,26.363445281982425,8.145440101623535,31.758649826049805,0.055309809744358,0.0650666803121566,,34.14653396606445,68.37842559814453,4.951696395874023,0.0,117.42605590820312,0.6887226700782776,0.0013030779082328,0.0015573626151308,0.0001037786278175,0.0,0.0012983463238924,0.0001684697926975,0.0052851755172014,0.00070228864206,0.8306987229716075,Phù hợp,1.7137416666464056,
NB44,Làng chài Vông Viêng,2027-01-01,2027,1,cobia,2305622,438613,7.310028076171875,21.32238006591797,8.104973793029785,31.227602005004883,0.0606813840568065,0.0591059476137161,,31.15003204345703,98.21829223632812,3.1185672283172607,0.0,106.2659683227539,0.0,0.0013638500822708,0.0014457834186032,0.0001037786278175,0.0006762476405128,0.0019446890801191,0.0001684697926975,0.0104769766330719,0.0007994216284714,0.815928928299501,Phù hợp,2.988532248445715,
NB44,Làng chài Vông Viêng,2027-04-01,2027,2,cobia,2305622,438613,6.237564563751221,26.376718521118164,8.056924819946289,31.541446685791016,0.0664658397436142,0.0558211952447891,,35.19366836547852,66.14109802246094,5.220321178436279,0.0,114.88211822509766,1.0719300508499146,0.0013030779082328,0.0016801144229248,0.0001037786278175,0.0006960094324313,0.0016047043027356,0.0001684697926975,0.0084316274151206,0.0005351307336241,0.8265095696851341,Phù hợp,0.5,
NB45,Làng chài Cống Đầm,2027-01-01,2027,1,cobia,2306077,451136,7.184528350830078,21.613676071166992,8.119222640991211,31.844263076782227,0.0439907424151897,0.0424284748733043,,34.26962661743164,79.80635070800781,0.7051341533660889,0.0,124.95196533203124,0.0,0.0013638500822708,0.0014660690212622,0.0001037786278175,0.0,0.0015129826497286,0.0001684697926975,0.0095643764361739,0.0005857862415723,0.8354131742813667,Phù hợp,0.9045136814885666,
NB45,Làng chài Cống Đầm,2027-04-01,2027,2,cobia,2306077,451136,6.176784515380859,26.414125442504883,8.16007137298584,31.09305000305176,0.0575095191597938,0.0546672344207763,,35.32978439331055,82.46202850341797,1.8437520265579224,0.0,125.11221313476562,0.0,0.0013030779082328,0.0015775107312947,0.0001037786278175,0.0003557404852472,0.0016476471209898,0.0001684697926975,0.0109142530709505,0.000374712224584,0.8268145271802829,Phù hợp,0.9045136814885666,
NB46,Bãi Dài - Vân Đồn,2027-01-01,2027,1,cobia,2334825,472577,6.957319259643555,21.71697998046875,8.180636405944824,31.095212936401367,0.0493345484137535,0.0511394813656806,,36.71954345703125,82.87045288085938,0.814888060092926,0.0,114.83612823486328,0.0,0.0013638500822708,0.0014752863207831,0.0001037786278175,0.0004851154226344,0.0014221396995708,0.0001684697926975,0.008566552773118,0.0007010790286585,0.826754386038291,Phù hợp,2.100109818557116,
NB46,Bãi Dài - Vân Đồn,2027-04-01,2027,2,cobia,2334825,472577,6.086772441864014,26.078638076782227,8.164671897888184,30.929962158203125,0.060792475938797,0.0499415174126625,,37.937294006347656,101.07112884521484,2.8023738861083984,0.0,130.64810180664062,0.0,0.0013030779082328,0.0016554603353142,0.0001037786278175,0.0,0.0013603778788819,0.0001684697926975,0.0011298399185761,0.0001993678160943,0.8178841104281643,Phù hợp,2.100109818557116,
NB47,"Bãi tắm Minh Châu- xã Minh Châu, Vân Đồn",2027-01-01,2027,1,cobia,2316823,479287,7.772794246673584,22.16019630432129,8.143750190734863,32.21549987792969,0.0650475174188613,0.0612878128886222,,37.41108322143555,92.4298324584961,0.9690675139427184,297.4673767089844,109.57525634765624,0.0,0.0013638500822708,0.0015902639133855,0.0001037786278175,0.0,0.0010409189853817,0.0001684697926975,0.0070553347468376,0.0007635740330442,0.8106901840719158,Phù hợp,0.5,
NB47,"Bãi tắm Minh Châu- xã Minh Châu, Vân Đồn",2027-04-01,2027,2,cobia,2316823,479287,6.017885208129883,25.235918045043945,8.199834823608398,31.77981758117676,0.0746638849377632,0.0582656413316726,,30.660303115844727,52.97916030883789,3.776840686798096,0.0,109.16322326660156,0.0,0.0013030779082328,0.0016571055166423,0.0001037786278175,0.0,0.0009494624682702,0.0001684697926975,0.0034702012781053,0.0005621775053441,0.830883730136289,Phù hợp,0.5,
NB48,"Bãi tắm Sơn Hào- xã Quan Lạn, Vân Đồn",2027-01-01,2027,1,cobia,2311631,475997,7.219821929931641,21.94920921325684,8.195015907287598,32.100704193115234,0.0642443969845771,0.0545645505189895,,31.22591018676757,114.07471466064452,2.0021183490753174,0.0,105.04878997802734,7.103693962097168,0.0013638500822708,0.0014701997861266,0.0001037786278175,0.0009052859386429,0.0013510606950148,0.0001684697926975,0.0153533462435007,0.0006286305724643,0.8295590831122869,Phù hợp,0.5,
NB48,"Bãi tắm Sơn Hào- xã Quan Lạn, Vân Đồn",2027-04-01,2027,2,cobia,2311631,475997,6.2266387939453125,26.023582458496094,8.190465927124023,31.963735580444336,0.0772349759936332,0.0645110607147216,,38.99942398071289,104.92671966552734,4.489158630371094,378.0817260742188,127.45563507080078,3.837711572647095,0.0013030779082328,0.0015576815931126,0.0001037786278175,0.0,0.0019938864279538,0.0001684697926975,0.0094326101243495,0.0002211689861724,0.8070447166999946,Phù hợp,0.5,
NB49,"Bãi tắm Quan Lạn- xã Quan Lạn, Vân Đồn",2027-01-01,2027,1,cobia,2308150,473396,7.073324203491211,21.0977725982666,8.205118179321289,31.30813980102539,0.0546264201402664,0.0319948755204677,,38.45531463623047,104.32003784179688,1.226000428199768,0.0,125.09761810302734,0.0,0.0013593723997473,0.0013339220313355,0.0001037786278175,0.0028469013050198,0.0016777171986177,0.0001684697926975,0.0142768006771802,0.0011101212585344,0.8154622644581876,Phù hợp,0.5,
NB49,"Bãi tắm Quan Lạn- xã Quan Lạn, Vân Đồn",2027-04-01,2027,2,cobia,2308150,473396,6.108735084533691,26.41818046569824,8.061796188354492,31.76817512512207,0.0599215812981128,0.0371536277234554,,37.535911560058594,108.82566833496094,4.756026744842529,0.0,128.38076782226562,4.695209503173828,0.0013030779082328,0.0016205381834879,0.0001037786278175,0.0,0.0015696982154622,0.0001684697926975,0.003275301773101,0.0003074509731959,0.8288838245511331,Phù hợp,0.5,
NB50,"Bãi tắm Ngọc Vừng- xã Ngọc Vừng, Vân Đồn",2027-01-01,2027,1,cobia,2301554,459059,7.123908042907715,21.591289520263672,8.119841575622559,31.10269546508789,0.0449251122772693,0.0624749697744846,,35.83330535888672,109.9673843383789,0.8678065538406372,0.0,106.61949157714844,0.0,0.0013376420829445,0.0015065083280205,0.0001037786278175,0.0022584730759263,0.0008887395379133,0.0001684697926975,0.0162587538361549,0.0007834960124455,0.8151489987679568,Phù hợp,0.5,
NB50,"Bãi tắm Ngọc Vừng- xã Ngọc Vừng, Vân Đồn",2027-04-01,2027,2,cobia,2301554,459059,5.822885513305664,26.11589431762696,8.074007034301758,31.32612419128418,0.0566831715404987,0.0560836531221866,,35.51104736328125,75.04497528076172,5.072357654571533,0.0,126.1458969116211,0.0,0.0013030779082328,0.0016759220743551,0.0001037786278175,0.0003593573346734,0.001298704650253,0.0001684697926975,0.0141181480139493,0.0007162684923969,0.823806547517427,Phù hợp,1.868177521008108,
NB51,Luồng giữa Cửa Lục,2027-01-01,2027,1,cobia,2306441,428888,6.617784023284912,21.55560111999512,8.23159408569336,31.18648147583008,0.0526725687086582,0.0477116927504539,,37.80640411376953,86.85285949707031,1.4332952499389648,420.9891662597656,138.75985717773438,0.8152431845664978,0.0013638500822708,0.0014115626690909,0.0001037786278175,0.0,0.0012262529926374,0.0001684697926975,0.0042513920925557,0.0005994180683046,0.8215773394423207,Phù hợp,0.8444199192345003,
NB51,Luồng giữa Cửa Lục,2027-04-01,2027,2,cobia,2306441,428888,5.642467021942139,25.39962387084961,8.222176551818848,31.645069122314453,0.0616363920271396,0.0588422492146492,,35.691673278808594,102.95591735839844,4.0937676429748535,95.56073760986328,118.297607421875,0.0,0.0013030779082328,0.0015882264124229,0.0001037786278175,0.0004764422192238,0.0011619728757068,0.0001684697926975,0.0203044805675745,0.0007894603186286,0.8091566182291581,Phù hợp,0.8444199192345003,
NB52,Luồng khu Hòn Một,2027-01-01,2027,1,cobia,2308114,431758,6.124983310699463,21.52125358581543,8.185826301574707,31.232372283935547,0.0380098298192024,0.0531229823827743,,36.26139831542969,93.39654541015624,0.745563805103302,0.0,114.9414291381836,0.0,0.0013638500822708,0.0014237865107133,0.0001037786278175,0.0003161413478665,0.0015727059217169,0.0001684697926975,0.0150299118831753,0.0006572481943294,0.828167540196489,Phù hợp,0.5,
NB52,Luồng khu Hòn Một,2027-04-01,2027,2,cobia,2308114,431758,5.890751361846924,26.03144645690918,8.148571014404297,32.01393508911133,0.0512571819126606,0.0594703890383243,,37.58483123779297,108.74215698242188,2.6585659980773926,184.1940460205078,139.7957305908203,1.4727727174758911,0.0013030779082328,0.0016026875237002,0.0001037786278175,0.0023139314725995,0.002354342257604,0.0001684697926975,0.0114327492192387,0.0002530748315621,0.815650751851831,Phù hợp,0.5,
NB53,Luồng khu Áng Dù,2027-01-01,2027,1,cobia,2299562,437380,6.695154190063477,20.91232681274414,8.163895606994629,31.16934585571289,0.0512819364666938,0.0540941506624221,,34.59964370727539,76.6639175415039,0.4807460904121399,0.0,124.16925048828124,2.8306033611297607,0.0013814835110679,0.0018878389382734,0.0001037786278175,0.0,0.001316254842095,0.0001684697926975,0.0108331805095076,0.0003500767343211,0.8343852859093308,Phù hợp,0.5,
NB53,Luồng khu Áng Dù,2027-04-01,2027,2,cobia,2299562,437380,5.755606174468994,26.32378387451172,8.131570816040039,31.64700508117676,0.0686065629124641,0.0629469379782676,,34.105125427246094,113.95417785644533,3.5664398670196533,0.0,147.7069091796875,7.398017406463623,0.0013075555907562,0.0018197072204202,0.0001037786278175,5.240948667051271e-05,0.00074647431029,0.0001684697926975,0.0031848812941461,0.0004500681534409,0.8253152490763307,Phù hợp,0.5,
NB54,Luồng Hang Trống,2027-01-01,2027,1,cobia,2299151,443343,7.024990558624268,21.735584259033203,8.130890846252441,31.494176864624023,0.0393603891134262,0.0569484904408454,,37.54639434814453,101.17445373535156,0.991891384124756,0.0,120.62852478027344,2.443081855773926,0.0013922789366915,0.0015059835277497,0.0001037786278175,0.0,0.002347815549001,0.0001684697926975,0.0167178846895694,0.000658813281916,0.828699227836841,Phù hợp,2.9885736564454954,
NB54,Luồng Hang Trống,2027-04-01,2027,2,cobia,2299151,443343,5.836835861206055,25.91396713256836,8.09704303741455,31.1983642578125,0.0443127825856208,0.0587239004671573,,37.36222839355469,115.20221710205078,1.8009355068206787,130.2515411376953,130.73377990722656,3.341141700744629,0.0013030779082328,0.0015511680394411,0.0001037786278175,2.204572956543416e-05,0.0016069379635155,0.0001684697926975,0.0110994596034288,0.000552276498638,0.8254887689440011,Phù hợp,2.9885736564454954,
NB55,Luồng khu Trà Giới,2027-01-01,2027,1,cobia,2306115,446899,6.200510501861572,22.12795639038086,8.237825393676758,31.73945999145508,0.0384304709732532,0.0673169866204261,,36.37626647949219,101.0313491821289,0.9672247171401978,0.0,123.34129333496094,0.0,0.0013922789366915,0.0016068989643827,0.0001037786278175,0.0,0.0015585599467158,0.0001684697926975,0.0089823668822646,0.0002578551939222,0.8234433523499993,Phù hợp,0.5,
NB55,Luồng khu Trà Giới,2027-04-01,2027,2,cobia,2306115,446899,5.91557502746582,25.660404205322266,8.216561317443848,31.99194526672364,0.0435737706720829,0.0672212392091751,,36.04199600219727,100.82093048095705,3.747342109680176,0.0,122.89706420898438,2.8951666355133057,0.0013075555907562,0.0015044345054775,0.0001037786278175,0.0001432597782695,0.0009294174378737,0.0001684697926975,0.0038448483683168,0.0004927904810756,0.8296632308865707,Phù hợp,2.118585200080469,
NB56,Luồng khu Đông Tráng,2027-01-01,2027,1,cobia,2305453,452834,6.149892330169678,21.80227470397949,8.131695747375488,31.671504974365234,0.0375701151788234,0.0511200316250324,,38.305442810058594,81.00397491455078,2.7931487560272217,0.0,125.8690948486328,0.0,0.0013638500822708,0.0016474038129672,0.0001037786278175,0.0,0.0014299463946372,0.0001684697926975,0.0053172190673649,0.0005525958258658,0.8303292066950858,Phù hợp,0.9045136814885666,
NB56,Luồng khu Đông Tráng,2027-04-01,2027,2,cobia,2305453,452834,6.125223636627197,25.56236267089844,8.149667739868164,30.57351303100586,0.0558857358992099,0.0585740134119987,,35.13303756713867,69.87744903564453,4.56740140914917,0.0,133.40396118164062,0.0,0.0013075555907562,0.0015995326684787,0.0001037786278175,0.0,0.0010683555155992,0.0001684697926975,0.0150188356637954,0.0004671915958169,0.8283042530864133,Phù hợp,0.9045136814885666,
NB57,Cảng Hòn Nét,2027-01-01,2027,1,cobia,2313052,449812,5.87059497833252,21.90453338623047,8.184639930725098,31.8186092376709,0.0464690774679183,0.058143638074398,,33.48029327392578,85.98020935058594,0.7267062664031982,297.1196594238281,138.53565979003906,1.455924153327942,0.0013638500822708,0.0016269956249743,0.0001037786278175,0.0011396579211577,0.0009258636273443,0.0001684697926975,0.0084148328751325,0.0007107119308784,0.8278085124891824,Phù hợp,0.5,
NB57,Cảng Hòn Nét,2027-04-01,2027,2,cobia,2313052,449812,4.877171516418457,25.818923950195312,8.173543930053711,31.939228057861328,0.0619780719280242,0.0664491653442382,,31.37425994873047,93.6728515625,2.6461668014526367,564.6498413085938,115.12885284423828,0.0,0.0013075555907562,0.0018707647686824,0.0001037786278175,0.0,0.001227008877322,0.0001684697926975,0.0104321120306849,0.0002980842837132,0.8058595884582568,Phù hợp,0.5,
NB58,Luồng Cửa Ông,2027-01-01,2027,1,cobia,2319421,458021,6.3013014793396,21.71756362915039,8.119243621826172,32.16506576538086,0.0507132224738597,0.053080178797245,,29.69280815124512,99.7756576538086,0.6030896306037903,1550.65869140625,119.51371002197266,3.689807891845703,0.0013638500822708,0.0016282444121316,0.0001037786278175,0.0015347871230915,0.001730230404064,0.0001684697926975,0.0141999889165163,0.0007107119308784,0.8188252392078761,Phù hợp,1.505968957183381,
NB58,Luồng Cửa Ông,2027-04-01,2027,2,cobia,2319421,458021,5.681044101715088,25.719390869140625,8.108011245727539,32.040802001953125,0.0617104545235633,0.0677114129066467,,30.49283218383789,103.52626037597656,1.7505853176116943,1586.961669921875,112.8979034423828,0.0,0.0013075555907562,0.001549384673126,0.0001037786278175,0.0,0.0016608259174972,0.0001684697926975,0.0090855946764349,0.0005731434212066,0.8013383129843243,Phù hợp,0.5,
NB59,Lạch Vông Vang - Cống Thẻ,2027-01-01,2027,1,cobia,2322828,469833,7.077513217926025,22.432601928710938,8.183784484863281,31.32772254943848,0.0610178560018539,0.0663785636425018,,30.69660186767578,88.62454223632812,4.131158828735352,1025.6026611328125,117.40540313720705,0.0,0.0013922789366915,0.0015906781191006,0.0001037786278175,5.087585304863751e-05,0.0014263401972129,0.0001684697926975,0.0065589072182774,0.000581532891374,0.8095174883043995,Phù hợp,2.562145292523436,
NB59,Lạch Vông Vang - Cống Thẻ,2027-04-01,2027,2,cobia,2322828,469833,6.04009485244751,24.86684799194336,8.185083389282227,31.341114044189453,0.0643374174833297,0.0540552400052547,,31.132644653320312,94.9480438232422,4.772063732147217,692.2830810546875,106.49886322021484,3.5296664237976074,0.0013030779082328,0.0016106895636767,0.0001037786278175,0.0,0.0010209125466644,0.0001684697926975,0.0006637019687332,0.0005415438208729,0.8239328511590862,Phù hợp,2.562145292523436,
NB60,Cửa Đối,2027-01-01,2027,1,cobia,2319552,480158,6.633388519287109,21.797697067260746,8.131155967712402,31.78334617614746,0.0476539582014083,0.0427618734538555,,33.735801696777344,105.95309448242188,0.8693534731864929,76.6125259399414,135.14971923828125,0.3659035563468933,0.0013638500822708,0.0016706307651475,0.0001037786278175,0.0,0.0013169420417398,0.0001684697926975,0.0073177376762032,0.000749982369598,0.8253644233967468,Phù hợp,0.5,
NB60,Cửa Đối,2027-04-01,2027,2,cobia,2319552,480158,6.29002857208252,25.828792572021484,8.122801780700684,32.00828552246094,0.0543623305857181,0.0474401526153087,,35.01230239868164,91.10157012939452,1.677209734916687,1731.1090087890625,105.95258331298828,0.0,0.0013075555907562,0.001651189988479,0.0001037786278175,0.0,0.0010838396847248,0.0001684697926975,0.0039682975038886,0.0004687180917244,0.8114458268916355,Phù hợp,0.5,
NB61,Lạch giữa đảo Thẻ Vàng- đảo Vạn Đuôi,2027-01-01,2027,1,cobia,2314890,456306,6.301835060119629,21.54948616027832,8.124502182006836,31.9763298034668,0.0412256978452205,0.0586191862821579,,34.932594299316406,90.18701171875,1.318735957145691,0.0,124.73403930664062,2.1801137924194336,0.0013496461324393,0.001629349659197,0.0001037786278175,0.00086746935267,0.0022949560079723,0.0001684697926975,0.0462576337158679,0.0007291377405636,0.8281227206019727,Phù hợp,0.5,
NB61,Lạch giữa đảo Thẻ Vàng- đảo Vạn Đuôi,2027-04-01,2027,2,cobia,2314890,456306,5.764477729797363,26.44121742248535,8.124103546142578,30.442604064941406,0.0455734059214592,0.0737584233283996,,32.52985763549805,79.82121276855469,0.8622105121612549,119.0146713256836,124.0205535888672,0.0,0.0013075555907562,0.0014192346716299,0.0001037786278175,0.0005610983935184,0.0016335912514477,0.0001684697926975,0.0091365212574601,0.0004489686398301,0.8298509467988365,Phù hợp,0.5,
NB62,Lạch Đẳng Chén phía Tây đảo Đống Chén,2027-01-01,2027,1,cobia,2316094,465215,6.1552510261535645,22.60994911193848,8.189675331115723,32.20717239379883,0.0577071420848369,0.0507843755185604,,29.623170852661133,103.3785400390625,0.8865936994552612,326.7712707519531,127.78553771972656,0.0,0.0013638500822708,0.0014988413313403,0.0001037786278175,0.0,0.0011089008767157,0.0001684697926975,0.0067748590372502,0.0005128161283209,0.8222159816522225,Phù hợp,1.5278610048037746,
NB62,Lạch Đẳng Chén phía Tây đảo Đống Chén,2027-04-01,2027,2,cobia,2316094,465215,5.670252323150635,24.505889892578125,8.218589782714844,32.22803497314453,0.0612575747072696,0.0571099072694778,,29.991708755493164,81.0846176147461,4.604400157928467,1615.077880859375,111.08065032958984,0.0,0.0013030779082328,0.0016563101671636,0.0001037786278175,0.0006977675948292,0.0012071278179064,0.0001684697926975,0.0092693697661161,0.0015246461844071,0.8076283450251239,Phù hợp,0.5,
NB63,Lạch Đầu Gỗ phía Đông đảo Đống Chén,2027-01-01,2027,1,cobia,2316643,468221,6.367334365844727,22.21126174926757,8.201647758483887,31.856765747070312,0.0507913529872894,0.063527762889862,,33.71649169921875,98.43106079101562,1.664717435836792,0.0,120.4422378540039,2.0357580184936523,0.0013638500822708,0.0013687886530533,0.0001037786278175,0.0002226985525339,0.0005493665812537,0.0001684697926975,0.0018029692582786,0.0007174591883085,0.8274294377710559,Phù hợp,0.5,
NB63,Lạch Đầu Gỗ phía Đông đảo Đống Chén,2027-04-01,2027,2,cobia,2316643,468221,5.651226043701172,26.996225357055664,8.05939769744873,31.65621757507324,0.0648142024874687,0.0567145235836505,,34.01980209350586,93.46510314941406,2.6433467864990234,0.0,121.70956420898438,3.1125051975250244,0.0013030779082328,0.0017458734801039,0.0001037786278175,0.0003438412386458,0.0011774159502238,0.0001684697926975,0.0142006613314151,0.0005384254036471,0.8236659253266062,Phù hợp,1.5278610048037746,
NB64,Lạch Cống Nứa phía Đông đảo Cống Nứa,2027-01-01,2027,1,cobia,2317955,471418,6.842591285705566,22.21068000793457,8.11122989654541,31.544410705566406,0.053399134427309,0.0506596863269805,,32.63981628417969,117.68678283691406,1.7970129251480105,1202.8870849609375,126.68621063232422,1.484916090965271,0.0013638500822708,0.0015024675521999,0.0001037786278175,0.0007319620344787,0.0014596993569284,0.0001684697926975,0.0239868946373462,0.0006042924360372,0.807228331387153,Phù hợp,0.5,
NB64,Lạch Cống Nứa phía Đông đảo Cống Nứa,2027-04-01,2027,2,cobia,2317955,471418,5.739327430725098,25.61424446105957,8.132161140441895,31.51923942565918,0.0612849630415439,0.0535141453146934,,32.94652557373047,94.5202407836914,1.852096438407898,0.0,125.61131286621094,0.0,0.0013030779082328,0.0015845040325075,0.0001037786278175,0.0005432399921119,0.0026804483495652,0.0001684697926975,0.0115071479231119,0.0005421651294454,0.8207921174149228,Phù hợp,1.727871016598172,
NB65,Vụng Đá Bạc phía Đông đảo Trà Bản,2027-01-01,2027,1,cobia,2314090,474853,7.619052886962891,21.625003814697266,8.151820182800293,32.16902542114258,0.058337602764368,0.0631005391478538,,32.28859329223633,136.69215393066406,2.201379537582397,433.7718811035156,122.59722137451172,2.1359403133392334,0.0013638500822708,0.0013972810702398,0.0001037786278175,0.0003200134378857,0.0015192705905064,0.0001684697926975,0.0129247503355145,0.0006517084548249,0.8051016989674835,Phù hợp,0.5,
NB65,Vụng Đá Bạc phía Đông đảo Trà Bản,2027-04-01,2027,2,cobia,2314090,474853,5.816991806030273,25.38325500488281,8.142318725585938,31.85652542114257,0.0668150931596756,0.064639464020729,,31.06817054748535,105.40946197509766,5.013679504394531,2068.615966796875,108.8768081665039,0.0,0.0013030779082328,0.0016591666499152,0.0001037786278175,0.0,0.0024855455849319,0.0001684697926975,0.0100020775571465,0.0003659373905975,0.7909377277478169,Phù hợp,0.5,
NB66,Luồng Con Quýt phía Tây Bắc đảo Trà Bản,2027-01-01,2027,1,cobia,2323246,478861,5.939512252807617,21.22143173217773,8.097166061401367,31.65065574645996,0.0612637884914875,0.0423568189144134,,30.017391204833984,95.3612823486328,3.6967599391937256,585.19873046875,108.4496612548828,0.0,0.0013638500822708,0.0013874321011826,0.0001037786278175,0.0,0.0016366883646696,0.0001684697926975,0.0137811973690986,0.0005152592202648,0.8154762173641421,Phù hợp,1.9575395909150848,
NB66,Luồng Con Quýt phía Tây Bắc đảo Trà Bản,2027-04-01,2027,2,cobia,2323246,478861,5.331862926483154,25.898969650268555,8.044919967651367,31.903547286987305,0.070998415350914,0.0492132790386676,,28.477354049682617,83.19219207763672,3.616575241088867,0.0,107.86155700683594,0.0,0.0013030779082328,0.0016508601838722,0.0001037786278175,0.0003304501005914,0.0027362937107682,0.0001684697926975,0.0138818966224789,0.0004312680393923,0.8199466910985109,Phù hợp,1.9575395909150848,
NB67,Luồng Con Quýt phía Đông đảo Cái Lim,2027-01-01,2027,1,cobia,2332924,481604,5.9392924308776855,21.313230514526367,8.204229354858398,31.462478637695312,0.0396015495061874,0.0680791363120079,,33.51517868041992,79.12920379638672,2.7823994159698486,0.0,129.34866333007812,1.349733591079712,0.0013638500822708,0.0014814399182796,0.0001037786278175,0.0002246797230327,0.0015006646281108,0.0001684697926975,0.0031092790886759,0.0006246066768653,0.8327065850700839,Phù hợp,4.612497425473536,
NB67,Luồng Con Quýt phía Đông đảo Cái Lim,2027-04-01,2027,2,cobia,2332924,481604,5.544304370880127,25.91237449645996,8.137411117553711,30.895885467529297,0.0477968528866767,0.0511878095567226,,35.491756439208984,91.12120056152344,2.654078483581543,0.0,138.4911346435547,1.283989429473877,0.0013030779082328,0.0015510588418692,0.0001037786278175,0.0,0.0014698603190481,0.0001684697926975,0.0146403163671493,0.000258987682173,0.8282461101924655,Phù hợp,0.5,
NB68,Lạch Vông Vang phía Bắc đảo Trà Bản,2027-01-01,2027,1,cobia,2325763,474553,12.078670501708984,22.13644790649414,8.11667537689209,31.652692794799805,0.0501915775239467,0.0511688701808452,,37.12360763549805,109.33370971679688,1.6219788789749146,699.1165161132812,116.56849670410156,3.634933233261109,0.0013638500822708,0.0015376490773633,0.0001037786278175,0.0,0.002253062557429,0.0001684697926975,0.0256998315453529,0.0031696683727204,0.8164301983721132,Phù hợp,2.494702036316161,
NB68,Lạch Vông Vang phía Bắc đảo Trà Bản,2027-04-01,2027,2,cobia,2325763,474553,6.711263179779053,25.66537857055664,8.127504348754883,31.866958618164062,0.063856266438961,0.0587889663875103,,33.500423431396484,99.06551361083984,2.846794366836548,0.0,115.30549621582033,0.0,0.0013030779082328,0.0014301857445389,0.0001037786278175,0.0,0.0020754991564899,0.0001684697926975,0.0114286756142973,0.0005771397263742,0.8183669780728758,Phù hợp,2.494702036316161,
NB69,Lạch đảo Cống Đông- Cống Tây,2027-01-01,2027,1,cobia,2310803,454256,5.860995292663574,21.66175079345703,8.113880157470703,31.78016471862793,0.0549463108181953,0.0607711151242256,,31.79254913330078,89.10275268554688,3.907706499099731,992.4243774414062,126.2762451171875,0.3291921019554138,0.0013638500822708,0.0014375899918377,0.0001037786278175,0.0,0.0011751046404242,0.0001684697926975,0.0070914928801357,0.000594139797613,0.811764732740597,Phù hợp,0.5,
NB69,Lạch đảo Cống Đông- Cống Tây,2027-04-01,2027,2,cobia,2310803,454256,5.259914398193359,25.232032775878903,8.108379364013672,32.03493881225586,0.0674858912825584,0.0563330948352813,,27.034639358520508,88.21878051757812,3.6852774620056152,0.0,115.17015075683594,0.0,0.0013030779082328,0.0018566192593425,0.0001037786278175,0.0,0.0011189896613359,0.0001684697926975,0.00845015514642,0.0001594675850355,0.8199213639037766,Phù hợp,0.5,
NB70,Ven bờ khu Cống Yên phía Bắc đảo Ngọc Vừng,2027-01-01,2027,1,cobia,2305149,458041,6.230340003967285,22.20558738708496,8.220455169677734,31.75948715209961,0.0336568504571914,0.0581534467637538,,32.535152435302734,89.27473449707031,0.0,0.0,106.47608947753906,0.0752676352858543,0.0013496461324393,0.0015751494793221,0.0001037786278175,0.0004242665891069,0.0006706490530632,0.0001684697926975,0.0055460049770772,0.0007076635374687,0.8372152914943916,Phù hợp,0.5,
NB70,Ven bờ khu Cống Yên phía Bắc đảo Ngọc Vừng,2027-04-01,2027,2,cobia,2305149,458041,5.822466373443604,25.66941261291504,8.19114875793457,31.809688568115234,0.0426855236291885,0.0634755417704582,,37.59538269042969,115.05025482177734,3.562960386276245,964.831298828125,139.23297119140625,5.905978202819824,0.0013030779082328,0.0017737706657499,0.0001037786278175,0.0,0.0007736090919934,0.0001684697926975,0.0079610161483287,0.0006294619524851,0.8210656339606762,Phù hợp,1.868177521008108,
NB71,"Cửa sông Rút- sông - sông Bạch Đằng, phía Tây xã Tiền Phong",2027-01-01,2027,1,cobia,2305248,403881,5.540721416473389,22.477209091186523,7.887157440185547,15.787107467651367,0.0488648153841495,0.0166307333856821,,30.44292640686035,72.22028350830078,29.94454574584961,0.0,106.4141845703125,0.0,0.0013638500822708,0.0013552805176004,0.0001037786278175,0.0,0.0011772389989346,0.0001684697926975,0.0069196317344903,0.0006024044123478,0.7936604472062491,Phù hợp,0.5,
NB71,"Cửa sông Rút- sông - sông Bạch Đằng, phía Tây xã Tiền Phong",2027-04-01,2027,2,cobia,2305248,403881,4.398786067962647,27.57541275024414,7.753990173339844,18.161115646362305,0.05505146458745,0.020698944106698,,39.33698272705078,33.334686279296875,35.62577819824219,0.0,111.88854217529295,0.0,0.0013030779082328,0.0016902160132303,0.0001037786278175,0.0016610148595646,0.002474519656971,0.0001684697926975,0.0153177138417959,0.002020226791501,0.78081600899837,Phù hợp,0.5,
NB72,"Cửa sông Chanh, phía Đông Bắc xã Tiền Phong",2027-01-01,2027,1,cobia,2307350,407776,4.757359504699707,23.14892768859864,7.719261169433594,14.372212409973145,0.066436268389225,0.0179205369204282,,33.159446716308594,103.1655044555664,43.7451400756836,5398.35107421875,114.9361572265625,1.3356502056121826,0.0013638500822708,0.0016330583021044,0.0001037786278175,0.0,0.0016485952073708,0.0001684697926975,0.0096026863902807,0.0007898273179307,0.701086776702169,Ít phù hợp,0.5,
NB72,"Cửa sông Chanh, phía Đông Bắc xã Tiền Phong",2027-04-01,2027,2,cobia,2307350,407776,5.286993503570557,26.6912841796875,7.674057960510254,13.184908866882324,0.0716060921549797,0.0109532428905367,,29.89381980895996,100.72496795654295,42.86334991455078,2231.5927734375,86.44530487060547,6.77558183670044,0.0013075555907562,0.0016965860268101,0.0001037786278175,0.0,0.0012144623324275,0.0001684697926975,0.0082257101312279,0.0004862512578256,0.7504613193655422,Phù hợp,0.5,
NB73,"Cửa sông Kênh Trai, giáp ranh xã Tân An- Hoàng Tân",2027-01-01,2027,1,cobia,2315467,409808,5.176696300506592,22.8543701171875,8.012078285217285,18.94581413269043,0.0380155183374881,0.0158584490418434,,35.81926727294922,73.13019561767578,27.44062232971192,0.0,105.35635375976562,1.4625152349472046,0.0013638500822708,0.0018943132599815,0.0001037786278175,0.0,0.0012392390053719,0.0001684697926975,0.0029389690607786,0.0001453373261028,0.8033291836598245,Phù hợp,2.083621426747191,
NB73,"Cửa sông Kênh Trai, giáp ranh xã Tân An- Hoàng Tân",2027-04-01,2027,2,cobia,2315467,409808,5.447474479675293,26.79982185363769,7.888522624969482,15.995800018310549,0.0481463186442852,0.0296279545873403,,41.962162017822266,78.95509338378906,26.018451690673828,0.0,129.31727600097656,4.70172929763794,0.0013075555907562,0.0013921905774623,0.0001037786278175,0.0004684744926635,0.0009302695980295,0.0001684697926975,0.0179005283862352,0.0005320126656442,0.793943304845438,Phù hợp,0.5,
NB74,"Luồng sông Voi Lớn, phía Nam xã Đồng Rui, Tiên Yên",2027-01-01,2027,1,cobia,2142967,461852,7.348191261291504,22.226926803588867,8.186060905456543,30.950931549072266,0.0565478578209877,0.0527748204767704,,38.19831085205078,100.8784408569336,4.125587463378906,0.0,130.04795837402344,0.2925681471824646,0.0013638500822708,0.0015545364003628,0.0001037786278175,0.0001194821743411,0.0015683515230193,0.0001684697926975,0.0162003170698881,0.0006216072943061,0.8131478912136754,Phù hợp,0.5,
NB74,"Luồng sông Voi Lớn, phía Nam xã Đồng Rui, Tiên Yên",2027-04-01,2027,2,cobia,2142967,461852,6.174797534942627,26.950124740600582,8.091890335083008,31.10821914672852,0.0723644345998764,0.0502278991043567,,40.50422286987305,92.95256805419922,6.896650791168213,0.0,131.8106689453125,0.0,0.0013030779082328,0.0015031012007966,0.0001037786278175,0.0003124803770333,0.0016934069572016,0.0001684697926975,0.0091947801411151,0.0007482820074073,0.8069757259082249,Phù hợp,14.75567491679049,
NB75,"Luồng sông Voi Lớn, ven bờ xã Hải Lạng, Tiên Yên",2027-01-01,2027,1,cobia,2352748,464214,6.967311382293701,21.159868240356445,8.120649337768555,29.4738883972168,0.0530142150819301,0.0452924966812133,,32.198944091796875,77.6541976928711,3.169623613357544,0.0,116.1129379272461,0.0,0.0013638500822708,0.0014918966917321,0.0001037786278175,0.0,0.0014396769693121,0.0001684697926975,0.0073388335295021,0.0007635740330442,0.8296509945580468,Phù hợp,0.5,
NB75,"Luồng sông Voi Lớn, ven bờ xã Hải Lạng, Tiên Yên",2027-04-01,2027,2,cobia,2352748,464214,6.259819030761719,26.205236434936523,8.15509033203125,28.84378433227539,0.0661075115203857,0.0423179753124713,,38.61039352416992,80.50242614746094,6.484249114990234,473.7848205566406,135.80953979492188,4.018430709838867,0.0013030779082328,0.001722335582599,0.0001037786278175,0.0,0.001272406312637,0.0001684697926975,0.0017935396172106,6.352154741762206e-05,0.8247983241551532,Phù hợp,0.5,
NB76,Khu vực cảng Mũi Chùa (cửa sông Tiên Yên),2027-01-01,2027,1,cobia,2354602,469532,5.555026531219482,21.590648651123047,7.97622013092041,29.76458740234375,0.072198137640953,0.0464383549988269,,30.568517684936523,92.26636505126952,3.3306996822357178,5817.1201171875,112.64232635498048,0.0,0.0013638500822708,0.0016085942042991,0.0001037786278175,0.0,0.0010052506113424,0.0001684697926975,0.0136076621711254,0.0007257333490997,0.7626208196377113,Phù hợp,0.5,
NB76,Khu vực cảng Mũi Chùa (cửa sông Tiên Yên),2027-04-01,2027,2,cobia,2354602,469532,4.752925872802734,25.839488983154297,7.9691057205200195,29.94261932373047,0.0728170797228813,0.037984762340784,,27.789215087890625,85.53971099853516,1.7171779870986938,5426.47607421875,108.04943084716795,0.0,0.0013075555907562,0.001621009549126,0.0001037786278175,0.0043425620533525,0.0026313040871173,0.0001684697926975,0.0279976390302181,0.0008487378363497,0.7630981673612303,Phù hợp,0.5,
NB77,"Khu vực Hòn Thạch, Đầm Hà",2027-01-01,2027,1,cobia,2349384,482845,7.61891508102417,21.44060134887696,8.16657829284668,31.41854286193848,0.0499103218317031,0.0597113743424415,,33.6695671081543,81.58828735351562,2.217082977294922,0.0,108.68563842773438,0.6914077401161194,0.0013469855766743,0.0016111389268189,0.0001037786278175,0.0,0.0014663769397884,0.0001684697926975,0.0114880604669451,0.0007234010845422,0.8273909716133538,Phù hợp,1.912872186007209,
NB77,"Khu vực Hòn Thạch, Đầm Hà",2027-04-01,2027,2,cobia,2349384,482845,5.966170787811279,25.66995429992676,8.14819049835205,30.708494186401367,0.06503926217556,0.0664122924208641,,35.45065689086914,99.13571166992188,3.52046012878418,0.0,122.72125244140624,2.714925527572632,0.0013075555907562,0.0015375663060694,0.0001037786278175,0.0,0.0013762285234406,0.0001684697926975,0.0099140014499425,0.0006264999974519,0.8197586685332203,Phù hợp,1.912872186007209,
NB78,"Khu vực ven bờ xã Đầm Hà, huyện Đầm Hà (cửa sông Đầm Hà)",2027-01-01,2027,1,cobia,2157972,487264,6.021224498748779,22.24327087402344,7.799715995788574,17.415403366088867,0.0546056851744651,0.0631226003170013,,36.06517791748047,82.61336517333984,10.825295448303224,0.0,115.56415557861328,0.7846356630325317,0.0013638500822708,0.0015209052944555,0.0001037786278175,0.0003354215587023,0.0005032863700762,0.0001684697926975,0.0122647015377879,0.0007038584444671,0.7958038476187763,Phù hợp,0.5,
NB78,"Khu vực ven bờ xã Đầm Hà, huyện Đầm Hà (cửa sông Đầm Hà)",2027-04-01,2027,2,cobia,2157972,487264,5.585500240325928,27.7237491607666,7.622117519378662,13.203779220581056,0.0629255920648574,0.0465140640735626,,28.804393768310547,55.77921295166016,14.217665672302246,0.0,111.00300598144533,3.2664544582366943,0.0013030779082328,0.0018422515131533,0.0001037786278175,0.0013294123345986,0.0007709049386903,0.0001684697926975,0.0123914638534188,0.0008511677151545,0.8041898940412748,Phù hợp,14.75567491679049,
NB79,"Khu vực cửa sông Đường Hoa, huyện Hải Hà",2027-01-01,2027,1,cobia,2361229,492995,6.5258989334106445,21.39226150512696,8.154213905334473,29.48109436035156,0.0551931262016296,0.0397913828492164,,30.92592430114746,89.46044921875,3.1215453147888184,0.0,128.3209991455078,4.466642379760742,0.0013638500822708,0.0015165456570684,0.0001037786278175,0.0009961751056835,0.0021371846087276,0.0001684697926975,0.012964442372322,0.0024287630803883,0.8363459271176297,Phù hợp,2.1653675207687035,
NB79,"Khu vực cửa sông Đường Hoa, huyện Hải Hà",2027-04-01,2027,2,cobia,2361229,492995,6.2325825691223145,25.80134391784668,8.128046035766602,28.086355209350582,0.0700662583112716,0.0412060841917991,,38.2998046875,84.25779724121094,5.934390068054199,25.963180541992188,152.85841369628906,7.741811752319336,0.0013030779082328,0.0014957952080294,0.0001037786278175,0.0021863840520381,0.0016841326141729,0.0001684697926975,0.0136394631117582,0.0012956267455592,0.8329686404257248,Phù hợp,0.5,
NB80,"Khu vực Bắc Hòn Mỹ, Hải Hà",2027-01-01,2027,1,cobia,2362684,497074,6.937128067016602,21.38019752502441,8.228899955749512,32.402591705322266,0.0504072345793247,0.0395501665771007,,33.97209167480469,83.0162353515625,0.4411377906799316,0.0,130.9094696044922,0.0,0.0013638500822708,0.0015365889994427,0.0001037786278175,0.0008890891331247,0.0011001282837241,0.0001684697926975,0.0106545947492122,0.0006717549404129,0.8308154797252156,Phù hợp,0.5,
NB80,"Khu vực Bắc Hòn Mỹ, Hải Hà",2027-04-01,2027,2,cobia,2362684,497074,5.849412441253662,26.39556312561035,8.196334838867188,32.603511810302734,0.0576027855277061,0.0501913875341415,,36.83290863037109,125.42420196533205,4.185632705688477,0.0,117.85839080810548,3.3651130199432373,0.0013030779082328,0.0017363838851451,0.0001037786278175,0.0,0.0013443733332678,0.0001684697926975,0.0115937357768416,0.000862676941324,0.8166014579600545,Phù hợp,1.700583429297134,
NB81,"Khu vực ven bờ xã Quảng Phong, Hải Hà (phía Bắc Đảo Miều)",2027-01-01,2027,1,cobia,2364428,499994,7.54680061340332,21.421581268310547,8.210413932800293,31.832324981689453,0.0604495741426944,0.0484059527516365,,37.344215393066406,126.2881088256836,2.5693421363830566,0.0,118.28406524658205,0.0,0.0013376420829445,0.0017032928299158,0.0001037786278175,0.000102957135823,0.0015862513100728,0.0001684697926975,0.0199144203215837,0.0006256162887439,0.8031003260758635,Phù hợp,0.5,
NB81,"Khu vực ven bờ xã Quảng Phong, Hải Hà (phía Bắc Đảo Miều)",2027-04-01,2027,2,cobia,2364428,499994,6.522663116455078,26.25019645690918,8.192001342773438,31.80243492126465,0.0643256306648254,0.0536040514707565,,38.152530670166016,108.9845199584961,1.9663045406341555,0.0,136.46002197265625,0.0,0.0013075555907562,0.0015307866269722,0.0001037786278175,0.0025855326093733,0.0016802130267024,0.0001684697926975,0.0099439546465873,0.0008032598998397,0.8096455317131133,Phù hợp,1.700583429297134,
NB82,"Khu bến phà Cái Chiên phía Băc đảo Cái Chiên, Hải Hà",2027-01-01,2027,1,cobia,2359689,500633,7.1630730628967285,21.355775833129883,8.166699409484863,31.81253242492676,0.0463150255382061,0.0557387247681617,,35.6696891784668,97.98809814453124,1.2760133743286133,0.0,126.402099609375,0.0,0.0013638500822708,0.0013614215422421,0.0001037786278175,0.0004288177588023,0.0015538915758952,0.0001684697926975,0.0156030459329485,0.0006421385915018,0.821545184405292,Phù hợp,0.5,
NB82,"Khu bến phà Cái Chiên phía Băc đảo Cái Chiên, Hải Hà",2027-04-01,2027,2,cobia,2359689,500633,5.800835132598877,25.65008354187012,8.146257400512695,31.528223037719727,0.0531838312745094,0.0656975954771041,,34.954917907714844,99.80484771728516,3.480722665786743,0.0,132.711669921875,2.466801881790161,0.0013030779082328,0.0016556311165913,0.0001037786278175,0.0,0.0023318177554756,0.0001684697926975,0.0088163623586297,0.0002435227215755,0.8239488151295078,Phù hợp,1.4898781829397998,
NB83,"Bãi tắm Đầu Rồng- xã Cái Chiên, Hải Hà",2027-01-01,2027,1,cobia,2356931,499505,6.472625255584717,21.965696334838867,8.254423141479492,31.743316650390625,0.0365393571555614,0.0578698553144931,,34.355369567871094,94.1344223022461,0.8019616603851318,0.0,127.34262084960938,1.8509267568588257,0.0013638500822708,0.0014396319165825,0.0001037786278175,0.0007491324213333,0.0015576402656733,0.0001684697926975,0.0091007500886917,0.0006498788134194,0.835000732205347,Phù hợp,0.5,
NB83,"Bãi tắm Đầu Rồng- xã Cái Chiên, Hải Hà",2027-04-01,2027,2,cobia,2356931,499505,5.907198905944824,26.294883728027344,8.128446578979492,32.130619049072266,0.0483382567763328,0.0692632272839546,,36.52951431274414,110.07229614257812,1.7440611124038696,0.0,127.15408325195312,0.754787027835846,0.0013030779082328,0.0017711068503558,0.0001037786278175,0.0033771360758692,0.002390707610175,0.0001684697926975,0.0062408172525465,0.0004324046603869,0.8153086700770503,Phù hợp,1.4898781829397998,
NB84,Ven bờ phía Tây đảo Vĩnh Thực- Móng Cái,2027-01-01,2027,1,cobia,2362922,508334,7.738117218017578,22.48303985595703,8.158780097961426,31.19820785522461,0.0625617951154708,0.0602513886988163,,34.47369766235352,88.56214904785156,1.009352684020996,0.0,117.66808319091795,0.0,0.0013388507068157,0.001596741261892,0.0001037786278175,0.0015737240901216,0.0007590692257508,0.0001684697926975,0.0154303405433893,0.0006395050440914,0.8177433225443475,Phù hợp,4.1760534599068535,
NB84,Ven bờ phía Tây đảo Vĩnh Thực- Móng Cái,2027-04-01,2027,2,cobia,2362922,508334,6.4200310707092285,26.240907669067383,8.169689178466797,31.6425838470459,0.0640032216906547,0.0571264550089836,,36.63092041015625,82.81689453125,4.33942174911499,480.2897033691406,140.14004516601562,3.10263991355896,0.0013030779082328,0.001642110873945,0.0001037786278175,0.0014068683376535,0.0011386255500838,0.0001684697926975,0.0157817918807268,0.0005401460803113,0.8203366354775131,Phù hợp,4.1760534599068535,
NB85,Ven bờ xã Quảng Nghĩa -Móng Cái,2027-01-01,2027,1,cobia,2374296,507087,6.086021900177002,21.928163528442383,7.795784950256348,21.660436630249023,0.0482681952416896,0.048681516200304,,33.690425872802734,65.088134765625,6.8490800857543945,0.0,119.8104019165039,2.861192226409912,0.0013638500822708,0.001523068989627,0.0001037786278175,0.0020709719974547,0.0004034569137729,0.0001684697926975,0.0077283699065446,0.0006686313427053,0.8259023403408507,Phù hợp,0.5,
NB85,Ven bờ xã Quảng Nghĩa -Móng Cái,2027-04-01,2027,2,cobia,2374296,507087,5.145102024078369,27.57749938964844,7.709008693695068,15.458234786987305,0.0661667808890342,0.0544488206505775,,36.49474334716797,59.750267028808594,6.227904319763184,0.0,124.9980239868164,0.5989935398101807,0.0013030779082328,0.0017768116667866,0.0001037786278175,0.0022251845803111,0.0006178205949254,0.0001684697926975,0.0040122712962329,0.0006329988827928,0.7941937898178587,Phù hợp,0.5,
NB86,Ven bờ phường Hải Yên - Móng Cái,2027-01-01,2027,1,cobia,2378235,515563,5.224803924560547,22.673141479492188,7.742217063903809,18.70220184326172,0.0609102025628089,0.0939034074544906,,30.120397567749023,74.27613830566406,4.646340847015381,0.0,113.371826171875,5.353883743286133,0.0013593723997473,0.0014069428434595,0.0001037786278175,0.0001988290314329,0.0046209278516471,0.0001684697926975,0.0075611104257404,0.0209828056395053,0.7974667188384552,Phù hợp,0.5,
NB86,Ven bờ phường Hải Yên - Móng Cái,2027-04-01,2027,2,cobia,2378235,515563,4.633635520935059,27.67652130126953,7.619514942169189,15.653353691101074,0.0714207664132118,0.1002931371331214,,30.506288528442383,82.24063873291016,5.132126808166504,3184.666015625,113.94176483154295,0.0,0.0013030779082328,0.0015190945705398,0.0001037786278175,0.0,0.0014205267652869,0.0001684697926975,0.0181596744805574,0.0002125688624801,0.7433530656590585,Ít phù hợp,0.5,
NB87,Khu vực cửa sông KaLong - Móng Cái,2027-01-01,2027,1,cobia,2369213,521009,5.30908727645874,19.819164276123047,8.121724128723145,27.181432723999023,0.0619223415851593,0.0410089492797851,,29.2498722076416,77.30323791503906,6.577004432678223,0.0,119.8743896484375,6.343601226806641,0.0013638500822708,0.0015251928707584,0.0001037786278175,0.0008019205997698,0.0026167654432356,0.0001684697926975,0.0127215264365077,0.000573112629354,0.831612287838249,Phù hợp,0.5,
NB87,Khu vực cửa sông KaLong - Móng Cái,2027-04-01,2027,2,cobia,2369213,521009,5.133387088775635,25.47837448120117,7.958497524261475,24.42234992980957,0.0729968249797821,0.034543365240097,,35.95878982543945,75.93150329589844,7.19419527053833,351.3740539550781,128.4308319091797,11.782487869262695,0.0013030779082328,0.0014597290428355,0.0001037786278175,0.0001447563117835,0.0019055424490943,0.0001684697926975,0.0154221449047327,0.0007771491073071,0.8337760799071638,Phù hợp,0.5,
NB88,"Khu vực ven bờ  Núi Tổ Chim, Hải Hoà - Móng Cái ",2027-01-01,2027,1,cobia,2379574,529701,6.904370307922363,21.40303039550781,8.219833374023438,29.78782081604004,0.0572669841349124,0.0480372197926044,,37.45067596435547,92.8923110961914,3.717040300369263,0.0,144.31298828125,0.2663098573684692,0.0013638500822708,0.0015475107356905,0.0001037786278175,0.0003089313686359,0.0014747431268915,0.0001684697926975,0.0128603307530283,0.0006952278781682,0.8161575623635093,Phù hợp,0.5,
NB88,"Khu vực ven bờ  Núi Tổ Chim, Hải Hoà - Móng Cái ",2027-04-01,2027,2,cobia,2379574,529701,6.816886901855469,26.25904083251953,8.164799690246582,29.907358169555664,0.0697425454854965,0.0570660158991813,,40.144161224365234,117.2410659790039,4.466372489929199,67.6998519897461,130.2111358642578,0.0,0.0013030779082328,0.001619842252694,0.0001037786278175,0.0012658017221838,0.0026290679816156,0.0001684697926975,0.0196745824068784,0.0009815167868509,0.7979506298713275,Phù hợp,1.890484395598123,
NB89,Bãi tắm Trà Cổ,2027-01-01,2027,1,cobia,2375900,528808,6.899205207824707,20.92603874206543,8.211166381835938,30.99065971374512,0.0736214593052864,0.0372039265930652,,32.81265640258789,91.2403564453125,17.080528259277344,0.0,115.70530700683594,0.0,0.0013638500822708,0.0012686759000644,0.0001037786278175,0.0004357163270469,0.0011849817819893,0.0001684697926975,0.0132333720102906,0.0006999791949056,0.8014573866593849,Phù hợp,0.5,
NB89,Bãi tắm Trà Cổ,2027-04-01,2027,2,cobia,2375900,528808,7.037622451782227,25.32151985168457,8.239241600036621,29.51518821716309,0.0823718830943107,0.0376003012061119,,37.02801513671875,69.4295883178711,13.546205520629885,0.0,125.11141967773438,1.7774670124053955,0.0013030779082328,0.0017086155712604,0.0001037786278175,0.0077015133574604,0.0030722415540367,0.0001684697926975,0.0189974699169397,0.0021076137199997,0.8043327525260437,Phù hợp,1.890484395598123,
NB90,Khu vực cảng Cô Tô,2027-01-01,2027,1,cobia,2319575,501050,5.744361400604248,21.487462997436523,8.15836238861084,31.88509750366211,0.038169227540493,0.0527097955346107,,33.3634033203125,100.61195373535156,0.1459909230470657,52.1549186706543,131.59849548339844,0.0,0.0013496461324393,0.0015300635714083,0.0001037786278175,0.0002930590999312,0.0005088216275908,0.0001684697926975,0.0155196255072951,0.0007635933579877,0.826489620609603,Phù hợp,1.4331288323106195,
NB90,Khu vực cảng Cô Tô,2027-04-01,2027,2,cobia,2319575,501050,5.856672763824463,24.67103576660156,8.21119213104248,32.3079948425293,0.0480656437575817,0.0581210106611251,,30.79533767700196,106.12642669677734,2.5331552028656006,0.0,113.0057373046875,5.430049419403076,0.0013030779082328,0.0016687099123373,0.0001037786278175,0.0010658325627446,0.0021343098487704,0.0001684697926975,0.0101488195359706,0.0005601893644779,0.8379347106153965,Phù hợp,0.5,
NB91,"Khu vực Vụng cát 2, 3 - khu 4 thị trấn Cô Tô",2027-01-01,2027,1,cobia,2317783,498813,5.833558082580566,21.25903511047364,8.137266159057617,32.4189453125,0.0499449856579303,0.0460943132638931,,28.73022079467773,88.25650024414062,2.062155246734619,1046.97900390625,130.86399841308594,0.0,0.0013638500822708,0.0014498236123472,0.0001037786278175,0.0010950403520837,0.0022064524237066,0.0001684697926975,0.0258263703435659,0.0008077800739556,0.8173246293471331,Phù hợp,1.4331288323106195,
NB91,"Khu vực Vụng cát 2, 3 - khu 4 thị trấn Cô Tô",2027-04-01,2027,2,cobia,2317783,498813,5.375389575958252,25.749135971069336,8.04611587524414,31.273731231689453,0.0641035065054893,0.0481202155351638,,30.78794860839844,93.9708251953125,3.317891359329224,0.0,119.94242095947266,0.0,0.0013030779082328,0.0014369203709065,0.0001037786278175,0.0027760369703173,0.0017251693643629,0.0001684697926975,0.0175900943577289,0.0,0.8166122030886711,Phù hợp,0.5,
NB92,"Khu vực bãi tắm Hồng Vàn, xã Đồng Tiến",2027-01-01,2027,1,cobia,2323555,501698,6.106516361236572,22.556785583496094,8.047612190246582,32.28591537475586,0.0565428584814071,0.0512082204222679,,27.53519821166992,123.6271514892578,1.2829774618148804,1129.939697265625,115.43688201904295,0.0,0.001338735804893,0.0016237603267654,0.0001037786278175,0.0,0.0003996119194198,0.0001684697926975,0.0182966459542512,0.0006141341873444,0.8081665165087569,Phù hợp,0.5,
NB92,"Khu vực bãi tắm Hồng Vàn, xã Đồng Tiến",2027-04-01,2027,2,cobia,2323555,501698,4.981303691864014,25.56754875183105,7.970227241516113,32.0229377746582,0.0663474276661872,0.0515282303094863,,28.39961051940918,84.51486206054688,3.1189961433410645,0.0,107.66893768310548,0.0,0.0013075555907562,0.0016471266280859,0.0001037786278175,0.0014426108682528,0.0007966712582856,0.0001684697926975,0.0150648159906268,0.0005303875077515,0.8179324612838725,Phù hợp,0.5,
NB93,Khu vực ven bờ phía Nam xã Đồng Tiến,2027-01-01,2027,1,cobia,2321580,498778,6.179871559143066,22.11808204650879,8.113091468811035,31.605199813842773,0.0535342991352081,0.0555581524968147,,26.768722534179688,95.01953125,1.977002501487732,0.0,101.01422882080078,1.353409767150879,0.0013638500822708,0.0016707644099369,0.0001037786278175,0.0,0.0013092337176203,0.0001684697926975,0.0135198030620813,0.0005233110277913,0.8321262159754255,Phù hợp,0.5,
NB93,Khu vực ven bờ phía Nam xã Đồng Tiến,2027-04-01,2027,2,cobia,2321580,498778,5.992151737213135,26.892473220825195,8.092960357666016,31.265380859375,0.0639903023838996,0.0537288896739482,,34.42471694946289,66.2232437133789,2.873454332351685,0.0,118.16997528076172,0.0,0.0013075555907562,0.0015422881115227,0.0001037786278175,0.0028282878920435,0.0018545234343037,0.0001684697926975,0.0181724093854427,0.0007841997430659,0.8256626047988002,Phù hợp,1.5150914988871134,
NB94,Khu vực phía Bắc đảo Cô Tô con,2027-01-01,2027,1,cobia,2328260,501917,6.129858016967773,21.69559860229492,8.15617561340332,31.912193298339844,0.0669776573777198,0.059975653886795,,30.11661148071289,113.3053970336914,1.355389952659607,2269.860595703125,114.59710693359376,0.0,0.0013638500822708,0.0015441320138052,0.0001037786278175,1.734457691782154e-05,0.0012728340225294,0.0001684697926975,0.0052138441242277,0.0006219287752173,0.7896059156546414,Phù hợp,0.5,
NB94,Khu vực phía Bắc đảo Cô Tô con,2027-04-01,2027,2,cobia,2328260,501917,5.238648891448975,25.59388542175293,8.061850547790527,31.95681571960449,0.0800515264272689,0.0557102560997009,,29.71152877807617,89.6881332397461,3.23801326751709,1835.9522705078125,125.24193572998048,0.0,0.0013030779082328,0.0015738937072455,0.0001037786278175,0.0,0.0009959172457456,0.0001684697926975,0.0173682123422622,0.0005316932802088,0.7921977747052145,Phù hợp,0.5,
NB95,Khu vực phía Nam đảo Cô Tô con,2027-01-01,2027,1,cobia,2326638,502012,6.268739700317383,21.80577278137207,8.17555046081543,31.92449951171875,0.0495185479521751,0.0688796564936637,,30.662466049194336,101.82949829101562,0.8535493016242981,1460.1026611328125,118.88619232177734,0.0,0.0013638500822708,0.001544201397337,0.0001037786278175,0.0011314037255942,0.00147129164543,0.0001684697926975,0.0161038897931575,0.0006626963731832,0.8059446288854828,Phù hợp,0.5,
NB95,Khu vực phía Nam đảo Cô Tô con,2027-04-01,2027,2,cobia,2326638,502012,10.900595664978027,26.656848907470703,8.150336265563965,31.970230102539062,0.0690730139613151,0.0734881162643432,,30.177547454833984,104.60749816894533,3.626500368118286,2924.553466796875,111.0909423828125,1.4606084823608398,0.0013030779082328,0.0015626673121005,0.0001037786278175,0.0013508273987099,0.0023893495090305,0.0001684697926975,0.0121066123247146,0.0007760535809211,0.7852579006656054,Phù hợp,0.5,
NB96,Khu vực phía Đông đảo Cô Tô con,2027-01-01,2027,1,cobia,2327640,503181,8.063189506530762,23.171037673950195,8.068564414978027,32.040035247802734,0.0458813123404979,0.0570711493492126,,32.32633972167969,93.07488250732422,1.5368658304214478,0.0,120.82284545898438,0.0,0.0013496461324393,0.0017583728767931,0.0001037786278175,0.0010611717589199,0.0014728484675288,0.0001684697926975,0.032130941748619,0.000672273337841,0.826665739367798,Phù hợp,0.5,
NB96,Khu vực phía Đông đảo Cô Tô con,2027-04-01,2027,2,cobia,2327640,503181,6.040494918823242,26.9275016784668,8.031425476074219,31.851194381713867,0.0571462027728557,0.059401374310255,,36.80794143676758,97.01374816894533,4.477710247039795,408.0505981445313,136.34536743164062,5.693909168243408,0.0013075555907562,0.0015450820792466,0.0001037786278175,0.0,0.001145044574514,0.0001684697926975,0.0087673040106892,0.0004547481366898,0.827739129715462,Phù hợp,0.5,
NB97,Khu vực phía Tây  đảo Cô Tô con,2027-01-01,2027,1,cobia,2327497,501058,6.280173778533936,22.03009986877441,8.134042739868164,32.18299865722656,0.0421728380024433,0.0473854765295982,,34.58756637573242,98.91329193115234,1.0804067850112915,408.9096984863281,127.28004455566406,1.8003584146499634,0.0013638500822708,0.0015406128950417,0.0001037786278175,0.0,0.0016166541026905,0.0001684697926975,0.0141872139647603,0.0007178278174251,0.8285594498176417,Phù hợp,0.5,
NB97,Khu vực phía Tây  đảo Cô Tô con,2027-04-01,2027,2,cobia,2327497,501058,5.41290283203125,26.25033187866211,8.102716445922852,31.011621475219727,0.0582082718610763,0.0651312842965126,,31.47057342529297,78.61880493164062,2.466055393218994,0.0,109.90293884277344,0.0,0.0013030779082328,0.0014765172963961,0.0001037786278175,0.0,0.0015869723865762,0.0001684697926975,0.0070749707520008,0.0005678472225554,0.8243853975752569,Phù hợp,0.5,
NB98,Khu vực cảng Thanh Lân,2027-01-01,2027,1,cobia,2323023,505543,6.168538093566895,21.722484588623047,8.153922080993652,31.830347061157227,0.0529328137636184,0.0561279766261577,,31.68467903137207,93.2394561767578,0.2859219908714294,444.1499633789063,124.5505828857422,6.795812606811523,0.0013638500822708,0.0015985711943358,0.0001037786278175,0.0014181579463183,0.0013619976816698,0.0001684697926975,0.0069508906453847,0.0007276724791154,0.837297175712503,Phù hợp,0.5,
NB98,Khu vực cảng Thanh Lân,2027-04-01,2027,2,cobia,2323023,505543,5.089645385742188,25.802152633666992,8.119340896606445,31.888816833496094,0.0623098202049732,0.0721745863556861,,30.289112091064453,86.65243530273438,2.454414129257202,0.0,105.02603149414062,0.0,0.0013030779082328,0.0017331286799162,0.0001037786278175,0.0,0.001505256164819,0.0001684697926975,0.0069057024084031,0.0006554182618856,0.8157472535552655,Phù hợp,0.7399312468060799,
NB99,Khu vực nuôi nhuyễn thể phía Đông Nam đảo Thanh Lân,2027-01-01,2027,1,cobia,2321546,505635,12.17881202697754,22.59521675109864,8.109464645385742,31.621675491333008,0.0438923276960849,0.0624860003590583,,34.17869186401367,121.1198501586914,0.596821129322052,408.0650329589844,119.83792877197266,0.0,0.0013638500822708,0.0017422378296032,0.0001037786278175,0.0001768690272001,0.0013406163780018,0.0001684697926975,0.0050363969057798,0.0005738841718994,0.8144748571580708,Phù hợp,0.5,
NB99,Khu vực nuôi nhuyễn thể phía Đông Nam đảo Thanh Lân,2027-04-01,2027,2,cobia,2321546,505635,7.306739330291748,25.333324432373047,8.153687477111816,31.887985229492188,0.0547448508441448,0.0513710565865039,,32.87937927246094,111.96224212646484,3.588230848312378,1378.5863037109375,120.8339614868164,3.701182365417481,0.0013075555907562,0.0015803683781996,0.0001037786278175,0.0,0.0009648710838519,0.0001684697926975,0.0134566025808453,0.000476185203297,0.8155726005268512,Phù hợp,0.7399312468060799,
NB2,Cảng B12- vịnh Cửa Lục,2026-01-01,2026,1,cobia,2319163,428365,6.329395294189453,21.998817443847656,8.239668846130371,30.598960876464844,0.039824403822422,0.033545896410942,,37.443695068359375,102.06836700439452,5.02243185043335,0.0,127.38660430908205,1.924185037612915,0.0013612867332994,0.0014063363196328,0.0001038050686474,0.0,0.0014819463249295,0.0001685166789684,0.008016356267035,0.0006226813420653,0.8307099086549167,Phù hợp,0.3311740478962686,
NB2,Cảng B12- vịnh Cửa Lục,2026-04-01,2026,2,cobia,2319163,428365,6.32003927230835,26.85767936706543,8.268484115600586,30.454553604125977,0.0525701083242893,0.0444938540458679,,37.74355316162109,87.84493255615234,4.602376461029053,0.0,117.37163543701172,0.0,0.0013036195887252,0.0015556113794445,0.0001038050686474,0.0,0.0018540567252784,0.0001685166789684,0.0115052219480276,0.0002319295454071,0.8252291844916604,Phù hợp,0.3311740478962686,
NB2,Cảng B12- vịnh Cửa Lục,2026-07-01,2026,3,cobia,2319163,428365,6.523062705993652,28.21379280090332,8.221820831298828,30.032413482666016,0.0506905317306518,0.0529780201613903,,40.82375717163086,111.98814392089844,3.163311719894409,0.0,141.73617553710938,0.4273048341274261,0.0013036195887252,0.0019658603705465,0.0001038050686474,0.0,1.823591992433649e-05,0.0001685166789684,0.0127384066581726,0.0002886121219489,0.8143272170600021,Phù hợp,0.3311740478962686,
NB2,Cảng B12- vịnh Cửa Lục,2026-10-01,2026,4,cobia,2319163,428365,6.127256870269775,24.97374725341797,8.170520782470703,29.9151611328125,0.0530838295817375,0.0431597530841827,,38.73537063598633,108.566650390625,1.933217167854309,0.0,119.53370666503906,0.3285777270793915,0.001308208447881,0.0016233120113611,0.0001038050686474,0.0001962463575182,0.0008269767276942,0.0001685166789684,0.0114190718159079,0.0004107059212401,0.8207056004195119,Phù hợp,0.3311740478962686,
NB3,Cảng Cái Lân- vịnh Cửa Lục,2026-01-01,2026,1,cobia,2320268,427607,6.511907577514648,20.75350570678711,8.237408638000488,32.01126480102539,0.0431546345353126,0.0207385830581188,,32.439422607421875,66.56177520751953,2.6079986095428467,459.4632873535156,118.1308135986328,0.0,0.0013612867332994,0.0015649943379685,0.0001038050686474,0.0002135418035322,0.0014885090058669,0.0001685166789684,0.0101439766585826,0.0005929030594415,0.8386916626002379,Phù hợp,0.669997947758051,
NB3,Cảng Cái Lân- vịnh Cửa Lục,2026-04-01,2026,2,cobia,2320268,427607,5.8032097816467285,26.914072036743164,8.277846336364746,32.02142333984375,0.0607161335647106,0.023037439212203,,31.91851234436035,81.72454071044922,3.875680446624756,0.0,115.85780334472656,0.0,0.0013036195887252,0.0018973583355545,0.0001038050686474,0.0,0.0011384634999558,0.0001685166789684,0.0014226720668375,0.0,0.8339209752173662,Phù hợp,0.669997947758051,
NB3,Cảng Cái Lân- vịnh Cửa Lục,2026-07-01,2026,3,cobia,2320268,427607,6.286580562591553,27.41926383972168,8.229969024658203,31.21129035949707,0.0567616261541843,0.0458474829792976,,37.51588821411133,87.0481948852539,2.4585423469543457,0.0,149.414306640625,0.0,0.001308208447881,0.0023490064777433,0.0001038050686474,0.0,0.0002795635082293,0.0001685166789684,0.0239178128540515,0.0002225023490609,0.8226033922650808,Phù hợp,0.669997947758051,
NB3,Cảng Cái Lân- vịnh Cửa Lục,2026-10-01,2026,4,cobia,2320268,427607,6.779633045196533,24.52973747253418,8.22402286529541,31.507709503173828,0.0621935166418552,0.0330374576151371,,37.83485412597656,89.08548736572266,2.573437213897705,0.0,120.1069107055664,0.0,0.001308208447881,0.0018302296521142,0.0001038050686474,0.0003655240288935,0.002208509016782,0.0001685166789684,0.0306534506380558,0.0003684287075884,0.8216796497903642,Phù hợp,0.669997947758051,
NB4,Khu Hòn Gạc- vịnh Cửa Lục,2026-01-01,2026,1,cobia,2320452,429685,7.596078872680664,18.987728118896484,8.281933784484863,31.368837356567383,0.0479925870895385,0.0178666356950998,,33.99110412597656,79.27432250976562,5.812102794647217,0.0,135.94937133789062,1.895646452903748,0.001347028533928,0.0016521955840289,0.0001038050686474,0.0004393025883473,0.0014417478814721,0.0001685166789684,0.0452065654098987,0.000637411896605,0.8296989595775992,Phù hợp,0.5405370015086849,
NB4,Khu Hòn Gạc- vịnh Cửa Lục,2026-04-01,2026,2,cobia,2320452,429685,7.210908889770508,25.59233283996582,8.389771461486816,31.21411323547364,0.0604374706745147,0.0247156489640474,,39.64612579345703,120.26428985595705,4.71854305267334,0.0,132.7478485107422,1.6572149991989136,0.001308208447881,0.0015830736374482,0.0001038050686474,0.0020824733655899,0.0015361042460426,0.0001685166789684,0.0125442100688815,0.0004582742985803,0.8152668939192116,Phù hợp,0.5405370015086849,
NB4,Khu Hòn Gạc- vịnh Cửa Lục,2026-07-01,2026,3,cobia,2320452,429685,6.650521278381348,28.61266326904297,8.222794532775879,31.241743087768555,0.0417497009038925,0.0386456288397312,,45.5175895690918,156.45999145507812,4.053323745727539,0.0,144.0758056640625,0.0,0.0013036195887252,0.0017708393279463,0.0001038050686474,0.0,0.0008294549188576,0.0001685166789684,0.0098440805450081,0.0005176804843358,0.8028053826959336,Phù hợp,0.5405370015086849,
NB4,Khu Hòn Gạc- vịnh Cửa Lục,2026-10-01,2026,4,cobia,2320452,429685,8.323859214782715,24.341203689575195,8.25645923614502,30.720848083496094,0.0485749989748001,0.0258757695555686,,34.5266227722168,104.05372619628906,4.644712448120117,171.60081481933594,129.56109619140625,2.5121591091156006,0.001308208447881,0.0021844287402927,0.0001038050686474,0.0024131906684488,0.0012152268318459,0.0001685166789684,0.0172961521893739,0.0001729831565171,0.8298398722460311,Phù hợp,0.5405370015086849,
NB5,Ven bờ khu đô thị CENCO 5,2026-01-01,2026,1,cobia,2319397,429449,6.275191307067871,21.023929595947266,8.261616706848145,31.211069107055664,0.0816539898514747,0.0208379793912172,,31.206995010375977,61.18163299560547,8.937726974487305,0.0,120.85533142089844,0.0,0.0013640120159834,0.00159787456505,0.0001038050686474,0.0002067698369501,0.0015958223957568,0.0001685166789684,0.0275662336498498,0.0006179062183946,0.8194128849357011,Phù hợp,0.5,
NB5,Ven bờ khu đô thị CENCO 5,2026-04-01,2026,2,cobia,2319397,429449,5.8650007247924805,25.92595672607422,8.299052238464355,30.93050193786621,0.0923577472567558,0.0186981298029422,,34.762081146240234,76.19176483154297,9.428536415100098,0.0,122.59190368652344,0.0,0.0013036195887252,0.0017138443654403,0.0001038050686474,0.0,0.0024164726492017,0.0001685166789684,0.0043980441987514,0.0003595292801037,0.8128097348905511,Phù hợp,0.5,
NB5,Ven bờ khu đô thị CENCO 5,2026-07-01,2026,3,cobia,2319397,429449,5.2549662590026855,26.978416442871094,8.30967903137207,31.292705535888672,0.0842679888010025,0.0285577066242694,,37.09794235229492,101.13648223876952,7.698737144470215,0.0,138.5768280029297,0.0,0.001308208447881,0.0021986167412251,0.0001038050686474,0.0003224352549295,0.0003743632114492,0.0001685166789684,0.0397280938923358,0.0002996851108036,0.7958559154777743,Phù hợp,0.5,
NB5,Ven bờ khu đô thị CENCO 5,2026-10-01,2026,4,cobia,2319397,429449,6.6168718338012695,24.431941986083984,8.269874572753906,30.4145565032959,0.0788727030158042,0.0217599105089902,,36.12910461425781,70.80427551269531,7.978426456451416,0.0,121.80184173583984,0.0,0.001308208447881,0.0017506729345768,0.0001038050686474,0.0006820115377195,0.0021014402154833,0.0001685166789684,0.0273956600576639,0.0003682764654513,0.8187889675978838,Phù hợp,0.5405370015086849,
NB6,Cửa sông Trới ven bờ KCN Việt Hưng,2026-01-01,2026,1,cobia,2322158,422550,5.491421699523926,22.14944267272949,8.2261323928833,29.870540618896484,0.0711727067828178,0.0326711051166057,,26.96675109863281,43.88825607299805,14.551854133605955,878.656005859375,107.2154312133789,0.0,0.0013612867332994,0.0016270846826955,0.0001038050686474,0.0004580392851494,0.0011365634854882,0.0001685166789684,0.0113522531464695,0.0006648771231994,0.8167957223374429,Phù hợp,2.2901900030346827,
NB6,Cửa sông Trới ven bờ KCN Việt Hưng,2026-04-01,2026,2,cobia,2322158,422550,5.294942855834961,26.37652969360352,8.229724884033203,29.0478458404541,0.0790366306900978,0.0267164371907711,,31.622987747192383,74.92878723144531,10.909247398376465,64.85154724121094,94.81865692138672,3.268306970596313,0.001308208447881,0.0017076866934075,0.0001038050686474,0.000555160222575,0.0021118044387549,0.0001685166789684,0.0123589411377906,0.0007232415955513,0.8208730217177393,Phù hợp,2.2901900030346827,
NB6,Cửa sông Trới ven bờ KCN Việt Hưng,2026-07-01,2026,3,cobia,2322158,422550,4.700033187866211,28.325124740600582,8.275824546813965,28.266420364379883,0.0800113156437873,0.0428578145802021,,34.34868240356445,97.41585540771484,11.646591186523438,0.0,96.71456909179688,1.4556318521499634,0.001308208447881,0.0023076008073985,0.0001038050686474,0.0006574260769411,0.001057990361005,0.0001685166789684,0.0117031317204236,0.0002620386367198,0.7949278590741347,Phù hợp,0.5,
NB6,Cửa sông Trới ven bờ KCN Việt Hưng,2026-10-01,2026,4,cobia,2322158,422550,7.392212390899658,25.08504676818848,8.27344799041748,28.72834205627441,0.0761409252882003,0.0327595472335815,,35.946346282958984,103.55220794677734,14.625361442565918,0.0,126.98209381103516,2.704829692840576,0.001308208447881,0.0019388463115319,0.0001038050686474,0.0,0.0006966551300138,0.0001685166789684,0.0156717058271169,0.0006245882250368,0.8083938812897575,Phù hợp,2.2901900030346827,
NB7,Cửa sông Man tại cầu Đá Trắng đường Trới- Vũ Oai,2026-01-01,2026,1,cobia,2325055,427799,5.5857253074646,22.64733123779297,8.082268714904785,28.73162841796875,0.0603214539587497,0.0281481519341468,,31.31803131103516,73.48743438720703,8.6793212890625,2159.6728515625,103.08480072021484,0.0,0.0013612867332994,0.0015258715720847,0.0001038050686474,0.0006187869585119,0.0010914009762927,0.0001685166789684,0.0137123400345444,0.0007488983101211,0.8038454661403817,Phù hợp,0.5,
NB7,Cửa sông Man tại cầu Đá Trắng đường Trới- Vũ Oai,2026-04-01,2026,2,cobia,2325055,427799,5.4052019119262695,25.470287322998047,8.184612274169922,28.205547332763672,0.0741727203130722,0.0349613428115844,,32.31487274169922,69.28497314453125,7.325686454772949,2092.93017578125,103.17559051513672,0.5727185010910034,0.0013036195887252,0.0016485846135765,0.0001038050686474,0.0029310185927897,0.0031392972450703,0.0001685166789684,0.0234086886048316,0.0015309704467654,0.7959242447057648,Phù hợp,0.5,
NB7,Cửa sông Man tại cầu Đá Trắng đường Trới- Vũ Oai,2026-07-01,2026,3,cobia,2325055,427799,5.116968154907227,28.73777198791504,8.288002014160156,26.769689559936523,0.0625939220190048,0.0493501909077167,,33.00602340698242,82.32393646240234,8.77841567993164,0.0,107.34323120117188,0.0,0.001308208447881,0.0017970316112041,0.0001038050686474,0.0,0.0018396152881905,0.0001685166789684,0.0163695570081472,0.0003796789387706,0.8111399236409694,Phù hợp,2.395424440469789,
NB7,Cửa sông Man tại cầu Đá Trắng đường Trới- Vũ Oai,2026-10-01,2026,4,cobia,2325055,427799,6.275980472564697,25.29495620727539,8.158479690551758,28.660112380981445,0.0609674155712127,0.0507961586117744,,42.35662841796875,140.4567413330078,10.878372192382812,0.0,128.5550537109375,0.0,0.001308208447881,0.0016986215487122,0.0001038050686474,0.0002242679620394,0.0002334293239982,0.0001685166789684,0.0122130559757351,0.0004042714426759,0.7906927288308638,Phù hợp,0.5,
NB8,Cửa sông Diễn Vọng tại cầu Bang,2026-01-01,2026,1,cobia,2324600,433954,6.201392650604248,22.59268569946289,8.120100975036621,24.471904754638672,0.0539255104959011,0.0229135360568761,,28.57025909423828,51.45858383178711,18.07858657836914,0.0,96.58233642578124,0.0,0.001347028533928,0.0015796507941558,0.0001038050686474,0.0001828236418077,0.0019434478599578,0.0001685166789684,0.0058934143744409,0.0006156207527965,0.8302412278255078,Phù hợp,2.976166367997596,
NB8,Cửa sông Diễn Vọng tại cầu Bang,2026-04-01,2026,2,cobia,2324600,433954,6.708680152893066,27.061901092529297,8.135627746582031,24.419591903686523,0.0595711506903171,0.033642504364252,,33.070335388183594,55.71855545043945,14.71353530883789,0.0,104.38080596923828,0.0,0.0013036195887252,0.0019636123906821,0.0001038050686474,0.0003740266547538,0.0010131922317668,0.0001685166789684,0.0149272596463561,0.0,0.8235237664549594,Phù hợp,2.976166367997596,
NB8,Cửa sông Diễn Vọng tại cầu Bang,2026-07-01,2026,3,cobia,2324600,433954,6.509212970733643,30.14555549621582,8.11153507232666,21.82529640197754,0.0373270399868488,0.0507110357284545,,38.29104232788086,80.87757110595703,18.060327529907227,0.0,131.42335510253906,0.0,0.001308208447881,0.0019552530720829,0.0001038050686474,0.0007938940543681,0.0011937551898881,0.0001685166789684,0.0123980548232793,0.0003362768911756,0.8044276289880562,Phù hợp,2.976166367997596,
NB8,Cửa sông Diễn Vọng tại cầu Bang,2026-10-01,2026,4,cobia,2324600,433954,8.636545181274414,28.11152648925781,7.981473445892334,25.73275375366211,0.0353229530155658,0.0502199307084083,,32.09844970703125,76.06358337402344,17.474815368652344,0.0,119.70278930664062,6.15046501159668,0.001308208447881,0.0017944728024303,0.0001038050686474,0.0002117568219546,0.0014380810316652,0.0001685166789684,0.0276001784950494,0.0004071182629559,0.8394311878350088,Phù hợp,2.976166367997596,
NB9,Bến phà Tuần Châu,2026-01-01,2026,1,cobia,2313924,420738,6.776979446411133,21.99054908752441,8.211179733276367,32.2473258972168,0.089632362127304,0.0205282121896743,,35.18278503417969,74.17193603515625,1.6696780920028689,0.0,119.15565490722656,0.6306627988815308,0.0013612867332994,0.0016816438874229,0.0001038050686474,0.000118862139061,0.0017269098898395,0.0001685166789684,0.0033555903937667,0.000552530225832,0.8203545735299933,Phù hợp,0.5,
NB9,Bến phà Tuần Châu,2026-04-01,2026,2,cobia,2313924,420738,6.334470748901367,26.86675453186035,8.23139762878418,31.217247009277344,0.0917666554450988,0.0298173893243074,,37.1941032409668,90.27371215820312,4.5867133140563965,0.0,125.39417266845705,4.0641188621521,0.001308208447881,0.001608092803508,0.0001038050686474,0.0,0.0017738656606525,0.0001685166789684,0.039070725440979,0.0007062497315928,0.8161086834680011,Phù hợp,0.5,
NB9,Bến phà Tuần Châu,2026-07-01,2026,3,cobia,2313924,420738,6.239091873168945,27.972455978393555,8.179265975952148,30.892406463623047,0.0683736801147461,0.0446264445781707,,39.51404571533203,113.08438873291016,4.332035064697266,0.0,136.89134216308594,2.8546414375305176,0.001308208447881,0.0019057468743994,0.0001038050686474,0.0008731462876312,0.0022297881077975,0.0001685166789684,0.0097912810742855,0.0002934976364485,0.8128134490825115,Phù hợp,0.6717151554044318,
NB9,Bến phà Tuần Châu,2026-10-01,2026,4,cobia,2313924,420738,5.96624231338501,25.26979637145996,8.24242877960205,30.18488883972168,0.0647209659218788,0.0308042261749506,,33.087684631347656,67.06946563720703,1.909958481788636,0.0,120.54456329345705,3.8058483600616455,0.001308208447881,0.0017497499939054,0.0001038050686474,0.0002152249944629,0.0005918058450333,0.0001685166789684,0.0095328474417328,0.0003154221340082,0.8458510995709837,Phù hợp,0.6717151554044318,
NB10,Bãi tắm Tuần  Châu,2026-01-01,2026,1,cobia,2315155,421276,6.284119606018066,21.170793533325195,8.221529006958008,31.90825843811035,0.0660050138831138,0.0205427780747413,,34.1227912902832,82.58207702636719,3.0332984924316406,0.0,127.4516143798828,1.8048603534698489,0.0013612867332994,0.0015937268035486,0.0001038050686474,0.0,0.0014291952829807,0.0001685166789684,0.0093070156872272,0.0003320400137454,0.8302134550862668,Phù hợp,0.5,
NB10,Bãi tắm Tuần  Châu,2026-04-01,2026,2,cobia,2315155,421276,5.962638854980469,26.23569679260254,8.227621078491211,32.036888122558594,0.0753598138689994,0.0250055566430091,,35.81452941894531,92.76935577392578,2.1319713592529297,0.0,126.23963165283205,4.829589366912842,0.0013036195887252,0.0016240626573562,0.0001038050686474,0.0,0.0007498091435991,0.0001685166789684,0.0083283772692084,0.0004137379582971,0.8335587050127442,Phù hợp,0.5,
NB10,Bãi tắm Tuần  Châu,2026-07-01,2026,3,cobia,2315155,421276,6.1840901374816895,28.34855461120605,8.236515998840332,31.94120407104492,0.0646654218435287,0.0397933311760425,,35.665653228759766,84.59498596191406,2.119661331176758,0.0,133.4842071533203,0.0,0.001308208447881,0.0024418393149971,0.0001038050686474,0.0044455006718635,0.0004420619807206,0.0001685166789684,0.019729109480977,0.0004333315591793,0.8181447140806768,Phù hợp,0.6717151554044318,
NB10,Bãi tắm Tuần  Châu,2026-10-01,2026,4,cobia,2315155,421276,8.551668167114258,25.358200073242188,8.244949340820312,31.42952346801757,0.0495971776545047,0.0185441225767135,,33.71750259399414,103.19232177734376,2.2028512954711914,0.0,131.76065063476562,5.9984965324401855,0.001308208447881,0.0020350904669612,0.0001038050686474,0.000717504590284,0.0007106263656169,0.0001685166789684,0.0188251845538616,0.0004160965036135,0.847052384462638,Phù hợp,0.6717151554044318,
NB11,Cửa sông Hòn Dấu,2026-01-01,2026,1,cobia,2316995,413685,6.037713050842285,21.34125328063965,8.082568168640137,29.33066177368164,0.0593401864171028,0.0276135951280593,,35.534873962402344,111.95474243164062,5.776920318603516,0.0,121.67057037353516,0.0,0.001347028533928,0.0014898923691362,0.0001038050686474,0.0004056135367136,0.0012306467397138,0.0001685166789684,0.0129837924614548,0.000574528297875,0.8130963621444568,Phù hợp,0.5,
NB11,Cửa sông Hòn Dấu,2026-04-01,2026,2,cobia,2316995,413685,4.999104022979736,26.592920303344727,8.086021423339844,28.712055206298828,0.0699529945850372,0.0375417210161685,,34.0894775390625,80.33221435546875,3.47916316986084,0.0,115.64214324951172,1.7648320198059082,0.0013036195887252,0.0016378436703234,0.0001038050686474,0.0008981620776467,0.0016463707434013,0.0001685166789684,0.0142510309815406,0.0008588717319071,0.8199887098677026,Phù hợp,0.5,
NB11,Cửa sông Hòn Dấu,2026-07-01,2026,3,cobia,2316995,413685,5.645394802093506,28.3656005859375,8.098505020141602,27.610366821289062,0.0490414872765541,0.0403912179172039,,36.01205825805664,63.772098541259766,3.1840178966522217,0.0,131.81402587890625,4.7750563621521,0.001308208447881,0.001755348755978,0.0001038050686474,0.0006183869554661,0.0011061264667659,0.0001685166789684,0.0093290209770202,0.0003983140632044,0.8467244104973706,Phù hợp,0.5,
NB11,Cửa sông Hòn Dấu,2026-10-01,2026,4,cobia,2316995,413685,5.12243127822876,25.374311447143555,8.034722328186035,29.37709045410156,0.0501267500221729,0.0144987655803561,,35.56588363647461,87.42736053466797,3.329085111618042,1160.9442138671875,127.3709487915039,0.0,0.001308208447881,0.0020955309737473,0.0001038050686474,0.0001962586102308,0.0005514944787137,0.0001685166789684,0.0131192561239004,0.0002382395323365,0.8172300026124066,Phù hợp,2.083621426747191,
NB12,Bãi tắm Bãi Cháy - phía Tây bãi tắm giáp Đảo Rều,2026-01-01,2026,1,cobia,2316901,424936,6.562129497528076,19.7860107421875,8.227651596069336,31.88368225097656,0.067946009337902,0.0227483641356229,,31.78108024597168,64.52468872070312,5.665309429168701,0.0,120.64641571044922,0.0262605603784322,0.0013905951054766,0.0017211127560585,0.0001038050686474,0.0,0.0014661292079836,0.0001685166789684,0.0011308232787996,0.0,0.8277302134546176,Phù hợp,0.7836737203709208,
NB12,Bãi tắm Bãi Cháy - phía Tây bãi tắm giáp Đảo Rều,2026-04-01,2026,2,cobia,2316901,424936,6.2318220138549805,26.682085037231445,8.288874626159668,30.220592498779297,0.0754018276929855,0.0247915424406528,,34.647117614746094,78.29889678955078,5.24379301071167,0.0,113.08592224121094,1.8061285018920896,0.001308208447881,0.001665694406256,0.0001038050686474,0.0002734866866376,0.0008897164952941,0.0001685166789684,0.018756166100502,0.0003952825791202,0.8277745803248869,Phù hợp,0.7836737203709208,
NB12,Bãi tắm Bãi Cháy - phía Tây bãi tắm giáp Đảo Rều,2026-07-01,2026,3,cobia,2316901,424936,6.334150314331055,27.451061248779297,8.216568946838379,30.05958747863769,0.0631075650453567,0.0347241088747978,,37.70964431762695,104.16560363769533,4.311520576477051,0.0,124.31011962890624,0.0,0.001308208447881,0.0019881478510797,0.0001038050686474,0.0053493874147534,0.0010296022519469,0.0001685166789684,0.0173124372959136,0.0003647696285042,0.810413382477169,Phù hợp,0.7836737203709208,
NB12,Bãi tắm Bãi Cháy - phía Tây bãi tắm giáp Đảo Rều,2026-10-01,2026,4,cobia,2316901,424936,5.694306373596191,25.149112701416016,8.214935302734375,30.253145217895508,0.0519029051065444,0.0297754779458045,,35.115318298339844,81.0996322631836,3.728293180465698,0.0,133.6114501953125,1.314507246017456,0.001308208447881,0.0017272504046559,0.0001038050686474,0.0002121487341355,0.0010275902459397,0.0001685166789684,0.0112937064841389,0.0003584561636671,0.8352529170590797,Phù hợp,0.5,
NB13,Bãi tắm Bãi Cháy - khu Trung tâm bãi tắm,2026-01-01,2026,1,cobia,2316868,426503,6.774733543395996,20.96192741394043,8.20649242401123,31.13353729248047,0.0761056169867515,0.0239307582378387,,31.597036361694336,68.2966537475586,5.0103254318237305,265.1756896972656,112.91072082519533,0.5105737447738647,0.0013905951054766,0.0017403489910066,0.0001038050686474,0.0,0.0015718126669526,0.0001685166789684,0.0035780062898993,0.0001947412529261,0.8235287693944583,Phù hợp,0.7836737203709208,
NB13,Bãi tắm Bãi Cháy - khu Trung tâm bãi tắm,2026-04-01,2026,2,cobia,2316868,426503,5.908039093017578,26.1206169128418,8.24092960357666,30.78864097595215,0.0810149610042572,0.026434239000082,,33.402095794677734,78.1416244506836,3.685160636901856,0.0,120.04369354248048,0.3393434286117553,0.001308208447881,0.0018139884341508,0.0001038050686474,0.0,0.0008856243803165,0.0001685166789684,0.0166253298521041,0.0,0.8232946138215518,Phù hợp,0.7836737203709208,
NB13,Bãi tắm Bãi Cháy - khu Trung tâm bãi tắm,2026-07-01,2026,3,cobia,2316868,426503,5.622533321380615,27.42506980895996,8.162348747253418,30.167490005493164,0.0651034563779831,0.0317740216851234,,38.28851318359375,112.26971435546876,2.2873709201812744,59.26087951660156,127.4275131225586,0.0,0.001308208447881,0.0018112630350515,0.0001038050686474,0.0010196133516728,0.0010212800698354,0.0001685166789684,0.0172052048146724,0.0003352422791067,0.8099582582805199,Phù hợp,0.7836737203709208,
NB13,Bãi tắm Bãi Cháy - khu Trung tâm bãi tắm,2026-10-01,2026,4,cobia,2316868,426503,5.950279235839844,24.618274688720703,8.186640739440918,30.65057182312012,0.0676916018128395,0.0312678478658199,,37.58734130859375,103.43244171142578,1.665055751800537,0.0,113.99109649658205,0.0,0.001308208447881,0.0017182878218591,0.0001038050686474,7.789711526129395e-05,0.0009861349826678,0.0001685166789684,0.0131650706753134,0.0003490490489639,0.8179638489284974,Phù hợp,0.5,
NB14,Ven bờ phường Hùng Thắng,2026-01-01,2026,1,cobia,2317578,422609,6.543811321258545,21.32717514038086,8.22773265838623,31.11560440063477,0.0818720981478691,0.0211032573133707,,32.76132583618164,76.10618591308594,4.145445823669434,0.0,106.84031677246094,0.1305213123559951,0.0013612867332994,0.0013635153882205,0.0001038050686474,0.0001005906524369,0.0017474582418799,0.0001685166789684,0.0041870167478919,0.0005454853526316,0.821488338420753,Phù hợp,1.211740277452227,
NB14,Ven bờ phường Hùng Thắng,2026-04-01,2026,2,cobia,2317578,422609,6.270038604736328,25.93745422363281,8.287294387817383,30.77593231201172,0.0852713882923126,0.0229059681296348,,37.09566879272461,80.74478912353516,4.578084468841553,0.0,121.31169128417967,0.0,0.0013036195887252,0.001689686323516,0.0001038050686474,0.0,0.0018295528134331,0.0001685166789684,0.0192140080034732,0.0003593871952034,0.8161507380126698,Phù hợp,0.5,
NB14,Ven bờ phường Hùng Thắng,2026-07-01,2026,3,cobia,2317578,422609,6.509443759918213,27.249711990356445,8.205978393554688,30.35851287841797,0.0766693279147148,0.0283368043601512,,40.03573226928711,114.79977416992188,5.500197410583496,0.0,134.14735412597656,0.8741907477378845,0.001308208447881,0.0018285957630723,0.0001038050686474,0.0,0.0003522986953612,0.0001685166789684,0.0098367985337972,0.0003750181640498,0.8070153488763449,Phù hợp,1.211740277452227,
NB14,Ven bờ phường Hùng Thắng,2026-10-01,2026,4,cobia,2317578,422609,7.36442756652832,25.25935745239257,8.277816772460938,30.771896362304688,0.0703224837779998,0.0240881852805614,,37.278133392333984,100.61504364013672,4.653909206390381,0.0,137.5106964111328,0.0,0.001308208447881,0.0019795922562479,0.0001038050686474,0.0001687272597337,0.0004611492040567,0.0001685166789684,0.0083613051101565,0.0004021372878924,0.8169581380969259,Phù hợp,0.5,
NB15,Sau chợ Hạ Long 1- cầu Bài Thơ Hạ Long,2026-01-01,2026,1,cobia,2317218,430394,6.532363414764404,20.557641983032227,8.21628475189209,31.74442481994629,0.0976036861538887,0.0290938448160886,,33.442710876464844,118.31510162353516,3.7108712196350098,0.0,112.87776947021484,0.4273305535316467,0.0013905951054766,0.0015896944096311,0.0001038050686474,0.0,0.0015903661260381,0.0001685166789684,0.0111461374908685,0.0004543088143691,0.7953567156974105,Phù hợp,0.5,
NB15,Sau chợ Hạ Long 1- cầu Bài Thơ Hạ Long,2026-04-01,2026,2,cobia,2317218,430394,5.791497707366943,26.97100257873535,8.131036758422852,30.83884620666504,0.0925957411527633,0.030252294614911,,37.14588165283203,87.6415023803711,2.809408187866211,341.6121520996094,141.86199951171875,0.6450676918029785,0.0013036195887252,0.0016422517364844,0.0001038050686474,0.0,0.0014801688957959,0.0001685166789684,0.0087003726512193,0.0008431777241639,0.8075459682840174,Phù hợp,0.6558159040462499,
NB15,Sau chợ Hạ Long 1- cầu Bài Thơ Hạ Long,2026-07-01,2026,3,cobia,2317218,430394,6.085635662078857,28.05312728881836,8.197312355041504,30.359161376953125,0.0830839201807975,0.0430116802453994,,37.57550811767578,104.82640838623048,1.4940743446350098,0.0,138.8445281982422,0.0,0.001308208447881,0.0020458481740206,0.0001038050686474,0.0011282527120783,0.0004939918871968,0.0001685166789684,0.0104075716808438,0.0002216963330283,0.8059625657862309,Phù hợp,0.6558159040462499,
NB15,Sau chợ Hạ Long 1- cầu Bài Thơ Hạ Long,2026-10-01,2026,4,cobia,2317218,430394,6.759481906890869,25.014148712158203,8.211324691772461,30.57382583618164,0.0808293744921684,0.0290827583521604,,41.42893981933594,103.57965850830078,0.0,139.84596252441406,148.68133544921875,2.8527252674102783,0.001308208447881,0.002248290926218,0.0001038050686474,0.0002353121089981,0.0013361073797568,0.0001685166789684,0.0090663414448499,0.0004075278702657,0.8146740308457865,Phù hợp,0.6558159040462499,
NB16,Ven bờ khu vực Bến Đoan- Hạ Long,2026-01-01,2026,1,cobia,2317471,431681,7.091020107269287,20.1529598236084,8.268136024475098,31.610225677490234,0.0890751853585243,0.0221338085830211,,35.724979400634766,75.66974639892578,2.3435864448547363,875.6363525390625,126.71424865722656,5.023102760314941,0.0013905951054766,0.0014925949508324,0.0001038050686474,0.0,0.001175265526399,0.0001685166789684,0.0089617427438497,0.0002460476243868,0.8172201828382073,Phù hợp,0.25185908758669,
NB16,Ven bờ khu vực Bến Đoan- Hạ Long,2026-04-01,2026,2,cobia,2317471,431681,6.288102149963379,27.47256660461425,8.304739952087402,31.4318904876709,0.0950274541974067,0.0319797657430172,,34.0285530090332,102.89405059814452,3.6201014518737793,0.0,112.64891052246094,1.4346743822097778,0.0013036195887252,0.001514236908406,0.0001038050686474,0.0002474308712407,0.00089908298105,0.0001685166789684,0.0060736546292901,0.000713461486157,0.8107937615713293,Phù hợp,0.25185908758669,
NB16,Ven bờ khu vực Bến Đoan- Hạ Long,2026-07-01,2026,3,cobia,2317471,431681,6.236586570739746,27.638687133789062,8.191445350646973,30.272369384765625,0.0707641318440437,0.0380656607449054,,40.73957824707031,118.5768814086914,2.0965025424957275,0.0,141.82940673828125,0.0,0.0013036195887252,0.0025811246596276,0.0001038050686474,0.0045073516666889,0.0007885288214311,0.0001685166789684,0.0219893809407949,0.0003166006063111,0.799109582618348,Phù hợp,0.25185908758669,
NB16,Ven bờ khu vực Bến Đoan- Hạ Long,2026-10-01,2026,4,cobia,2317471,431681,7.326111793518066,24.94721794128418,8.23897647857666,30.990100860595703,0.0679388716816902,0.0207516159862279,,40.35375213623047,99.68437957763672,1.899535179138184,0.0,130.8109130859375,0.0,0.001308208447881,0.0019752057269215,0.0001038050686474,0.0011532314820215,0.0015066639753058,0.0001685166789684,0.0203020256012678,0.0004122790996916,0.8165390035593916,Phù hợp,0.25185908758669,
NB17,Ven bờ khu vực cột 5- phường Hồng Hà- TP Hạ Long,2026-01-01,2026,1,cobia,2317257,432137,6.853279113769531,19.21232986450196,8.245320320129395,33.2962760925293,0.0868042707443237,0.01875601708889,,33.721641540527344,86.33416748046875,8.079350471496582,0.0,119.66173553466795,0.0,0.0013905951054766,0.0018216815078631,0.0001038050686474,0.0,0.001577547751367,0.0001685166789684,0.0129121467471122,0.0004226904420647,0.8042962637731069,Phù hợp,0.25185908758669,
NB17,Ven bờ khu vực cột 5- phường Hồng Hà- TP Hạ Long,2026-04-01,2026,2,cobia,2317257,432137,7.0816802978515625,26.533246994018555,8.353158950805664,32.639686584472656,0.0848546922206878,0.0221584979444742,,36.63204193115234,88.1930923461914,7.694733142852783,0.0,122.09791564941406,4.421832084655762,0.001308208447881,0.001690826844424,0.0001038050686474,0.0,0.0009448667988181,0.0001685166789684,0.0067907571792602,0.0005608992069028,0.823822339101465,Phù hợp,0.25185908758669,
NB17,Ven bờ khu vực cột 5- phường Hồng Hà- TP Hạ Long,2026-07-01,2026,3,cobia,2317257,432137,6.504323482513428,28.27944564819336,8.24051570892334,31.91074562072754,0.0650990903377533,0.0440500937402248,,38.21869659423828,115.62883758544922,7.857198715209961,114.51276397705078,123.349853515625,2.967571258544922,0.001308208447881,0.0026467859279364,0.0001038050686474,0.0027813038323074,0.0008635764825157,0.0001685166789684,0.0278165787458419,0.0001581771648488,0.8050009825567143,Phù hợp,0.25185908758669,
NB17,Ven bờ khu vực cột 5- phường Hồng Hà- TP Hạ Long,2026-10-01,2026,4,cobia,2317257,432137,6.8498406410217285,26.767066955566406,8.352997779846191,31.509078979492188,0.0774639323353767,0.0443661622703075,,33.12861633300781,80.4991683959961,7.891080379486084,0.0,112.73518371582033,4.203141689300537,0.001308208447881,0.0023318452294915,0.0001038050686474,0.0040398840792477,0.0034189475700259,0.0001685166789684,0.0159856304526329,0.0003768089518416,0.820202404217992,Phù hợp,0.25185908758669,
NB18,Lạch Hạm Nam Cầu Trắng- TP Hạ Long,2026-01-01,2026,1,cobia,2316544,435609,7.077295780181885,19.15360641479492,8.263675689697266,32.76862335205078,0.0741360709071159,0.0201106052845716,,32.97709655761719,79.30330657958984,9.154873847961426,0.0,115.34860229492188,0.0,0.0013905951054766,0.0016970661235973,0.0001038050686474,0.0001166263245977,0.0021831926424056,0.0001685166789684,0.0165944881737232,0.0005076648085378,0.8122637007872141,Phù hợp,1.7722269183149206,
NB18,Lạch Hạm Nam Cầu Trắng- TP Hạ Long,2026-04-01,2026,2,cobia,2316544,435609,6.331993579864502,26.29693603515625,8.271827697753906,31.42511940002441,0.0725913494825363,0.0266690906137228,,36.063255310058594,103.88658905029295,7.759970188140869,0.0,120.4585418701172,1.8839244842529297,0.001308208447881,0.0014168989146128,0.0001038050686474,0.0013109734281897,0.001985733397305,0.0001685166789684,0.011083910241723,0.0008456583600491,0.8162959121738904,Phù hợp,1.7722269183149206,
NB18,Lạch Hạm Nam Cầu Trắng- TP Hạ Long,2026-07-01,2026,3,cobia,2316544,435609,6.016024112701416,28.426332473754883,8.16549301147461,32.1727409362793,0.0662101581692695,0.0419481433928012,,37.35677719116211,106.25056457519533,7.40358304977417,0.0,127.90154266357422,0.0,0.0013036195887252,0.0020596608519554,0.0001038050686474,0.0001628859026823,0.0008437377982772,0.0001685166789684,0.0174972098320722,9.530164970783515e-05,0.8080333232595244,Phù hợp,1.7722269183149206,
NB18,Lạch Hạm Nam Cầu Trắng- TP Hạ Long,2026-10-01,2026,4,cobia,2316544,435609,8.337862014770508,25.191539764404297,8.217415809631348,31.76823616027832,0.064785435795784,0.0304475929588079,,32.83567428588867,57.06568908691406,7.661159038543701,0.0,132.62637329101562,1.4154914617538452,0.001308208447881,0.0014336879830807,0.0001038050686474,0.0021110996603965,0.0012454715324565,0.0001685166789684,0.0148144699633121,0.0003059890004806,0.8362562649734352,Phù hợp,0.5,
NB19,Lạch Lộ Phong- TP Hạ Long,2026-01-01,2026,1,cobia,2316498,443279,6.561560153961182,21.904932022094727,8.232722282409668,31.58726501464844,0.0623706541955471,0.027107186615467,,39.40547180175781,85.48796844482422,3.79302978515625,0.0,109.77391815185548,0.1093092188239097,0.001347028533928,0.0014657550491392,0.0001038050686474,0.0015511665260419,0.0022939865011721,0.0001685166789684,0.0139802983030676,0.0010271525243297,0.8184138775044156,Phù hợp,0.5,
NB19,Lạch Lộ Phong- TP Hạ Long,2026-04-01,2026,2,cobia,2316498,443279,6.812568664550781,27.415258407592773,8.188157081604004,31.453258514404297,0.0686806812882423,0.0289967879652977,,36.31241989135742,99.5258331298828,2.242952346801758,152.15867614746094,125.63800811767578,0.0,0.0013036195887252,0.0015705256955698,0.0001038050686474,0.0,0.0015360936522483,0.0001685166789684,0.0118250586092472,0.0003162667562719,0.8193915543346559,Phù hợp,3.58382145900155,
NB19,Lạch Lộ Phong- TP Hạ Long,2026-07-01,2026,3,cobia,2316498,443279,5.988703727722168,28.46493148803711,8.143256187438965,32.44246292114258,0.0580035075545311,0.0453126393258571,,36.98162078857422,108.87962341308594,1.976712226867676,0.0,114.52691650390624,3.069460153579712,0.0013036195887252,0.0022777961567044,0.0001038050686474,0.0,8.827104466035962e-05,0.0001685166789684,0.0079691372811794,0.0003905908961314,0.8243433637946678,Phù hợp,3.58382145900155,
NB19,Lạch Lộ Phong- TP Hạ Long,2026-10-01,2026,4,cobia,2316498,443279,8.558639526367188,24.905237197875977,8.155858993530273,30.907793045043945,0.0495024509727954,0.0364308357238769,,37.97598648071289,102.06757354736328,3.5356178283691406,0.0,136.1781005859375,0.0859907791018486,0.001308208447881,0.0021840461995452,0.0001038050686474,0.0003915884299203,0.0014868839643895,0.0001685166789684,0.0208094604313373,0.0003915140114258,0.822203796877956,Phù hợp,0.5,
NB20,Cảng Km 6 - TP Cẩm Phả,2026-01-01,2026,1,cobia,2322174,447656,6.69578742980957,21.012269973754883,8.208616256713867,30.10224151611328,0.0419874228537082,0.0324811041355133,,35.1009407043457,99.07551574707033,4.792961597442627,0.0,138.30287170410156,2.5797927379608154,0.001347028533928,0.0016329329228028,0.0001038050686474,0.0003320606192573,0.0028439022134989,0.0001685166789684,0.0167766828089952,0.0005091049824841,0.8309969944583753,Phù hợp,0.5,
NB20,Cảng Km 6 - TP Cẩm Phả,2026-04-01,2026,2,cobia,2322174,447656,6.567615509033203,26.025978088378903,8.125511169433594,28.98923683166504,0.0479412712156772,0.0421817041933536,,38.31687927246094,96.22075653076172,4.586646556854248,0.0,114.36957550048828,0.0,0.001308208447881,0.0014977842802181,0.0001038050686474,0.0,0.001598802045919,0.0001685166789684,0.0103527475148439,0.0005820039659738,0.8249184001989232,Phù hợp,2.5872264106567866,
NB20,Cảng Km 6 - TP Cẩm Phả,2026-07-01,2026,3,cobia,2322174,447656,6.869103908538818,28.20012664794922,8.095611572265625,29.37993049621582,0.0367141515016555,0.056478813290596,,37.07625961303711,89.683349609375,2.534962654113769,0.0,140.3974609375,0.0,0.0013036195887252,0.0020100995898246,0.0001038050686474,0.0007795920828357,0.0010305742034688,0.0001685166789684,0.0049001295119524,0.0003935330896638,0.8307952212418377,Phù hợp,2.5872264106567866,
NB20,Cảng Km 6 - TP Cẩm Phả,2026-10-01,2026,4,cobia,2322174,447656,7.250261306762695,25.0639877319336,8.125967025756836,29.370927810668945,0.0384187176823616,0.0416886247694492,,39.86760330200195,104.5138931274414,1.80957293510437,0.0,137.6707763671875,0.0,0.001308208447881,0.0021852734498679,0.0001038050686474,6.62564707454294e-05,0.0006205270183272,0.0001685166789684,0.0308480318635702,0.0002174205146729,0.8248572702010118,Phù hợp,2.5872264106567866,
NB21,Cảng Vũng Đục - TP Cẩm Phả,2026-01-01,2026,1,cobia,2321985,452827,6.321040630340576,20.76398468017578,8.165843963623047,32.19963836669922,0.044752862304449,0.0217626392841339,,34.570533752441406,52.69866180419922,2.7898812294006348,0.0,121.24845886230467,0.0,0.0013612867332994,0.0013943543890491,0.0001038050686474,0.0005941237905062,0.0009813179494813,0.0001685166789684,0.0147179076448082,0.0007230210467241,0.8442114063206473,Phù hợp,0.5,
NB21,Cảng Vũng Đục - TP Cẩm Phả,2026-04-01,2026,2,cobia,2321985,452827,6.1983184814453125,26.552091598510746,8.188705444335938,31.29102325439453,0.0632520094513893,0.0294894762337207,,32.02867889404297,62.04806518554688,3.1440460681915283,0.0,113.30531311035156,0.02942237816751,0.0013036195887252,0.0017208224162459,0.0001038050686474,0.0041296738199889,0.002980335149914,0.0001685166789684,0.0136092826724052,0.0034338515251874,0.8328494066967043,Phù hợp,1.3645044888163615,
NB21,Cảng Vũng Đục - TP Cẩm Phả,2026-07-01,2026,3,cobia,2321985,452827,5.887767314910889,27.92500305175781,8.143333435058594,30.95102310180664,0.0521673671901226,0.045808121562004,,37.54597854614258,72.24549865722656,2.576075315475464,128.6593780517578,142.92037963867188,3.7819862365722656,0.001308208447881,0.0015851722564548,0.0001038050686474,0.0027554822154343,0.0013408503727987,0.0001685166789684,0.018182074651122,0.0006750233587808,0.8361661652491399,Phù hợp,0.5,
NB21,Cảng Vũng Đục - TP Cẩm Phả,2026-10-01,2026,4,cobia,2321985,452827,6.954669952392578,25.25629615783692,8.245148658752441,30.88006591796875,0.0639732927083969,0.0491946265101432,,35.296024322509766,73.04619598388672,2.6834847927093506,0.0,117.13722229003906,1.8102744817733765,0.0013036195887252,0.0016185416607186,0.0001038050686474,0.0004353639087639,0.0012841131538152,0.0001685166789684,0.0086000086739659,0.0003570730914361,0.8319551639214657,Phù hợp,1.3645044888163615,
NB22,Khu vực Hòn Lướt ven cụm công nghiệp Cẩm Thịnh,2026-01-01,2026,1,cobia,2322430,458154,6.366372585296631,21.43592834472656,8.19163990020752,31.26659774780273,0.0578641854226589,0.0234124101698398,,35.02099609375,80.77339172363281,2.743244409561157,240.8534545898437,123.51744842529295,0.0,0.0013612867332994,0.0014869648730382,0.0001038050686474,8.449906454188749e-05,0.0006694073672406,0.0001685166789684,0.0132746957242488,0.0006275183986872,0.8270207299783774,Phù hợp,0.5,
NB22,Khu vực Hòn Lướt ven cụm công nghiệp Cẩm Thịnh,2026-04-01,2026,2,cobia,2322430,458154,6.044086933135986,25.77751350402832,8.165329933166504,31.842906951904297,0.0656351074576377,0.0233218818902969,,39.42646789550781,100.64078521728516,3.1487033367156982,0.0,118.04917907714844,0.0,0.0013036195887252,0.001625525066629,0.0001038050686474,0.0,0.001028447644785,0.0001685166789684,0.010426266118884,0.0005219921586103,0.8194896344624029,Phù hợp,1.0747805589979753,
NB22,Khu vực Hòn Lướt ven cụm công nghiệp Cẩm Thịnh,2026-07-01,2026,3,cobia,2322430,458154,6.075466632843018,28.557275772094727,8.140035629272461,32.458309173583984,0.0423191003501415,0.0438786707818508,,35.35004425048828,74.5379638671875,0.2656678855419159,32.691890716552734,141.23179626464844,5.538196563720703,0.001308208447881,0.00243183481507,0.0001038050686474,0.0016728827031329,0.0009894933318719,0.0001685166789684,0.0168216358870267,0.0001870004198281,0.8500390235013043,Rất phù hợp,0.5,
NB22,Khu vực Hòn Lướt ven cụm công nghiệp Cẩm Thịnh,2026-10-01,2026,4,cobia,2322430,458154,6.575218677520752,24.995450973510746,8.121255874633789,31.287277221679688,0.0478152781724929,0.0439690425992012,,35.30447769165039,122.15270233154295,3.337778091430664,867.7581787109375,126.6817398071289,3.639298439025879,0.001308208447881,0.0017581427237018,0.0001038050686474,0.0010543873067945,0.0010918854968622,0.0001685166789684,0.0096347155049443,0.0002632981049828,0.819225116395395,Phù hợp,1.0747805589979753,
NB23,Ven bờ Nhiệt điện Cẩm Phả - tuyển than Cửa Ông,2026-01-01,2026,1,cobia,2323792,459817,5.822511196136475,22.27531623840332,8.018388748168945,29.678974151611328,0.0546473935246467,0.030012235045433,,39.9370346069336,92.0964813232422,3.543664932250977,711.8782958984375,119.29332733154295,0.0,0.0013612867332994,0.0017536012455821,0.0001038050686474,0.0001803599880076,0.0011891843751072,0.0001685166789684,0.0133240651339292,0.000590456475038,0.8121689483866843,Phù hợp,0.5,
NB23,Ven bờ Nhiệt điện Cẩm Phả - tuyển than Cửa Ông,2026-04-01,2026,2,cobia,2323792,459817,5.243288040161133,25.571813583374023,8.065665245056152,30.059261322021484,0.0621510818600654,0.0456602498888969,,32.06230545043945,103.68926239013672,2.280844449996948,0.0,109.79113006591795,0.0,0.001308208447881,0.001621697214432,0.0001038050686474,0.0006914470577612,0.0012212727451696,0.0001685166789684,0.0115502784028649,0.0005358157795853,0.8157052933662232,Phù hợp,1.0747805589979753,
NB23,Ven bờ Nhiệt điện Cẩm Phả - tuyển than Cửa Ông,2026-07-01,2026,3,cobia,2323792,459817,11.621671676635742,29.503461837768555,8.098990440368652,29.513051986694336,0.0574778132140636,0.0573051869869232,,41.58800506591797,131.586669921875,3.721700668334961,0.0,121.26599884033205,0.0,0.001308208447881,0.0021298206411302,0.0001038050686474,0.0005760022904723,0.0013358436990529,0.0001685166789684,0.0134781915694475,0.0003159712941851,0.7972198058420303,Phù hợp,0.5,
NB23,Ven bờ Nhiệt điện Cẩm Phả - tuyển than Cửa Ông,2026-10-01,2026,4,cobia,2323792,459817,7.6546630859375,24.84604835510254,8.0197114944458,29.407299041748047,0.0516884736716747,0.0480716228485107,,35.30680084228516,101.1939697265625,3.887940645217896,265.3412170410156,138.40396118164062,0.0,0.001308208447881,0.0018648853292688,0.0001038050686474,0.0,0.0007502023945562,0.0001685166789684,0.0167064443230628,0.0003884617472067,0.8197257524653792,Phù hợp,1.0747805589979753,
NB24,Cảng Cửa Ông- TP Cẩm Phả,2026-01-01,2026,1,cobia,2326075,460842,6.004208564758301,22.956602096557617,7.980608940124512,27.584699630737305,0.0296480320394039,0.0213847532868385,,38.15905380249024,70.66680908203125,3.944238662719727,1795.34375,132.1678466796875,0.0,0.0013612867332994,0.0014624780742451,0.0001038050686474,0.0,0.0012236306210979,0.0001685166789684,0.0059382691979408,0.0005663123447448,0.8289389089750439,Phù hợp,1.2512707540736336,
NB24,Cảng Cửa Ông- TP Cẩm Phả,2026-04-01,2026,2,cobia,2326075,460842,5.443779945373535,26.6159896850586,7.970523357391357,25.66081619262696,0.0439553149044513,0.0334571711719036,,35.74412155151367,90.56656646728516,2.828723669052124,2576.23779296875,121.04930877685548,0.0,0.0013036195887252,0.001694930368103,0.0001038050686474,3.599442061386071e-05,0.0010646206792443,0.0001685166789684,0.0136996563524007,9.185336239170284e-05,0.8017635427072299,Phù hợp,0.5,
NB24,Cảng Cửa Ông- TP Cẩm Phả,2026-07-01,2026,3,cobia,2326075,460842,5.2356858253479,30.02084732055664,8.164048194885254,26.181507110595703,0.0451733209192752,0.0412973910570144,,34.36147689819336,73.91436004638672,2.4192326068878174,2758.087646484375,135.6396026611328,0.0,0.001308208447881,0.0017691728426143,0.0001038050686474,0.0019384300103411,0.0013710045022889,0.0001685166789684,0.017699621617794,0.0003362768911756,0.7978354147907669,Phù hợp,1.2512707540736336,
NB24,Cảng Cửa Ông- TP Cẩm Phả,2026-10-01,2026,4,cobia,2326075,460842,5.719035625457764,26.104501724243164,7.983566761016846,29.0873966217041,0.046071358025074,0.0413084775209426,,33.88454818725586,90.19548797607422,4.092648983001709,1103.025146484375,119.26419067382812,2.329556941986084,0.001308208447881,0.0016097680199891,0.0001038050686474,0.0,0.0006913520628586,0.0001685166789684,0.0104256691411137,0.0003884617472067,0.8253923604246666,Phù hợp,0.5,
NB25,Cảng Cái Rồng- Vân Đồn,2026-01-01,2026,1,cobia,2329585,466608,6.622636795043945,21.154949188232425,8.205670356750488,32.616294860839844,0.0735616311430931,0.0242923274636268,,36.83877944946289,93.5523452758789,4.707972526550293,0.0,126.70716094970705,1.7840626239776611,0.0013282860163599,0.0015850483905524,0.0001038050686474,0.0,0.0023254856932908,0.0001685166789684,0.0322287194430828,0.0010181801626458,0.8145442207949267,Phù hợp,0.5,
NB25,Cảng Cái Rồng- Vân Đồn,2026-04-01,2026,2,cobia,2329585,466608,5.8989081382751465,26.75654411315918,8.24299430847168,32.067657470703125,0.0793029367923736,0.0298257172107696,,35.76319122314453,79.4028549194336,6.385470867156982,0.0,118.82183074951172,3.418872356414795,0.0013036195887252,0.001617431291379,0.0001038050686474,0.0,0.0022975911851972,0.0001685166789684,0.0036550485529005,0.0002820728404913,0.8267403588847989,Phù hợp,0.5,
NB25,Cảng Cái Rồng- Vân Đồn,2026-07-01,2026,3,cobia,2329585,466608,6.010486125946045,28.70347595214844,8.207449913024902,31.719633102416992,0.0749108344316482,0.049915324896574,,38.28366088867188,105.47704315185548,7.713796615600586,170.67539978027344,143.81536865234375,0.0,0.001308208447881,0.00192190927919,0.0001038050686474,0.0,0.0003957682056352,0.0001685166789684,0.0339164845645427,0.0002996851108036,0.797383123496523,Phù hợp,0.5,
NB25,Cảng Cái Rồng- Vân Đồn,2026-10-01,2026,4,cobia,2329585,466608,5.793643474578857,26.196495056152344,8.323138236999512,31.25137519836425,0.071129485964775,0.0348211452364921,,30.72616577148437,77.79927062988281,5.691306114196777,0.0,106.63614654541016,1.9749270677566528,0.001308208447881,0.0014133123913779,0.0001038050686474,0.0002505857846699,0.0005711955018341,0.0001685166789684,0.0139975771307945,0.0003684287075884,0.8309684620061148,Phù hợp,0.5,
NB26,Khu vực cảng 10-10 - Cẩm Phả,2026-01-01,2026,1,cobia,2321486,455510,6.203894138336182,20.65007972717285,8.221567153930664,31.799867630004883,0.0614717453718185,0.0191772431135177,,31.90487670898437,80.8077392578125,16.462873458862305,0.0,121.94841766357422,0.0,0.0013612867332994,0.0015811792109161,0.0001038050686474,0.0,0.000966386985965,0.0001685166789684,0.0164204742759466,0.0007095155888237,0.8158512747162057,Phù hợp,0.5,
NB26,Khu vực cảng 10-10 - Cẩm Phả,2026-04-01,2026,2,cobia,2321486,455510,6.684109210968018,25.56925773620605,8.281757354736328,31.78628158569336,0.0702742487192154,0.0084198918193578,,35.11458206176758,63.4547119140625,12.40389919281006,0.0,115.03472137451172,0.0,0.0013036195887252,0.0016594437183812,0.0001038050686474,0.003639968112111,0.0015757291112095,0.0001685166789684,0.0164659153670072,0.0005722671048715,0.823856921588695,Phù hợp,1.3645044888163615,
NB26,Khu vực cảng 10-10 - Cẩm Phả,2026-07-01,2026,3,cobia,2321486,455510,6.164426326751709,27.30904960632324,8.209921836853027,32.48797607421875,0.0499584600329399,0.0232551842927932,,35.468807220458984,79.66267395019531,14.34640407562256,0.0,142.57176208496094,0.0,0.001308208447881,0.0018096395069733,0.0001038050686474,0.0016750082140788,0.0017293624114245,0.0001685166789684,0.0200147163122892,0.0004848409735132,0.8238442094029971,Phù hợp,0.5,
NB26,Khu vực cảng 10-10 - Cẩm Phả,2026-10-01,2026,4,cobia,2321486,455510,7.471924781799316,25.882192611694336,8.243480682373047,31.442169189453125,0.054514180868864,0.0204968396574258,,35.119049072265625,70.60307312011719,11.890080451965332,0.0,119.01756286621094,0.0,0.001308208447881,0.0017951622139662,0.0001038050686474,7.253489457070827e-05,0.0008325865492224,0.0001685166789684,0.0064329053275287,0.0005239183665253,0.8312833867786331,Phù hợp,1.3645044888163615,
NB27,Khu vực cửa sông Mông Dương - TP.  Cẩm Phả,2026-01-01,2026,1,cobia,2330880,459989,5.919205188751221,21.80297088623047,8.149162292480469,26.87266731262207,0.0503839738667011,0.0373876392841339,,33.205078125,58.57782745361328,16.599306106567383,0.0,116.06359100341795,0.0,0.0013612867332994,0.0014964155852794,0.0001038050686474,0.0002016520738834,0.0001991545868804,0.0001685166789684,0.0084084561094641,0.0006188046536408,0.8253572855527166,Phù hợp,0.5,
NB27,Khu vực cửa sông Mông Dương - TP.  Cẩm Phả,2026-04-01,2026,2,cobia,2330880,459989,5.959065437316895,27.200590133666992,8.129739761352539,25.24667930603028,0.066797561943531,0.0413141436874866,,34.761863708496094,48.981876373291016,12.9580717086792,0.0,121.02828216552734,1.91589903831482,0.0013036195887252,0.0017591475043445,0.0001038050686474,0.0009053079411387,0.0004350799426902,0.0001685166789684,0.0067346887663006,0.0004886338138021,0.8269817647303735,Phù hợp,0.5,
NB27,Khu vực cửa sông Mông Dương - TP.  Cẩm Phả,2026-07-01,2026,3,cobia,2330880,459989,6.500170707702637,29.22346305847168,8.173632621765137,26.28512191772461,0.0439391881227493,0.0330966040492057,,36.00175094604492,52.73844528198242,14.546805381774902,0.0,124.19088745117188,0.0,0.001308208447881,0.0021930513903498,0.0001038050686474,0.0005034120404161,0.0008343993104062,0.0001685166789684,0.0160817075520753,0.0005142290028743,0.8299416986164054,Phù hợp,0.5,
NB27,Khu vực cửa sông Mông Dương - TP.  Cẩm Phả,2026-10-01,2026,4,cobia,2330880,459989,6.606662750244141,26.60102653503418,8.095154762268066,27.1489372253418,0.0419474430382251,0.0316484533250331,,32.61183547973633,63.66083526611328,20.26385307312012,63.83734130859375,98.08499908447266,0.0,0.001308208447881,0.002294476609677,0.0001038050686474,0.0012152685085311,0.0017681248718872,0.0001685166789684,0.01401362195611,0.0,0.8274669824565081,Phù hợp,1.258504866895635,
NB28,"Khu vực ven bờ xã Cẩm Hải, TP.  Cẩm Phả",2026-01-01,2026,1,cobia,2333357,460436,7.0934271812438965,21.411096572875977,8.126944541931152,28.890230178833008,0.0588677711784839,0.0262732040137052,,37.25662612915039,105.42503356933594,2.843623876571656,0.0,122.4734344482422,0.0,0.0013424396747723,0.0013878485187888,0.0001038050686474,0.0016798739088699,0.0011216689599677,0.0001685166789684,0.0369411371648311,0.0008317435858771,0.8136873343111203,Phù hợp,0.5,
NB28,"Khu vực ven bờ xã Cẩm Hải, TP.  Cẩm Phả",2026-04-01,2026,2,cobia,2333357,460436,6.188891887664795,27.23638153076172,8.091849327087402,27.12663078308105,0.0673415884375572,0.0377687215805053,,39.57854843139648,98.98065185546876,2.9719412326812744,224.86314392089844,135.72396850585938,0.0,0.0013036195887252,0.0017854470061138,0.0001038050686474,0.0,0.0018554249545559,0.0001685166789684,0.0072689456865191,0.0,0.8133242909124867,Phù hợp,0.5,
NB28,"Khu vực ven bờ xã Cẩm Hải, TP.  Cẩm Phả",2026-07-01,2026,3,cobia,2333357,460436,6.824383735656738,29.45632553100586,8.210973739624023,27.67879676818848,0.0736939087510109,0.0413970835506916,,34.404178619384766,96.76634216308594,2.515778064727783,0.0,116.14593505859376,0.0,0.001308208447881,0.0022228776942938,0.0001038050686474,0.0004492914595175,0.0004172632179688,0.0001685166789684,0.0266394019126892,0.0002996851108036,0.8119852162543968,Phù hợp,0.5,
NB28,"Khu vực ven bờ xã Cẩm Hải, TP.  Cẩm Phả",2026-10-01,2026,4,cobia,2333357,460436,6.416008949279785,25.679140090942383,7.9646430015563965,30.17078018188477,0.0594001524150371,0.0442930348217487,,38.69161987304688,102.15432739257812,3.945800542831421,108.8609390258789,151.38412475585938,0.6884661316871643,0.001308208447881,0.00173379201442,0.0001038050686474,0.0009224736131727,0.0016211378388106,0.0001685166789684,0.0197076685726642,0.0003684287075884,0.8150141687268395,Phù hợp,0.5,
NB29,Luồng Voi Lớn phía Tây xã Đoàn Kết- Vân Đồn,2026-01-01,2026,1,cobia,2334332,462783,6.509102821350098,22.18145751953125,8.142500877380371,30.675752639770508,0.0360498987138271,0.0133553463965654,,36.3629264831543,74.85892486572266,4.689184665679932,15.531070709228516,126.48413848876952,0.0,0.0013424396747723,0.0013947031693533,0.0001038050686474,0.0002437640505377,0.0014047480653971,0.0001685166789684,0.0228788387030363,0.0004371411923784,0.8419639191360913,Phù hợp,0.5,
NB29,Luồng Voi Lớn phía Tây xã Đoàn Kết- Vân Đồn,2026-04-01,2026,2,cobia,2334332,462783,6.506659507751465,25.214263916015625,8.181425094604492,28.82643318176269,0.0541986115276813,0.0190999526530504,,34.54118728637695,69.8344497680664,4.27326250076294,0.0,113.2315673828125,0.0,0.0013036195887252,0.001559377182275,0.0001038050686474,0.0,0.0043728686869144,0.0001685166789684,0.004336095880717,0.0193667113780975,0.8308087865292748,Phù hợp,0.5,
NB29,Luồng Voi Lớn phía Tây xã Đoàn Kết- Vân Đồn,2026-07-01,2026,3,cobia,2334332,462783,6.922720432281494,27.706478118896484,8.191856384277344,30.284217834472656,0.0357240289449691,0.0402333810925483,,36.11378860473633,79.28828430175781,4.968869209289551,0.0,121.19667053222656,0.0,0.0013036195887252,0.0021608346141874,0.0001038050686474,0.0,0.0006708174478262,0.0001685166789684,0.0338620208203792,0.0002789957798086,0.8353563690411427,Phù hợp,0.5,
NB29,Luồng Voi Lớn phía Tây xã Đoàn Kết- Vân Đồn,2026-10-01,2026,4,cobia,2334332,462783,7.151467323303223,24.34353256225586,8.15235424041748,30.181095123291016,0.0342243053019046,0.0346520915627479,,39.5961799621582,105.80979919433594,4.118820667266846,0.0,138.8314666748047,2.0431582927703857,0.001308208447881,0.0018551646498963,0.0001038050686474,0.0,0.0014155785320326,0.0001685166789684,0.0104240560904145,0.0001168955059256,0.8341371380174953,Phù hợp,0.5,
NB30,Ven bờ Đông Nam xã Đông Xá,2026-01-01,2026,1,cobia,2327079,463665,6.317163467407227,21.395124435424805,8.179595947265625,32.25148010253906,0.0627581477165222,0.0247092023491859,,35.54633712768555,59.262603759765625,2.7461752891540527,0.0,125.76986694335938,0.0,0.0013566978741437,0.0014292602427303,0.0001038050686474,0.0025512385182082,0.0006532815750688,0.0001685166789684,0.0137677174061536,0.0005953579675406,0.8308656939763301,Phù hợp,1.4981108937592036,
NB30,Ven bờ Đông Nam xã Đông Xá,2026-04-01,2026,2,cobia,2327079,463665,6.378554821014404,27.13208198547364,8.262760162353516,31.26289176940918,0.0679157674312591,0.0222825892269611,,31.485111236572266,57.630767822265625,3.0877726078033447,0.0,127.96542358398438,1.520116925239563,0.0013036195887252,0.0016794360708445,0.0001038050686474,0.0,0.0011106067104265,0.0001685166789684,0.0049738734960556,0.0005386660341173,0.8451299648549597,Phù hợp,0.5,
NB30,Ven bờ Đông Nam xã Đông Xá,2026-07-01,2026,3,cobia,2327079,463665,7.200026512145996,28.63094711303711,8.157119750976562,31.288253784179688,0.0534428469836711,0.0452702417969703,,41.50327682495117,113.78843688964844,1.6915332078933716,0.0,140.89080810546875,0.0,0.001308208447881,0.0025063664652407,0.0001038050686474,0.0002995269605889,0.0007334594265557,0.0001685166789684,0.0335505902767181,0.0001698231790214,0.8094032683332341,Phù hợp,1.4981108937592036,
NB30,Ven bờ Đông Nam xã Đông Xá,2026-10-01,2026,4,cobia,2327079,463665,5.764377117156982,24.904714584350582,8.216403007507324,31.015098571777344,0.0434236973524093,0.0261657368391752,,36.00276184082031,91.37015533447266,1.1536662578582764,0.0,109.48844146728516,6.444743633270264,0.001308208447881,0.0020671810489147,0.0001038050686474,0.0010544948745518,0.0014972918434068,0.0001685166789684,0.0187958814203739,0.0005173590034246,0.8494288786697082,Phù hợp,0.5,
NB31,Ven bờ Đông xã Hạ Long- Vân Đồn,2026-01-01,2026,1,cobia,2331339,470234,6.702820301055908,21.84551239013672,8.21854305267334,32.10196304321289,0.0405610613524913,0.0210006032139062,,36.3281478881836,98.34554290771484,3.2160792350769043,267.8396301269531,116.1847915649414,0.3939169943332672,0.0013612867332994,0.001484447508119,0.0001038050686474,0.0006962070474401,0.000928382622078,0.0001685166789684,0.0174702815711498,0.0007067454280331,0.8290767737458618,Phù hợp,0.5,
NB31,Ven bờ Đông xã Hạ Long- Vân Đồn,2026-04-01,2026,2,cobia,2331339,470234,5.866549491882324,25.57690048217773,8.250650405883789,32.02384948730469,0.041904117912054,0.0350071042776107,,34.03170394897461,95.02770233154295,2.3687562942504883,0.0,125.67452239990234,3.58101487159729,0.0013036195887252,0.0016593228792771,0.0001038050686474,0.0057979454286396,0.0021318565122783,0.0001685166789684,0.0151091432198882,0.001360768219456,0.8372740439496349,Phù hợp,2.0139756701608884,
NB31,Ven bờ Đông xã Hạ Long- Vân Đồn,2026-07-01,2026,3,cobia,2331339,470234,5.461127758026123,28.099498748779297,8.090933799743652,32.64337539672852,0.0390658192336559,0.0558856911957263,,37.80315399169922,100.04364013671876,4.721031665802002,0.0,134.21087646484375,3.894651174545288,0.001308208447881,0.0015430628554895,0.0001038050686474,0.0048682712949812,0.0010007009841501,0.0001685166789684,0.0157152656465768,0.0005285950610414,0.8247620348302194,Phù hợp,0.5,
NB31,Ven bờ Đông xã Hạ Long- Vân Đồn,2026-10-01,2026,4,cobia,2331339,470234,7.715958118438721,24.65872383117676,8.10012435913086,31.62120819091797,0.0556821450591087,0.0478218831121921,,36.028564453125,91.49663543701172,3.5928120613098145,0.0,119.57886505126952,5.892929553985596,0.0013036195887252,0.0019816078711301,0.0001038050686474,0.0011168003547936,0.0015642172656953,0.0001685166789684,0.0095313768833875,0.0,0.8372848191172849,Phù hợp,0.5,
NB32,Cảng Vạn Hoa- xã Vạn Yên- Vân Đồn,2026-01-01,2026,1,cobia,2346140,480817,6.62730884552002,21.7418155670166,8.26234245300293,31.926654815673828,0.0380837991833686,0.0414597056806087,,38.38804626464844,104.49544525146484,3.418543577194214,0.0,120.66580963134766,5.042701721191406,0.0013612867332994,0.0016627148725092,0.0001038050686474,4.473718945519067e-06,0.0003971841651946,0.0001685166789684,0.0168220531195402,0.0006106961518526,0.8354643341324879,Phù hợp,1.912872186007209,
NB32,Cảng Vạn Hoa- xã Vạn Yên- Vân Đồn,2026-04-01,2026,2,cobia,2346140,480817,7.1863627433776855,27.271595001220703,8.11420726776123,31.726037979125977,0.0481665320694446,0.0616675652563571,,37.62451553344727,136.666259765625,3.1709747314453125,0.0,125.26206970214844,8.194278717041016,0.001308208447881,0.0015589446993544,0.0001038050686474,0.0008062848355621,0.0003944125492125,0.0001685166789684,0.0144575042650103,0.0005957417888566,0.8279707693560082,Phù hợp,1.912872186007209,
NB32,Cảng Vạn Hoa- xã Vạn Yên- Vân Đồn,2026-07-01,2026,3,cobia,2346140,480817,7.926197528839111,28.08383750915528,8.123199462890625,32.197635650634766,0.0442963689565658,0.0700099095702171,,37.2933235168457,113.84707641601562,1.6137269735336304,46.04971694946289,123.37003326416016,6.704968452453613,0.0013036195887252,0.0019351203227415,0.0001038050686474,0.0048125754110515,0.0012634241720661,0.0001685166789684,0.017379367724061,0.0005159371066838,0.827567644274714,Phù hợp,1.912872186007209,
NB32,Cảng Vạn Hoa- xã Vạn Yên- Vân Đồn,2026-10-01,2026,4,cobia,2346140,480817,8.550220489501953,25.94050979614257,8.160770416259766,31.699932098388672,0.0538979284465312,0.0580241084098815,,34.79264450073242,131.74673461914062,3.6622681617736816,0.0,109.44220733642578,6.170936584472656,0.001308208447881,0.0015230698045343,0.0001038050686474,0.0005446210270747,0.0025378870777785,0.0001685166789684,0.0239643845707178,0.0008621105807833,0.8236696093524063,Phù hợp,1.912872186007209,
NB33,Thiên Cung - Đầu Gỗ,2026-01-01,2026,1,cobia,2313396,423810,6.876131057739258,20.64460563659668,8.186431884765625,32.09344482421875,0.0568362437188625,0.0263147689402103,,35.96244812011719,104.17413330078124,3.478432893753052,1770.519775390625,119.27839660644533,0.4386000633239746,0.001347028533928,0.0015616161981597,0.0001038050686474,0.0004111405287403,0.0014091548509895,0.0001685166789684,0.0074739828705787,0.000591168180108,0.8013906402561755,Phù hợp,0.5,
NB33,Thiên Cung - Đầu Gỗ,2026-04-01,2026,2,cobia,2313396,423810,6.095789909362793,27.25345039367676,8.251177787780762,31.90758514404297,0.0626211762428283,0.0262200459837913,,31.37894821166992,69.811767578125,1.9956305027008057,0.0,117.9700927734375,5.34848690032959,0.0013036195887252,0.0016029959078878,0.0001038050686474,0.0,0.0010334106627851,0.0001685166789684,0.0149635346606373,0.0003696866333484,0.8527977160789726,Rất phù hợp,0.5,
NB33,Thiên Cung - Đầu Gỗ,2026-07-01,2026,3,cobia,2313396,423810,6.458685398101807,29.363643646240234,8.16013240814209,31.20703315734864,0.0524591766297817,0.0373652204871177,,40.86308670043945,138.5228271484375,0.0,550.9732055664062,131.1181640625,2.6994829177856445,0.001308208447881,0.0018698131898418,0.0001038050686474,0.000719586154446,0.0009371585911139,0.0001685166789684,0.0134511459618806,0.0003070236125495,0.8089506174077036,Phù hợp,0.5878250164802447,
NB33,Thiên Cung - Đầu Gỗ,2026-10-01,2026,4,cobia,2313396,423810,8.150590896606445,25.354293823242188,8.117234230041504,31.706371307373047,0.0544280000030994,0.0398414731025695,,33.03227615356445,119.25929260253906,3.618397951126098,1285.055908203125,124.33174896240234,12.41594123840332,0.001308208447881,0.0019948515109717,0.0001038050686474,0.0016239483375102,0.0012925693299621,0.0001685166789684,0.0186263136565685,0.0003032484673894,0.8355446901922987,Phù hợp,0.5,
NB34,Đảo TiTop,2026-01-01,2026,1,cobia,2307445,430246,6.032890796661377,22.34296989440918,8.214930534362793,31.92122840881348,0.0445182360708713,0.0293998531997203,,31.945018768310547,80.98306274414062,2.668503761291504,0.0,114.86279296875,0.0,0.0013905951054766,0.001898811198771,0.0001038050686474,0.0,0.000613204203546,0.0001685166789684,0.006737666670233,0.0001880361814983,0.8395035998404523,Phù hợp,0.3916554608326048,
NB34,Đảo TiTop,2026-04-01,2026,2,cobia,2307445,430246,5.838282585144043,26.458803176879883,8.159075736999512,32.39268493652344,0.0650789514183998,0.0335316732525825,,35.32312774658203,69.0648193359375,4.028501987457275,0.0,132.429931640625,2.940086126327514,0.001308208447881,0.0016026011435315,0.0001038050686474,0.0,0.0011569226626306,0.0001685166789684,0.0067991008982062,0.0004869647673331,0.8373698251335139,Phù hợp,0.3916554608326048,
NB34,Đảo TiTop,2026-07-01,2026,3,cobia,2307445,430246,6.259031295776367,28.174659729003903,8.08010196685791,31.948406219482425,0.0530915893614292,0.0567664466798305,,37.17243194580078,109.4149398803711,1.913569688796997,1075.029052734375,128.53932189941406,7.695396423339844,0.001308208447881,0.0025756356772035,0.0001038050686474,0.0,0.0005374037427827,0.0001685166789684,0.0203374437987804,0.0003159765910822,0.8229980918827661,Phù hợp,0.3916554608326048,
NB34,Đảo TiTop,2026-10-01,2026,4,cobia,2307445,430246,7.357362747192383,26.31789207458496,8.14107608795166,31.58907127380371,0.0709214434027671,0.0595169812440872,,34.12237930297852,101.63270568847656,1.67095685005188,0.0,110.19683074951172,1.4077030420303345,0.001308208447881,0.0022147949784994,0.0001038050686474,0.0003446011687628,0.0010010363766923,0.0001685166789684,0.0187609978020191,0.0003978078020736,0.815183545627557,Phù hợp,0.3916554608326048,
NB35,Khu nghỉ đêm - Cát Lán,2026-01-01,2026,1,cobia,2307219,430996,6.873947143554688,21.364233016967773,8.174842834472656,31.78270530700684,0.0646199285984039,0.028194235637784,,34.78691482543945,101.68769073486328,0.0,0.0,105.55667114257812,4.460189342498779,0.0013905951054766,0.0018509430810809,0.0001038050686474,0.0001182316700578,0.0011831359006464,0.0001685166789684,0.0059568961150944,0.0006275183986872,0.831507952849481,Phù hợp,0.3258024708316375,
NB35,Khu nghỉ đêm - Cát Lán,2026-04-01,2026,2,cobia,2307219,430996,7.081291198730469,26.883464813232425,8.10022258758545,32.33241271972656,0.075776495039463,0.0462914817035198,,36.0590934753418,118.210205078125,4.237985134124756,0.0,125.1977081298828,9.70403289794922,0.001308208447881,0.0019205762073397,0.0001038050686474,0.0001826086227083,0.0011236874852329,0.0001685166789684,0.0127251641824841,0.00040666849236,0.8282396734614581,Phù hợp,0.3258024708316375,
NB35,Khu nghỉ đêm - Cát Lán,2026-07-01,2026,3,cobia,2307219,430996,6.090852737426758,27.5057430267334,8.102644920349121,32.71828079223633,0.0509780086576938,0.0664749220013618,,36.00658416748047,108.2383804321289,3.283801794052124,876.3234252929688,147.0391387939453,5.277482986450195,0.001308208447881,0.0022853065747767,0.0001038050686474,0.0001212549686897,0.0007592909387312,0.0001685166789684,0.0140143120661377,0.0003467493224889,0.8192357534114258,Phù hợp,0.3258024708316375,
NB35,Khu nghỉ đêm - Cát Lán,2026-10-01,2026,4,cobia,2307219,430996,7.810159206390381,26.21906280517578,8.111984252929688,31.69087219238281,0.0679509490728378,0.0438127294182777,,31.81253433227539,105.59144592285156,1.920091271400452,755.409423828125,118.81047821044922,4.1333208084106445,0.001308208447881,0.0019141245866194,0.0001038050686474,0.00233656889759,0.0013363743200898,0.0001685166789684,0.0117774987593293,0.0003325221769046,0.8200028028797501,Phù hợp,0.3258024708316375,
NB36,Khu Nghỉ đêm - Hang Luồn,2026-01-01,2026,1,cobia,2306977,431601,6.567798614501953,22.364391326904297,8.103923797607422,31.667604446411133,0.0587059669196605,0.0342235751450061,,35.354644775390625,76.64482116699219,1.761961579322815,869.8031616210938,120.30264282226562,0.1614017635583877,0.0013612867332994,0.0015129845123738,0.0001038050686474,3.245213156333193e-05,0.0011315045412629,0.0001685166789684,0.0056914519518613,0.0004931557341478,0.8226661567889924,Phù hợp,0.3258024708316375,
NB36,Khu Nghỉ đêm - Hang Luồn,2026-04-01,2026,2,cobia,2306977,431601,5.941396236419678,25.742923736572266,8.0993070602417,31.999988555908203,0.0637454688549041,0.0428402237594127,,28.95703315734864,66.74942016601562,3.22200345993042,0.0,115.39389038085938,3.072140693664551,0.0013036195887252,0.0017280555330216,0.0001038050686474,0.0,0.0010394803248345,0.0001685166789684,0.014770614914596,0.0004743084718938,0.8437704342606434,Phù hợp,0.3258024708316375,
NB36,Khu Nghỉ đêm - Hang Luồn,2026-07-01,2026,3,cobia,2306977,431601,6.127312183380127,28.738977432250977,8.103388786315918,31.645038604736328,0.0543499179184436,0.0548445470631122,,38.20638656616211,91.49037170410156,1.71432363986969,0.0,121.8653793334961,2.423015832901001,0.001308208447881,0.0020652317907661,0.0001038050686474,0.000337490811944,0.0014717964222654,0.0001685166789684,0.0151741495355963,0.0004450787673704,0.825707877935091,Phù hợp,0.3258024708316375,
NB36,Khu Nghỉ đêm - Hang Luồn,2026-10-01,2026,4,cobia,2306977,431601,5.959801197052002,25.040063858032227,8.152844429016113,31.30464553833008,0.0448011718690395,0.0387963503599166,,35.131309509277344,100.9068603515625,2.308456420898437,841.590576171875,119.93628692626952,1.002800226211548,0.001308208447881,0.0019740487914532,0.0001038050686474,0.0,0.0006969827809371,0.0001685166789684,0.014724425971508,0.000383071223041,0.8236897104660083,Phù hợp,0.3258024708316375,
NB37,Bồ Nâu - Sửng Sốt,2026-01-01,2026,1,cobia,2305988,431059,6.5488152503967285,22.34109878540039,8.22693920135498,32.43894577026367,0.0321990549564361,0.0352316722273826,,36.75452423095703,92.77802276611328,4.310009002685547,0.0,129.71875,4.015326499938965,0.0013905951054766,0.001586833037436,0.0001038050686474,0.0,0.0012394527439028,0.0001685166789684,0.0035817460156977,0.0003848244377877,0.8446975709076925,Phù hợp,0.5,
NB37,Bồ Nâu - Sửng Sốt,2026-04-01,2026,2,cobia,2305988,431059,6.274999618530273,26.746448516845703,8.171144485473633,30.50946998596192,0.0311302058398723,0.0549835674464702,,36.32147216796875,101.2073211669922,3.1352484226226807,0.0,125.7503662109375,5.459717750549316,0.0013036195887252,0.0017430251464247,0.0001038050686474,0.0,0.0007719303830526,0.0001685166789684,0.022150445729494,0.0003423708549235,0.8440933353904047,Phù hợp,0.5638893951831334,
NB37,Bồ Nâu - Sửng Sốt,2026-07-01,2026,3,cobia,2305988,431059,6.02825927734375,28.66581916809082,8.198295593261719,31.099628448486328,0.0298207849264144,0.0592696666717529,,40.8828010559082,114.4751434326172,1.9901447296142576,0.0,135.16612243652344,4.025542259216309,0.001308208447881,0.0023106075823307,0.0001038050686474,0.0002092252252623,0.0009384633158333,0.0001685166789684,0.011834405362606,0.0,0.8305939673818624,Phù hợp,0.5638893951831334,
NB37,Bồ Nâu - Sửng Sốt,2026-10-01,2026,4,cobia,2305988,431059,8.537979125976562,24.451704025268555,8.03964900970459,32.07257843017578,0.0399333722889423,0.0411240383982658,,39.50701522827149,124.4472427368164,4.003711700439453,0.0,128.90347290039062,9.99834442138672,0.001308208447881,0.0019542211666703,0.0001038050686474,0.0,0.0007155447965487,0.0001685166789684,0.0179954208433628,0.000184571777936,0.8426807681871612,Phù hợp,0.5,
NB38,Khu nghỉ đêm - Lờm bò,2026-01-01,2026,1,cobia,2304145,430616,6.580024242401123,22.33576774597168,8.215008735656738,31.43060874938965,0.0373964421451091,0.0462220720946788,,36.49335479736328,129.51144409179688,4.171736717224121,1017.4614868164062,118.88874816894533,0.0,0.0013377498835325,0.001537119038403,0.0001038050686474,0.0,0.0014167602639645,0.0001685166789684,0.0124081689864397,0.0005275040748529,0.8064346064531371,Phù hợp,0.5,
NB38,Khu nghỉ đêm - Lờm bò,2026-04-01,2026,2,cobia,2304145,430616,6.038361549377441,26.064159393310547,8.16667366027832,31.999330520629883,0.0412775203585624,0.0516930967569351,,34.733985900878906,103.38180541992188,2.085814952850342,0.0,112.15015411376952,5.591160774230957,0.0013036195887252,0.0015877606347203,0.0001038050686474,0.0,0.0010868452955037,0.0001685166789684,0.0051981364376842,0.0005562480073422,0.8439807199193199,Phù hợp,0.947747065413552,
NB38,Khu nghỉ đêm - Lờm bò,2026-07-01,2026,3,cobia,2304145,430616,5.605275630950928,28.40090560913086,8.07107925415039,32.432559967041016,0.0394492633640766,0.0780358985066413,,35.878910064697266,103.60575103759766,0.8479790091514587,0.0,131.5961456298828,2.5061397552490234,0.0013036195887252,0.0024522847961634,0.0001038050686474,0.0011561948340386,0.000827684008982,0.0001685166789684,0.0342937372624874,0.0001186472654808,0.8206661114292475,Phù hợp,0.947747065413552,
NB38,Khu nghỉ đêm - Lờm bò,2026-10-01,2026,4,cobia,2304145,430616,6.2671732902526855,24.846548080444336,8.045476913452148,30.91171646118164,0.0549379922449588,0.0572898723185062,,31.69226837158203,133.05413818359375,1.397019624710083,68.0682144165039,115.16075134277344,4.768610954284668,0.001308208447881,0.0020183844026178,0.0001038050686474,0.0011509926989674,0.0015107684303075,0.0001685166789684,0.0221636239439249,0.0002769757120404,0.8229612287262814,Phù hợp,0.5,
NB39,Khu nghỉ đêm Cống Đỏ,2026-01-01,2026,1,cobia,2309402,433983,6.535181522369385,21.222639083862305,8.235587120056152,32.980018615722656,0.0300130490213632,0.0214278381317853,,35.24864196777344,92.5842514038086,4.454159259796143,0.0,131.73927307128906,2.8657922744750977,0.001353399362415,0.0017504291608929,0.0001038050686474,0.0,0.0012349461903795,0.0001685166789684,0.004133281763643,0.0003585242957342,0.8450326256149404,Phù hợp,1.2854541026423307,
NB39,Khu nghỉ đêm Cống Đỏ,2026-04-01,2026,2,cobia,2309402,433983,6.563311576843262,26.53462600708008,8.248787879943848,31.950437545776367,0.0425324812531471,0.0309740826487541,,35.84735107421875,88.02601623535156,1.942041516304016,0.0,120.46212768554688,10.430341720581056,0.001308208447881,0.0018471806542947,0.0001038050686474,0.0009613744914531,0.0008757431642152,0.0001685166789684,0.0310853961855173,0.0006289191660471,0.8605954450317306,Rất phù hợp,0.5,
NB39,Khu nghỉ đêm Cống Đỏ,2026-07-01,2026,3,cobia,2309402,433983,6.197623252868652,28.23713493347168,8.095131874084473,32.02516555786133,0.0412374809384346,0.0506757050752639,,39.99595642089844,114.7108383178711,2.5575480461120605,0.0,129.68748474121094,3.987003326416016,0.001308208447881,0.0020882748067378,0.0001038050686474,0.0035434982273727,0.0020988970063626,0.0001685166789684,0.0176556557416915,0.0002295744488947,0.8241786846134381,Phù hợp,0.5,
NB39,Khu nghỉ đêm Cống Đỏ,2026-10-01,2026,4,cobia,2309402,433983,7.026848316192627,24.15250396728516,8.082900047302246,31.877201080322266,0.051657598465681,0.0453398413956165,,33.69316482543945,102.7081069946289,4.131778717041016,0.0,126.7296142578125,1.341325283050537,0.001308208447881,0.0017316542798653,0.0001038050686474,0.0001433617580914,0.0009562795748934,0.0001685166789684,0.0112738525494933,0.000428419210948,0.8279574233477891,Phù hợp,0.5,
NB40,Làng chài Ba Hang,2026-01-01,2026,1,cobia,2312233,423638,6.494942665100098,21.13214683532715,8.151888847351074,32.348541259765625,0.0722461640834808,0.0271147824823856,,30.361745834350582,89.3385238647461,2.675591468811035,280.0052795410156,100.72517395019533,0.1901473104953766,0.0013905951054766,0.0015775895444676,0.0001038050686474,0.0001740167354,0.0011864617699757,0.0001685166789684,0.0156065793707966,0.0006275183986872,0.8195337931042277,Phù hợp,0.5,
NB40,Làng chài Ba Hang,2026-04-01,2026,2,cobia,2312233,423638,5.826879501342773,26.46524238586425,8.183417320251465,32.19175338745117,0.0813567042350769,0.0319682881236076,,29.83848571777344,72.72959899902344,3.0269041061401367,503.8784790039063,108.58171844482422,0.1792921870946884,0.0013036195887252,0.0016123035456985,0.0001038050686474,8.169059583451599e-05,0.0016308223130181,0.0001685166789684,0.0092209493741393,0.0008344363886862,0.8222125986175101,Phù hợp,0.5,
NB40,Làng chài Ba Hang,2026-07-01,2026,3,cobia,2312233,423638,5.010202884674072,27.699636459350582,8.20184326171875,31.99735641479492,0.0667453333735466,0.0403245948255062,,29.09475517272949,55.37165069580078,1.1782302856445312,961.1289672851562,124.46905517578124,2.175219774246216,0.001308208447881,0.0021002471912652,0.0001038050686474,0.0077140051871538,0.00084062066162,0.0001685166789684,0.0190167129039764,0.0008835291373543,0.8197582296696261,Phù hợp,0.5878250164802447,
NB40,Làng chài Ba Hang,2026-10-01,2026,4,cobia,2312233,423638,7.658082485198975,26.215240478515625,8.184998512268066,31.611661911010746,0.0714412555098533,0.0590563490986824,,36.1510124206543,130.46768188476562,1.1357924938201904,913.6847534179688,116.5091781616211,4.73891544342041,0.001308208447881,0.0019584875553846,0.0001038050686474,0.0050247451290488,0.0017844823887571,0.0001685166789684,0.0198653992265462,0.0004640511178877,0.7987460548802452,Phù hợp,0.5,
NB41,Làng chài Hoa Cương,2026-01-01,2026,1,cobia,2309195,425079,6.378638744354248,20.8440170288086,8.179656028747559,32.59321594238281,0.0531683452427387,0.0272614266723394,,32.81789016723633,91.4195556640625,3.792262554168701,119.3772201538086,105.44947052001952,3.2461860179901123,0.0013612867332994,0.0014985573943704,0.0001038050686474,0.0003729200398083,0.0024216286838054,0.0001685166789684,0.0145633798092603,0.0007684181910008,0.8331540653132526,Phù hợp,0.5,
NB41,Làng chài Hoa Cương,2026-04-01,2026,2,cobia,2309195,425079,6.79759407043457,26.748092651367188,8.165614128112793,32.66938400268555,0.0713161751627922,0.0361111126840114,,30.30240821838379,107.62484741210938,3.5323169231414795,0.0,96.91895294189452,9.611968994140623,0.0013036195887252,0.0015020589344203,0.0001038050686474,0.0,0.0017684210324659,0.0001685166789684,0.0083644483238458,0.0003114366263616,0.8443292722850684,Phù hợp,0.5,
NB41,Làng chài Hoa Cương,2026-07-01,2026,3,cobia,2309195,425079,5.538390636444092,27.679630279541016,8.143742561340332,32.72284698486328,0.060018952935934,0.0515442937612533,,33.23921203613281,74.07803344726562,4.220826625823975,130.1283416748047,123.17871856689452,6.848843574523926,0.0013036195887252,0.0021897957194596,0.0001038050686474,0.0,0.0003294213674962,0.0001685166789684,0.0161998309195041,0.0002594339603092,0.8395035752953856,Phù hợp,0.5,
NB41,Làng chài Hoa Cương,2026-10-01,2026,4,cobia,2309195,425079,6.660426616668701,25.81015968322754,8.156983375549316,31.619813919067383,0.0498306192457675,0.0455166660249233,,30.497636795043945,96.92406463623048,3.937305450439453,109.43014526367188,117.3320541381836,6.508198261260986,0.001308208447881,0.0016361642628908,0.0001038050686474,0.0002784554963,0.0009418237023055,0.0001685166789684,0.0275643710047006,0.0004107059212401,0.8444546532814796,Phù hợp,0.5,
NB42,Làng chài Cửa Vạn,2026-01-01,2026,1,cobia,2301526,434156,7.625716209411621,21.096900939941406,8.212333679199219,31.85155296325684,0.0531699694693088,0.0249591246247291,,38.24288177490234,92.08438873291016,1.4480875730514526,0.0,129.0966339111328,0.0,0.0013905951054766,0.001832045498304,0.0001038050686474,0.0,0.0019677649252116,0.0001685166789684,0.0085124932229518,0.0,0.824658858988127,Phù hợp,0.5,
NB42,Làng chài Cửa Vạn,2026-04-01,2026,2,cobia,2301526,434156,6.664021968841553,26.869606018066406,8.182466506958008,32.226829528808594,0.0617729090154171,0.0342956818640232,,39.09312057495117,110.29828643798828,1.423418641090393,0.0,122.02843475341795,3.144206523895264,0.001308208447881,0.0014484308194369,0.0001038050686474,6.545793439727277e-05,0.0009690062724985,0.0001685166789684,0.0020634313113987,0.000473544379929,0.8266276159095998,Phù hợp,1.887556091881775,
NB42,Làng chài Cửa Vạn,2026-07-01,2026,3,cobia,2301526,434156,6.16972541809082,28.63834571838379,8.118115425109863,32.053768157958984,0.0398564077913761,0.0556803345680236,,34.80789566040039,99.33903503417967,1.873288869857788,249.20855712890625,112.99581909179688,0.0,0.0013036195887252,0.0026222476735711,0.0001038050686474,0.0027423102874308,0.0016471619019284,0.0001685166789684,0.0315964557230472,0.0016657978994771,0.8189075687160159,Phù hợp,0.5,
NB42,Làng chài Cửa Vạn,2026-10-01,2026,4,cobia,2301526,434156,8.524608612060547,24.705198287963867,8.225969314575195,31.4157772064209,0.0572432503104209,0.0498311109840869,,34.405303955078125,89.30123901367188,3.394157886505127,0.0,125.3354263305664,0.0,0.001308208447881,0.001936585525982,0.0001038050686474,0.0002783164964057,0.0008838235517032,0.0001685166789684,0.016366409137845,0.0003829626075457,0.8240672083102822,Phù hợp,0.5,
NB43,Làng chài Cống Tầu,2026-01-01,2026,1,cobia,2296143,437139,6.210971355438232,22.00253295898437,8.126174926757812,32.650367736816406,0.0418027974665164,0.0308976005762815,,32.16380310058594,75.8274917602539,1.1036237478256226,0.0,134.85250854492188,0.0,0.0013905951054766,0.0016979265492409,0.0001038050686474,0.0,0.001448412425816,0.0001685166789684,0.0114718349650502,0.0,0.8427562688550324,Phù hợp,1.7137416666464056,
NB43,Làng chài Cống Tầu,2026-04-01,2026,2,cobia,2296143,437139,5.861043453216553,27.315303802490234,8.184666633605957,31.16172790527344,0.0432868711650371,0.038239236921072,,30.87397575378418,56.83674240112305,1.7607086896896362,0.0,119.80867767333984,1.9190226793289185,0.001308208447881,0.0016578517388552,0.0001038050686474,0.0,0.0007807096699252,0.0001685166789684,0.0046880571171641,0.000334453798132,0.855762247184256,Rất phù hợp,0.5,
NB43,Làng chài Cống Tầu,2026-07-01,2026,3,cobia,2296143,437139,6.9264326095581055,29.01505851745605,8.157291412353516,31.0262451171875,0.0398310981690883,0.0506273806095123,,39.951168060302734,112.5509262084961,0.7102766036987305,0.0,133.41485595703125,5.718619346618652,0.001308208447881,0.0024257155600935,0.0001038050686474,0.0044778133742511,0.0006434195092879,0.0001685166789684,0.0309781115502119,0.0004333315591793,0.8275977066220814,Phù hợp,0.5,
NB43,Làng chài Cống Tầu,2026-10-01,2026,4,cobia,2296143,437139,8.227015495300293,24.643972396850582,8.064922332763672,31.21438980102539,0.0414475835859775,0.0520541109144687,,37.20298767089844,112.86190795898438,3.9238569736480713,0.0,122.5412368774414,4.999425411224365,0.001308208447881,0.0020282117184251,0.0001038050686474,0.0,0.0010058711050078,0.0001685166789684,0.0159765910357236,0.0003594944428186,0.8327963711194494,Phù hợp,0.5,
NB44,Làng chài Vông Viêng,2026-01-01,2026,1,cobia,2305622,438613,6.523873805999756,22.33363151550293,8.158409118652344,31.471399307250977,0.0534431971609592,0.0289278402924537,,35.00168228149414,88.44834899902344,0.3997591435909271,2693.26513671875,112.8154296875,0.0,0.0013905951054766,0.0015298546059057,0.0001038050686474,0.0057341149076819,0.0052467272616922,0.0001685166789684,0.021745927631855,0.0008597490377724,0.7971238818375178,Phù hợp,0.5,
NB44,Làng chài Vông Viêng,2026-04-01,2026,2,cobia,2305622,438613,5.958333015441895,25.986167907714844,8.0960054397583,32.87351989746094,0.0601317808032035,0.0372672341763973,,32.58888244628906,100.03983306884766,3.102046251296997,2023.7978515625,115.48937225341795,0.0,0.0013036195887252,0.0014847280690446,0.0001038050686474,0.000246530980803,0.0019088523695245,0.0001685166789684,0.0113123031333088,0.0006157479365356,0.8050041949901703,Phù hợp,0.5,
NB44,Làng chài Vông Viêng,2026-07-01,2026,3,cobia,2305622,438613,6.095765590667725,28.267709732055664,8.092608451843262,31.8879623413086,0.055464468896389,0.0589693710207939,,33.97364044189453,50.77679443359375,2.919687271118164,1665.7242431640625,122.08583068847656,0.0,0.0013036195887252,0.0023087498266249,0.0001038050686474,0.000516970816534,0.0009527148795314,0.0001685166789684,0.0224927011877298,0.0001637270470382,0.8175973492399381,Phù hợp,2.988532248445715,
NB44,Làng chài Vông Viêng,2026-10-01,2026,4,cobia,2305622,438613,5.781342506408691,26.317981719970703,8.158333778381348,30.99078750610352,0.0707163140177726,0.0489587672054767,,30.72077751159668,77.61193084716797,0.7297978401184082,0.0,94.93757629394533,0.0,0.001308208447881,0.0020645437762141,0.0001038050686474,0.0016562286764383,0.0023447722196578,0.0001685166789684,0.0196930840611457,0.0020174742676317,0.8227589708717262,Phù hợp,2.988532248445715,
NB45,Làng chài Cống Đầm,2026-01-01,2026,1,cobia,2306077,451136,6.733551502227783,21.24941635131836,8.186912536621094,32.08380889892578,0.0384976938366889,0.0215910505503416,,38.29453659057617,88.77288055419922,3.613306999206543,1585.7615966796875,114.6948699951172,0.3461238443851471,0.0013905951054766,0.001619606046006,0.0001038050686474,0.0,0.0019080680795013,0.0001685166789684,0.0114826774224638,0.0,0.8172984156475313,Phù hợp,0.5,
NB45,Làng chài Cống Đầm,2026-04-01,2026,2,cobia,2306077,451136,6.109577655792236,26.730392456054688,8.272656440734863,30.755098342895508,0.0476108230650424,0.0249929819256067,,31.423933029174805,75.12970733642578,3.543139696121216,0.0,113.74867248535156,3.2756803035736084,0.001308208447881,0.001505370484665,0.0001038050686474,1.928472556755878e-05,0.0008203575853258,0.0001685166789684,0.0047206450253725,0.0005601141019724,0.8532673244949869,Rất phù hợp,0.5,
NB45,Làng chài Cống Đầm,2026-07-01,2026,3,cobia,2306077,451136,6.194859981536865,28.23970413208008,8.198524475097656,30.23814582824707,0.0328332483768463,0.0427331216633319,,39.12688446044922,93.1080551147461,2.668829679489136,0.0,134.8997039794922,0.0,0.0013036195887252,0.0024858890101313,0.0001038050686474,0.0055203177034854,0.0010476710740476,0.0001685166789684,0.0346734821796417,0.0004188707389403,0.8238508837772069,Phù hợp,0.9045136814885666,
NB45,Làng chài Cống Đầm,2026-10-01,2026,4,cobia,2306077,451136,5.641941547393799,25.37457275390625,8.105742454528809,31.451997756958008,0.0385529622435569,0.0310005620121955,,37.300079345703125,89.3370361328125,1.8062533140182493,0.0,125.45526123046876,0.0,0.001308208447881,0.0020629768259823,0.0001038050686474,0.0002011577307712,0.0010763364844024,0.0001685166789684,0.0154178412631154,0.0002849125885404,0.8336743000365517,Phù hợp,0.9045136814885666,
NB46,Bãi Dài - Vân Đồn,2026-01-01,2026,1,cobia,2334825,472577,6.219795227050781,21.347801208496094,8.162678718566895,31.99672508239746,0.048799280077219,0.025534825399518,,34.83108901977539,59.10853576660156,2.753638744354248,136.71310424804688,128.21026611328125,1.6286603212356567,0.001347028533928,0.0015970716485753,0.0001038050686474,0.0015336665092036,0.0008712069829925,0.0001685166789684,0.0205998234450817,0.0007307030027732,0.840801306079347,Phù hợp,0.5,
NB46,Bãi Dài - Vân Đồn,2026-04-01,2026,2,cobia,2334825,472577,6.135104656219482,26.653684616088867,8.219054222106934,31.9642333984375,0.0637345239520073,0.0306226387619972,,30.22102165222168,57.74047088623047,3.2809643745422363,0.0,111.99917602539062,0.7430452704429626,0.0013036195887252,0.0015556163853034,0.0001038050686474,0.0,0.0010849288664758,0.0001685166789684,0.0127282990142703,0.00036779398215,0.8438531873524611,Phù hợp,2.100109818557116,
NB46,Bãi Dài - Vân Đồn,2026-07-01,2026,3,cobia,2334825,472577,6.208278656005859,28.5299015045166,8.09628963470459,32.093990325927734,0.0364300161600112,0.0469882823526859,,37.90398025512695,90.49693298339844,3.1129307746887207,874.7947998046875,143.05377197265625,4.265574932098389,0.0013036195887252,0.0021657512988895,0.0001038050686474,0.0007318909629248,0.00067011162173,0.0001685166789684,0.0171782616525888,0.0002582735323812,0.831548648143483,Phù hợp,2.100109818557116,
NB46,Bãi Dài - Vân Đồn,2026-10-01,2026,4,cobia,2334825,472577,8.267691612243652,25.867084503173828,8.195735931396484,31.01865768432617,0.0486660189926624,0.0461698286235332,,30.285385131835938,62.96229553222656,3.460743904113769,0.0,124.6473159790039,6.78469705581665,0.001308208447881,0.0020478419028222,0.0001038050686474,0.0,0.0011844836408272,0.0001685166789684,0.0150740602985024,0.0,0.859311594551355,Rất phù hợp,0.5,
NB47,"Bãi tắm Minh Châu- xã Minh Châu, Vân Đồn",2026-01-01,2026,1,cobia,2316823,479287,6.944446563720703,22.12140464782715,8.159065246582031,32.39877700805664,0.0668965280055999,0.0188670046627521,,35.95783233642578,66.2808609008789,0.9720351696014404,359.72772216796875,117.40235137939452,0.0,0.001347028533928,0.0015528002986684,0.0001038050686474,0.0025242033880203,0.0007615668582729,0.0001685166789684,0.0150117045268416,0.0006913406541571,0.8267196439556053,Phù hợp,0.5,
NB47,"Bãi tắm Minh Châu- xã Minh Châu, Vân Đồn",2026-04-01,2026,2,cobia,2316823,479287,5.422059059143066,26.30306053161621,8.239428520202637,32.10464096069336,0.078783132135868,0.0249266438186168,,32.10641098022461,72.1208267211914,2.9789133071899414,0.0,108.38919067382812,2.0237367153167725,0.0013036195887252,0.0017094095237553,0.0001038050686474,0.0008966433815658,0.0015522425528615,0.0001685166789684,0.0105493264272809,0.0004077155608683,0.8285616277158294,Phù hợp,1.4323129895382505,
NB47,"Bãi tắm Minh Châu- xã Minh Châu, Vân Đồn",2026-07-01,2026,3,cobia,2316823,479287,6.254004955291748,28.44212532043457,8.245675086975098,32.21100997924805,0.069113090634346,0.0406486503779888,,37.12265396118164,82.50531768798828,1.0481711626052856,0.0,145.93699645996094,2.678245782852173,0.001308208447881,0.0018988280789926,0.0001038050686474,0.0002717029710765,0.0006077263969928,0.0001685166789684,0.0129075245931744,0.0003215196193195,0.8287745934626166,Phù hợp,1.4323129895382505,
NB47,"Bãi tắm Minh Châu- xã Minh Châu, Vân Đồn",2026-10-01,2026,4,cobia,2316823,479287,8.084914207458496,25.0253849029541,8.105339050292969,32.24519729614258,0.0646834000945091,0.0382435843348503,,35.64545440673828,132.58172607421875,4.403234481811523,84.9551010131836,124.522216796875,4.90831184387207,0.001308208447881,0.0018445048481225,0.0001038050686474,0.0,0.0007502433145418,0.0001685166789684,0.0091298287734389,0.0003834828967228,0.8192544987551436,Phù hợp,0.5,
NB48,"Bãi tắm Sơn Hào- xã Quan Lạn, Vân Đồn",2026-01-01,2026,1,cobia,2311631,475997,6.102726936340332,21.88203239440918,8.116602897644043,32.42023468017578,0.0622529126703739,0.0291011594235897,,33.218265533447266,70.14920043945312,0.714709997177124,0.0,111.08914947509766,0.0,0.0013612867332994,0.0014352828729897,0.0001038050686474,0.0,0.0011611360823735,0.0001685166789684,0.009327009320259,0.0006819714908488,0.834573073071431,Phù hợp,0.5,
NB48,"Bãi tắm Sơn Hào- xã Quan Lạn, Vân Đồn",2026-04-01,2026,2,cobia,2311631,475997,6.18447208404541,27.98874282836914,8.204110145568848,32.505863189697266,0.0722465813159942,0.0347877889871597,,32.216270446777344,64.66043090820312,1.3285003900527954,0.0,129.88162231445312,1.5228103399276731,0.0013036195887252,0.0017898698570206,0.0001038050686474,0.0,0.00110482389573,0.0001685166789684,0.0054163839668035,0.0001521317026345,0.8384042608450628,Phù hợp,0.5,
NB48,"Bãi tắm Sơn Hào- xã Quan Lạn, Vân Đồn",2026-07-01,2026,3,cobia,2311631,475997,5.111802577972412,28.19119453430176,8.160099029541016,32.81752014160156,0.0570441968739032,0.0476825013756752,,34.640472412109375,83.9236068725586,3.1444613933563232,288.0842590332031,121.66118621826172,6.450645923614502,0.001308208447881,0.0021205865778028,0.0001038050686474,0.0001167444279417,0.0004766751371789,0.0001685166789684,0.0341336280107498,0.0001884890807559,0.8301375391563347,Phù hợp,1.3560436018063726,
NB48,"Bãi tắm Sơn Hào- xã Quan Lạn, Vân Đồn",2026-10-01,2026,4,cobia,2311631,475997,7.869525909423828,25.57496452331543,8.115218162536621,31.561128616333008,0.0652766153216362,0.0471716523170471,,33.86712646484375,98.6999969482422,4.150806427001953,370.28564453125,107.47411346435548,6.675009250640869,0.001308208447881,0.0018703689565882,0.0001038050686474,0.0002985558239743,0.0011984241427853,0.0001685166789684,0.0130865015089511,0.0002806330739986,0.8307944742687466,Phù hợp,1.3560436018063726,
NB49,"Bãi tắm Quan Lạn- xã Quan Lạn, Vân Đồn",2026-01-01,2026,1,cobia,2308150,473396,6.6330342292785645,20.474180221557617,8.199822425842285,32.18082427978516,0.0558798946440219,0.0220760740339756,,37.57664108276367,93.3596649169922,3.4935402870178223,0.0,131.02149963378906,1.9914239645004272,0.0013424396747723,0.0016141167143359,0.0001038050686474,0.0105090187862515,0.0014197719283401,0.0001685166789684,0.0308920554816722,0.0027226251550018,0.8124991903814213,Phù hợp,0.5,
NB49,"Bãi tắm Quan Lạn- xã Quan Lạn, Vân Đồn",2026-04-01,2026,2,cobia,2308150,473396,5.941619873046875,26.726043701171875,8.257140159606934,32.051795959472656,0.063437707722187,0.0323942862451076,,35.93564224243164,91.31836700439452,3.4342257976531982,0.0,126.8425064086914,4.065884590148926,0.001308208447881,0.0014354919549077,0.0001038050686474,0.0,0.0008903137641027,0.0001685166789684,0.0131899239495396,0.000573864672333,0.8345162393685929,Phù hợp,2.172703500250322,
NB49,"Bãi tắm Quan Lạn- xã Quan Lạn, Vân Đồn",2026-07-01,2026,3,cobia,2308150,473396,5.841143131256104,28.39512634277344,8.177534103393555,31.82990264892578,0.0424130819737911,0.0474140271544456,,36.78176498413086,92.87877655029295,3.970723390579224,544.9795532226562,138.11614990234375,0.0,0.0013036195887252,0.0021180987823754,0.0001038050686474,0.0128242066130042,0.0028712470084428,0.0001685166789684,0.0182984471321105,0.0016090233111754,0.8061613700205317,Phù hợp,0.5,
NB49,"Bãi tắm Quan Lạn- xã Quan Lạn, Vân Đồn",2026-10-01,2026,4,cobia,2308150,473396,8.536175727844238,25.873289108276367,8.24654769897461,31.26253700256348,0.0655102729797363,0.0300117712467908,,29.15752601623535,71.52883911132812,2.1026737689971924,0.0,124.13349151611328,2.369357109069824,0.001308208447881,0.0014860582305118,0.0001038050686474,0.0006011961959302,0.0008644599001854,0.0001685166789684,0.0130186416208744,0.0005360300419852,0.8443418425262628,Phù hợp,2.172703500250322,
NB50,"Bãi tắm Ngọc Vừng- xã Ngọc Vừng, Vân Đồn",2026-01-01,2026,1,cobia,2301554,459059,6.384006500244141,22.743406295776367,8.172798156738281,31.470577239990234,0.0401371717453002,0.032832633703947,,31.26373672485352,121.73340606689452,2.3230631351470947,831.7111206054688,106.76504516601562,3.6018316745758057,0.0013236970407888,0.0015381667762994,0.0001038050686474,0.0069192582741379,0.0024657102767378,0.0001685166789684,0.0331495739519596,0.0036647007800638,0.8189740745243961,Phù hợp,0.5,
NB50,"Bãi tắm Ngọc Vừng- xã Ngọc Vừng, Vân Đồn",2026-04-01,2026,2,cobia,2301554,459059,5.652193546295166,26.28352165222168,8.108792304992676,31.517305374145508,0.0407133102416992,0.0586184635758399,,34.14409637451172,75.12886047363281,2.24465560913086,0.0,111.3060531616211,2.624436378479004,0.0013036195887252,0.0014527686871588,0.0001038050686474,0.0,0.0011903191916644,0.0001685166789684,0.0124298157170414,0.0005729483673349,0.8416450756418861,Phù hợp,1.868177521008108,
NB50,"Bãi tắm Ngọc Vừng- xã Ngọc Vừng, Vân Đồn",2026-07-01,2026,3,cobia,2301554,459059,6.382142543792725,29.155113220214844,8.101573944091797,30.48011016845703,0.0380979627370834,0.0690371543169021,,36.0595703125,92.88695526123048,0.4563956260681152,0.0,100.39820861816406,2.7881407737731934,0.0013036195887252,0.0020150851923972,0.0001038050686474,0.0008643339970149,0.0016661947593092,0.0001685166789684,0.0197226237505674,0.0001290793734369,0.8326500032898654,Phù hợp,0.5,
NB50,"Bãi tắm Ngọc Vừng- xã Ngọc Vừng, Vân Đồn",2026-10-01,2026,4,cobia,2301554,459059,8.341089248657227,25.85719490051269,7.967883110046387,31.000200271606445,0.0417333729565143,0.0608659796416759,,38.76866149902344,163.6499786376953,1.7506663799285889,107.51072692871094,106.17281341552734,2.666870594024658,0.001308208447881,0.0016208493616431,0.0001038050686474,2.62227185885422e-05,0.0004261651192791,0.0001685166789684,0.0038007032126188,0.0004656577657442,0.8138730539204518,Phù hợp,0.5,
NB51,Luồng giữa Cửa Lục,2026-01-01,2026,1,cobia,2306441,428888,6.067412853240967,20.90910720825196,8.17202091217041,32.774593353271484,0.0472090132534503,0.0238860286772251,,38.46441268920898,102.8288345336914,3.428761959075928,0.0,116.46820068359376,0.0,0.0013905951054766,0.0016187764704227,0.0001038050686474,0.0001740167354,0.0008298833272419,0.0001685166789684,0.0124413836747407,0.0006275183986872,0.821669664897261,Phù hợp,0.5,
NB51,Luồng giữa Cửa Lục,2026-04-01,2026,2,cobia,2306441,428888,5.871851921081543,26.03739356994629,8.163469314575195,32.61114501953125,0.0636855289340019,0.0267087277024984,,30.731348037719727,49.28664016723633,4.881202220916748,0.0,125.53256225585938,4.122199535369873,0.001308208447881,0.0015084865735843,0.0001038050686474,0.0,0.0010635185753926,0.0001685166789684,0.0113106500357389,0.0002881996624637,0.8532459717023142,Rất phù hợp,0.5,
NB51,Luồng giữa Cửa Lục,2026-07-01,2026,3,cobia,2306441,428888,5.889559268951416,27.439815521240234,8.089146614074707,31.97695541381836,0.0468855649232864,0.0539290234446525,,35.0782585144043,95.42208099365234,3.956804037094116,1081.4285888671875,132.44715881347656,4.363005638122559,0.0013036195887252,0.0021116912830621,0.0001038050686474,0.0007945457473397,0.0007440848276019,0.0001685166789684,0.0196034554392099,0.0002024949644692,0.8229683449584,Phù hợp,0.8444199192345003,
NB51,Luồng giữa Cửa Lục,2026-10-01,2026,4,cobia,2306441,428888,7.389216899871826,26.182201385498047,8.225244522094727,31.47368621826172,0.0580124892294406,0.0494112782180309,,32.65583801269531,69.8498306274414,2.350292921066284,0.0,141.10154724121094,4.031295299530029,0.001308208447881,0.0017904875567182,0.0001038050686474,0.0025655787903815,0.0013868316309526,0.0001685166789684,0.0170490853488445,0.0002930973714683,0.8410718146006534,Phù hợp,0.5,
NB52,Luồng khu Hòn Một,2026-01-01,2026,1,cobia,2308114,431758,6.249166965484619,21.86229705810547,8.225127220153809,32.20014190673828,0.0408902764320373,0.0225157234817743,,34.55462646484375,84.36491394042969,3.886991262435913,0.0,132.39988708496094,2.4198877811431885,0.0013905951054766,0.0015135289868339,0.0001038050686474,8.429514127783477e-05,0.0015874806558713,0.0001685166789684,0.0093323923647403,0.0005720760673284,0.8433153996332583,Phù hợp,0.5,
NB52,Luồng khu Hòn Một,2026-04-01,2026,2,cobia,2308114,431758,6.153857707977295,26.913558959960938,8.203585624694824,31.39565086364746,0.0525886379182338,0.04640968516469,,37.20512771606445,91.26483154296876,3.534512996673584,0.0,141.9824676513672,1.2806785106658936,0.0013036195887252,0.0016662994166836,0.0001038050686474,0.0,0.0012591971317306,0.0001685166789684,0.0072160065174102,0.0005144501337781,0.828568636826786,Phù hợp,0.5738941540040289,
NB52,Luồng khu Hòn Một,2026-07-01,2026,3,cobia,2308114,431758,5.794277191162109,27.800342559814453,8.174323081970215,31.88074111938477,0.0432108789682388,0.0521187484264373,,40.61436080932617,79.7054672241211,3.07897686958313,0.0,141.80931091308594,7.104422569274902,0.001308208447881,0.0022213452029973,0.0001038050686474,0.0004348148941062,0.0006911042728461,0.0001685166789684,0.0182907190173864,0.0001890142448246,0.8429472244857301,Phù hợp,0.5,
NB52,Luồng khu Hòn Một,2026-10-01,2026,4,cobia,2308114,431758,7.240678787231445,24.92644691467285,8.183517456054688,31.194583892822266,0.0374645702540874,0.0423372313380241,,31.539276123046875,72.57019805908203,2.0295250415802,0.0,125.57413482666016,4.974001884460449,0.001308208447881,0.0017479138914495,0.0001038050686474,0.0,0.0016723888693377,0.0001685166789684,0.0137819945812225,0.0003834828967228,0.858883732854004,Rất phù hợp,0.5,
NB53,Luồng khu Áng Dù,2026-01-01,2026,1,cobia,2299562,437380,6.114985942840576,22.34245681762696,8.231231689453125,32.79193878173828,0.0314188823103904,0.0262527596205472,,37.9203987121582,86.80498504638672,3.58328628540039,0.0,120.49724578857422,0.0,0.0013905951054766,0.002023602137342,0.0001038050686474,0.0,0.0018426504684612,0.0001685166789684,0.0117067079991102,0.0001023792938212,0.8369347633684457,Phù hợp,1.7137416666464056,
NB53,Luồng khu Áng Dù,2026-04-01,2026,2,cobia,2299562,437380,5.759030818939209,27.264652252197266,8.230952262878418,31.32207489013672,0.0415975749492645,0.0395917296409606,,33.85890579223633,96.39286041259766,2.964823007583618,0.0,121.69210815429688,0.9359960556030272,0.001308208447881,0.0019104675156995,0.0001038050686474,0.0,0.0008660756284371,0.0001685166789684,0.0150666553527116,0.0004359733429737,0.8338451827126588,Phù hợp,0.5,
NB53,Luồng khu Áng Dù,2026-07-01,2026,3,cobia,2299562,437380,5.6416730880737305,27.861236572265625,8.167304992675781,32.3232307434082,0.0443258844316005,0.0407948829233646,,37.589786529541016,90.1581802368164,0.5641686320304871,0.0,122.26473236083984,5.4748077392578125,0.001308208447881,0.0022538851480931,0.0001038050686474,0.0016396336723119,0.0016483848448842,0.0001685166789684,0.0137198418378829,0.0002181933959946,0.8408471044005548,Phù hợp,0.5,
NB53,Luồng khu Áng Dù,2026-10-01,2026,4,cobia,2299562,437380,5.696334362030029,24.59943389892578,8.144158363342285,31.299468994140625,0.0419381335377693,0.0331365242600441,,32.48478698730469,85.31153869628906,3.321252584457397,0.0,130.80010986328125,6.41609001159668,0.001308208447881,0.0019000272732228,0.0001038050686474,5.4909989557927474e-05,0.0009035686380229,0.0001685166789684,0.0061155031435191,0.0004096619668416,0.8540480205860932,Rất phù hợp,0.5,
NB54,Luồng Hang Trống,2026-01-01,2026,1,cobia,2299151,443343,6.671181678771973,21.700115203857425,8.188797950744629,32.92807388305664,0.0322239585220813,0.0289904288947582,,31.40606117248535,46.592567443847656,2.9408416748046875,0.0,120.44872283935548,0.0,0.0013905951054766,0.0018895140383392,0.0001038050686474,0.0,0.0017637215787544,0.0001685166789684,0.0078192800283432,0.0001023792938212,0.8558142128668196,Rất phù hợp,0.5,
NB54,Luồng Hang Trống,2026-04-01,2026,2,cobia,2299151,443343,6.6055402755737305,26.5615291595459,8.081535339355469,31.823266983032227,0.0422472991049289,0.0428231582045555,,34.65700912475586,148.58035278320312,3.478867769241333,0.0,124.2376708984375,7.240238189697266,0.001308208447881,0.0021048015914857,0.0001038050686474,0.0,0.0012755253119394,0.0001685166789684,0.0129950735718011,0.0,0.8316101136928612,Phù hợp,2.9885736564454954,
NB54,Luồng Hang Trống,2026-07-01,2026,3,cobia,2299151,443343,6.18904447555542,27.942920684814453,8.12948989868164,32.13544464111328,0.0376636832952499,0.0492718555033206,,35.95859909057617,84.7250747680664,2.8553731441497803,0.0,124.57335662841795,3.153878688812256,0.001308208447881,0.0018289593281224,0.0001038050686474,0.0002365474647376,0.0007377490983344,0.0001685166789684,0.0120824361220002,0.0003486490750219,0.8431852873063214,Phù hợp,2.9885736564454954,
NB54,Luồng Hang Trống,2026-10-01,2026,4,cobia,2299151,443343,6.6245551109313965,24.408815383911133,8.096230506896973,31.43766212463379,0.0417811200022697,0.0410431921482086,,33.14531707763672,97.38218688964844,3.286189079284668,0.0,126.68500518798828,3.420513868331909,0.001308208447881,0.0021138431038707,0.0001038050686474,0.0,0.0011120608542114,0.0001685166789684,0.0211625397205352,0.0005482080159708,0.8404367217004023,Phù hợp,0.5,
NB55,Luồng khu Trà Giới,2026-01-01,2026,1,cobia,2306115,446899,6.669668674468994,21.306612014770508,8.15746784210205,32.68079376220703,0.0271150581538677,0.0287545882165431,,35.01264953613281,60.97289276123047,4.130619049072266,0.0,125.89933013916016,1.36243736743927,0.0013326467014849,0.0019231369951739,0.0001038050686474,0.0004559011722449,0.0025513593573123,0.0001685166789684,0.0325752161443233,0.0006889390060678,0.8479473435434082,Phù hợp,0.5,
NB55,Luồng khu Trà Giới,2026-04-01,2026,2,cobia,2306115,446899,6.339619159698486,26.79087448120117,8.148125648498535,31.29874610900879,0.0382682532072067,0.0339732468128204,,31.40398406982422,61.70560836791992,3.3098368644714355,0.0,122.77587890625,3.4786837100982666,0.001308208447881,0.0015324598643928,0.0001038050686474,0.0014852256281301,0.0021421597339212,0.0001685166789684,0.0150332003831863,0.0006604841910302,0.8579834476962409,Rất phù hợp,2.118585200080469,
NB55,Luồng khu Trà Giới,2026-07-01,2026,3,cobia,2306115,446899,6.133019924163818,28.10232162475586,8.140006065368652,30.928821563720703,0.0409886017441749,0.0512950494885444,,38.10654067993164,95.9437255859375,3.5529208183288574,180.16946411132807,141.48928833007812,2.1863667964935303,0.0013036195887252,0.0017817292828112,0.0001038050686474,0.0005790902068838,0.0012020613066852,0.0001685166789684,0.0176541712135076,0.0003247089625801,0.8291453437861127,Phù hợp,2.118585200080469,
NB55,Luồng khu Trà Giới,2026-10-01,2026,4,cobia,2306115,446899,6.570022106170654,25.265071868896484,8.240114212036133,31.722869873046875,0.05029022321105,0.0477644465863704,,32.74095153808594,71.45770263671875,2.3291518688201904,22.24347686767578,116.91891479492188,1.1565768718719482,0.001308208447881,0.0020397421903908,0.0001038050686474,0.0002434045600239,0.0009553435957059,0.0001685166789684,0.0107236774638295,0.0,0.839921493999595,Phù hợp,2.118585200080469,
NB56,Luồng khu Đông Tráng,2026-01-01,2026,1,cobia,2305453,452834,6.7547221183776855,21.782974243164062,8.220292091369629,32.14788055419922,0.0355244725942611,0.0181643459945917,,35.481197357177734,71.61578369140625,4.90673828125,0.0,133.97503662109375,1.716189742088318,0.0013612867332994,0.0016958130290731,0.0001038050686474,0.0006247659912332,0.0016571732703596,0.0001685166789684,0.026567468419671,0.0006735800998285,0.8446918275888734,Phù hợp,0.5,
NB56,Luồng khu Đông Tráng,2026-04-01,2026,2,cobia,2305453,452834,6.058711528778076,25.73483657836914,8.275602340698242,31.080955505371094,0.0423874668776989,0.0236430168151855,,32.96383285522461,86.41909790039062,5.051783084869385,0.0,114.02539825439452,0.0,0.001308208447881,0.0016349840443581,0.0001038050686474,0.0,0.0016604351112619,0.0001685166789684,0.0100641408935189,0.0004711375222541,0.8402109898524392,Phù hợp,0.5,
NB56,Luồng khu Đông Tráng,2026-07-01,2026,3,cobia,2305453,452834,6.363526821136475,28.245304107666016,8.189476013183594,31.48897171020508,0.0349312163889408,0.0412829294800758,,39.22206115722656,96.6396713256836,3.961201667785645,0.0,130.32655334472656,0.0,0.001308208447881,0.0022797463461756,0.0001038050686474,0.0,0.0006498664151877,0.0001685166789684,0.0092234285548329,0.0004035056626889,0.8292752127709688,Phù hợp,0.9045136814885666,
NB56,Luồng khu Đông Tráng,2026-10-01,2026,4,cobia,2305453,452834,7.127997398376465,24.86980438232422,8.060933113098145,32.21385955810547,0.0394891239702701,0.035098023712635,,35.33749771118164,110.13356018066406,3.5360825061798096,0.0,134.35791015625,6.5514092445373535,0.001308208447881,0.0022511330898851,0.0001038050686474,0.0,0.0016224232967942,0.0001685166789684,0.0104528190568089,0.0004365183995105,0.8448597197406181,Phù hợp,0.9045136814885666,
NB57,Cảng Hòn Nét,2026-01-01,2026,1,cobia,2313052,449812,6.592030048370361,21.62238311767578,8.218639373779297,32.624298095703125,0.025830790400505,0.0257194675505161,,37.87975692749024,108.92898559570312,3.80809497833252,0.0,125.21761322021484,1.8901574611663816,0.0013612867332994,0.0015963491750881,0.0001038050686474,0.0,0.0008675942081026,0.0001685166789684,0.0068002785556018,0.0004905552486889,0.837151644317941,Phù hợp,0.5,
NB57,Cảng Hòn Nét,2026-04-01,2026,2,cobia,2313052,449812,5.973495006561279,26.461240768432617,8.12895679473877,32.10383224487305,0.0438073575496673,0.0400191657245159,,40.04574203491211,101.9885025024414,3.024564981460572,747.0621337890625,142.19210815429688,6.125507354736328,0.0013036195887252,0.0018393478821963,0.0001038050686474,0.0004803358460776,0.0011177931446582,0.0001685166789684,0.013445496559143,0.0008207031642086,0.8314185778754704,Phù hợp,2.490338179846263,
NB57,Cảng Hòn Nét,2026-07-01,2026,3,cobia,2313052,449812,5.953554630279541,28.31238174438477,8.022923469543457,32.81340026855469,0.0468605831265449,0.0585740059614181,,33.77126693725586,114.30492401123048,3.4489898681640625,5.42170524597168,125.75773620605467,7.369868278503418,0.001308208447881,0.0020752395503222,0.0001038050686474,0.0012922207824885,0.0014238265575841,0.0001685166789684,0.0170272011309862,0.0003407919430173,0.8352025119153286,Phù hợp,2.490338179846263,
NB57,Cảng Hòn Nét,2026-10-01,2026,4,cobia,2313052,449812,5.842447280883789,25.213218688964844,8.191329956054688,32.17158508300781,0.060624860227108,0.0447019375860691,,33.892452239990234,65.28140258789062,3.378012180328369,0.0,122.91605377197266,6.937234401702881,0.001308208447881,0.0017753426218405,0.0001038050686474,0.0,0.0003994879079982,0.0001685166789684,0.0121658593416213,0.0003884617472067,0.8494442660204011,Phù hợp,2.490338179846263,
NB58,Luồng Cửa Ông,2026-01-01,2026,1,cobia,2319421,458021,6.496288299560547,22.02995681762696,8.12425422668457,33.38846969604492,0.0350853390991687,0.0294778607785701,,36.46416473388672,132.8922119140625,3.6395342350006095,0.0,111.78309631347656,4.717190742492676,0.0013612867332994,0.0014510812470689,0.0001038050686474,0.0,0.0011130935745313,0.0001685166789684,0.0073917331174016,0.0005717028980143,0.8327113628196704,Phù hợp,0.5,
NB58,Luồng Cửa Ông,2026-04-01,2026,2,cobia,2319421,458021,6.466397762298584,26.704561233520508,8.131147384643555,31.35651397705078,0.0408350527286529,0.0555186942219734,,31.814546585083008,79.23706817626953,3.33013129234314,370.6921997070313,136.65921020507812,3.549666404724121,0.0013036195887252,0.0016760099679231,0.0001038050686474,0.0,0.0013075852766633,0.0001685166789684,0.0106235248968005,0.0005094608059152,0.8433633115978697,Phù hợp,0.5,
NB58,Luồng Cửa Ông,2026-07-01,2026,3,cobia,2319421,458021,5.523410320281982,28.854124069213867,8.193254470825195,31.558025360107425,0.0326396077871322,0.0610840618610382,,39.49335861206055,99.11248016357422,1.6036452054977417,0.0,123.45144653320312,4.025181293487549,0.001308208447881,0.0023640922736376,0.0001038050686474,0.0,0.0009312878246419,0.0001685166789684,0.0085104433819651,0.000389496126445,0.8315340005524845,Phù hợp,0.5,
NB58,Luồng Cửa Ông,2026-10-01,2026,4,cobia,2319421,458021,5.749100208282471,24.67157936096192,8.04312515258789,32.19513320922852,0.0521776974201202,0.0430524908006191,,35.22954177856445,113.52574157714844,3.877305746078491,0.0,120.77279663085938,1.8960007429122925,0.001308208447881,0.0022795279510319,0.0001038050686474,9.829196642385796e-06,0.000427061371738,0.0001685166789684,0.0134070599451661,0.0002572750963736,0.8214456906470329,Phù hợp,1.505968957183381,
NB59,Lạch Vông Vang - Cống Thẻ,2026-01-01,2026,1,cobia,2322828,469833,6.192144870758057,21.53571319580078,8.189319610595703,31.765003204345703,0.0553514659404754,0.0271556675434112,,36.31771087646485,83.79869079589844,1.5296385288238523,0.0,116.97710418701172,0.056616436690092,0.0013612867332994,0.0017515827203169,0.0001038050686474,6.628421397181228e-05,0.0007609733147546,0.0001685166789684,0.013166069984436,0.0007906826795078,0.8282707533731044,Phù hợp,2.562145292523436,
NB59,Lạch Vông Vang - Cống Thẻ,2026-04-01,2026,2,cobia,2322828,469833,5.577838897705078,26.25183868408203,8.223630905151367,32.73095703125,0.0633453950285911,0.0299970228224992,,29.34982681274414,66.3433609008789,3.840507030487061,0.0,118.18572998046876,2.995121955871582,0.001308208447881,0.0016132877208292,0.0001038050686474,0.0,0.0015321912942454,0.0001685166789684,0.0104018775746226,0.0004035591264255,0.8437168317019662,Phù hợp,2.562145292523436,
NB59,Lạch Vông Vang - Cống Thẻ,2026-07-01,2026,3,cobia,2322828,469833,5.946423053741455,27.183198928833008,8.070746421813965,32.60895919799805,0.0449595376849174,0.0508822202682495,,37.39640426635742,129.18222045898438,3.3802456855773926,908.1007080078124,133.64266967773438,10.476564407348633,0.001308208447881,0.0021552375983446,0.0001038050686474,0.0008356032776646,0.0005672535044141,0.0001685166789684,0.0280583035200834,0.000397044874262,0.8281383630740848,Phù hợp,2.562145292523436,
NB59,Lạch Vông Vang - Cống Thẻ,2026-10-01,2026,4,cobia,2322828,469833,8.096794128417969,26.1606674194336,8.132220268249512,31.721904754638672,0.0596649348735809,0.0519472956657409,,34.383445739746094,100.792236328125,2.380204200744629,465.5783386230469,113.91741943359376,7.482944011688232,0.001308208447881,0.0022186669521033,0.0001038050686474,0.0002957625547423,0.0017518751556053,0.0001685166789684,0.0195754803717136,0.0003752533229999,0.8323276609584911,Phù hợp,0.5,
NB60,Cửa Đối,2026-01-01,2026,1,cobia,2319552,480158,6.708779811859131,22.007930755615234,8.118423461914062,32.875999450683594,0.0418531559407711,0.0326954908668994,,35.91147994995117,163.84584045410156,3.887420654296875,0.0,118.93927001953124,1.512260913848877,0.0013612867332994,0.0015506107592955,0.0001038050686474,0.0,0.0008975231321528,0.0001685166789684,0.0118882916867733,0.0004959458019584,0.8150489189816517,Phù hợp,0.5,
NB60,Cửa Đối,2026-04-01,2026,2,cobia,2319552,480158,6.36960506439209,25.98886489868164,8.09210205078125,31.784074783325195,0.0456187576055526,0.0470087528228759,,34.756813049316406,95.31974029541016,3.838221311569214,749.3113403320312,133.14703369140625,8.010358810424805,0.0013036195887252,0.0017395288450643,0.0001038050686474,0.0021698491182178,0.0012908126227557,0.0001685166789684,0.019242949783802,0.0012347062584012,0.8381042185648193,Phù hợp,1.4323129895382505,
NB60,Cửa Đối,2026-07-01,2026,3,cobia,2319552,480158,5.347143173217773,27.55574989318848,7.999460220336914,32.944026947021484,0.0360066518187522,0.0635008215904235,,33.73734664916992,128.0394744873047,3.4434757232666016,0.0,117.47559356689452,9.938801765441896,0.001308208447881,0.0016700924606993,0.0001038050686474,0.0016193658811971,0.0013832193799316,0.0001685166789684,0.0106193711981177,0.0005408755387179,0.8380732130997384,Phù hợp,1.4323129895382505,
NB60,Cửa Đối,2026-10-01,2026,4,cobia,2319552,480158,6.33266544342041,24.109554290771484,8.120630264282227,31.902231216430664,0.0429695583879947,0.0391426980495452,,35.53489303588867,116.18016815185548,2.6969645023345947,0.0,122.13584899902344,9.44565200805664,0.001308208447881,0.0019769645296037,0.0001038050686474,0.000162279990036,0.0008270139223895,0.0001685166789684,0.0081058833748102,0.0004586658906191,0.8489157411219818,Phù hợp,0.5,
NB61,Lạch giữa đảo Thẻ Vàng- đảo Vạn Đuôi,2026-01-01,2026,1,cobia,2314890,456306,6.638932704925537,21.922792434692383,8.216047286987305,32.873477935791016,0.0249181818217039,0.0195941515266895,,35.76007843017578,104.51727294921876,3.102532148361206,0.0,126.44935607910156,2.838729858398437,0.0013566978741437,0.0012674188474193,0.0001038050686474,0.0,0.0010987067362293,0.0001685166789684,0.0058183618821203,0.0003868794883601,0.8473492452238409,Phù hợp,0.5,
NB61,Lạch giữa đảo Thẻ Vàng- đảo Vạn Đuôi,2026-04-01,2026,2,cobia,2314890,456306,6.668160915374756,26.341800689697266,8.169665336608887,31.687088012695312,0.0383700840175151,0.0309560503810644,,36.04170227050781,85.77655029296875,4.111254692077637,770.508056640625,137.89268493652344,9.668006896972656,0.0013036195887252,0.0017533714417368,0.0001038050686474,0.0071357530541718,0.0024822691921144,0.0001685166789684,0.0104019390419125,0.0002066307060886,0.8473967890353922,Phù hợp,2.2861577482754774,
NB61,Lạch giữa đảo Thẻ Vàng- đảo Vạn Đuôi,2026-07-01,2026,3,cobia,2314890,456306,6.1473588943481445,28.14552879333496,7.9628682136535645,32.25532531738281,0.0382536500692367,0.0598792061209678,,36.76144027709961,130.93502807617188,3.1353402137756348,599.2660522460938,120.66224670410156,8.475500106811523,0.001308208447881,0.0018552625551819,0.0001038050686474,0.0004241800343152,0.0005917603266425,0.0001685166789684,0.0067889746278524,0.000281923363218,0.8309176023130428,Phù hợp,2.2861577482754774,
NB61,Lạch giữa đảo Thẻ Vàng- đảo Vạn Đuôi,2026-10-01,2026,4,cobia,2314890,456306,6.759570121765137,24.600509643554688,8.137533187866211,31.928443908691406,0.0605063699185848,0.0392238572239875,,31.106809616088867,91.98739624023438,5.822271823883057,0.0,107.67086791992188,6.70892333984375,0.001308208447881,0.0021847013849765,0.0001038050686474,0.0004598728846758,0.0010649017058312,0.0001685166789684,0.0159812420606613,0.0003786158922594,0.8410283394463315,Phù hợp,2.2861577482754774,
NB62,Lạch Đẳng Chén phía Tây đảo Đống Chén,2026-01-01,2026,1,cobia,2316094,465215,7.308418273925781,21.585752487182617,8.148438453674316,32.2273063659668,0.0618040412664413,0.0321231223642826,,38.02299499511719,82.50359344482422,3.4411067962646484,48.37300491333008,120.29412841796876,4.279428482055664,0.001347028533928,0.0016549124848097,0.0001038050686474,0.0018046783516183,0.0018841940909624,0.0001685166789684,0.028703412041068,0.0010178965749219,0.827357361527213,Phù hợp,1.5278610048037746,
NB62,Lạch Đẳng Chén phía Tây đảo Đống Chén,2026-04-01,2026,2,cobia,2316094,465215,6.431559085845947,27.034242630004883,8.112299919128418,32.186424255371094,0.07391919195652,0.0422968491911888,,34.79790496826172,95.910400390625,4.932979106903076,0.0,111.75012969970705,4.931944847106934,0.001308208447881,0.0016392971156165,0.0001038050686474,0.0,0.0015540781896561,0.0001685166789684,0.0090071260929107,0.0005990716163069,0.8272900366902693,Phù hợp,1.5278610048037746,
NB62,Lạch Đẳng Chén phía Tây đảo Đống Chén,2026-07-01,2026,3,cobia,2316094,465215,5.628077983856201,27.406862258911133,8.042983055114746,32.74790573120117,0.0485019721090793,0.0547843463718891,,38.64990234375,141.215576171875,3.935574769973755,640.444091796875,150.34442138671875,8.13404655456543,0.001308208447881,0.0023264926858246,0.0001038050686474,0.0002773952728603,0.0004988947766833,0.0001685166789684,0.0073902392759919,0.0002573523088358,0.816022877226275,Phù hợp,1.5278610048037746,
NB62,Lạch Đẳng Chén phía Tây đảo Đống Chén,2026-10-01,2026,4,cobia,2316094,465215,5.864052772521973,25.29056930541992,8.183218955993652,31.77519416809082,0.060723029077053,0.0473935082554817,,29.139562606811523,73.87065887451172,4.012157440185547,1912.424560546875,110.89542388916016,3.2137959003448486,0.001308208447881,0.002104885643348,0.0001038050686474,0.000227548109251,0.0011505912989377,0.0001685166789684,0.0100524397566914,0.0004363293992355,0.8206733783990352,Phù hợp,1.5278610048037746,
NB63,Lạch Đầu Gỗ phía Đông đảo Đống Chén,2026-01-01,2026,1,cobia,2316643,468221,6.523451328277588,22.96968650817871,8.049660682678223,32.47022247314453,0.0360940769314765,0.0275459662079811,,36.24751663208008,146.5914764404297,4.345253944396973,0.0,138.8923797607422,2.4415152072906494,0.001347028533928,0.0013948264531791,0.0001038050686474,0.0009364103316329,0.0010635238140821,0.0001685166789684,0.0268126521259546,0.0005240410682745,0.8217971334358867,Phù hợp,1.5278610048037746,
NB63,Lạch Đầu Gỗ phía Đông đảo Đống Chén,2026-04-01,2026,2,cobia,2316643,468221,5.785858631134033,26.152273178100582,8.080889701843262,31.81243896484375,0.0508509837090969,0.0378746651113033,,32.67872619628906,94.65225219726562,3.123930215835572,1410.801025390625,116.57981872558594,7.85203218460083,0.0013036195887252,0.0016840640455484,0.0001038050686474,0.001730155898258,0.0024277851916849,0.0001685166789684,0.0137903178110718,0.000238759239437,0.8333286253833261,Phù hợp,1.5278610048037746,
NB63,Lạch Đầu Gỗ phía Đông đảo Đống Chén,2026-07-01,2026,3,cobia,2316643,468221,5.7499213218688965,27.896852493286133,8.053034782409668,32.32954406738281,0.062518261373043,0.0577962920069694,,31.07047843933105,95.65029907226562,2.635171413421631,1089.6636962890625,118.9888916015625,7.012246608734131,0.001308208447881,0.0016716549871489,0.0001038050686474,0.0,0.0008666047360748,0.0001685166789684,0.0097861355170607,0.0003804086882155,0.8275701086028745,Phù hợp,0.5,
NB63,Lạch Đầu Gỗ phía Đông đảo Đống Chén,2026-10-01,2026,4,cobia,2316643,468221,6.408235549926758,25.59942626953125,8.147909164428711,31.681859970092773,0.0538606718182563,0.056936290115118,,28.150245666503903,97.97482299804688,1.4287033081054688,0.0,108.50756072998048,0.9671484231948853,0.001308208447881,0.0020954431965947,0.0001038050686474,0.0032250189688056,0.0001747509813867,0.0001685166789684,0.0165702030062675,0.0003333034692332,0.8285672637130711,Phù hợp,0.5,
NB64,Lạch Cống Nứa phía Đông đảo Cống Nứa,2026-01-01,2026,1,cobia,2317955,471418,6.536471366882324,22.00460624694824,8.0877103805542,33.33256530761719,0.04264947026968,0.0238322932273149,,36.262508392333984,135.21441650390625,4.572873592376709,90.06890106201172,112.8081512451172,5.036064624786377,0.0013612867332994,0.0013101497897878,0.0001038050686474,0.0003315164649393,0.0011322125792503,0.0001685166789684,0.0102616259828209,0.0004954083124175,0.8285305139681609,Phù hợp,1.727871016598172,
NB64,Lạch Cống Nứa phía Đông đảo Cống Nứa,2026-04-01,2026,2,cobia,2317955,471418,6.432925701141357,25.713247299194336,8.161771774291992,32.057525634765625,0.0631578117609024,0.056963738054037,,31.21661949157715,69.98484802246094,4.226649761199951,267.7438659667969,125.82923889160156,6.301506042480469,0.0013036195887252,0.0018608026439324,0.0001038050686474,0.0,0.003021644661203,0.0001685166789684,0.0070537445135414,0.0003811677161138,0.8420658636118427,Phù hợp,1.727871016598172,
NB64,Lạch Cống Nứa phía Đông đảo Cống Nứa,2026-07-01,2026,3,cobia,2317955,471418,6.088362693786621,27.785757064819336,8.03726863861084,33.23588943481445,0.0672074407339096,0.0792557820677757,,35.63557815551758,111.26082611083984,3.8359549045562735,0.0,139.81991577148438,3.7300846576690674,0.001308208447881,0.002381810452789,0.0001038050686474,0.0001879281917354,6.392128125298768e-05,0.0001685166789684,0.0192909501492977,0.0002996851108036,0.810636301355499,Phù hợp,0.5,
NB64,Lạch Cống Nứa phía Đông đảo Cống Nứa,2026-10-01,2026,4,cobia,2317955,471418,6.922617435455322,24.85944938659668,8.098260879516602,32.26987075805664,0.0614527948200702,0.0447374694049358,,32.4896125793457,84.12999725341797,3.749578475952149,0.0,116.04279327392578,12.979214668273926,0.001308208447881,0.0016665636794641,0.0001038050686474,0.0004283073940314,0.0009780609980225,0.0001685166789684,0.021581333130598,0.0004107059212401,0.8589340414616004,Rất phù hợp,0.5,
NB65,Vụng Đá Bạc phía Đông đảo Trà Bản,2026-01-01,2026,1,cobia,2314090,474853,7.078782081604004,22.632930755615234,8.113423347473145,33.01907730102539,0.0455279275774955,0.0301020499318838,,35.02579498291016,128.1265106201172,0.0,0.0,109.80587005615234,0.52716064453125,0.0013424396747723,0.0015103222103789,0.0001038050686474,0.0,0.0011908357264474,0.0001685166789684,0.0256349928677082,0.0010138775687664,0.8231377705549784,Phù hợp,0.5,
NB65,Vụng Đá Bạc phía Đông đảo Trà Bản,2026-04-01,2026,2,cobia,2314090,474853,6.297525405883789,26.062196731567383,8.045467376708984,32.96138000488281,0.061135496944189,0.0395489484071731,,33.53981018066406,129.51341247558594,4.947415351867676,672.552978515625,128.3116455078125,3.8913357257843018,0.0013036195887252,0.0014709573006257,0.0001038050686474,0.0,0.0018969883676618,0.0001685166789684,0.0107108224183321,0.0006000551511533,0.8152510163408768,Phù hợp,0.5,
NB65,Vụng Đá Bạc phía Đông đảo Trà Bản,2026-07-01,2026,3,cobia,2314090,474853,5.605982780456543,27.562450408935547,8.131036758422852,32.419612884521484,0.0599569007754325,0.0574568025767803,,31.132200241088867,96.7220687866211,4.092373371124268,2714.5390625,117.27247619628906,17.71088409423828,0.0013036195887252,0.0024019978009164,0.0001038050686474,0.0008074042852967,0.0009613759466446,0.0001685166789684,0.0172845292836427,0.0001977403153432,0.8330446682518607,Phù hợp,1.3560436018063726,
NB65,Vụng Đá Bạc phía Đông đảo Trà Bản,2026-10-01,2026,4,cobia,2314090,474853,5.881528377532959,24.96999931335449,8.100815773010254,32.12973403930664,0.0605178698897361,0.056514099240303,,31.778526306152344,82.17105102539062,3.6946632862091056,260.20098876953125,128.99525451660156,2.8097853660583496,0.001308208447881,0.0018785039428621,0.0001038050686474,0.001185912056826,0.0010522397933527,0.0001685166789684,0.0127107296139001,0.0005277516902424,0.8283860207901247,Phù hợp,1.3560436018063726,
NB66,Luồng Con Quýt phía Tây Bắc đảo Trà Bản,2026-01-01,2026,1,cobia,2323246,478861,6.64823579788208,22.371522903442383,8.114699363708496,31.965932846069336,0.0539708212018013,0.0324110314249992,,32.785335540771484,110.38948822021484,1.5938206911087036,0.0,118.8700942993164,0.9730513095855712,0.0013424396747723,0.0016571913147345,0.0001038050686474,0.0,0.0017144089797511,0.0001685166789684,0.0316206850111484,0.0012080025626346,0.8243033921072136,Phù hợp,1.9575395909150848,
NB66,Luồng Con Quýt phía Tây Bắc đảo Trà Bản,2026-04-01,2026,2,cobia,2323246,478861,6.097858905792236,26.29900550842285,8.102532386779785,31.337173461914062,0.0581347867846488,0.0406423062086105,,34.06774139404297,111.68090057373048,2.6246767044067383,1052.1121826171875,125.84021759033205,6.024363994598389,0.001308208447881,0.0014803025405853,0.0001038050686474,0.0,0.0011918641394004,0.0001685166789684,0.0094941705465316,0.0006327417213469,0.8260099340990127,Phù hợp,0.5,
NB66,Luồng Con Quýt phía Tây Bắc đảo Trà Bản,2026-07-01,2026,3,cobia,2323246,478861,5.849784851074219,28.61335563659668,8.056427955627441,32.351219177246094,0.0478669144213199,0.0589842908084392,,36.85216522216797,127.74217224121094,0.5038697123527527,281.39373779296875,114.3894271850586,1.523647427558899,0.0013036195887252,0.0024573504924774,0.0001038050686474,0.0010306607000529,0.0008075945661403,0.0001685166789684,0.0137580130249261,2.2672729755868204e-05,0.8111530537636558,Phù hợp,0.5,
NB66,Luồng Con Quýt phía Tây Bắc đảo Trà Bản,2026-10-01,2026,4,cobia,2323246,478861,5.563216686248779,24.97170639038086,8.104591369628906,31.28883171081543,0.0642845183610916,0.0453889705240726,,32.40042495727539,109.41837310791016,1.1788400411605835,589.195068359375,142.54669189453125,1.3709955215454102,0.001308208447881,0.0017845750553533,0.0001038050686474,0.0021968693472445,0.0010423297062516,0.0001685166789684,0.0169061254709959,0.000654486240819,0.8112993853878387,Phù hợp,0.5,
NB67,Luồng Con Quýt phía Đông đảo Cái Lim,2026-01-01,2026,1,cobia,2332924,481604,6.26651668548584,21.9092025756836,8.1906099319458,32.309207916259766,0.0320384018123149,0.0212478954344987,,35.635372161865234,105.1560516357422,4.747312545776367,0.0,120.32849884033205,3.932542562484741,0.0013566978741437,0.0014498619129881,0.0001038050686474,0.0024389347527176,0.0015486449701711,0.0001685166789684,0.0107695125043392,0.0008816999616101,0.8405988661736128,Phù hợp,4.612497425473536,
NB67,Luồng Con Quýt phía Đông đảo Cái Lim,2026-04-01,2026,2,cobia,2332924,481604,6.223811149597168,26.39176368713379,8.229199409484863,31.930727005004883,0.0474604740738868,0.0363065525889396,,37.478271484375,83.5868911743164,4.184385299682617,0.0,123.2220458984375,6.185877799987793,0.0013036195887252,0.001769007067196,0.0001038050686474,0.0,0.0012324885465204,0.0001685166789684,0.0036021643318235,0.0002205953496741,0.847816017131732,Phù hợp,4.612497425473536,
NB67,Luồng Con Quýt phía Đông đảo Cái Lim,2026-07-01,2026,3,cobia,2332924,481604,6.360795021057129,27.761245727539062,8.03877067565918,32.38652038574219,0.0328925438225269,0.0553897134959697,,40.51226425170898,155.26844787597656,2.6662611961364746,0.0,152.2526092529297,3.473875999450684,0.001308208447881,0.0022441474720835,0.0001038050686474,0.0004710931680165,0.00053449353436,0.0001685166789684,0.0320144072175025,0.000224402276217,0.815565748315017,Phù hợp,0.5,
NB67,Luồng Con Quýt phía Đông đảo Cái Lim,2026-10-01,2026,4,cobia,2332924,481604,7.280663013458252,25.473487854003903,8.155621528625488,32.056636810302734,0.0397190973162651,0.0537665411829948,,33.65160369873047,102.96309661865234,1.9805786609649656,0.0,117.1706314086914,7.707794189453125,0.001308208447881,0.0018505053594708,0.0001038050686474,0.0002907772432081,0.001735977595672,0.0001685166789684,0.0191359482705593,0.0003738192899618,0.8484455585821642,Phù hợp,0.5,
NB68,Lạch Vông Vang phía Bắc đảo Trà Bản,2026-01-01,2026,1,cobia,2325763,474553,6.975775718688965,21.619430541992188,8.121232986450195,32.64569091796875,0.0444524846971035,0.0240990035235881,,38.89263534545898,156.79843139648438,4.386474609375,274.2820129394531,133.02830505371094,3.714280128479004,0.0013612867332994,0.0015273224562406,0.0001038050686474,5.917094313190319e-06,0.0003273227193858,0.0001685166789684,0.0080042583867907,0.0006106961518526,0.8148969014724271,Phù hợp,2.494702036316161,
NB68,Lạch Vông Vang phía Bắc đảo Trà Bản,2026-04-01,2026,2,cobia,2325763,474553,5.856667518615723,25.809288024902344,8.097686767578125,32.56520080566406,0.0610259585082531,0.0440184734761714,,31.478803634643555,75.57376098632812,3.363090753555298,1083.450927734375,123.61129760742188,11.126550674438477,0.0013036195887252,0.0019205163698643,0.0001038050686474,0.0004819575697183,0.0004956905031576,0.0001685166789684,0.0077625326812267,0.0005826455308124,0.8476462428074519,Phù hợp,0.5,
NB68,Lạch Vông Vang phía Bắc đảo Trà Bản,2026-07-01,2026,3,cobia,2325763,474553,5.846801280975342,27.74619483947754,7.995857238769531,33.0150032043457,0.0545045509934425,0.0692440420389175,,34.07417297363281,91.1582260131836,4.028655052185059,234.71075439453125,121.86530303955078,6.357213973999023,0.001308208447881,0.0025189439766108,0.0001038050686474,0.0001588088780408,0.0009055575355887,0.0001685166789684,0.0127813750877976,0.0004405380459502,0.8308695040496425,Phù hợp,0.5,
NB68,Lạch Vông Vang phía Bắc đảo Trà Bản,2026-10-01,2026,4,cobia,2325763,474553,7.427063941955566,25.2925968170166,8.095169067382812,31.399621963500977,0.0541454926133155,0.0419484302401542,,32.13580322265625,102.5621337890625,4.260771751403809,0.0,120.46500396728516,6.665538311004639,0.001308208447881,0.0021987403742969,0.0001038050686474,0.0,0.0008440689416602,0.0001685166789684,0.0227574370801448,0.0006507182843051,0.840093079126909,Phù hợp,0.5,
NB69,Lạch đảo Cống Đông- Cống Tây,2026-01-01,2026,1,cobia,2310803,454256,6.579927921295166,21.47783088684082,8.15749740600586,32.71817398071289,0.038045547902584,0.0331421718001365,,38.99937057495117,110.97502136230467,5.117025375366211,0.0,123.1668701171875,0.9575008153915404,0.0013612867332994,0.001660656533204,0.0001038050686474,0.00027419521939,0.0009380245464853,0.0001685166789684,0.0079501708969473,0.000686808489263,0.8227795543887609,Phù hợp,0.5,
NB69,Lạch đảo Cống Đông- Cống Tây,2026-04-01,2026,2,cobia,2310803,454256,5.669380187988281,25.9122371673584,8.172955513000488,31.89995765686035,0.0502809770405292,0.0426424406468868,,32.57172775268555,81.50225830078125,4.451844215393066,1060.6295166015625,120.29163360595705,7.365296840667725,0.001308208447881,0.0020249572116881,0.0001038050686474,0.0019612030591815,0.0013334770919755,0.0001685166789684,0.0187823697924613,0.0006869055796414,0.8353630477626004,Phù hợp,2.2861577482754774,
NB69,Lạch đảo Cống Đông- Cống Tây,2026-07-01,2026,3,cobia,2310803,454256,6.02702522277832,27.441967010498047,8.030505180358887,33.390872955322266,0.0644215792417526,0.0588707141578197,,32.06303405761719,106.9162368774414,4.700770854949951,571.7110595703125,122.3496322631836,7.267395973205566,0.001308208447881,0.0018426276510581,0.0001038050686474,0.0008058045641519,0.0012323494302108,0.0001685166789684,0.0119881108403205,0.0004398018645588,0.8252709669636145,Phù hợp,2.2861577482754774,
NB69,Lạch đảo Cống Đông- Cống Tây,2026-10-01,2026,4,cobia,2310803,454256,6.606318950653076,26.27137756347656,8.0900239944458,32.33610916137695,0.0666928887367248,0.0568983219563961,,30.55915069580078,85.03160858154297,3.981626272201538,0.0,113.34654998779295,8.536737442016602,0.001308208447881,0.0018638902110978,0.0001038050686474,0.0002600601292215,0.000683395890519,0.0001685166789684,0.0220072921365499,0.0003269364824518,0.8433133513090857,Phù hợp,2.2861577482754774,
NB70,Ven bờ khu Cống Yên phía Bắc đảo Ngọc Vừng,2026-01-01,2026,1,cobia,2305149,458041,6.327269077301025,21.54243850708008,8.22797679901123,33.57084274291992,0.0270169470459222,0.0229623168706893,,33.74279022216797,104.43307495117188,3.870512008666992,982.1039428710938,125.8755874633789,5.615766525268555,0.0013612867332994,0.0015555573627352,0.0001038050686474,0.0,0.0018791311886161,0.0001685166789684,0.006046344526112,0.0007799863815307,0.8410623320565909,Phù hợp,0.5,
NB70,Ven bờ khu Cống Yên phía Bắc đảo Ngọc Vừng,2026-04-01,2026,2,cobia,2305149,458041,6.420197486877441,25.515764236450195,8.202728271484375,33.365257263183594,0.0277946256101131,0.0468839183449745,,35.161888122558594,94.1746063232422,4.73458194732666,158.46839904785156,111.79217529296876,3.2929017543792725,0.0013036195887252,0.0016691520577296,0.0001038050686474,0.0,0.0013950598658993,0.0001685166789684,0.0146333444863557,0.0005195061676204,0.8428274253249697,Phù hợp,1.868177521008108,
NB70,Ven bờ khu Cống Yên phía Bắc đảo Ngọc Vừng,2026-07-01,2026,3,cobia,2305149,458041,5.828251838684082,27.80134010314941,8.140054702758789,33.924983978271484,0.0370354577898979,0.0590626895427703,,36.4786491394043,132.93612670898438,1.7085436582565308,0.0,122.70201110839844,14.37493133544922,0.001308208447881,0.0019427983788773,0.0001038050686474,2.989853237522766e-05,0.0011556159006431,0.0001685166789684,0.0070587112568318,0.0003293321642559,0.8511576419488162,Rất phù hợp,0.5,
NB70,Ven bờ khu Cống Yên phía Bắc đảo Ngọc Vừng,2026-10-01,2026,4,cobia,2305149,458041,7.291571140289307,24.32221412658692,8.1096830368042,32.04307556152344,0.0346531420946121,0.0354876071214675,,34.913856506347656,134.25083923339844,4.236349582672119,101.86942291259766,128.65159606933594,3.5211422443389893,0.001308208447881,0.0020747021771967,0.0001038050686474,0.0,0.0003554132999852,0.0001685166789684,0.0119245303794741,0.0002225023490609,0.8309879008812622,Phù hợp,0.5,
NB71,"Cửa sông Rút- sông - sông Bạch Đằng, phía Tây xã Tiền Phong",2026-01-01,2026,1,cobia,2305248,403881,6.260858535766602,21.501968383789062,7.809771537780762,16.145156860351562,0.0422832034528255,0.0264696683734655,,38.66765594482422,96.47935485839844,39.92821502685547,0.0,136.62120056152344,0.4716911613941192,0.001347028533928,0.0015815375372767,0.0001038050686474,0.0006881302106194,0.0020759655162692,0.0001685166789684,0.0268395096063613,0.0005908131133764,0.7678921095148039,Phù hợp,0.5,
NB71,"Cửa sông Rút- sông - sông Bạch Đằng, phía Tây xã Tiền Phong",2026-04-01,2026,2,cobia,2305248,403881,6.128936290740967,27.46148109436035,7.781479358673096,16.122175216674805,0.0521340109407901,0.0068806987255811,,34.30577850341797,69.13928985595703,37.77424621582031,464.6572570800781,105.25717163085938,0.0,0.0013036195887252,0.001508884015493,0.0001038050686474,0.0,0.0018178573809564,0.0001685166789684,0.0084076561033725,0.0005000700475648,0.7854967491814232,Phù hợp,0.5,
NB71,"Cửa sông Rút- sông - sông Bạch Đằng, phía Tây xã Tiền Phong",2026-07-01,2026,3,cobia,2305248,403881,4.991556167602539,29.14629554748535,7.796306133270264,14.499523162841797,0.0388631299138069,0.0226343125104904,,36.93210220336914,94.92589569091795,40.92461013793945,0.0,114.32493591308594,0.0,0.0013036195887252,0.0024156461004167,0.0001038050686474,0.0004455818852875,0.0006812305073253,0.0001685166789684,0.0119855562224984,0.0002063023857772,0.7624660005512128,Phù hợp,0.5,
NB71,"Cửa sông Rút- sông - sông Bạch Đằng, phía Tây xã Tiền Phong",2026-10-01,2026,4,cobia,2305248,403881,5.434307098388672,26.609867095947266,7.794948577880859,18.38995933532715,0.0405514575541019,0.0128562208265066,,41.32492446899414,87.84364318847656,41.54207992553711,855.689697265625,152.92018127441406,0.0,0.001308208447881,0.0019901974592357,0.0001038050686474,0.0,0.0015595544828101,0.0001685166789684,0.0215877443552017,0.0003749142633751,0.7660352989070754,Phù hợp,0.5,
NB72,"Cửa sông Chanh, phía Đông Bắc xã Tiền Phong",2026-01-01,2026,1,cobia,2307350,407776,5.31215763092041,23.09014320373535,7.651102542877197,13.51035976409912,0.0568489097058773,0.0095848869532346,,32.61199951171875,73.04943084716797,49.7064094543457,671.55224609375,113.6746826171875,0.0,0.0013612867332994,0.0015328304143622,0.0001038050686474,0.0006935271085239,0.0004331516101956,0.0001685166789684,0.0145163927227258,0.0006123249186202,0.754470381826023,Phù hợp,0.5,
NB72,"Cửa sông Chanh, phía Đông Bắc xã Tiền Phong",2026-04-01,2026,2,cobia,2307350,407776,4.686296463012695,28.024831771850582,7.631372451782227,12.846586227416992,0.069023922085762,0.0033941618166863,,34.94103240966797,105.61583709716795,44.067039489746094,0.0,113.01438903808594,1.4319463968276978,0.0013036195887252,0.0016152068274095,0.0001038050686474,0.0040619359351694,0.0013102733064442,0.0001685166789684,0.0189308281987905,0.0005547569599002,0.7437865168980514,Ít phù hợp,0.5,
NB72,"Cửa sông Chanh, phía Đông Bắc xã Tiền Phong",2026-07-01,2026,3,cobia,2307350,407776,5.460330963134766,29.69540405273437,7.395317554473877,13.7853422164917,0.0375954769551754,0.0266514271497726,,40.23228454589844,129.23745727539062,48.84908676147461,2601.8896484375,151.7816162109375,0.0,0.001308208447881,0.0016147824935615,0.0001038050686474,0.0,0.0008634161786176,0.0001685166789684,0.0113149918615818,0.0003644886892288,0.7148998388665065,Ít phù hợp,0.5,
NB72,"Cửa sông Chanh, phía Đông Bắc xã Tiền Phong",2026-10-01,2026,4,cobia,2307350,407776,4.349839210510254,27.4062557220459,7.609416007995605,13.79865264892578,0.0556795373558998,0.0144841587170958,,34.55940628051758,118.11782836914062,53.356815338134766,7167.73095703125,136.19398498535156,0.0,0.001308208447881,0.002336207544431,0.0001038050686474,0.0025085781235247,0.0006078616133891,0.0001685166789684,0.0170961655676364,0.0,0.6836390787008624,Ít phù hợp,0.5,
NB73,"Cửa sông Kênh Trai, giáp ranh xã Tân An- Hoàng Tân",2026-01-01,2026,1,cobia,2315467,409808,5.970987796783447,22.03992080688477,8.007287979125977,19.83344268798828,0.0390940159559249,0.0251630079001188,,37.68565368652344,62.81018829345703,29.42060852050781,0.0,127.5030517578125,1.6527690887451172,0.001347028533928,0.0015220317291095,0.0001038050686474,0.000453206768725,0.0025988621637225,0.0001685166789684,0.0504120849072933,0.0008431234164163,0.8021463312886828,Phù hợp,0.5,
NB73,"Cửa sông Kênh Trai, giáp ranh xã Tân An- Hoàng Tân",2026-04-01,2026,2,cobia,2315467,409808,6.023763656616211,27.893585205078125,7.9622039794921875,15.910069465637209,0.0465289838612079,0.0253142472356557,,41.21090698242188,72.65425109863281,24.90334129333496,0.0,141.07595825195312,0.0,0.0013036195887252,0.0015376488445326,0.0001038050686474,0.0062667992897331,0.0016700308769941,0.0001685166789684,0.0111672803759574,0.0010401641484349,0.7870205470986562,Phù hợp,0.5,
NB73,"Cửa sông Kênh Trai, giáp ranh xã Tân An- Hoàng Tân",2026-07-01,2026,3,cobia,2315467,409808,5.860090255737305,29.8227596282959,8.124091148376465,15.240710258483888,0.0341222733259201,0.0236612446606159,,43.56966400146485,92.64899444580078,27.39366149902344,398.641845703125,122.0951919555664,3.351902723312378,0.0013036195887252,0.0019797186832875,0.0001038050686474,0.0,0.0011505846632644,0.0001685166789684,0.0160688459873199,0.0004364403139334,0.7861955198875742,Phù hợp,0.5,
NB73,"Cửa sông Kênh Trai, giáp ranh xã Tân An- Hoàng Tân",2026-10-01,2026,4,cobia,2315467,409808,5.758697032928467,27.62668800354004,7.969891548156738,22.22760963439941,0.0401416458189487,0.0220662802457809,,32.374000549316406,60.19784927368164,34.75442886352539,0.0,119.02518463134766,0.0,0.001308208447881,0.0020365514792501,0.0001038050686474,0.0001752303505782,0.0008003390394151,0.0001685166789684,0.0094728963449597,0.0003467493224889,0.8094760850759654,Phù hợp,2.083621426747191,
NB74,"Luồng sông Voi Lớn, phía Nam xã Đồng Rui, Tiên Yên",2026-01-01,2026,1,cobia,2142967,461852,6.45771598815918,22.39262580871582,8.151301383972168,28.22543907165528,0.0465313047170639,0.0392407588660717,,35.09845733642578,104.16454315185548,3.284219264984131,2794.592041015625,102.5189971923828,0.0,0.0013566978741437,0.0014199635479599,0.0001038050686474,0.0003225177642889,0.0003858274430967,0.0001685166789684,0.0109301218762993,0.0005953579675406,0.7970235420592611,Phù hợp,14.75567491679049,
NB74,"Luồng sông Voi Lớn, phía Nam xã Đồng Rui, Tiên Yên",2026-04-01,2026,2,cobia,2142967,461852,5.375827789306641,26.213977813720703,8.047341346740723,29.37855339050293,0.0610762313008308,0.0600916221737861,,33.141456604003906,101.79957580566406,2.974766492843628,3900.541015625,128.09622192382812,0.0,0.0013036195887252,0.0018600049661472,0.0001038050686474,0.0008182771271094,0.0005111045902594,0.0001685166789684,0.0028261446859687,0.0007675386732444,0.7738045746041899,Phù hợp,0.5,
NB74,"Luồng sông Voi Lớn, phía Nam xã Đồng Rui, Tiên Yên",2026-07-01,2026,3,cobia,2142967,461852,10.83508586883545,27.527807235717773,8.098040580749512,30.61279487609864,0.0514744408428669,0.0685366094112396,,33.85953140258789,90.5532455444336,2.208975076675415,4795.5546875,133.24046325683594,0.0,0.001308208447881,0.0025758899282664,0.0001038050686474,0.0001138866864494,0.0007474004523828,0.0001685166789684,0.0274109113961458,0.0003497035067994,0.7731457653179556,Phù hợp,0.5,
NB74,"Luồng sông Voi Lớn, phía Nam xã Đồng Rui, Tiên Yên",2026-10-01,2026,4,cobia,2142967,461852,7.283421993255615,25.003002166748047,8.199206352233887,30.35686492919922,0.0575692392885685,0.0434131659567356,,36.15185928344727,105.59959411621094,2.044119358062744,0.0,101.24347686767578,0.0,0.001308208447881,0.0021070910152047,0.0001038050686474,0.0010544948745518,0.0021980814635753,0.0001685166789684,0.0213744882494211,0.0005173590034246,0.8175803855556719,Phù hợp,14.75567491679049,
NB75,"Luồng sông Voi Lớn, ven bờ xã Hải Lạng, Tiên Yên",2026-01-01,2026,1,cobia,2352748,464214,6.072618007659912,21.77933692932129,8.09397029876709,28.95768165588379,0.0448291823267936,0.0303694531321525,,33.77692794799805,58.461421966552734,2.5263373851776123,163.8657989501953,115.37039184570312,0.0,0.0013612867332994,0.001545169041492,0.0001038050686474,0.0005264602368697,0.0008357267361134,0.0001685166789684,0.017126390710473,0.0005542169092223,0.8412050101262925,Phù hợp,0.5,
NB75,"Luồng sông Voi Lớn, ven bờ xã Hải Lạng, Tiên Yên",2026-04-01,2026,2,cobia,2352748,464214,5.734665393829346,26.457368850708008,8.081095695495605,27.803211212158203,0.0606286227703094,0.0371515154838562,,33.13926696777344,66.70709228515625,2.1926422119140625,0.0,120.8198699951172,0.0,0.0013036195887252,0.0015687149716541,0.0001038050686474,0.0,0.0011763416696339,0.0001685166789684,0.0137351360172033,0.0003443840250838,0.8347418085276569,Phù hợp,0.5,
NB75,"Luồng sông Voi Lớn, ven bờ xã Hải Lạng, Tiên Yên",2026-07-01,2026,3,cobia,2352748,464214,5.731404781341553,28.143667221069336,8.036144256591797,27.142711639404297,0.0415752939879894,0.044054165482521,,40.307899475097656,77.8835678100586,2.437052726745605,0.0,122.8202667236328,0.0,0.0013036195887252,0.0018678338965401,0.0001038050686474,0.0,0.0016797155840322,0.0001685166789684,0.0220733173191547,0.0006292889011092,0.8292706438165546,Phù hợp,0.5,
NB75,"Luồng sông Voi Lớn, ven bờ xã Hải Lạng, Tiên Yên",2026-10-01,2026,4,cobia,2352748,464214,5.334462642669678,24.400203704833984,8.043116569519043,28.219528198242188,0.0408189333975315,0.0319758616387844,,39.9785041809082,89.10199737548828,4.602151393890381,73.95919036865234,128.6715850830078,0.0,0.001308208447881,0.0020054567139595,0.0001038050686474,0.0,0.0007400866015814,0.0001685166789684,0.0096384165808558,0.0,0.8247490160245899,Phù hợp,0.5,
NB76,Khu vực cảng Mũi Chùa (cửa sông Tiên Yên),2026-01-01,2026,1,cobia,2354602,469532,5.504147052764893,22.482080459594727,7.89293098449707,28.39388656616211,0.0584914460778236,0.0486573353409767,,33.21649169921875,91.84626007080078,3.711376667022705,1260.361083984375,131.42868041992188,0.0,0.0013612867332994,0.0013731394428759,0.0001038050686474,0.0,0.0014784302329644,0.0001685166789684,0.016789510846138,0.0006470289081335,0.8045299725741399,Phù hợp,0.5,
NB76,Khu vực cảng Mũi Chùa (cửa sông Tiên Yên),2026-04-01,2026,2,cobia,2354602,469532,5.10397481918335,26.046077728271484,7.8189215660095215,28.52466583251953,0.075504682958126,0.047215785831213,,32.9095458984375,80.142333984375,3.1019015312194824,1570.218017578125,111.76048278808594,2.669804573059082,0.0013036195887252,0.0015391848282888,0.0001038050686474,0.0,0.0019752269145101,0.0001685166789684,0.0041071125306189,0.0001798647717805,0.8051337609754141,Phù hợp,0.5,
NB76,Khu vực cảng Mũi Chùa (cửa sông Tiên Yên),2026-07-01,2026,3,cobia,2354602,469532,4.731558322906494,29.015729904174805,7.878383636474609,27.71283721923828,0.0529635213315486,0.035300750285387,,36.12448120117188,84.72700500488281,2.561903715133667,2712.688720703125,101.2435073852539,0.0,0.0013036195887252,0.0018056706758216,0.0001038050686474,1.4676585124107078e-05,0.000339195219567,0.0001685166789684,0.0314663611352443,0.0002934472286142,0.789470485419798,Phù hợp,0.5,
NB76,Khu vực cảng Mũi Chùa (cửa sông Tiên Yên),2026-10-01,2026,4,cobia,2354602,469532,4.4768171310424805,26.009206771850582,7.900572299957275,27.65161323547364,0.0703270137310028,0.0384777784347534,,37.29163360595703,103.82839965820312,3.877191066741944,5973.7041015625,119.7182846069336,0.0,0.001308208447881,0.0016085908282548,0.0001038050686474,0.0002120016579283,0.0006248981226235,0.0001685166789684,0.0117493914440274,0.0003684287075884,0.7502572979842111,Phù hợp,0.5,
NB77,"Khu vực Hòn Thạch, Đầm Hà",2026-01-01,2026,1,cobia,2349384,482845,6.484325408935547,22.125606536865234,8.246977806091309,31.98659324645996,0.0389552898705005,0.0296969227492809,,36.04365158081055,105.27012634277344,3.5148122310638428,0.0,132.0601043701172,0.0,0.0013612867332994,0.0015194285660982,0.0001038050686474,0.0003722330729942,0.000240809211391,0.0001685166789684,0.0116879763081669,0.0006611525896005,0.8286697233515186,Phù hợp,1.912872186007209,
NB77,"Khu vực Hòn Thạch, Đầm Hà",2026-04-01,2026,2,cobia,2349384,482845,5.816628932952881,26.614885330200195,8.152843475341797,32.371952056884766,0.0438079312443733,0.0366335362195968,,39.40415573120117,122.61097717285156,4.112776756286621,0.0,130.97703552246094,5.874131679534912,0.0013036195887252,0.0018286627018824,0.0001038050686474,0.0005594826070591,0.0005410089506767,0.0001685166789684,0.0059463712386786,0.0006147288368083,0.8314235415136242,Phù hợp,1.912872186007209,
NB77,"Khu vực Hòn Thạch, Đầm Hà",2026-07-01,2026,3,cobia,2349384,482845,6.308108806610107,28.94652557373047,8.213594436645508,31.49774932861328,0.0398329049348831,0.0520838871598243,,37.86118698120117,95.89591217041016,1.1478134393692017,1017.2390747070312,153.89598083496094,2.8193259239196777,0.001308208447881,0.0024573917035013,0.0001038050686474,0.000413061294239,0.0008923402056097,0.0001685166789684,0.0086225643754005,0.0004012499994132,0.8233134751886773,Phù hợp,1.912872186007209,
NB77,"Khu vực Hòn Thạch, Đầm Hà",2026-10-01,2026,4,cobia,2349384,482845,8.525313377380371,25.178560256958008,8.083144187927246,31.624116897583008,0.0424253568053245,0.0596278384327888,,39.27030563354492,136.2292022705078,3.265666484832764,0.0,130.38693237304688,0.8007379770278931,0.001308208447881,0.00256261928007,0.0001038050686474,0.0,0.0006352640339173,0.0001685166789684,0.0134602300822734,0.0,0.8099071246474472,Phù hợp,1.912872186007209,
NB78,"Khu vực ven bờ xã Đầm Hà, huyện Đầm Hà (cửa sông Đầm Hà)",2026-01-01,2026,1,cobia,2157972,487264,5.741858005523682,22.996517181396484,7.7273688316345215,16.344100952148438,0.0367217548191547,0.0545490570366382,,34.0738410949707,96.85032653808594,6.442466735839844,0.0,122.45458984375,0.0,0.0013424396747723,0.0015081232413649,0.0001038050686474,0.0041510239243507,0.0012809366453438,0.0001685166789684,0.0293579716235399,0.0006253215833567,0.797898116025758,Phù hợp,14.75567491679049,
NB78,"Khu vực ven bờ xã Đầm Hà, huyện Đầm Hà (cửa sông Đầm Hà)",2026-04-01,2026,2,cobia,2157972,487264,5.043748378753662,27.404773712158203,7.678033351898193,16.664077758789062,0.0491304136812686,0.0338647030293941,,38.609519958496094,82.27740478515625,11.6979398727417,0.0,128.8311767578125,1.9004822969436648,0.0013036195887252,0.0015094620175659,0.0001038050686474,0.0,0.0011934603098779,0.0001685166789684,0.0085564656183123,0.0004010551492683,0.7996210212269745,Phù hợp,0.5,
NB78,"Khu vực ven bờ xã Đầm Hà, huyện Đầm Hà (cửa sông Đầm Hà)",2026-07-01,2026,3,cobia,2157972,487264,5.072178363800049,29.04096412658692,7.610805988311768,19.574174880981445,0.0448940396308898,0.0214567240327596,,38.762657165527344,112.42608642578124,12.683419227600098,0.0,144.59751892089844,0.0,0.0013036195887252,0.0023415414616465,0.0001038050686474,0.0,0.0002265615185024,0.0001685166789684,0.0116837192326784,0.0002162644959753,0.7901899659557274,Phù hợp,0.5,
NB78,"Khu vực ven bờ xã Đầm Hà, huyện Đầm Hà (cửa sông Đầm Hà)",2026-10-01,2026,4,cobia,2157972,487264,5.290496826171875,24.234418869018555,7.654735565185547,22.68106842041016,0.0469827838242054,0.0185565333813428,,34.65462112426758,98.40496826171876,10.025551795959473,0.0,142.0570068359375,0.0,0.001308208447881,0.001922866795212,0.0001038050686474,0.0001452329597668,0.0005746650276705,0.0001685166789684,0.008436850272119,0.0004021372878924,0.8120603863905449,Phù hợp,14.75567491679049,
NB79,"Khu vực cửa sông Đường Hoa, huyện Hải Hà",2026-01-01,2026,1,cobia,2361229,492995,5.692197322845459,20.162643432617188,8.144272804260254,28.470701217651367,0.0477952659130096,0.0354865863919258,,36.125789642333984,102.01283264160156,4.170809268951416,0.0,122.85093688964844,0.7659996747970581,0.0013612867332994,0.001486302819103,0.0001038050686474,0.0,0.0015334428753703,0.0001685166789684,0.0155603475868701,0.0004918693448416,0.8182397128164334,Phù hợp,2.1653675207687035,
NB79,"Khu vực cửa sông Đường Hoa, huyện Hải Hà",2026-04-01,2026,2,cobia,2361229,492995,5.27982759475708,25.118549346923828,8.011034965515137,28.30398941040039,0.0717542394995689,0.0329509936273098,,33.81324768066406,93.6583251953125,4.725430965423584,0.0,111.12792205810548,0.0,0.0013036195887252,0.0015888226917013,0.0001038050686474,0.0,0.0018099918961524,0.0001685166789684,0.0039740530773997,0.0005062050768174,0.8149348177764754,Phù hợp,0.5,
NB79,"Khu vực cửa sông Đường Hoa, huyện Hải Hà",2026-07-01,2026,3,cobia,2361229,492995,6.2918806076049805,28.664695739746094,8.07274341583252,28.43412208557129,0.046955931931734,0.0593573786318302,,38.70054244995117,74.17515563964844,4.001974582672119,156.30419921875,138.67991638183594,0.0,0.0013036195887252,0.0025593722239136,0.0001038050686474,0.0,0.0004377937875688,0.0001685166789684,0.0310814101248979,0.0,0.8217734073449414,Phù hợp,2.1653675207687035,
NB79,"Khu vực cửa sông Đường Hoa, huyện Hải Hà",2026-10-01,2026,4,cobia,2361229,492995,8.135972023010254,23.72268295288086,8.122883796691895,29.21009826660156,0.0562437996268272,0.038329541683197,,33.537052154541016,78.93619537353516,3.738752841949463,0.0,114.38985443115234,2.2745838165283203,0.001308208447881,0.001762636937201,0.0001038050686474,0.0009819675469771,0.001279070507735,0.0001685166789684,0.022587290033698,0.0003684287075884,0.8355473006050291,Phù hợp,2.1653675207687035,
NB80,"Khu vực Bắc Hòn Mỹ, Hải Hà",2026-01-01,2026,1,cobia,2362684,497074,6.521517753601074,20.90132713317871,8.324173927307129,32.61924743652344,0.0463748313486576,0.0223565883934497,,37.73715591430664,89.58232879638672,3.939355850219727,0.0,113.31379699707033,0.370608925819397,0.001347028533928,0.001412000041455,0.0001038050686474,0.0080108977854251,0.001166146248579,0.0001685166789684,0.0193551424890756,0.0008225988713093,0.8198404560016967,Phù hợp,1.700583429297134,
NB80,"Khu vực Bắc Hòn Mỹ, Hải Hà",2026-04-01,2026,2,cobia,2362684,497074,6.260651111602783,27.520309448242188,8.254402160644531,31.115211486816406,0.0579078160226345,0.019806770607829,,34.65544128417969,79.5208511352539,2.288835525512696,0.0,115.5853042602539,3.266462802886963,0.0013036195887252,0.0015227744588628,0.0001038050686474,0.0,0.0012773387134075,0.0001685166789684,0.0099806124344468,0.0002483043062966,0.8454451505044741,Phù hợp,0.5,
NB80,"Khu vực Bắc Hòn Mỹ, Hải Hà",2026-07-01,2026,3,cobia,2362684,497074,6.9307403564453125,27.142576217651367,8.262776374816895,32.56281661987305,0.0493301041424274,0.0309835616499185,,40.09369659423828,100.9857940673828,0.8406690955162048,0.0,130.09246826171875,0.7521874904632568,0.0013036195887252,0.0021530594676733,0.0001038050686474,9.903837053570896e-05,0.0004966363776475,0.0001685166789684,0.0065774866379797,0.0002285108494106,0.8283796845450253,Phù hợp,1.700583429297134,
NB80,"Khu vực Bắc Hòn Mỹ, Hải Hà",2026-10-01,2026,4,cobia,2362684,497074,5.788730144500732,25.791486740112305,8.185041427612305,32.13235092163086,0.047374103218317,0.0288964882493019,,38.34359359741211,103.90045166015624,3.899686336517334,0.0,128.2993927001953,4.683135032653809,0.001308208447881,0.0019386116182431,0.0001038050686474,0.0002024540590355,0.0012994114076718,0.0001685166789684,0.0210405811667442,0.0003915140114258,0.8343676780225587,Phù hợp,1.700583429297134,
NB81,"Khu vực ven bờ xã Quảng Phong, Hải Hà (phía Bắc Đảo Miều)",2026-01-01,2026,1,cobia,2364428,499994,6.597165107727051,21.230693817138672,8.254870414733887,32.022586822509766,0.0599841997027397,0.0268006082624197,,36.51505279541016,104.94232940673828,5.083315849304199,0.0,98.92095184326172,6.717390060424805,0.001347028533928,0.0015188356628641,0.0001038050686474,0.0031474698334932,0.0014764179941266,0.0001685166789684,0.0140276188030838,0.001392105477862,0.8282028132292165,Phù hợp,1.700583429297134,
NB81,"Khu vực ven bờ xã Quảng Phong, Hải Hà (phía Bắc Đảo Miều)",2026-04-01,2026,2,cobia,2364428,499994,6.146831512451172,27.198776245117188,8.222089767456055,31.66874313354492,0.065586544573307,0.0398724190890789,,38.95074081420898,104.28010559082033,3.2701148986816406,2.9056968688964844,131.0697479248047,1.4874191284179688,0.0013036195887252,0.0015013222582638,0.0001038050686474,0.0,0.0010865326039493,0.0001685166789684,0.0091992076486349,0.0007418901077471,0.8185157238389615,Phù hợp,0.5,
NB81,"Khu vực ven bờ xã Quảng Phong, Hải Hà (phía Bắc Đảo Miều)",2026-07-01,2026,3,cobia,2364428,499994,6.747491836547852,28.66295051574707,8.150940895080566,31.40462684631348,0.0650684610009193,0.048829585313797,,38.518672943115234,86.2549819946289,2.280596971511841,0.0,126.81021881103516,2.0760338306427,0.0013036195887252,0.0024241206701844,0.0001038050686474,0.0009616830502636,0.0007088158745318,0.0001685166789684,0.0100540816783905,0.0001556942297611,0.8213155485551695,Phù hợp,1.700583429297134,
NB81,"Khu vực ven bờ xã Quảng Phong, Hải Hà (phía Bắc Đảo Miều)",2026-10-01,2026,4,cobia,2364428,499994,9.378591537475586,24.488109588623047,8.160478591918945,31.492691040039062,0.0595335140824317,0.0362117476761341,,38.271141052246094,134.6089324951172,3.39363431930542,166.5000762939453,127.63690185546876,6.2903313636779785,0.001308208447881,0.0020169529598206,0.0001038050686474,0.0001113578327931,0.0009589259861968,0.0001685166789684,0.0014172918163239,0.000370156369172,0.822868446195469,Phù hợp,1.700583429297134,
NB82,"Khu bến phà Cái Chiên phía Băc đảo Cái Chiên, Hải Hà",2026-01-01,2026,1,cobia,2359689,500633,6.753318309783936,21.249963760375977,8.242741584777832,32.40932846069336,0.0471362471580505,0.0213272273540496,,35.486671447753906,95.85356903076172,3.2106666564941406,0.0,122.075927734375,2.635956287384033,0.0013424396747723,0.0015322407707571,0.0001038050686474,0.0015471167862415,0.001043498981744,0.0001685166789684,0.0294948574155569,0.0006253215833567,0.832276345889786,Phù hợp,0.5,
NB82,"Khu bến phà Cái Chiên phía Băc đảo Cái Chiên, Hải Hà",2026-04-01,2026,2,cobia,2359689,500633,6.537711143493652,26.52421760559082,8.237261772155762,31.295316696166992,0.0585208050906658,0.0385424084961414,,37.18966293334961,104.4692840576172,3.0151407718658447,0.0,137.386962890625,5.2776055335998535,0.0013036195887252,0.0015259254723787,0.0001038050686474,0.0,0.0010401952313259,0.0001685166789684,0.0130271296948194,0.0004124011029489,0.8335706403345522,Phù hợp,0.5,
NB82,"Khu bến phà Cái Chiên phía Băc đảo Cái Chiên, Hải Hà",2026-07-01,2026,3,cobia,2359689,500633,6.33058500289917,28.90192413330078,8.108463287353516,31.754802703857425,0.0341988243162632,0.0492919795215129,,43.6640510559082,109.7905502319336,1.99117112159729,485.58050537109375,152.65843200683594,5.562496185302734,0.0013036195887252,0.0019676822703331,0.0001038050686474,0.0013791373930871,0.0011041554389521,0.0001685166789684,0.0258404482156038,0.0003468276991043,0.8263178422777268,Phù hợp,1.4898781829397998,
NB82,"Khu bến phà Cái Chiên phía Băc đảo Cái Chiên, Hải Hà",2026-10-01,2026,4,cobia,2359689,500633,8.94943904876709,25.869882583618164,8.079183578491211,32.04978561401367,0.0559002868831157,0.0584648214280605,,31.20003318786621,99.30628967285156,3.5621654987335205,0.0,120.18601989746094,6.771218776702881,0.001308208447881,0.0016931492136791,0.0001038050686474,0.0006403247243724,0.0011255304561927,0.0001685166789684,0.0129006179049611,0.0005287911044433,0.8396703763247967,Phù hợp,0.5,
NB83,"Bãi tắm Đầu Rồng- xã Cái Chiên, Hải Hà",2026-01-01,2026,1,cobia,2356931,499505,6.420943260192871,21.166223526000977,8.272994041442871,32.299259185791016,0.0343665294349193,0.0256113577634096,,38.06137466430664,71.8689193725586,3.2069616317749023,0.0,129.39492797851562,6.275108814239502,0.001347028533928,0.001385478884913,0.0001038050686474,0.0060295248404145,0.0023803529329597,0.0001685166789684,0.0228009186685085,0.0014091536868363,0.8477629462381238,Phù hợp,0.5,
NB83,"Bãi tắm Đầu Rồng- xã Cái Chiên, Hải Hà",2026-04-01,2026,2,cobia,2356931,499505,6.216890335083008,27.0076961517334,8.209166526794434,32.09992599487305,0.0421780608594417,0.0346259027719497,,33.53437423706055,116.78313446044922,3.010870695114136,0.0,118.73749542236328,1.3887666463851929,0.0013036195887252,0.0017916230717673,0.0001038050686474,0.0,0.0038380709011107,0.0001685166789684,0.0096379853785038,0.0188283436000347,0.8223212139024433,Phù hợp,0.5,
NB83,"Bãi tắm Đầu Rồng- xã Cái Chiên, Hải Hà",2026-07-01,2026,3,cobia,2356931,499505,6.538695335388184,27.519433975219727,8.045201301574707,32.34807205200195,0.0322631523013114,0.0525384619832038,,38.87411117553711,134.98178100585938,3.110973358154297,0.0,144.5338134765625,2.962111711502075,0.001308208447881,0.0023213676176965,0.0001038050686474,0.0,0.0004861114721279,0.0001685166789684,0.0151285650208592,0.0003467675123829,0.823430900067269,Phù hợp,1.4898781829397998,
NB83,"Bãi tắm Đầu Rồng- xã Cái Chiên, Hải Hà",2026-10-01,2026,4,cobia,2356931,499505,7.125568866729736,25.3408145904541,8.175192832946777,32.0307731628418,0.0400964990258216,0.0473061166703701,,33.62937927246094,78.68603515625,3.568696975708008,0.0,136.11851501464844,5.988694667816162,0.001308208447881,0.0022287126630544,0.0001038050686474,0.0,0.0012658800696954,0.0001685166789684,0.0167022366076707,0.0,0.85199373916079,Rất phù hợp,0.5,
NB84,Ven bờ phía Tây đảo Vĩnh Thực- Móng Cái,2026-01-01,2026,1,cobia,2362922,508334,6.347230911254883,21.45962905883789,8.12186050415039,31.626489639282227,0.0769579634070396,0.0320754721760749,,31.1416130065918,119.55831909179688,2.157452344894409,24.133241653442383,115.18136596679688,0.0,0.0013612867332994,0.0014702600892633,0.0001038050686474,0.0001890724088298,0.0004186606965959,0.0001685166789684,0.0054270545952022,0.0006275183986872,0.809846159526543,Phù hợp,0.5,
NB84,Ven bờ phía Tây đảo Vĩnh Thực- Móng Cái,2026-04-01,2026,2,cobia,2362922,508334,6.170467376708984,26.85784721374512,8.120819091796875,31.143281936645508,0.0805795714259147,0.037773497402668,,37.14204406738281,90.4900894165039,1.91145133972168,0.0,105.33386993408205,2.771802425384521,0.0013036195887252,0.001842767233029,0.0001038050686474,0.0028581160586327,0.0010410028044134,0.0001685166789684,0.0215130448341369,0.0005727769457735,0.8177008152260322,Phù hợp,4.1760534599068535,
NB84,Ven bờ phía Tây đảo Vĩnh Thực- Móng Cái,2026-07-01,2026,3,cobia,2362922,508334,6.594974994659424,30.07315826416016,8.098318099975586,31.476295471191406,0.0533527769148349,0.0492172464728355,,44.25999450683594,123.06071472167967,0.7502292394638062,0.0,119.36441040039062,0.0,0.001308208447881,0.0020195259712636,0.0001038050686474,0.0006730747409164,0.001606581849046,0.0001685166789684,0.0163130592554807,0.0003517743898555,0.8032380524980095,Phù hợp,0.5,
NB84,Ven bờ phía Tây đảo Vĩnh Thực- Móng Cái,2026-10-01,2026,4,cobia,2362922,508334,9.423270225524902,25.4121036529541,8.100700378417969,31.65527534484864,0.0454511307179927,0.0514028556644916,,32.13685989379883,111.5617904663086,1.8657537698745728,0.0,136.1028594970703,12.075289726257324,0.001308208447881,0.0018090084195137,0.0001038050686474,2.031854455708526e-05,0.0004156718496233,0.0001685166789684,0.006741052493453,0.0004096619668416,0.8577783852407332,Rất phù hợp,0.5,
NB85,Ven bờ xã Quảng Nghĩa -Móng Cái,2026-01-01,2026,1,cobia,2374296,507087,6.193212985992432,22.87250709533692,7.702113151550293,24.39469146728516,0.0454685948789119,0.0208809748291969,,31.22812271118164,76.69869995117188,2.8108139038085938,0.0,111.26407623291016,0.0,0.001347028533928,0.0015981227625161,0.0001038050686474,0.0001728133793221,0.0005972377839498,0.0001685166789684,0.0156408306211233,0.000545127200894,0.8371134318400347,Phù hợp,0.5,
NB85,Ven bờ xã Quảng Nghĩa -Móng Cái,2026-04-01,2026,2,cobia,2374296,507087,5.28105354309082,27.229463577270508,7.735336780548096,21.988584518432617,0.0584144927561283,0.0372870042920112,,35.82990646362305,48.23521423339844,7.190343379974365,1258.2227783203125,113.96709442138672,0.0,0.0013036195887252,0.0017986678285524,0.0001038050686474,0.0003496961435303,0.0010077671613544,0.0001685166789684,0.0116551546379923,0.0005522262654267,0.8062087250108902,Phù hợp,0.5,
NB85,Ven bờ xã Quảng Nghĩa -Móng Cái,2026-07-01,2026,3,cobia,2374296,507087,4.686932563781738,29.09185791015625,7.6574201583862305,19.48402214050293,0.0439966209232807,0.0513761304318904,,33.16958999633789,99.78977966308594,7.474896430969238,0.0,105.31072235107422,0.0,0.001308208447881,0.0021810051985085,0.0001038050686474,0.0006990369292907,0.0017730364343151,0.0001685166789684,0.0157954934984445,0.0003211994189769,0.7938453872321148,Phù hợp,0.5,
NB85,Ven bờ xã Quảng Nghĩa -Móng Cái,2026-10-01,2026,4,cobia,2374296,507087,5.642093658447266,24.647260665893555,7.672974586486816,22.23756980895996,0.0449990928173065,0.0269002113491296,,38.06886672973633,117.37299346923828,7.424472332000732,0.0,143.84799194335938,0.0,0.001308208447881,0.0016929656267166,0.0001038050686474,0.0,0.0004231038037687,0.0001685166789684,0.0090704960748553,0.0004096619668416,0.8067438942191172,Phù hợp,4.673283026952252,
NB86,Ven bờ phường Hải Yên - Móng Cái,2026-01-01,2026,1,cobia,2378235,515563,5.716314315795898,21.93335151672364,7.619558334350586,20.670106887817383,0.0440752059221267,0.0505904182791709,,35.93000411987305,97.05587005615234,3.132073402404785,1307.4306640625,119.29681396484376,0.0,0.001347028533928,0.0014765742234885,0.0001038050686474,0.0028615773189812,0.0014539610128849,0.0001685166789684,0.0130223305895924,0.0010159678058698,0.7911929828921926,Phù hợp,0.5,
NB86,Ven bờ phường Hải Yên - Móng Cái,2026-04-01,2026,2,cobia,2378235,515563,4.301878452301025,26.74231338500977,7.661564350128174,20.35724449157715,0.0677481144666671,0.0478905253112316,,30.95165634155273,85.05207824707031,5.195005893707275,274.4245300292969,107.87769317626952,0.0,0.0013036195887252,0.0015054268296808,0.0001038050686474,0.0,0.0012286906130611,0.0001685166789684,0.0060218637809157,0.0002171156811527,0.7934468979800281,Phù hợp,0.5,
NB86,Ven bờ phường Hải Yên - Móng Cái,2026-07-01,2026,3,cobia,2378235,515563,4.529586315155029,28.34834289550781,7.654447078704834,22.328161239624023,0.0525767877697944,0.0499638766050338,,31.567401885986328,66.14186096191406,6.221258163452148,0.0,124.11309814453124,0.1027317121624946,0.0013036195887252,0.0021688127890229,0.0001038050686474,0.0,0.0003509374218992,0.0001685166789684,0.0254911500960588,0.0002181642194045,0.8096711140543169,Phù hợp,0.5,
NB86,Ven bờ phường Hải Yên - Móng Cái,2026-10-01,2026,4,cobia,2378235,515563,5.5566606521606445,22.81609916687012,7.717036724090576,24.72940444946289,0.0492358095943927,0.0642202049493789,,34.074153900146484,79.08721923828125,8.118589401245117,0.0,125.91448211669922,0.3861187100410461,0.001308208447881,0.001559097203426,0.0001038050686474,0.0002259251923533,0.00153712881729,0.0001685166789684,0.0228121690452098,0.0003684287075884,0.8125115388201678,Phù hợp,4.673283026952252,
NB87,Khu vực cửa sông KaLong - Móng Cái,2026-01-01,2026,1,cobia,2369213,521009,5.56608772277832,21.91190719604492,8.156682968139648,26.31635284423828,0.0683392733335495,0.0370373763144016,,31.94911003112793,89.17841339111328,5.876574516296387,0.0,120.50215911865234,1.8934926986694336,0.0013612867332994,0.0014767788816243,0.0001038050686474,0.0005330318817868,0.0011430133599787,0.0001685166789684,0.0091786039993166,0.0005246616201475,0.8186853347829472,Phù hợp,0.5,
NB87,Khu vực cửa sông KaLong - Móng Cái,2026-04-01,2026,2,cobia,2369213,521009,5.114714622497559,27.1894588470459,7.966287136077881,25.580528259277344,0.0765180811285972,0.0452520884573459,,33.266387939453125,64.48925018310547,5.6936140060424805,0.0,118.49034118652344,1.517725110054016,0.0013036195887252,0.0018891427898779,0.0001038050686474,0.0,0.00116036250256,0.0001685166789684,0.0060135265812277,0.0001373916020384,0.8177504060174938,Phù hợp,0.5,
NB87,Khu vực cửa sông KaLong - Móng Cái,2026-07-01,2026,3,cobia,2369213,521009,5.218876361846924,28.55974578857422,7.945982456207275,25.02383041381836,0.0506795197725296,0.0482431352138519,,34.21321487426758,63.7664909362793,6.632160186767578,0.0,134.97259521484375,0.866324782371521,0.001308208447881,0.0023595213424414,0.0001038050686474,0.0,0.0004061841173097,0.0001685166789684,0.0289509929716587,0.0002225023490609,0.8220336148516949,Phù hợp,0.5,
NB87,Khu vực cửa sông KaLong - Móng Cái,2026-10-01,2026,4,cobia,2369213,521009,5.110813140869141,23.64736557006836,8.095755577087402,26.8948974609375,0.0477822795510292,0.0237500332295894,,34.3316650390625,83.18708801269531,8.13594913482666,0.0,132.82467651367188,2.4902141094207764,0.001308208447881,0.0021022334694862,0.0001038050686474,0.000881819112692,0.0014075189828872,0.0001685166789684,0.0269430242478847,0.0003259165678173,0.8283965316928128,Phù hợp,0.5,
NB88,"Khu vực ven bờ  Núi Tổ Chim, Hải Hoà - Móng Cái ",2026-01-01,2026,1,cobia,2379574,529701,6.650116920471191,21.57089805603028,8.191048622131348,28.824216842651367,0.0707453936338424,0.0260683540254831,,30.322004318237305,65.50132751464844,3.779741048812866,0.0,111.13630676269533,0.6643450856208801,0.0013612867332994,0.0015381420962512,0.0001038050686474,0.0004411302797961,0.001501124119386,0.0001685166789684,0.016840498894453,0.0007184441201388,0.831925360634228,Phù hợp,0.5,
NB88,"Khu vực ven bờ  Núi Tổ Chim, Hải Hoà - Móng Cái ",2026-04-01,2026,2,cobia,2379574,529701,6.460072040557861,26.77567481994629,8.147215843200684,28.690248489379883,0.0781731009483337,0.029284194111824,,37.58840560913086,110.55308532714844,2.2019505500793457,0.0,136.7966766357422,0.0,0.0013036195887252,0.0015529082156717,0.0001038050686474,0.0,0.0013864107895642,0.0001685166789684,0.0072446544654667,0.0006245388067327,0.8115697138805442,Phù hợp,1.890484395598123,
NB88,"Khu vực ven bờ  Núi Tổ Chim, Hải Hoà - Móng Cái ",2026-07-01,2026,3,cobia,2379574,529701,6.7486772537231445,29.02834129333496,8.165714263916016,29.230775833129883,0.0545685477554798,0.0530271977186203,,40.30541610717773,116.03459167480467,2.931846857070923,0.0,120.49278259277344,0.5599537491798401,0.0013036195887252,0.0023103228304535,0.0001038050686474,0.0001086859483621,0.0007781482418067,0.0001685166789684,0.0203738026320934,0.0002147911145584,0.8087675268035802,Phù hợp,0.5,
NB88,"Khu vực ven bờ  Núi Tổ Chim, Hải Hoà - Móng Cái ",2026-10-01,2026,4,cobia,2379574,529701,8.469292640686035,25.39430427551269,8.124791145324707,29.045732498168945,0.0496253184974193,0.0445430278778076,,36.758636474609375,88.85869598388672,1.3836815357208252,0.0,135.0753173828125,0.0,0.001308208447881,0.0018043838208541,0.0001038050686474,0.0009707001736387,0.001073783962056,0.0001685166789684,0.0139928851276636,0.0004068885464221,0.8288188730824462,Phù hợp,0.5,
NB89,Bãi tắm Trà Cổ,2026-01-01,2026,1,cobia,2375900,528808,6.350107192993164,19.89874839782715,8.338282585144043,30.121288299560547,0.0720672309398651,0.0216929223388433,,33.52565383911133,66.72673034667969,17.521377563476562,0.0,120.93138885498048,0.0,0.001347028533928,0.0015791878104209,0.0001038050686474,0.0019806150812655,0.0014856880297884,0.0001685166789684,0.028954641893506,0.0017293364508077,0.8065120669913048,Phù hợp,0.5,
NB89,Bãi tắm Trà Cổ,2026-04-01,2026,2,cobia,2375900,528808,6.48471212387085,25.43228912353516,8.376306533813477,29.78697395324707,0.0778971090912818,0.0216002520173788,,35.44915771484375,68.900390625,12.305863380432127,0.0,104.30783081054688,0.0,0.0013036195887252,0.0014496401418,0.0001038050686474,0.0,0.0008629989461041,0.0001685166789684,0.0091323889791965,0.0006186814280226,0.819751440347525,Phù hợp,1.890484395598123,
NB89,Bãi tắm Trà Cổ,2026-07-01,2026,3,cobia,2375900,528808,6.356085300445557,28.294506072998047,8.353156089782715,29.829174041748047,0.0721753388643264,0.0291928686201572,,39.28394317626953,116.48722839355467,15.3264741897583,0.0,128.24546813964844,0.0,0.0013036195887252,0.0024894811213016,0.0001038050686474,0.0094352858141064,0.0017074800562113,0.0001685166789684,0.0216179639101028,0.0019525572424754,0.7833090881408846,Phù hợp,0.5,
NB89,Bãi tắm Trà Cổ,2026-10-01,2026,4,cobia,2375900,528808,7.314586162567139,24.534046173095703,8.308632850646973,30.229297637939453,0.0652702897787094,0.0211510974913835,,36.45893859863281,95.88701629638672,17.64493751525879,0.0,120.48697662353516,0.0,0.001308208447881,0.0019071127753704,0.0001038050686474,0.0,0.000476796994917,0.0001685166789684,0.0112522449344396,0.0,0.8098806713190119,Phù hợp,0.5,
NB90,Khu vực cảng Cô Tô,2026-01-01,2026,1,cobia,2319575,501050,6.1542510986328125,22.25518035888672,8.131731986999512,33.026275634765625,0.0289592742919921,0.0300292242318391,,35.42123031616211,145.84791564941406,4.373908519744873,0.0,134.51312255859375,0.9693797826766968,0.0013566978741437,0.001395251834765,0.0001038050686474,0.0,0.0009318673401139,0.0001685166789684,0.0052042505703866,0.0005952432984486,0.8236691663467084,Phù hợp,1.4331288323106195,
NB90,Khu vực cảng Cô Tô,2026-04-01,2026,2,cobia,2319575,501050,6.294447422027588,26.408456802368164,8.18726634979248,32.338417053222656,0.0429121404886245,0.0498894155025482,,33.01721954345703,46.36862182617188,2.988947868347168,0.0,115.513916015625,9.265315055847168,0.0013036195887252,0.0018180710030719,0.0001038050686474,0.0076066218316555,0.0034932133276015,0.0001685166789684,0.0235056430101394,0.003778853919357,0.8603917004712891,Rất phù hợp,0.5,
NB90,Khu vực cảng Cô Tô,2026-07-01,2026,3,cobia,2319575,501050,5.9517316818237305,28.34688377380371,8.152958869934082,32.01523208618164,0.0449629202485084,0.0621869154274463,,35.824119567871094,112.15643310546876,1.894525051116944,0.0,124.95259857177734,5.712687015533447,0.001308208447881,0.001761358231306,0.0001038050686474,7.75256830820581e-06,0.0015483708120882,0.0001685166789684,0.0128560615703463,0.0002718173200264,0.8337899904162633,Phù hợp,1.4331288323106195,
NB90,Khu vực cảng Cô Tô,2026-10-01,2026,4,cobia,2319575,501050,5.746057987213135,24.94500541687012,8.136575698852539,31.789039611816406,0.0396775268018245,0.0322143100202083,,35.735809326171875,110.37806701660156,2.924804210662842,0.0,127.88153076171876,2.4819257259368896,0.001308208447881,0.0016081895446404,0.0001038050686474,0.0002222434122813,0.0002617325808387,0.0001685166789684,0.0077986447140574,0.0004602671833708,0.8353068500856011,Phù hợp,1.4331288323106195,
NB91,"Khu vực Vụng cát 2, 3 - khu 4 thị trấn Cô Tô",2026-01-01,2026,1,cobia,2317783,498813,6.6527299880981445,22.045101165771484,8.089353561401367,32.711265563964844,0.0291711464524269,0.0470001921057701,,34.47989273071289,134.88893127441406,4.568964004516602,0.0,116.39069366455078,1.5209245681762695,0.0013566978741437,0.0014303843490779,0.0001038050686474,0.0,0.0014253562549129,0.0001685166789684,0.0093982461839914,0.000306742178509,0.8242144212203988,Phù hợp,1.4331288323106195,
NB91,"Khu vực Vụng cát 2, 3 - khu 4 thị trấn Cô Tô",2026-04-01,2026,2,cobia,2317783,498813,6.1109232902526855,26.338247299194336,8.084145545959473,32.10407638549805,0.0327070355415344,0.0623201690614223,,32.916629791259766,114.5631103515625,3.721086263656616,1458.982177734375,122.31907653808594,8.412227630615234,0.0013036195887252,0.0016726260073482,0.0001038050686474,0.0,0.0009569731773808,0.0001685166789684,0.0017374848248437,6.770088657503948e-05,0.8349376660898902,Phù hợp,0.5,
NB91,"Khu vực Vụng cát 2, 3 - khu 4 thị trấn Cô Tô",2026-07-01,2026,3,cobia,2317783,498813,5.842948913574219,28.91889381408692,8.112017631530762,31.75623893737793,0.0340607427060604,0.048525258898735,,34.626827239990234,81.18075561523438,1.458249568939209,202.4058990478516,123.93122863769533,0.8185572028160095,0.001308208447881,0.002259726403281,0.0001038050686474,0.0006132719572633,0.0007664347649551,0.0001685166789684,0.0319433808326721,0.0001357752917101,0.8349312671490943,Phù hợp,1.4331288323106195,
NB91,"Khu vực Vụng cát 2, 3 - khu 4 thị trấn Cô Tô",2026-10-01,2026,4,cobia,2317783,498813,5.447574615478516,24.17973899841309,8.026690483093262,31.652851104736328,0.0540103726089,0.0480580255389213,,31.543500900268555,139.42161560058594,3.831070899963379,0.0,124.50588989257812,9.078025817871094,0.001308208447881,0.0016174735501408,0.0001038050686474,0.0012820861302316,0.0012016710825264,0.0001685166789684,0.0169189013540744,0.0005227496149018,0.8295259417394831,Phù hợp,1.4331288323106195,
NB92,"Khu vực bãi tắm Hồng Vàn, xã Đồng Tiến",2026-01-01,2026,1,cobia,2323555,501698,6.796524524688721,21.43191337585449,8.136783599853516,32.45457458496094,0.0415386259555816,0.0330289974808692,,33.10589599609375,137.4033660888672,2.640907049179077,165.44985961914062,111.61163330078124,2.374805212020874,0.0013612867332994,0.0017505752621218,0.0001038050686474,0.0,0.0010324729373678,0.0001685166789684,0.0044444040395319,0.000464223587187,0.8229022099552509,Phù hợp,1.549474507696077,
NB92,"Khu vực bãi tắm Hồng Vàn, xã Đồng Tiến",2026-04-01,2026,2,cobia,2323555,501698,6.269481182098389,26.03238296508789,8.051631927490234,32.37900924682617,0.0432638600468635,0.0566565692424774,,31.62923812866211,112.3717803955078,3.853537797927856,1525.9044189453125,130.17135620117188,6.939318656921387,0.001308208447881,0.0018133148550987,0.0001038050686474,0.0002343949890928,0.0012906512711197,0.0001685166789684,0.0218392554670572,0.0005174987600184,0.8257021353302045,Phù hợp,1.549474507696077,
NB92,"Khu vực bãi tắm Hồng Vàn, xã Đồng Tiến",2026-07-01,2026,3,cobia,2323555,501698,5.705575942993164,28.55477905273437,8.079264640808105,32.07868576049805,0.0505755133926868,0.0616636201739311,,33.64017105102539,87.53205108642578,1.2125457525253296,2956.05859375,124.37032318115234,0.0,0.001308208447881,0.0019207652658224,0.0001038050686474,0.0001994463964365,0.0014176603872328,0.0001685166789684,0.0193158444017171,0.0003422120062168,0.7946850205087926,Phù hợp,0.5,
NB92,"Khu vực bãi tắm Hồng Vàn, xã Đồng Tiến",2026-10-01,2026,4,cobia,2323555,501698,5.8632588386535645,24.455432891845703,8.054680824279785,31.633256912231445,0.0569001697003841,0.0495760701596736,,28.63252067565918,126.39529418945312,3.4482898712158203,4830.02392578125,123.76224517822266,0.0,0.001308208447881,0.0016746232286095,0.0001038050686474,0.0,0.0003552613779902,0.0001685166789684,0.0112641314044594,0.0004060620849486,0.7697807669397213,Phù hợp,0.5,
NB93,Khu vực ven bờ phía Nam xã Đồng Tiến,2026-01-01,2026,1,cobia,2321580,498778,6.291506767272949,22.125957489013672,8.075209617614746,32.3394889831543,0.0337141044437885,0.0448432639241218,,32.9896354675293,125.67308044433594,3.46480393409729,0.0,118.15885162353516,4.591275691986084,0.0013566978741437,0.0014068776508793,0.0001038050686474,0.0017045094864442,0.0021715911570936,0.0001685166789684,0.0147790508344769,0.0005934180808253,0.8334791504806717,Phù hợp,0.5,
NB93,Khu vực ven bờ phía Nam xã Đồng Tiến,2026-04-01,2026,2,cobia,2321580,498778,6.072981834411621,26.797340393066406,8.089241981506348,31.18177795410156,0.0528154857456684,0.0614472404122352,,34.763702392578125,77.76942443847656,2.2689006328582764,2263.228515625,132.12193298339844,6.567206859588623,0.0013036195887252,0.0015411372296512,0.0001038050686474,0.0,0.0013905874220654,0.0001685166789684,0.0080974185839295,0.0002963669830933,0.8237863248030595,Phù hợp,0.5,
NB93,Khu vực ven bờ phía Nam xã Đồng Tiến,2026-07-01,2026,3,cobia,2321580,498778,5.51737117767334,28.642358779907227,8.132052421569824,32.09671401977539,0.0539244785904884,0.0550418756902217,,33.10057830810547,90.08306121826172,3.7569661140441895,3399.22119140625,92.77938079833984,6.179182529449463,0.0013036195887252,0.0020679931621998,0.0001038050686474,0.0,0.0008003642433322,0.0001685166789684,0.0163676291704177,0.0002173435059376,0.8014476255287019,Phù hợp,0.5,
NB93,Khu vực ven bờ phía Nam xã Đồng Tiến,2026-10-01,2026,4,cobia,2321580,498778,6.143408298492432,25.34430313110352,8.020150184631348,31.72840881347656,0.0535991713404655,0.0685666278004646,,32.73900604248047,135.1188201904297,2.264907121658325,1554.6766357421875,122.76522064208984,2.539851665496826,0.001308208447881,0.0017780114430934,0.0001038050686474,0.0005839539808221,0.0008856785716488,0.0001685166789684,0.009575743228197,0.0005443633999675,0.8002199531785834,Phù hợp,0.5,
NB94,Khu vực phía Bắc đảo Cô Tô con,2026-01-01,2026,1,cobia,2328260,501917,6.669294834136963,22.165756225585938,8.143885612487793,31.9212589263916,0.0420081801712513,0.0391038171947002,,35.12599563598633,121.3032455444336,2.473820209503174,488.1736755371094,123.78968048095705,1.5551366806030271,0.0013612867332994,0.0015684927348047,0.0001038050686474,0.0,0.0011284457286819,0.0001685166789684,0.0154128186404705,0.0004342981264926,0.8202641861401532,Phù hợp,0.574467144404273,
NB94,Khu vực phía Bắc đảo Cô Tô con,2026-04-01,2026,2,cobia,2328260,501917,5.788724422454834,26.37156867980957,8.178452491760254,32.002811431884766,0.0570963136851787,0.056636057794094,,32.22118377685547,88.63462829589844,2.252173900604248,383.3439636230469,120.54422760009766,1.0612128973007202,0.0013036195887252,0.001628725323826,0.0001038050686474,0.0,0.0009423831943422,0.0001685166789684,0.0112417805939912,0.0004411435802467,0.8245657043400101,Phù hợp,0.5,
NB94,Khu vực phía Bắc đảo Cô Tô con,2026-07-01,2026,3,cobia,2328260,501917,5.200577259063721,28.4777946472168,8.166632652282715,31.76565742492676,0.0407479144632816,0.072528101503849,,32.00407791137695,102.83716583251952,0.4739748835563659,1081.9329833984375,125.49323272705078,0.0,0.001308208447881,0.0025981478393077,0.0001038050686474,0.0012912291567772,0.000661859230604,0.0001685166789684,0.0327577702701091,0.0001497027260484,0.804981837772764,Phù hợp,0.5,
NB94,Khu vực phía Bắc đảo Cô Tô con,2026-10-01,2026,4,cobia,2328260,501917,5.42800235748291,24.270278930664062,8.157712936401367,31.11961555480957,0.0650543794035911,0.0533402413129806,,29.674867630004883,128.79754638671875,2.5093889236450195,4422.56396484375,121.43575286865234,2.0103886127471924,0.001308208447881,0.0021434533409774,0.0001038050686474,0.0,0.0011803384404629,0.0001685166789684,0.0109515748918056,3.3858170354506e-05,0.768170869420773,Phù hợp,0.5,
NB95,Khu vực phía Nam đảo Cô Tô con,2026-01-01,2026,1,cobia,2326638,502012,6.624401569366455,22.42169952392578,8.149396896362305,33.71622085571289,0.0261625051498413,0.024702750146389,,34.30279922485352,136.38662719726562,4.157195091247559,0.0,124.64488983154295,2.8331005573272705,0.0013612867332994,0.0014560640556737,0.0001038050686474,0.0003712231700774,0.0012784918071702,0.0001685166789684,0.0088926069438457,0.0006085039931349,0.8338612518398563,Phù hợp,0.5,
NB95,Khu vực phía Nam đảo Cô Tô con,2026-04-01,2026,2,cobia,2326638,502012,5.979732990264893,25.19093894958496,8.113995552062988,33.48949432373047,0.0285663492977619,0.0457857996225357,,38.57339859008789,141.62606811523438,3.625563383102417,355.40771484375,126.87967681884766,7.16848087310791,0.0013036195887252,0.0016425574431195,0.0001038050686474,0.0001267817860934,0.0013015294680371,0.0001685166789684,0.007369365543127,0.0003841957950498,0.8327160126788359,Phù hợp,0.6418716772065893,
NB95,Khu vực phía Nam đảo Cô Tô con,2026-07-01,2026,3,cobia,2326638,502012,5.424102306365967,27.00284576416016,8.170355796813965,34.05476379394531,0.0503407195210456,0.0633175894618034,,28.14476776123047,114.3660888671875,2.3492000102996826,1453.2388916015625,98.77732849121094,21.54625129699707,0.001308208447881,0.0023025092668831,0.0001038050686474,0.0,0.0002064456930384,0.0001685166789684,0.0179691296070814,0.0002575946273282,0.8516029984329372,Rất phù hợp,0.5,
NB95,Khu vực phía Nam đảo Cô Tô con,2026-10-01,2026,4,cobia,2326638,502012,6.678997039794922,25.25253677368164,8.104289054870605,32.68438720703125,0.0694466531276702,0.0504739880561828,,29.7498722076416,82.63258361816406,4.364570140838623,0.0,99.45782470703124,9.616641998291016,0.001308208447881,0.001912060775794,0.0001038050686474,0.0003724900307133,0.0010786355705931,0.0001685166789684,0.0219879504293203,0.000368193781469,0.8471179628746309,Phù hợp,0.5,
NB96,Khu vực phía Đông đảo Cô Tô con,2026-01-01,2026,1,cobia,2327640,503181,6.700145244598389,22.561622619628903,8.124661445617676,33.0762825012207,0.0282675493508577,0.0466300956904888,,39.21973037719727,132.3507080078125,3.700998544692993,905.108642578125,141.67613220214844,5.499051570892334,0.0013612867332994,0.0014477984514087,0.0001038050686474,0.0,0.0011738493340089,0.0001685166789684,0.004945601336658,0.0004865025111939,0.8239601153696631,Phù hợp,0.7039346560583589,
NB96,Khu vực phía Đông đảo Cô Tô con,2026-04-01,2026,2,cobia,2327640,503181,6.148314476013184,25.129995346069336,8.067800521850586,32.700077056884766,0.039957046508789,0.0554402098059654,,31.77631950378418,105.0511474609375,4.701430320739746,465.9814147949219,138.46728515625,7.197875022888184,0.0013036195887252,0.0017062363913282,0.0001038050686474,0.0,0.0012337362859398,0.0001685166789684,0.0215720105916261,0.0003172410069964,0.8409959576834927,Phù hợp,0.5,
NB96,Khu vực phía Đông đảo Cô Tô con,2026-07-01,2026,3,cobia,2327640,503181,5.347850799560547,27.67564010620117,8.100896835327148,32.56095886230469,0.0514766536653041,0.0742377415299415,,31.86955642700196,101.73020935058594,4.672106742858887,1564.9837646484375,98.60723876953124,13.935192108154297,0.001308208447881,0.0018855805974453,0.0001038050686474,0.0004514629836194,0.0005907363374717,0.0001685166789684,0.0128515744581818,0.0003193957963958,0.8321281280205947,Phù hợp,0.5,
NB96,Khu vực phía Đông đảo Cô Tô con,2026-10-01,2026,4,cobia,2327640,503181,6.138462543487549,25.100868225097656,8.042318344116211,32.09436798095703,0.0479933209717273,0.0501496605575084,,30.259246826171875,142.10623168945312,3.72032642364502,0.0,110.48863983154295,3.3344390392303467,0.001308208447881,0.0023150227498263,0.0001038050686474,0.0002260389301227,0.0010547921992838,0.0001685166789684,0.011744319461286,0.0003154027508571,0.8227262887916329,Phù hợp,0.5,
NB97,Khu vực phía Tây  đảo Cô Tô con,2026-01-01,2026,1,cobia,2327497,501058,6.871592044830322,22.585691452026367,8.138071060180664,33.27324295043945,0.0246135089546442,0.0401003584265708,,38.67147445678711,146.54144287109375,3.5935521125793457,0.0,150.0127716064453,3.2445414066314697,0.0013612867332994,0.0015877123223617,0.0001038050686474,0.0003599244519136,0.0014189309440553,0.0001685166789684,0.0118137700483202,0.0008582777809351,0.8248678727369001,Phù hợp,0.574467144404273,
NB97,Khu vực phía Tây  đảo Cô Tô con,2026-04-01,2026,2,cobia,2327497,501058,6.007384777069092,26.400514602661133,8.11816692352295,30.7885971069336,0.0313043259084224,0.0544565841555595,,36.17939376831055,90.36444091796876,2.986746072769165,1660.1533203125,139.73138427734375,9.001935958862305,0.0013036195887252,0.0016811554087325,0.0001038050686474,0.0015572885749861,0.0017394393216818,0.0001685166789684,0.0115156732499599,0.0007500775973312,0.8395120400737044,Phù hợp,0.574467144404273,
NB97,Khu vực phía Tây  đảo Cô Tô con,2026-07-01,2026,3,cobia,2327497,501058,5.58087682723999,28.7161808013916,8.010479927062988,32.41255569458008,0.028359180316329,0.0571586564183235,,38.35420608520508,148.50534057617188,2.651413917541504,0.0,110.19483184814452,6.494145393371582,0.001308208447881,0.0020958541426807,0.0001038050686474,0.0007007464882917,0.0009567222441546,0.0001685166789684,0.0096841538324952,0.0004132959875278,0.825014506989467,Phù hợp,0.5,
NB97,Khu vực phía Tây  đảo Cô Tô con,2026-10-01,2026,4,cobia,2327497,501058,6.005779266357422,24.425121307373047,8.048216819763184,31.87443733215332,0.0457991398870945,0.0439985692501068,,32.5490837097168,123.04701232910156,3.9861245155334473,0.0,126.34053802490234,2.189027547836304,0.001308208447881,0.0022186122369021,0.0001038050686474,0.0001493228919571,0.0006253327592276,0.0001685166789684,0.0192912723869085,0.0002730121195781,0.8259866687805658,Phù hợp,0.5,
NB98,Khu vực cảng Thanh Lân,2026-01-01,2026,1,cobia,2323023,505543,6.869810104370117,22.55431365966797,8.169124603271484,33.7210807800293,0.0259877629578113,0.0323889032006263,,36.530906677246094,122.3824462890625,3.439735412597656,0.0,128.79249572753906,1.997178554534912,0.0013612867332994,0.0014538407558575,0.0001038050686474,0.0005965624004602,0.0016689882613718,0.0001685166789684,0.0108123458921909,0.0007969971047714,0.8327599825770486,Phù hợp,0.5,
NB98,Khu vực cảng Thanh Lân,2026-04-01,2026,2,cobia,2323023,505543,6.158419609069824,25.533565521240234,8.096818923950195,31.802364349365234,0.0308031421154737,0.0525684580206871,,37.0577278137207,90.39874267578124,3.119231700897217,2455.94140625,131.0240478515625,10.1157865524292,0.0013036195887252,0.0017124888254329,0.0001038050686474,0.0013412055559456,0.0020019840449094,0.0001685166789684,0.0077329883351922,0.0014473566552624,0.8341408977946239,Phù hợp,0.7399312468060799,
NB98,Khu vực cảng Thanh Lân,2026-07-01,2026,3,cobia,2323023,505543,5.39529275894165,28.23206329345703,8.034158706665039,33.066036224365234,0.0287372190505266,0.0692997127771377,,32.011802673339844,106.8597640991211,3.227729082107544,2035.0364990234373,113.2050552368164,6.991462230682373,0.001308208447881,0.0020934918429702,0.0001038050686474,6.478720024460927e-06,0.0005442238762043,0.0001685166789684,0.018142094835639,0.0002928276953753,0.8215667426259781,Phù hợp,0.7399312468060799,
NB98,Khu vực cảng Thanh Lân,2026-10-01,2026,4,cobia,2323023,505543,5.958992004394531,25.27110290527344,8.057816505432129,31.992122650146484,0.0687101781368255,0.0411453545093536,,25.73667907714844,90.3623046875,4.629300117492676,0.0,109.4578094482422,8.805447578430176,0.001308208447881,0.0018188608810305,0.0001038050686474,0.0005276053561829,0.0012572956038638,0.0001685166789684,0.0118496716022491,0.0003978078020736,0.849652769149983,Phù hợp,0.5,
NB99,Khu vực nuôi nhuyễn thể phía Đông Nam đảo Thanh Lân,2026-01-01,2026,1,cobia,2321546,505635,6.868072986602783,22.20853042602539,8.110771179199219,32.97053146362305,0.0281151868402957,0.042553711682558,,39.782005310058594,155.4744873046875,3.672189474105835,382.40966796875,144.72080993652344,3.3426008224487305,0.0013612867332994,0.0014603858580812,0.0001038050686474,0.0001357849687337,0.0004718867712654,0.0001685166789684,0.008791871368885,0.0006188046536408,0.8174121222003631,Phù hợp,0.5,
NB99,Khu vực nuôi nhuyễn thể phía Đông Nam đảo Thanh Lân,2026-04-01,2026,2,cobia,2321546,505635,5.832846641540527,25.56985855102539,8.098718643188477,32.601158142089844,0.0530342459678649,0.0567914173007011,,32.89302444458008,94.82579040527344,4.232640266418457,337.16070556640625,143.4064178466797,7.76735782623291,0.0013036195887252,0.0017499853856861,0.0001038050686474,0.0011631730012595,0.0005099816480651,0.0001685166789684,0.0108668925240635,0.0005413629696704,0.8380659069902361,Phù hợp,0.7399312468060799,
NB99,Khu vực nuôi nhuyễn thể phía Đông Nam đảo Thanh Lân,2026-07-01,2026,3,cobia,2321546,505635,5.420130729675293,27.438928604125977,8.054549217224121,32.800682067871094,0.0578411817550659,0.0738126710057258,,30.86608123779297,117.68716430664062,3.344964504241944,1283.7672119140625,111.7831039428711,9.269830703735352,0.001308208447881,0.0025328870397061,0.0001038050686474,0.0004770759260281,0.0007078989874571,0.0001685166789684,0.0141075542196631,0.0003939393500331,0.8159788193529707,Phù hợp,0.7399312468060799,
NB99,Khu vực nuôi nhuyễn thể phía Đông Nam đảo Thanh Lân,2026-10-01,2026,4,cobia,2321546,505635,6.413040637969971,25.52316665649414,8.090659141540527,31.925466537475582,0.045782696455717,0.0507936626672744,,28.92816925048828,112.84622192382812,4.278719425201416,902.0469360351562,117.61174011230467,7.288731575012207,0.001308208447881,0.0023970557376742,0.0001038050686474,0.0004213052161503,0.001453329110518,0.0001685166789684,0.0098588457331061,0.0,0.8349081494287589,Phù hợp,0.5,
NB1,Luồng vào cảng Cái Lân tại cầu Bãi Cháy,2026-01-01,2026,1,cobia,2318587,428692,7.504186630249023,19.08295249938965,8.24927043914795,31.8042106628418,0.0438745245337486,0.0260918512940406,,35.49148178100586,92.2966766357422,3.784267663955689,0.0,125.29725646972656,4.342403411865234,0.0013612867332994,0.001619076472707,0.0001038050686474,0.0,0.0010635643266141,0.0001685166789684,0.010022610425949,0.0008906483999453,0.8362049306485992,Phù hợp,0.3311740478962686,0.3311740478962686
NB1,Luồng vào cảng Cái Lân tại cầu Bãi Cháy,2026-04-01,2026,2,cobia,2318587,428692,6.4117584228515625,27.754457473754883,8.281417846679688,31.45549774169922,0.0551313422620296,0.0322476215660572,,36.31550216674805,102.4024429321289,2.978375196456909,0.0,110.2794418334961,4.1525187492370605,0.001308208447881,0.001649652258493,0.0001038050686474,0.0003667071578092,0.0007760049775242,0.0001685166789684,0.0104568041861057,0.0004294149985071,0.8352624795181942,Phù hợp,0.3311740478962686,0.3311740478962686
NB1,Luồng vào cảng Cái Lân tại cầu Bãi Cháy,2026-07-01,2026,3,cobia,2318587,428692,6.082108974456787,27.875144958496094,8.16908073425293,30.857925415039062,0.0436781235039234,0.0450579151511192,,40.86963653564453,125.48461151123048,1.917973637580872,632.6392211914062,137.92950439453125,1.8673521280288696,0.001308208447881,0.0023490954190492,0.0001038050686474,0.0048240544274449,0.0006826146272942,0.0001685166789684,0.0149641800671815,0.0003948076628148,0.8079433762292629,Phù hợp,0.3311740478962686,0.3311740478962686
NB1,Luồng vào cảng Cái Lân tại cầu Bãi Cháy,2026-10-01,2026,4,cobia,2318587,428692,7.344650745391846,25.82713508605957,8.239338874816895,31.06498908996582,0.0485289059579372,0.0386370792984962,,34.86687469482422,96.79283905029295,1.700289249420166,90.99060821533205,118.2714385986328,1.909282684326172,0.001308208447881,0.0018853975925594,0.0001038050686474,0.0,0.0012319962261244,0.0001685166789684,0.0038564461283385,0.000374782946892,0.8353956162143501,Phù hợp,0.3311740478962686,0.3311740478962686
NB2,Cảng B12- vịnh Cửa Lục,2026-07-01,2026,3,oyster,2319163,428365,5.663630485534668,27.40980339050293,8.212347984313965,29.059953689575195,0.0343981608748436,,0.0429018102586269,34.816646575927734,100.0541763305664,6.970869064331055,0.0,115.1970672607422,2.557735681533813,0.0013036195887252,0.0019658603705465,0.0001038050686474,0.0,1.823591992433649e-05,0.0001685166789684,0.0127384066581726,0.0002886121219489,0.8067204610387778,Phù hợp,0.3311740478962686,
NB2,Cảng B12- vịnh Cửa Lục,2026-10-01,2026,4,oyster,2319163,428365,5.424875259399414,25.0246639251709,8.162358283996582,29.59789085388184,0.033039066940546,,0.0430119074881076,36.09534454345703,104.91124725341795,7.466618537902832,0.0,118.25724792480467,0.4873499870300293,0.001308208447881,0.0016233120113611,0.0001038050686474,0.0001962463575182,0.0008269767276942,0.0001685166789684,0.0114190718159079,0.0004107059212401,0.7980305369385785,Phù hợp,0.3311740478962686,
NB2,Cảng B12- vịnh Cửa Lục,2027-01-01,2027,1,oyster,2319163,428365,5.726726055145264,20.401573181152344,8.148458480834961,29.6670036315918,0.0487370938062667,,0.0431671291589736,31.938241958618164,94.94335174560548,8.2647705078125,0.0,118.96318817138672,0.0,0.0013638500822708,0.0015671697910875,0.0001037786278175,0.0022063010837882,0.0011056013172492,0.0001684697926975,0.0293666180223226,0.0012767412699759,0.7964784934410558,Phù hợp,0.3311740478962686,
NB2,Cảng B12- vịnh Cửa Lục,2027-04-01,2027,2,oyster,2319163,428365,6.993308067321777,24.58354949951172,8.011914253234863,27.77215576171875,0.06090684607625,,0.0361097529530525,34.16270446777344,90.51119232177734,9.38421630859375,0.0,122.86271667480467,0.959346354007721,0.0013030779082328,0.001654326566495,0.0001037786278175,0.0008963728323578,0.0012355779763311,0.0001684697926975,0.0072413492016494,0.0009285124833695,0.8101590883244493,Phù hợp,0.3311740478962686,
NB2,Cảng B12- vịnh Cửa Lục,2027-07-01,2027,3,oyster,2319163,428365,6.605284690856934,27.14866065979004,8.097888946533203,28.709487915039062,0.0431154854595661,,0.0315187461674213,33.93688201904297,97.96578979492188,5.6837921142578125,0.0,126.717041015625,0.0,0.0013075555907562,0.0019652931950986,0.0001037786278175,0.0,0.0011624895269051,0.0001684697926975,0.0277099199593067,0.0004869243712164,0.8126552571856924,Phù hợp,0.3311740478962686,
NB3,Cảng Cái Lân- vịnh Cửa Lục,2026-07-01,2026,3,oyster,2320268,427607,5.898604393005371,27.230144500732425,8.20276165008545,30.78082656860352,0.0489193461835384,,0.0386172495782375,29.558439254760746,85.56132507324219,4.415085315704346,0.0,110.07837677001952,0.8637750744819641,0.001308208447881,0.0023490064777433,0.0001038050686474,0.0,0.0002795635082293,0.0001685166789684,0.0239178128540515,0.0002225023490609,0.8115026556420718,Phù hợp,0.669997947758051,
NB3,Cảng Cái Lân- vịnh Cửa Lục,2026-10-01,2026,4,oyster,2320268,427607,6.160783767700195,24.27545928955078,8.238029479980469,30.271604537963867,0.0424762144684791,,0.0435765795409679,35.87733840942383,111.84671020507812,4.2462263107299805,0.0,114.93843841552734,0.0,0.001308208447881,0.0018302296521142,0.0001038050686474,0.0003655240288935,0.002208509016782,0.0001685166789684,0.0306534506380558,0.0003684287075884,0.7910465829101578,Phù hợp,0.669997947758051,
NB3,Cảng Cái Lân- vịnh Cửa Lục,2027-01-01,2027,1,oyster,2320268,427607,6.616847515106201,20.68317413330078,8.23416805267334,30.28033828735352,0.0559581518173217,,0.0432690009474754,34.40305709838867,119.91709899902344,5.174948215484619,0.0,121.75624084472656,0.0,0.0013638500822708,0.0014833699679002,0.0001037786278175,0.000211868158658,0.0013182089896872,0.0001684697926975,0.0085306586697697,0.0005503454012796,0.7903087570178753,Phù hợp,0.669997947758051,
NB3,Cảng Cái Lân- vịnh Cửa Lục,2027-04-01,2027,2,oyster,2320268,427607,6.046600341796875,25.216352462768555,8.057305335998535,30.283342361450195,0.0739532485604286,,0.0410918593406677,34.372127532958984,124.38356018066406,5.883497714996338,0.0,120.05984497070312,0.0,0.0013030779082328,0.0015856637619435,0.0001037786278175,0.0,0.0011786479735746,0.0001684697926975,0.0058803637512028,0.0002247295196866,0.7888689067844771,Phù hợp,0.5,
NB3,Cảng Cái Lân- vịnh Cửa Lục,2027-07-01,2027,3,oyster,2320268,427607,5.995443344116211,27.19407081604004,8.165576934814453,30.400362014770508,0.0551970899105072,,0.035749290138483,31.16555976867676,86.74079132080078,5.274333953857422,0.0,122.12249755859376,0.0,0.0013030779082328,0.0021950220689177,0.0001037786278175,0.0,0.000738772097975,0.0001684697926975,0.0220753736793994,0.0002666965592652,0.8097361754633063,Phù hợp,0.669997947758051,
NB4,Khu Hòn Gạc- vịnh Cửa Lục,2026-07-01,2026,3,oyster,2320452,429685,5.993383884429932,27.76512908935547,8.091248512268066,25.556764602661133,0.0375123284757137,,0.0444863215088844,34.434120178222656,105.41629028320312,10.323203086853027,0.0,130.47703552246094,1.718154788017273,0.0013036195887252,0.0017708393279463,0.0001038050686474,0.0,0.0008294549188576,0.0001685166789684,0.0098440805450081,0.0005176804843358,0.8059836868398932,Phù hợp,0.5405370015086849,
NB4,Khu Hòn Gạc- vịnh Cửa Lục,2026-10-01,2026,4,oyster,2320452,429685,5.4422454833984375,24.814849853515625,8.017186164855957,27.14722442626953,0.0289430208504199,,0.036604780703783,30.704458236694336,96.66606903076172,9.380196571350098,0.0,121.16381072998048,0.0,0.001308208447881,0.0021844287402927,0.0001038050686474,0.0024131906684488,0.0012152268318459,0.0001685166789684,0.0172961521893739,0.0001729831565171,0.811750677403454,Phù hợp,0.5,
NB4,Khu Hòn Gạc- vịnh Cửa Lục,2027-01-01,2027,1,oyster,2320452,429685,7.618100643157959,20.08149528503418,8.153246879577637,27.419404983520508,0.0532632917165756,,0.0392108671367168,31.54128837585449,108.89828491210938,12.074007987976074,0.0,136.17677307128906,0.0,0.0013638500822708,0.0016633392078801,0.0001037786278175,0.0,0.0014046450378373,0.0001684697926975,0.0036234483122825,0.0001914004824357,0.801089834639128,Phù hợp,0.5405370015086849,
NB4,Khu Hòn Gạc- vịnh Cửa Lục,2027-04-01,2027,2,oyster,2320452,429685,7.144991874694824,24.81633186340332,8.048293113708496,24.74962615966797,0.0588111504912376,,0.039285697042942,34.13957977294922,96.13317108154295,11.527995109558104,0.0,124.73402404785156,2.9045891761779785,0.0013075555907562,0.0012925276532769,0.0001037786278175,0.0001331094390479,0.0010232122149318,0.0001684697926975,0.0155978165566921,0.0004752572858706,0.8146274246455911,Phù hợp,0.5405370015086849,
NB4,Khu Hòn Gạc- vịnh Cửa Lục,2027-07-01,2027,3,oyster,2320452,429685,6.414102077484131,27.864601135253903,8.080726623535156,25.103748321533203,0.0397423096001148,,0.0385155864059925,35.24088287353516,97.38346862792967,9.151662826538086,0.0,133.95730590820312,3.3297550678253174,0.0013030779082328,0.0019586151465773,0.0001037786278175,0.0060443482361733,0.003780442290008,0.0001684697926975,0.0207274723798036,0.0004293095262255,0.8113331295039625,Phù hợp,0.5405370015086849,
NB5,Ven bờ khu đô thị CENCO 5,2026-07-01,2026,3,oyster,2319397,429449,4.840630054473877,28.33131980895996,8.007340431213379,28.094566345214844,0.0641800686717033,,0.0377328060567379,33.70352554321289,111.1800308227539,12.043130874633787,0.0,123.27507781982422,1.856452703475952,0.001308208447881,0.0021986167412251,0.0001038050686474,0.0003224352549295,0.0003743632114492,0.0001685166789684,0.0397280938923358,0.0002996851108036,0.7948314198268045,Phù hợp,0.5405370015086849,
NB5,Ven bờ khu đô thị CENCO 5,2026-10-01,2026,4,oyster,2319397,429449,4.957574844360352,25.13823509216309,8.10020923614502,29.52348518371582,0.0704344660043716,,0.0421319566667079,32.39512634277344,105.57635498046876,7.588091850280762,0.0,116.37542724609376,3.692284107208252,0.001308208447881,0.0017506729345768,0.0001038050686474,0.0006820115377195,0.0021014402154833,0.0001685166789684,0.0273956600576639,0.0003682764654513,0.8014610627389469,Phù hợp,0.5405370015086849,
NB5,Ven bờ khu đô thị CENCO 5,2027-01-01,2027,1,oyster,2319397,429449,5.850436210632324,21.331377029418945,8.030202865600586,28.04730033874512,0.0729638114571571,,0.0393017344176769,33.281429290771484,86.41610717773438,9.2219820022583,0.0,112.09274291992188,1.1458441019058228,0.0013638500822708,0.0013775749830529,0.0001037786278175,9.54244751483202e-06,0.0020858938805758,0.0001684697926975,0.0095839127898216,0.0005189186194911,0.8084740867362555,Phù hợp,0.5,
NB5,Ven bờ khu đô thị CENCO 5,2027-04-01,2027,2,oyster,2319397,429449,5.91131591796875,25.893348693847656,7.987218856811523,25.799654006958008,0.0756328478455543,,0.0334957279264926,31.65425682067871,99.6362762451172,11.503256797790527,0.0,109.65432739257812,1.2923026084899902,0.0013030779082328,0.0015759873203933,0.0001037786278175,0.0005286179366521,0.0020816640462726,0.0001684697926975,0.0265933722257614,0.000355111726094,0.8112219300377225,Phù hợp,0.5405370015086849,
NB5,Ven bờ khu đô thị CENCO 5,2027-07-01,2027,3,oyster,2319397,429449,5.371768951416016,27.69418907165528,7.981019020080566,26.93816375732422,0.0680494010448455,,0.0337096564471721,31.589263916015625,88.61736297607422,10.447895050048828,0.0,122.43431091308594,2.7601876258850098,0.0013030779082328,0.0019670135807245,0.0001037786278175,0.0,0.0013402982149273,0.0001684697926975,0.0082159573212265,2.393369322817307e-05,0.8201976523525489,Phù hợp,0.5405370015086849,
NB6,Cửa sông Trới ven bờ KCN Việt Hưng,2026-07-01,2026,3,oyster,2322158,422550,4.048356533050537,28.144227981567383,8.052237510681152,26.67625999450684,0.0683513954281807,,0.0365593433380126,32.64948654174805,105.92529296875,17.40473747253418,0.0,110.00528717041016,5.713963508605957,0.001308208447881,0.0023076008073985,0.0001038050686474,0.0006574260769411,0.001057990361005,0.0001685166789684,0.0117031317204236,0.0002620386367198,0.7994077750893311,Phù hợp,0.5,
NB6,Cửa sông Trới ven bờ KCN Việt Hưng,2026-10-01,2026,4,oyster,2322158,422550,3.66084098815918,25.07076072692871,8.036751747131348,28.25092506408692,0.0772334039211273,,0.0399081856012344,33.86705780029297,110.96498107910156,12.870080947875977,0.0,110.14866638183594,2.649403810501098,0.001308208447881,0.0019388463115319,0.0001038050686474,0.0,0.0006966551300138,0.0001685166789684,0.0156717058271169,0.0006245882250368,0.7829757523820768,Phù hợp,0.5,
NB6,Cửa sông Trới ven bờ KCN Việt Hưng,2027-01-01,2027,1,oyster,2322158,422550,5.826402187347412,21.002784729003903,7.98231315612793,28.08061408996582,0.0744571685791015,,0.0356074981391429,33.25581741333008,102.81319427490234,13.633260726928713,0.0,117.15091705322266,1.4382754564285278,0.0013638500822708,0.001560850534588,0.0001037786278175,0.0,0.0009010055800899,0.0001684697926975,0.0106055717915296,0.0006424962775781,0.8026049073233004,Phù hợp,2.2901900030346827,
NB6,Cửa sông Trới ven bờ KCN Việt Hưng,2027-04-01,2027,2,oyster,2322158,422550,5.727578163146973,25.730701446533203,7.971855640411377,25.951963424682617,0.0786917582154274,,0.0357768982648849,30.61736869812012,81.05171966552734,12.376962661743164,0.0,115.72454833984376,3.665141105651856,0.0013030779082328,0.0018876439426094,0.0001037786278175,0.0,0.0011642972240224,0.0001684697926975,0.0106171006336808,0.0005312017165124,0.8219048534142827,Phù hợp,2.2901900030346827,
NB6,Cửa sông Trới ven bờ KCN Việt Hưng,2027-07-01,2027,3,oyster,2322158,422550,5.361903190612793,28.30748748779297,8.040590286254883,25.396100997924805,0.0687903240323066,,0.0323363244533538,33.74695587158203,103.32923126220705,12.148896217346191,0.0,134.18287658691406,2.178961753845215,0.0013075555907562,0.0023220640141516,0.0001037786278175,0.0001599537354195,0.0012251333100721,0.0001684697926975,0.0067261485382914,0.0005379325593821,0.8123840887247065,Phù hợp,2.2901900030346827,
NB7,Cửa sông Man tại cầu Đá Trắng đường Trới- Vũ Oai,2026-07-01,2026,3,oyster,2325055,427799,3.624051332473755,29.51643180847168,7.824603080749512,28.770362854003903,0.0383560918271541,,0.0425027012825012,31.7958984375,81.96684265136719,6.504005432128906,2229.342529296875,118.38951873779295,0.0,0.001308208447881,0.0017970316112041,0.0001038050686474,0.0,0.0018396152881905,0.0001685166789684,0.0163695570081472,0.0003796789387706,0.7722836134938575,Phù hợp,0.5,
NB7,Cửa sông Man tại cầu Đá Trắng đường Trới- Vũ Oai,2026-10-01,2026,4,oyster,2325055,427799,4.531599521636963,27.33243751525879,7.865728378295898,28.9461669921875,0.0558015070855617,,0.0426598489284515,35.03467559814453,110.4958953857422,7.795372009277344,19090.498046875,127.2510223388672,0.0,0.001308208447881,0.0016986215487122,0.0001038050686474,0.0002242679620394,0.0002334293239982,0.0001685166789684,0.0122130559757351,0.0004042714426759,0.7397309390440481,Ít phù hợp,0.5,
NB7,Cửa sông Man tại cầu Đá Trắng đường Trới- Vũ Oai,2027-01-01,2027,1,oyster,2325055,427799,4.666820526123047,22.57950019836425,7.876398086547852,28.282968521118164,0.0580972470343112,,0.0413204208016395,28.88665008544922,109.24675750732422,6.891700744628906,2040.0220947265625,108.78401184082033,0.0,0.0013638500822708,0.0015551456017419,0.0001037786278175,7.503134838771075e-05,0.0003339019895065,0.0001684697926975,0.0079453643411397,0.0007051472784951,0.7811681334208516,Phù hợp,0.5,
NB7,Cửa sông Man tại cầu Đá Trắng đường Trới- Vũ Oai,2027-04-01,2027,2,oyster,2325055,427799,4.763278484344482,25.67347526550293,7.889356136322021,28.58641815185547,0.0627368316054344,,0.0391355641186237,28.56562232971192,90.21778869628906,7.523635387420654,0.0,91.10940551757812,0.0,0.0013030779082328,0.0016961693763732,0.0001037786278175,0.0018045220058411,0.000998459290713,0.0001684697926975,0.0060730250552296,0.0005875967326574,0.8073979158625051,Phù hợp,0.5,
NB7,Cửa sông Man tại cầu Đá Trắng đường Trới- Vũ Oai,2027-07-01,2027,3,oyster,2325055,427799,4.8948893547058105,28.534053802490234,7.895867347717285,29.238121032714844,0.0521273985505104,,0.0357518531382083,35.443382263183594,120.14649200439452,5.980985164642334,0.0,124.2005386352539,0.0,0.0013075555907562,0.0023278503213077,0.0001037786278175,0.0035576920490711,0.0010679959086701,0.0001684697926975,0.0221992656588554,0.0002374823525315,0.7915079947045102,Phù hợp,0.5,
NB8,Cửa sông Diễn Vọng tại cầu Bang,2026-07-01,2026,3,oyster,2324600,433954,4.496752738952637,27.984996795654297,7.957812309265137,26.305700302124023,0.0653129443526268,,0.0426035150885582,36.46676254272461,117.60645294189452,13.649443626403809,0.0,113.10363006591795,3.1092917919158936,0.001308208447881,0.0019552530720829,0.0001038050686474,0.0007938940543681,0.0011937551898881,0.0001685166789684,0.0123980548232793,0.0003362768911756,0.7898155949825145,Phù hợp,0.5,
NB8,Cửa sông Diễn Vọng tại cầu Bang,2026-10-01,2026,4,oyster,2324600,433954,4.3353705406188965,25.432296752929688,7.945987224578857,27.22600746154785,0.0739213824272155,,0.0432071574032306,35.78871154785156,123.22138214111328,11.834332466125488,0.0,105.33250427246094,2.879364013671875,0.001308208447881,0.0017944728024303,0.0001038050686474,0.0002117568219546,0.0014380810316652,0.0001685166789684,0.0276001784950494,0.0004071182629559,0.7837368497227275,Phù hợp,0.5,
NB8,Cửa sông Diễn Vọng tại cầu Bang,2027-01-01,2027,1,oyster,2324600,433954,4.452601432800293,22.527034759521484,7.94518232345581,27.00263023376465,0.0711382403969764,,0.0385571382939815,31.919178009033203,104.68549346923828,13.857397079467772,0.0,102.48538208007812,3.427213191986084,0.0013496461324393,0.0014007247518748,0.0001037786278175,0.0007714933017268,0.0039620925672352,0.0001684697926975,0.023263793438673,0.0006070907111279,0.7999736835667907,Phù hợp,2.976166367997596,
NB8,Cửa sông Diễn Vọng tại cầu Bang,2027-04-01,2027,2,oyster,2324600,433954,5.0937604904174805,26.34664535522461,7.855695247650146,26.0821533203125,0.0762532278895378,,0.0398509353399276,33.427513122558594,107.30040740966795,15.993661880493164,0.0,116.64768981933594,0.0,0.0013030779082328,0.0015422677388414,0.0001037786278175,0.0004449790867511,0.0023336533922702,0.0001684697926975,0.0158234015107154,0.0001141631000791,0.7934516108813836,Phù hợp,0.5,
NB8,Cửa sông Diễn Vọng tại cầu Bang,2027-07-01,2027,3,oyster,2324600,433954,5.183001518249512,27.841947555541992,7.870734691619873,26.284154891967773,0.0671087279915809,,0.0357270240783691,32.925498962402344,101.27984619140624,13.36324405670166,0.0,121.43467712402344,0.0,0.0013030779082328,0.0015831545460969,0.0001037786278175,0.0,0.0011506986338645,0.0001684697926975,0.0138358734548091,0.0003839782148133,0.8045372340457634,Phù hợp,2.976166367997596,
NB9,Bến phà Tuần Châu,2026-07-01,2026,3,oyster,2313924,420738,5.889006614685059,27.617311477661133,8.179524421691895,30.18501663208008,0.0656830295920372,,0.037047442048788,32.74993133544922,106.69010162353516,3.163646459579468,0.0,122.78278350830078,5.739231586456299,0.001308208447881,0.0019057468743994,0.0001038050686474,0.0008731462876312,0.0022297881077975,0.0001685166789684,0.0097912810742855,0.0002934976364485,0.8159456331310053,Phù hợp,0.6717151554044318,
NB9,Bến phà Tuần Châu,2026-10-01,2026,4,oyster,2313924,420738,6.043890476226807,25.1562442779541,8.120771408081055,30.124832153320312,0.0590709187090396,,0.0408761240541935,34.77397537231445,97.97332000732422,3.266499757766724,0.0,113.93783569335938,4.857397556304932,0.001308208447881,0.0017497499939054,0.0001038050686474,0.0002152249944629,0.0005918058450333,0.0001685166789684,0.0095328474417328,0.0003154221340082,0.8137529465348958,Phù hợp,0.6717151554044318,
NB9,Bến phà Tuần Châu,2027-01-01,2027,1,oyster,2313924,420738,6.210386753082275,21.20292854309082,8.089357376098633,31.330202102661133,0.0590360537171363,,0.0365343503654003,34.543888092041016,97.91202545166016,4.11363697052002,0.0,124.51922607421876,6.687460899353027,0.0013496461324393,0.0016160801751539,0.0001037786278175,0.0006436179974116,0.0013193556806072,0.0001684697926975,0.0106756594032049,0.000624583393801,0.8193015909391341,Phù hợp,0.5,
NB9,Bến phà Tuần Châu,2027-04-01,2027,2,oyster,2313924,420738,5.959877014160156,26.044553756713867,8.096907615661621,30.454195022583008,0.0603074058890342,,0.03395901247859,27.833759307861328,101.25374603271484,3.778321266174317,0.0,105.17931365966795,5.418190002441406,0.0013075555907562,0.0020721487235277,0.0001037786278175,0.0,0.0012135431170463,0.0001684697926975,0.0056458138860762,0.0001579126837896,0.8264154872910048,Phù hợp,0.5,
NB9,Bến phà Tuần Châu,2027-07-01,2027,3,oyster,2313924,420738,6.279695510864258,27.56058692932129,8.194540977478027,30.65013885498047,0.0497486442327499,,0.0352695435285568,32.37932586669922,99.17127990722656,1.3366011381149292,0.0,119.54379272460938,1.716844916343689,0.0013075555907562,0.0022379260044544,0.0001037786278175,0.0001721586304483,0.0006821379065513,0.0001684697926975,0.0231501851230859,0.000309255789034,0.8129197406969466,Phù hợp,0.6717151554044318,
NB10,Bãi tắm Tuần  Châu,2026-07-01,2026,3,oyster,2315155,421276,6.210339546203613,27.49427795410156,8.169584274291992,29.49435043334961,0.0609618723392486,,0.0358878970146179,31.389881134033203,77.78821563720703,5.481863975524902,0.0,126.1567611694336,2.173250913619995,0.001308208447881,0.0024418393149971,0.0001038050686474,0.0044455006718635,0.0004420619807206,0.0001685166789684,0.019729109480977,0.0004333315591793,0.8135669852688479,Phù hợp,0.6717151554044318,
NB10,Bãi tắm Tuần  Châu,2026-10-01,2026,4,oyster,2315155,421276,6.007174491882324,25.11638641357422,8.156424522399902,29.8211669921875,0.0533668212592601,,0.0397287867963314,33.044883728027344,91.10272216796876,4.449962139129639,0.0,103.29237365722656,0.8634498119354248,0.001308208447881,0.0020350904669612,0.0001038050686474,0.000717504590284,0.0007106263656169,0.0001685166789684,0.0188251845538616,0.0004160965036135,0.8068615174359909,Phù hợp,0.6717151554044318,
NB10,Bãi tắm Tuần  Châu,2027-01-01,2027,1,oyster,2315155,421276,6.072951316833496,21.3901424407959,8.164111137390137,29.93833541870117,0.0599007047712802,,0.0401163138449192,33.77055358886719,106.39030456542967,5.38219690322876,0.0,114.16975402832033,2.683169364929199,0.0013638500822708,0.0015957060968503,0.0001037786278175,0.0,0.0017701742472127,0.0001684697926975,0.0141839459538459,0.0008652111282572,0.8046635980612331,Phù hợp,0.5,
NB10,Bãi tắm Tuần  Châu,2027-04-01,2027,2,oyster,2315155,421276,5.993466854095459,26.270063400268555,8.20408821105957,28.186542510986328,0.0658048167824745,,0.0383618660271167,30.94953727722168,99.07413482666016,5.862295627593994,0.0,107.62879180908205,1.4710733890533447,0.0013030779082328,0.0015041377628222,0.0001037786278175,0.0023177640978246,0.0015844176523387,0.0001684697926975,0.0102669224143028,0.0006181212957017,0.8089403864525613,Phù hợp,0.5,
NB10,Bãi tắm Tuần  Châu,2027-07-01,2027,3,oyster,2315155,421276,6.621854305267334,27.86860084533692,8.190518379211426,29.8068962097168,0.0414793379604816,,0.0372862592339515,32.56364440917969,111.1766586303711,4.739035606384277,0.0,126.9666519165039,4.555092811584473,0.0013030779082328,0.00208460399881,0.0001037786278175,0.0004145888087805,0.0008950551273301,0.0001684697926975,0.0035851798020303,0.0003112932608928,0.8155453092209495,Phù hợp,0.6717151554044318,
NB11,Cửa sông Hòn Dấu,2026-07-01,2026,3,oyster,2316995,413685,5.487459659576416,27.45638656616211,7.92181921005249,26.421401977539062,0.0339490734040737,,0.0380421057343483,33.9180793762207,105.57070922851562,8.398626327514648,0.0,129.6516876220703,5.469716548919678,0.001308208447881,0.001755348755978,0.0001038050686474,0.0006183869554661,0.0011061264667659,0.0001685166789684,0.0093290209770202,0.0003983140632044,0.8230909222187119,Phù hợp,0.5,
NB11,Cửa sông Hòn Dấu,2026-10-01,2026,4,oyster,2316995,413685,5.404088020324707,23.29654121398925,7.909301280975342,27.20087623596192,0.0401408337056636,,0.0373773612082004,35.39523696899414,103.55010986328124,7.997709274291992,0.0,118.3762664794922,3.873351573944092,0.001308208447881,0.0020955309737473,0.0001038050686474,0.0001962586102308,0.0005514944787137,0.0001685166789684,0.0131192561239004,0.0002382395323365,0.8161824828710753,Phù hợp,0.5,
NB11,Cửa sông Hòn Dấu,2027-01-01,2027,1,oyster,2316995,413685,5.721418857574463,20.59986114501953,7.875762939453125,26.68198204040528,0.0524087324738502,,0.0409481413662433,33.53408432006836,86.18238067626953,6.935211181640625,0.0,136.62939453125,2.964184284210205,0.0013638500822708,0.0016089244745671,0.0001037786278175,0.0002877189835999,0.0015903309686109,0.0001684697926975,0.0168513990938663,0.00065103295492,0.8183053405374953,Phù hợp,0.5,
NB11,Cửa sông Hòn Dấu,2027-04-01,2027,2,oyster,2316995,413685,5.30837345123291,26.562965393066406,7.808198928833008,25.557918548583984,0.0600332058966159,,0.037419106811285,32.23505401611328,96.90223693847656,8.917132377624512,0.0,117.67250061035156,0.0,0.0013075555907562,0.0015347835142165,0.0001037786278175,0.0001674816739978,0.0012140017934143,0.0001684697926975,0.0094035742804408,0.0005402822280302,0.8123730965771678,Phù hợp,0.5,
NB11,Cửa sông Hòn Dấu,2027-07-01,2027,3,oyster,2316995,413685,5.1335062980651855,27.4837646484375,7.871074199676514,26.32032585144043,0.0492583699524402,,0.036918144673109,34.22417449951172,104.49069213867188,7.574213027954102,0.0,123.48915100097656,1.4866935014724731,0.0013030779082328,0.0022307911422103,0.0001037786278175,0.0025411988608539,0.0011172969825565,0.0001684697926975,0.0275013353675603,0.0003326168225612,0.8078928330347063,Phù hợp,0.5,
NB12,Bãi tắm Bãi Cháy - phía Tây bãi tắm giáp Đảo Rều,2026-07-01,2026,3,oyster,2316901,424936,5.964768886566162,27.43850326538086,8.00822639465332,27.161949157714844,0.0462942533195018,,0.0374930389225482,32.335079193115234,84.92071533203125,6.980936050415039,0.0,132.81944274902344,2.044346570968628,0.001308208447881,0.0019881478510797,0.0001038050686474,0.0053493874147534,0.0010296022519469,0.0001685166789684,0.0173124372959136,0.0003647696285042,0.8152951099739522,Phù hợp,0.5,
NB12,Bãi tắm Bãi Cháy - phía Tây bãi tắm giáp Đảo Rều,2026-10-01,2026,4,oyster,2316901,424936,5.612658977508545,24.892410278320312,8.012504577636719,29.118061065673828,0.0433681420981884,,0.0413386970758438,36.49912643432617,95.98444366455078,7.374777793884277,0.0,136.12286376953125,0.6721731424331665,0.001308208447881,0.0017272504046559,0.0001038050686474,0.0002121487341355,0.0010275902459397,0.0001685166789684,0.0112937064841389,0.0003584561636671,0.8027169576762277,Phù hợp,0.7836737203709208,
NB12,Bãi tắm Bãi Cháy - phía Tây bãi tắm giáp Đảo Rều,2027-01-01,2027,1,oyster,2316901,424936,6.068041324615479,20.153884887695312,8.065759658813477,29.527729034423828,0.0522379614412784,,0.0412602126598358,33.507564544677734,86.10382080078125,8.687061309814453,0.0,130.7603759765625,0.0,0.001338735804893,0.0015980453463271,0.0001037786278175,0.0,0.0007172066834755,0.0001684697926975,0.0307076796889305,0.0004174631321802,0.8020865466549336,Phù hợp,0.7836737203709208,
NB12,Bãi tắm Bãi Cháy - phía Tây bãi tắm giáp Đảo Rều,2027-04-01,2027,2,oyster,2316901,424936,5.859489917755127,24.62426948547364,8.064002990722656,26.47151756286621,0.0609615445137023,,0.0399116836488246,35.73722839355469,91.90811157226562,9.630290031433104,0.0,109.6386489868164,0.0,0.0013030779082328,0.0015954010887071,0.0001037786278175,0.0006800170522183,0.0011148708872497,0.0001684697926975,0.0102164484560489,0.0004348716465756,0.8042823164668753,Phù hợp,0.5,
NB12,Bãi tắm Bãi Cháy - phía Tây bãi tắm giáp Đảo Rều,2027-07-01,2027,3,oyster,2316901,424936,5.7375102043151855,27.3273983001709,8.144084930419922,26.62393951416016,0.0356081053614616,,0.0368144772946834,32.3562126159668,105.72137451171876,8.19593620300293,0.0,114.11042785644533,4.369935989379883,0.0013030779082328,0.0021751909516751,0.0001037786278175,0.0,0.0005927646998316,0.0001684697926975,0.0111921317875385,0.0003108024829998,0.8212610637773027,Phù hợp,0.5,
NB13,Bãi tắm Bãi Cháy - khu Trung tâm bãi tắm,2026-07-01,2026,3,oyster,2316868,426503,5.15142297744751,27.078569412231445,8.24605655670166,29.721900939941406,0.0767332762479782,,0.0416198894381523,28.71725845336914,93.72679138183594,6.014885425567627,305.466064453125,118.08267974853516,0.5778815150260925,0.001308208447881,0.0018112630350515,0.0001038050686474,0.0010196133516728,0.0010212800698354,0.0001685166789684,0.0172052048146724,0.0003352422791067,0.7992159898614528,Phù hợp,0.5,
NB13,Bãi tắm Bãi Cháy - khu Trung tâm bãi tắm,2026-10-01,2026,4,oyster,2316868,426503,5.496021270751953,25.29984474182129,8.238964080810547,29.10321044921875,0.0719619840383529,,0.0440555550158023,32.886627197265625,90.40567779541016,6.157571315765381,0.0,103.2250747680664,0.0,0.001308208447881,0.0017182878218591,0.0001038050686474,7.789711526129395e-05,0.0009861349826678,0.0001685166789684,0.0131650706753134,0.0003490490489639,0.7988422392630439,Phù hợp,0.7836737203709208,
NB13,Bãi tắm Bãi Cháy - khu Trung tâm bãi tắm,2027-01-01,2027,1,oyster,2316868,426503,6.861337661743164,21.28706741333008,8.277636528015137,28.533090591430664,0.07728111743927,,0.0403899177908897,32.40484619140625,97.47490692138672,5.885650634765625,0.0,107.10233306884766,0.0,0.001338735804893,0.0014771138085052,0.0001037786278175,0.0,0.0013968073762953,0.0001684697926975,0.03391620144248,0.0006604058435186,0.7992519007728012,Phù hợp,0.7836737203709208,
NB13,Bãi tắm Bãi Cháy - khu Trung tâm bãi tắm,2027-04-01,2027,2,oyster,2316868,426503,6.2532172203063965,25.70395851135254,8.245956420898438,27.582740783691406,0.0838934481143951,,0.0443615205585956,37.81085968017578,133.98667907714844,6.230405330657959,0.0,135.16238403320312,0.0,0.0013030779082328,0.0015745108248665,0.0001037786278175,0.0,0.001602784381248,0.0001684697926975,0.0094255227595567,1.878958755696658e-05,0.7808483024267451,Phù hợp,0.5,
NB13,Bãi tắm Bãi Cháy - khu Trung tâm bãi tắm,2027-07-01,2027,3,oyster,2316868,426503,6.50044584274292,27.68830108642578,8.284976959228516,30.03997039794922,0.0820690095424652,,0.0391707867383956,33.52960968017578,118.74392700195312,3.600722551345825,0.0,122.86578369140624,0.0,0.0013030779082328,0.0019487977260723,0.0001037786278175,3.1351446523331106e-05,0.0004657633544411,0.0001684697926975,0.0106339687481522,0.0003382703289389,0.7922132234745121,Phù hợp,0.5,
NB14,Ven bờ phường Hùng Thắng,2026-07-01,2026,3,oyster,2317578,422609,5.8768463134765625,27.53855323791504,8.031134605407715,25.19564819335937,0.0711405724287033,,0.0337273627519607,32.561370849609375,107.20050048828124,8.4750337600708,0.0,118.08382415771484,1.57381272315979,0.001308208447881,0.0018285957630723,0.0001038050686474,0.0,0.0003522986953612,0.0001685166789684,0.0098367985337972,0.0003750181640498,0.8150458726657706,Phù hợp,1.211740277452227,
NB14,Ven bờ phường Hùng Thắng,2026-10-01,2026,4,oyster,2317578,422609,5.913618087768555,25.105443954467773,8.024528503417969,26.79889488220215,0.060589961707592,,0.0337350256741046,28.573360443115234,75.4492416381836,7.438146114349365,0.0,118.96468353271484,0.0,0.001308208447881,0.0019795922562479,0.0001038050686474,0.0001687272597337,0.0004611492040567,0.0001685166789684,0.0083613051101565,0.0004021372878924,0.824866117478507,Phù hợp,0.5,
NB14,Ven bờ phường Hùng Thắng,2027-01-01,2027,1,oyster,2317578,422609,5.884261131286621,21.62819099426269,8.116608619689941,27.29439353942871,0.0644704103469848,,0.036341942846775,34.62172317504883,82.70243072509766,8.587577819824219,0.0,135.2959747314453,0.0,0.0013496461324393,0.0016757634002715,0.0001037786278175,0.0002104564628098,0.0006719236844219,0.0001684697926975,0.0142254196107387,0.0006294277845881,0.8103774191896708,Phù hợp,1.211740277452227,
NB14,Ven bờ phường Hùng Thắng,2027-04-01,2027,2,oyster,2317578,422609,5.4993767738342285,26.021358489990234,8.045941352844238,25.739574432373047,0.0641100853681564,,0.0346668846905231,31.909996032714844,96.81291198730467,8.290544509887695,0.0,121.72652435302734,0.0,0.0013075555907562,0.0017196900444105,0.0001037786278175,0.0,0.0007718087290413,0.0001684697926975,0.0115682361647486,0.0005838591023348,0.8143543233870337,Phù hợp,1.211740277452227,
NB14,Ven bờ phường Hùng Thắng,2027-07-01,2027,3,oyster,2317578,422609,5.684144496917725,27.609819412231445,8.079385757446289,25.716323852539062,0.0642422661185264,,0.0409929566085338,35.267940521240234,96.13755798339844,5.550724983215332,0.0,127.00237274169922,2.514091968536377,0.0013075555907562,0.002559773158282,0.0001037786278175,0.0017614185344427,0.00183462863788,0.0001684697926975,0.0196744725108146,0.0004548905708361,0.8088624472704682,Phù hợp,1.211740277452227,
NB15,Sau chợ Hạ Long 1- cầu Bài Thơ Hạ Long,2026-07-01,2026,3,oyster,2317218,430394,6.844700813293457,27.59774208068848,8.180343627929688,28.355039596557617,0.1090026721358299,,0.0378847122192382,32.38718032836914,100.29861450195312,4.516183376312256,0.0,120.81829071044922,2.497180938720703,0.001308208447881,0.0020458481740206,0.0001038050686474,0.0011282527120783,0.0004939918871968,0.0001685166789684,0.0104075716808438,0.0002216963330283,0.804381700719555,Phù hợp,0.6558159040462499,
NB15,Sau chợ Hạ Long 1- cầu Bài Thơ Hạ Long,2026-10-01,2026,4,oyster,2317218,430394,6.531645774841309,24.38039970397949,8.1871976852417,29.433380126953125,0.0891718193888664,,0.0365874730050563,32.5667839050293,114.27190399169922,4.461687088012695,0.0,130.650390625,0.3098840713500976,0.001308208447881,0.002248290926218,0.0001038050686474,0.0002353121089981,0.0013361073797568,0.0001685166789684,0.0090663414448499,0.0004075278702657,0.7967509626236313,Phù hợp,0.6558159040462499,
NB15,Sau chợ Hạ Long 1- cầu Bài Thơ Hạ Long,2027-01-01,2027,1,oyster,2317218,430394,6.843143939971924,20.3784408569336,8.22834300994873,31.54651260375977,0.0892179757356643,,0.0382992178201675,32.314632415771484,108.1122817993164,5.1118011474609375,0.0,123.3572006225586,7.467678546905518,0.0013638500822708,0.0017930141184478,0.0001037786278175,0.0001421423366991,0.0012363304849714,0.0001684697926975,0.0079103307798504,0.0005923169082961,0.8113521333347352,Phù hợp,0.5,
NB15,Sau chợ Hạ Long 1- cầu Bài Thơ Hạ Long,2027-04-01,2027,2,oyster,2317218,430394,6.694128513336182,26.12987518310547,8.230718612670898,28.40085220336914,0.0940285101532936,,0.0380822345614433,32.23087310791016,132.3448486328125,5.365015506744385,0.0,122.38351440429688,4.356034278869629,0.0013075555907562,0.0016257584793493,0.0001037786278175,0.00053415982984,0.0011890082387253,0.0001684697926975,0.0144454864785075,0.0005030312458984,0.800474972814869,Phù hợp,0.5,
NB15,Sau chợ Hạ Long 1- cầu Bài Thơ Hạ Long,2027-07-01,2027,3,oyster,2317218,430394,6.9568963050842285,28.70298767089844,8.270798683166504,28.65593719482422,0.0745656043291091,,0.0425806902348995,39.10776519775391,134.4841766357422,3.596198320388794,0.0,130.57373046875,1.0426759719848633,0.0013075555907562,0.0017295056022703,0.0001037786278175,0.0001744311448419,0.0018807490123435,0.0001684697926975,0.0131526784971356,0.0004004710935987,0.783207735782233,Phù hợp,0.5,
NB16,Ven bờ khu vực Bến Đoan- Hạ Long,2026-07-01,2026,3,oyster,2317471,431681,6.008919715881348,27.596864700317383,8.195344924926758,28.76065444946289,0.1010747626423835,,0.0405102707445621,34.27385711669922,100.47297668457033,5.192567348480225,0.0,135.5569610595703,3.3566558361053467,0.0013036195887252,0.0025811246596276,0.0001038050686474,0.0045073516666889,0.0007885288214311,0.0001685166789684,0.0219893809407949,0.0003166006063111,0.7957057153512758,Phù hợp,0.25185908758669,
NB16,Ven bờ khu vực Bến Đoan- Hạ Long,2026-10-01,2026,4,oyster,2317471,431681,5.797871112823486,24.148561477661133,8.167295455932617,29.72153854370117,0.0778730884194374,,0.0409620217978954,35.87653350830078,111.5832061767578,4.729457378387451,0.0,116.90287017822266,3.4750146865844727,0.001308208447881,0.0019752057269215,0.0001038050686474,0.0011532314820215,0.0015066639753058,0.0001685166789684,0.0203020256012678,0.0004122790996916,0.7976353574541121,Phù hợp,0.25185908758669,
NB16,Ven bờ khu vực Bến Đoan- Hạ Long,2027-01-01,2027,1,oyster,2317471,431681,6.078451633453369,20.39042282104492,8.16197395324707,29.84336471557617,0.0804433673620224,,0.0359241478145122,34.36387252807617,99.6443862915039,5.706768035888672,0.0,120.71688079833984,3.683609962463379,0.0013638500822708,0.0015420216368511,0.0001037786278175,0.0010116890771314,0.0014986473834142,0.0001684697926975,0.0122419744729995,0.0008545665768906,0.8088570598595197,Phù hợp,0.25185908758669,
NB16,Ven bờ khu vực Bến Đoan- Hạ Long,2027-04-01,2027,2,oyster,2317471,431681,6.022553443908691,25.516626358032227,8.151113510131836,27.063840866088867,0.0873590037226677,,0.0331534594297409,27.4340877532959,99.06222534179688,7.2295966148376465,0.0,118.26396942138672,2.150899887084961,0.0013030779082328,0.0015823158901184,0.0001037786278175,0.0023987342137843,0.0018647720571607,0.0001684697926975,0.0192337036132812,0.0009426418109796,0.8155791659276044,Phù hợp,0.25185908758669,
NB16,Ven bờ khu vực Bến Đoan- Hạ Long,2027-07-01,2027,3,oyster,2317471,431681,6.237558841705322,27.832012176513672,8.189827919006348,27.95904922485352,0.073372907936573,,0.0392151996493339,30.77148056030273,103.93573760986328,5.365524768829346,0.0,113.7050552368164,1.3056472539901731,0.0013030779082328,0.0018304609693586,0.0001037786278175,0.0003869520442094,0.0014950768090784,0.0001684697926975,0.0117146475240588,0.0004657356475945,0.8070793052403845,Phù hợp,0.25185908758669,
NB17,Ven bờ khu vực cột 5- phường Hồng Hà- TP Hạ Long,2026-07-01,2026,3,oyster,2317257,432137,6.211082935333252,27.58577919006348,8.017868995666504,30.37824249267578,0.0735130161046981,,0.0387943126261234,31.19377899169922,94.41144561767578,9.384321212768556,197.87168884277344,105.52686309814452,4.426737785339356,0.001308208447881,0.0026467859279364,0.0001038050686474,0.0027813038323074,0.0008635764825157,0.0001685166789684,0.0278165787458419,0.0001581771648488,0.8025319992241002,Phù hợp,0.25185908758669,
NB17,Ven bờ khu vực cột 5- phường Hồng Hà- TP Hạ Long,2026-10-01,2026,4,oyster,2317257,432137,5.246326923370361,24.46543502807617,8.141868591308594,30.103309631347656,0.0733750611543655,,0.0399478077888488,32.19989013671875,78.1910400390625,8.436299324035645,0.0,104.43344116210938,2.9247887134552,0.001308208447881,0.0023318452294915,0.0001038050686474,0.0040398840792477,0.0034189475700259,0.0001685166789684,0.0159856304526329,0.0003768089518416,0.8047126292780776,Phù hợp,0.25185908758669,
NB17,Ven bờ khu vực cột 5- phường Hồng Hà- TP Hạ Long,2027-01-01,2027,1,oyster,2317257,432137,5.946549415588379,19.81269073486328,8.107294082641602,31.72675323486328,0.0751549378037452,,0.0420756712555885,31.177881240844727,92.80471801757812,9.052370071411133,0.0,120.46693420410156,1.428177833557129,0.0013922789366915,0.0017268917290493,0.0001037786278175,0.0001454729499528,0.0020318066235631,0.0001684697926975,0.010591440834105,0.0006154851871542,0.7967164694069696,Phù hợp,0.25185908758669,
NB17,Ven bờ khu vực cột 5- phường Hồng Hà- TP Hạ Long,2027-04-01,2027,2,oyster,2317257,432137,5.647037029266357,25.003490447998047,7.985962867736816,32.043418884277344,0.0741851851344108,,0.0321866944432258,27.42527961730957,70.93899536132812,9.185332298278809,0.0,105.62334442138672,2.7204065322875977,0.0013075555907562,0.0016263371799141,0.0001037786278175,0.0105553865432739,0.003830746281892,0.0001684697926975,0.0172777790576219,0.0013980782823637,0.8097855560749346,Phù hợp,0.25185908758669,
NB17,Ven bờ khu vực cột 5- phường Hồng Hà- TP Hạ Long,2027-07-01,2027,3,oyster,2317257,432137,5.644707202911377,27.645597457885746,8.06367301940918,31.755529403686523,0.0567660219967365,,0.0393417216837406,28.0041618347168,79.88461303710938,6.787172317504883,0.0,102.54531860351562,0.9463818669319152,0.0013075555907562,0.0016503217630088,0.0001037786278175,0.0,0.0010305817704647,0.0001684697926975,0.0128374500200152,0.0004147701547481,0.8122450420029195,Phù hợp,0.25185908758669,
NB18,Lạch Hạm Nam Cầu Trắng- TP Hạ Long,2026-07-01,2026,3,oyster,2316544,435609,6.170110702514648,26.982812881469727,8.104412078857422,29.422826766967773,0.0561557114124298,,0.038831453770399,32.592735290527344,103.04857635498048,6.348966598510742,0.0,117.18637084960938,3.039226531982422,0.0013036195887252,0.0020596608519554,0.0001038050686474,0.0001628859026823,0.0008437377982772,0.0001685166789684,0.0174972098320722,9.530164970783515e-05,0.8091818322372015,Phù hợp,1.7722269183149206,
NB18,Lạch Hạm Nam Cầu Trắng- TP Hạ Long,2026-10-01,2026,4,oyster,2316544,435609,6.296979427337647,23.33351325988769,8.1305513381958,29.73089599609375,0.0520812831819057,,0.0380992777645587,33.739967346191406,92.14280700683594,5.884034156799316,0.0,121.99822998046876,2.9812142848968506,0.001308208447881,0.0014336879830807,0.0001038050686474,0.0021110996603965,0.0012454715324565,0.0001685166789684,0.0148144699633121,0.0003059890004806,0.8122984178662336,Phù hợp,1.7722269183149206,
NB18,Lạch Hạm Nam Cầu Trắng- TP Hạ Long,2027-01-01,2027,1,oyster,2316544,435609,6.481142520904541,18.54115867614746,8.14712142944336,32.128082275390625,0.0649567544460296,,0.0382518768310546,30.85799789428711,87.24514770507812,6.939394950866699,0.0,127.0830535888672,1.6313120126724243,0.0013593723997473,0.0014606360346078,0.0001037786278175,0.0,0.0012861245777457,0.0001684697926975,0.0029081862885504,0.0004059943603351,0.8046904927654392,Phù hợp,1.7722269183149206,
NB18,Lạch Hạm Nam Cầu Trắng- TP Hạ Long,2027-04-01,2027,2,oyster,2316544,435609,6.132473468780518,25.3486385345459,8.085208892822266,31.02599334716797,0.0654651224613189,,0.0359417907893657,28.53965377807617,83.0567398071289,7.825643062591553,0.0,106.81891632080078,0.1336021721363067,0.0013030779082328,0.0015916750999167,0.0001037786278175,0.0001151330943685,0.0009349866886623,0.0001684697926975,0.0220464598387479,0.0006553298444487,0.809872748556978,Phù hợp,1.7722269183149206,
NB18,Lạch Hạm Nam Cầu Trắng- TP Hạ Long,2027-07-01,2027,3,oyster,2316544,435609,6.17649507522583,27.27280044555664,8.102782249450684,29.95851325988769,0.0425368659198284,,0.0352740958333015,31.83913230895996,92.46023559570312,4.769829273223877,0.0,122.55313110351562,3.492676019668579,0.0013030779082328,0.0022018935997039,0.0001037786278175,0.0062586604617536,0.0018644222291186,0.0001684697926975,0.013763453811407,0.0004365985223557,0.8144427013418601,Phù hợp,1.7722269183149206,
NB19,Lạch Lộ Phong- TP Hạ Long,2026-07-01,2026,3,oyster,2316498,443279,6.070219039916992,27.39695930480957,8.101244926452637,30.04328346252441,0.0456483922898769,,0.0338134691119194,30.29558181762696,78.542724609375,6.912724018096924,0.0,112.48639678955078,5.712472915649414,0.0013036195887252,0.0022777961567044,0.0001038050686474,0.0,8.827104466035962e-05,0.0001685166789684,0.0079691372811794,0.0003905908961314,0.831926624282965,Phù hợp,0.5,
NB19,Lạch Lộ Phong- TP Hạ Long,2026-10-01,2026,4,oyster,2316498,443279,6.972721099853516,24.51611518859864,8.078306198120117,30.59656143188477,0.0417768396437168,,0.0430770777165889,31.39801406860352,80.35904693603516,6.144357204437256,0.0,125.33982849121094,1.8440616130828853,0.001308208447881,0.0021840461995452,0.0001038050686474,0.0003915884299203,0.0014868839643895,0.0001685166789684,0.0208094604313373,0.0003915140114258,0.8099408960275308,Phù hợp,0.5,
NB19,Lạch Lộ Phong- TP Hạ Long,2027-01-01,2027,1,oyster,2316498,443279,6.816829204559326,20.745349884033203,8.05428695678711,30.647306442260746,0.0576344020664691,,0.0379650071263313,34.1251106262207,96.70730590820312,8.164867401123047,0.0,120.70909881591795,0.0,0.0013638500822708,0.0014969679759815,0.0001037786278175,7.927839760668576e-06,0.0014490630710497,0.0001684697926975,0.0087720369920134,0.0006231351289898,0.800825020402713,Phù hợp,0.5,
NB19,Lạch Lộ Phong- TP Hạ Long,2027-04-01,2027,2,oyster,2316498,443279,6.0804362297058105,24.814769744873047,8.012099266052246,30.39841079711914,0.0615001581609249,,0.0323419384658336,31.79339599609375,90.59114074707033,7.835972309112549,0.0,111.90206146240234,0.4115841388702392,0.0013030779082328,0.001606703037396,0.0001037786278175,0.0,0.0012069129152223,0.0001684697926975,0.0021116146817803,0.0001806681102607,0.8130053420804563,Phù hợp,3.58382145900155,
NB19,Lạch Lộ Phong- TP Hạ Long,2027-07-01,2027,3,oyster,2316498,443279,6.2443366050720215,27.24692153930664,8.084277153015137,30.47482109069824,0.0341343246400356,,0.0336042493581771,31.522340774536133,84.15856170654297,5.393212795257568,0.0,117.9735336303711,7.392559051513672,0.0013075555907562,0.0019057657336816,0.0001037786278175,0.0009330997709184,0.0010036475723609,0.0001684697926975,0.0353187881410121,0.000392840913264,0.8329515333268448,Phù hợp,0.5,
NB20,Cảng Km 6 - TP Cẩm Phả,2026-07-01,2026,3,oyster,2322174,447656,5.52550220489502,27.4705810546875,8.166539192199707,27.92030334472656,0.0445081107318401,,0.0446131601929664,31.32227325439453,108.91651916503906,4.508070945739746,0.0,96.04461669921876,2.2475392818450928,0.0013036195887252,0.0020100995898246,0.0001038050686474,0.0007795920828357,0.0010305742034688,0.0001685166789684,0.0049001295119524,0.0003935330896638,0.8077053837936095,Phù hợp,0.5,
NB20,Cảng Km 6 - TP Cẩm Phả,2026-10-01,2026,4,oyster,2322174,447656,9.518967628479004,24.36227226257324,8.222378730773926,29.30371856689453,0.0463716089725494,,0.0418001562356948,34.07271957397461,111.138427734375,3.920592784881592,0.0,109.30522918701172,0.0405589789152145,0.001308208447881,0.0021852734498679,0.0001038050686474,6.62564707454294e-05,0.0006205270183272,0.0001685166789684,0.0308480318635702,0.0002174205146729,0.7965398064255361,Phù hợp,0.5,
NB20,Cảng Km 6 - TP Cẩm Phả,2027-01-01,2027,1,oyster,2322174,447656,6.888551235198975,20.95973396301269,8.211470603942871,28.083776473999023,0.055849440395832,,0.0471446737647056,39.58150863647461,144.24659729003906,6.452179908752441,0.0,135.01913452148438,1.9173424243927,0.0013638500822708,0.0013616424985229,0.0001037786278175,0.0,0.0015995447756722,0.0001684697926975,0.01322200614959,0.0005690218531526,0.7811814054298104,Phù hợp,0.5,
NB20,Cảng Km 6 - TP Cẩm Phả,2027-04-01,2027,2,oyster,2322174,447656,6.945823192596436,26.197093963623047,8.058279991149902,25.98554801940918,0.0686079487204551,,0.0385072492063045,37.43006134033203,128.92800903320312,6.041292667388916,0.0,139.2629852294922,0.0,0.0013030779082328,0.0016530068824067,0.0001037786278175,7.881582860136405e-06,0.0024228449910879,0.0001684697926975,0.0096603957936167,0.0003659373905975,0.79526745649285,Phù hợp,2.5872264106567866,
NB20,Cảng Km 6 - TP Cẩm Phả,2027-07-01,2027,3,oyster,2322174,447656,6.21165943145752,27.37757873535156,8.059976577758789,26.72901153564453,0.0423471145331859,,0.0355019122362136,31.74690628051757,90.41326904296876,4.307393550872803,0.0,132.056396484375,0.0,0.0013075555907562,0.0020079021342098,0.0001037786278175,7.44879653211683e-05,0.0007827582303434,0.0001684697926975,0.0245155692100524,0.0004414720169734,0.8193380229839091,Phù hợp,2.5872264106567866,
NB21,Cảng Vũng Đục - TP Cẩm Phả,2026-07-01,2026,3,oyster,2321985,452827,6.051144599914551,27.33307647705078,8.112382888793945,30.900421142578125,0.0487093217670917,,0.0377724915742874,26.214054107666016,94.01100158691406,7.094424247741699,4074.934326171875,111.48658752441406,3.0366852283477783,0.001308208447881,0.0015851722564548,0.0001038050686474,0.0027554822154343,0.0013408503727987,0.0001685166789684,0.018182074651122,0.0006750233587808,0.7744756102627424,Phù hợp,0.5,
NB21,Cảng Vũng Đục - TP Cẩm Phả,2026-10-01,2026,4,oyster,2321985,452827,5.597127914428711,25.733190536499023,8.07845687866211,30.15290641784668,0.0509313754737377,,0.0409798324108123,27.326396942138672,83.39124298095703,5.266197204589844,447.9476623535156,96.8092041015625,1.0291532278060913,0.0013036195887252,0.0016185416607186,0.0001038050686474,0.0004353639087639,0.0012841131538152,0.0001685166789684,0.0086000086739659,0.0003570730914361,0.8114821897971136,Phù hợp,1.3645044888163615,
NB21,Cảng Vũng Đục - TP Cẩm Phả,2027-01-01,2027,1,oyster,2321985,452827,6.000983238220215,21.10940933227539,8.145349502563477,30.803091049194336,0.062306735664606,,0.0443088673055172,27.831785202026367,71.36237335205078,2.234544038772583,0.0,114.42727661132812,0.0,0.0013638500822708,0.0015506563941016,0.0001037786278175,0.0,0.0012527501676231,0.0001684697926975,0.009274841286242,0.0005136088584549,0.8134209551969587,Phù hợp,0.5,
NB21,Cảng Vũng Đục - TP Cẩm Phả,2027-04-01,2027,2,oyster,2321985,452827,5.989084720611572,25.72968864440918,8.062960624694824,30.02472877502441,0.0741766467690467,,0.0377814956009388,35.5125732421875,96.90291595458984,4.156682968139648,0.0,118.425537109375,0.0,0.0013030779082328,0.0017609712667763,0.0001037786278175,0.0,0.001061669900082,0.0001684697926975,0.0080786263570189,0.0005237715085968,0.8015921313888436,Phù hợp,0.5,
NB21,Cảng Vũng Đục - TP Cẩm Phả,2027-07-01,2027,3,oyster,2321985,452827,5.95197343826294,27.58828926086425,8.092903137207031,31.26615524291992,0.0398625433444976,,0.0384301990270614,30.28130340576172,99.51879119873048,2.9540226459503174,0.0,102.91017150878906,2.125457525253296,0.0013075555907562,0.00258663110435,0.0001037786278175,0.0005427334108389,0.000826884061098,0.0001684697926975,0.0132299195975065,0.0003498143923934,0.8118894909659524,Phù hợp,1.3645044888163615,
NB22,Khu vực Hòn Lướt ven cụm công nghiệp Cẩm Thịnh,2026-07-01,2026,3,oyster,2322430,458154,5.771391868591309,27.70048141479492,8.15372371673584,31.724096298217773,0.0402406752109527,,0.0392037518322467,33.70589065551758,100.7803955078125,3.048043966293335,0.0,108.9561996459961,3.647706270217896,0.001308208447881,0.00243183481507,0.0001038050686474,0.0016728827031329,0.0009894933318719,0.0001685166789684,0.0168216358870267,0.0001870004198281,0.8085588732931293,Phù hợp,1.0747805589979753,
NB22,Khu vực Hòn Lướt ven cụm công nghiệp Cẩm Thịnh,2026-10-01,2026,4,oyster,2322430,458154,6.224637508392334,24.460838317871094,8.15733814239502,30.789047241210938,0.0333547107875347,,0.0344615988433361,32.10050964355469,99.24130249023438,2.7290401458740234,0.0,116.21831512451172,2.6843748092651367,0.001308208447881,0.0017581427237018,0.0001038050686474,0.0010543873067945,0.0010918854968622,0.0001685166789684,0.0096347155049443,0.0002632981049828,0.819282952937922,Phù hợp,0.5,
NB22,Khu vực Hòn Lướt ven cụm công nghiệp Cẩm Thịnh,2027-01-01,2027,1,oyster,2322430,458154,6.130110740661621,21.006805419921875,8.06452751159668,31.252531051635746,0.0482601821422576,,0.0414007529616355,34.05937957763672,95.5242691040039,4.482949256896973,0.0,137.72366333007812,0.0,0.0013638500822708,0.0015970714157447,0.0001037786278175,9.032459638547152e-05,0.0012607645476236,0.0001684697926975,0.0144915906712412,0.0005742247449234,0.8009861057616116,Phù hợp,1.0747805589979753,
NB22,Khu vực Hòn Lướt ven cụm công nghiệp Cẩm Thịnh,2027-04-01,2027,2,oyster,2322430,458154,6.007263660430908,25.726852416992188,8.052523612976074,30.26374053955078,0.0597170330584049,,0.0317061021924018,28.82135963439941,83.14786529541016,4.24745512008667,0.0,105.29203033447266,0.0,0.0013030779082328,0.001530033070594,0.0001037786278175,0.0,0.0014862664975225,0.0001684697926975,0.011759296990931,0.000616559467744,0.8209068618503753,Phù hợp,1.0747805589979753,
NB22,Khu vực Hòn Lướt ven cụm công nghiệp Cẩm Thịnh,2027-07-01,2027,3,oyster,2322430,458154,6.280310153961182,27.70965385437012,8.089744567871094,31.47641372680664,0.0295529514551162,,0.0345930717885494,30.070724487304688,103.12550354003906,2.5259850025177,0.0,124.48452758789062,0.0,0.0013030779082328,0.0022134592290967,0.0001037786278175,0.0003692113969009,0.0009414840023964,0.0001684697926975,0.010398126207292,0.0004171772452536,0.8124963813821907,Phù hợp,1.0747805589979753,
NB23,Ven bờ Nhiệt điện Cẩm Phả - tuyển than Cửa Ông,2026-07-01,2026,3,oyster,2323792,459817,5.322524547576904,28.86463928222656,8.072370529174805,30.90267372131348,0.0655692890286445,,0.0507538132369518,36.538360595703125,86.54009246826172,1.3808367252349854,0.0,134.58396911621094,0.0,0.001308208447881,0.0021298206411302,0.0001038050686474,0.0005760022904723,0.0013358436990529,0.0001685166789684,0.0134781915694475,0.0003159712941851,0.7906459199023698,Phù hợp,0.5,
NB23,Ven bờ Nhiệt điện Cẩm Phả - tuyển than Cửa Ông,2026-10-01,2026,4,oyster,2323792,459817,5.851175785064697,26.821434020996094,8.03683090209961,30.92838859558105,0.052553441375494,,0.0379454530775547,34.073585510253906,131.73167419433594,1.6153712272644043,0.0,114.97981262207033,1.9664206504821773,0.001308208447881,0.0018648853292688,0.0001038050686474,0.0,0.0007502023945562,0.0001685166789684,0.0167064443230628,0.0003884617472067,0.7996925784345982,Phù hợp,0.5,
NB23,Ven bờ Nhiệt điện Cẩm Phả - tuyển than Cửa Ông,2027-01-01,2027,1,oyster,2323792,459817,6.135456085205078,22.93097877502441,8.064891815185547,28.34018325805664,0.0568249858915805,,0.0505827330052852,36.8804817199707,111.42228698730467,0.0,0.0,123.7589874267578,0.0,0.0013922789366915,0.0014574485830962,0.0001037786278175,0.0,0.0011463033733889,0.0001684697926975,0.0079882461577653,0.0005716010928153,0.7942497467633071,Phù hợp,0.5,
NB23,Ven bờ Nhiệt điện Cẩm Phả - tuyển than Cửa Ông,2027-04-01,2027,2,oyster,2323792,459817,5.994888782501221,26.614133834838867,8.052289962768555,28.13701057434082,0.0679102092981338,,0.0360205769538879,32.62653732299805,113.12254333496094,1.4457794427871704,0.0,109.26456451416016,0.0,0.0013030779082328,0.0016314466483891,0.0001037786278175,0.0,0.0010501884389668,0.0001684697926975,0.0089891124516725,0.0003949317615479,0.8087300344791771,Phù hợp,0.5,
NB23,Ven bờ Nhiệt điện Cẩm Phả - tuyển than Cửa Ông,2027-07-01,2027,3,oyster,2323792,459817,6.180215835571289,28.40659713745117,8.123924255371094,30.858537673950195,0.060501966625452,,0.0395036041736602,38.10163497924805,111.96446990966795,0.8226245045661926,0.0,140.29466247558594,2.43070125579834,0.0013075555907562,0.0023435649927705,0.0001037786278175,0.0,0.0007482358487322,0.0001684697926975,0.0175437070429325,0.000313376833219,0.798953985873603,Phù hợp,1.0747805589979753,
NB24,Cảng Cửa Ông- TP Cẩm Phả,2026-07-01,2026,3,oyster,2326075,460842,6.037448406219482,28.160017013549805,8.209071159362793,29.205322265625,0.0435664094984531,,0.0388090200722217,30.44462013244629,100.2636489868164,2.317615509033203,0.0,94.87979888916016,0.0,0.001308208447881,0.0017691728426143,0.0001038050686474,0.0019384300103411,0.0013710045022889,0.0001685166789684,0.017699621617794,0.0003362768911756,0.8089831730546464,Phù hợp,1.2512707540736336,
NB24,Cảng Cửa Ông- TP Cẩm Phả,2026-10-01,2026,4,oyster,2326075,460842,8.06668472290039,27.04446601867676,8.224915504455566,30.7457332611084,0.0403988100588321,,0.0427621155977249,39.739479064941406,124.28482818603516,3.5252318382263184,0.0,129.65199279785156,0.0,0.001308208447881,0.0016097680199891,0.0001038050686474,0.0,0.0006913520628586,0.0001685166789684,0.0104256691411137,0.0003884617472067,0.7873625292899896,Phù hợp,0.5,
NB24,Cảng Cửa Ông- TP Cẩm Phả,2027-01-01,2027,1,oyster,2326075,460842,8.42422866821289,21.54175567626953,8.227411270141602,29.42057228088379,0.0407141186296939,,0.0498184338212013,34.061241149902344,148.62623596191406,2.283247232437134,0.0,122.9787139892578,0.0,0.0013496461324393,0.001481620944105,0.0001037786278175,0.0,0.0013087355764582,0.0001684697926975,0.0175674501806497,0.0006778459064662,0.7809838444991082,Phù hợp,0.5,
NB24,Cảng Cửa Ông- TP Cẩm Phả,2027-04-01,2027,2,oyster,2326075,460842,6.318221092224121,25.70227813720703,8.106282234191895,27.54051971435547,0.0479483641684055,,0.0435851961374282,40.46870422363281,129.25538635253906,1.5815119743347168,0.0,139.70278930664062,0.0,0.0013030779082328,0.0016093569574877,0.0001037786278175,0.0,0.0011810520663857,0.0001684697926975,0.0081236250698566,0.0001288664498133,0.7922344954505723,Phù hợp,0.5,
NB24,Cảng Cửa Ông- TP Cẩm Phả,2027-07-01,2027,3,oyster,2326075,460842,6.7262797355651855,28.25108528137207,8.16831111907959,28.38759994506836,0.0486115925014019,,0.0466499179601669,35.27361297607422,105.76471710205078,0.9307771921157836,786.953857421875,137.40943908691406,0.0,0.0013075555907562,0.0020185827743262,0.0001037786278175,0.0,0.000758865266107,0.0001684697926975,0.0114192403852939,0.0003038069116882,0.7909987500997671,Phù hợp,0.5,
NB25,Cảng Cái Rồng- Vân Đồn,2026-07-01,2026,3,oyster,2329585,466608,5.727867603302002,28.13190269470215,8.125529289245605,30.83997917175293,0.0589694567024707,,0.0398053526878356,31.41482925415039,101.27127838134766,4.142188549041748,0.0,103.47888946533205,2.8523340225219727,0.001308208447881,0.00192190927919,0.0001038050686474,0.0,0.0003957682056352,0.0001685166789684,0.0339164845645427,0.0002996851108036,0.8069198769401303,Phù hợp,1.9326979200071597,
NB25,Cảng Cái Rồng- Vân Đồn,2026-10-01,2026,4,oyster,2329585,466608,5.952879905700684,24.045373916625977,8.21289348602295,30.12427520751953,0.0585968308150768,,0.0389743223786354,34.6341667175293,107.9469985961914,2.802518844604492,0.0,117.55799865722656,0.0,0.001308208447881,0.0014133123913779,0.0001038050686474,0.0002505857846699,0.0005711955018341,0.0001685166789684,0.0139975771307945,0.0003684287075884,0.8006327594576904,Phù hợp,0.5,
NB25,Cảng Cái Rồng- Vân Đồn,2027-01-01,2027,1,oyster,2329585,466608,6.342467308044434,20.126453399658203,8.145042419433594,31.52751350402832,0.0623952932655811,,0.036674365401268,35.0649299621582,105.45841217041016,5.349247932434082,0.0,130.0168914794922,6.176640510559082,0.0013593723997473,0.0014613780658692,0.0001037786278175,2.3120093828765675e-05,0.0016269322950392,0.0001684697926975,0.0107672130689024,0.0006085150525905,0.8132342569715831,Phù hợp,0.5,
NB25,Cảng Cái Rồng- Vân Đồn,2027-04-01,2027,2,oyster,2329585,466608,6.228097438812256,25.55894470214844,8.013815879821777,30.433652877807617,0.0729286596179008,,0.0410811565816402,32.50111389160156,87.80484008789062,5.347517013549805,0.0,123.04776000976562,1.4507715702056885,0.0013030779082328,0.0016608100850135,0.0001037786278175,0.0007485521491616,0.0017496503423899,0.0001684697926975,0.0054519674740731,0.0003607679391279,0.8061440442705103,Phù hợp,0.5,
NB25,Cảng Cái Rồng- Vân Đồn,2027-07-01,2027,3,oyster,2329585,466608,6.080289840698242,27.77322578430176,8.082205772399902,30.31970977783203,0.0477170050144195,,0.0312979631125927,30.58016014099121,85.91571044921875,4.270010471343994,0.0,117.2417984008789,2.1230287551879883,0.0013075555907562,0.0023943558335304,0.0001037786278175,0.0,0.0004731841036118,0.0001684697926975,0.02751743234694,0.0002452750923112,0.8223212081120626,Phù hợp,1.9326979200071597,
NB26,Khu vực cảng 10-10 - Cẩm Phả,2026-07-01,2026,3,oyster,2321486,455510,5.887171268463135,28.21085548400879,8.0950345993042,29.432313919067383,0.0375987701117992,,0.0397810451686382,32.66175842285156,76.97990417480469,10.50047492980957,0.0,115.79889678955078,0.6238096356391907,0.001308208447881,0.0018096395069733,0.0001038050686474,0.0016750082140788,0.0017293624114245,0.0001685166789684,0.0200147163122892,0.0004848409735132,0.8078613655292406,Phù hợp,0.5,
NB26,Khu vực cảng 10-10 - Cẩm Phả,2026-10-01,2026,4,oyster,2321486,455510,6.230650424957275,24.87790298461914,8.156612396240234,29.42592430114746,0.0344721674919128,,0.0370701178908348,30.462940216064453,103.0068359375,10.28222942352295,0.0,116.14965057373048,0.0,0.001308208447881,0.0017951622139662,0.0001038050686474,7.253489457070827e-05,0.0008325865492224,0.0001685166789684,0.0064329053275287,0.0005239183665253,0.8064812375213208,Phù hợp,1.3645044888163615,
NB26,Khu vực cảng 10-10 - Cẩm Phả,2027-01-01,2027,1,oyster,2321486,455510,6.061653137207031,21.22600746154785,8.123348236083984,31.99704360961914,0.0456105582416057,,0.0425982177257537,35.02761459350586,107.59930419921876,13.048954010009766,0.0,135.5849609375,3.820490837097168,0.0013530546566471,0.0016557036433368,0.0001037786278175,0.0,0.0011623825412243,0.0001684697926975,0.0092396903783082,0.0005758281913585,0.7948636915101714,Phù hợp,0.5,
NB26,Khu vực cảng 10-10 - Cẩm Phả,2027-04-01,2027,2,oyster,2321486,455510,5.936396598815918,26.08571052551269,8.049054145812988,31.26337623596192,0.0575101673603057,,0.0359822809696197,25.976713180541992,67.49752044677734,10.593877792358398,0.0,104.60480499267578,0.0,0.0013075555907562,0.0017337918980047,0.0001037786278175,0.0,0.0008781430660746,0.0001684697926975,0.0069788000546395,0.0004608856688719,0.8169321937387231,Phù hợp,1.3645044888163615,
NB26,Khu vực cảng 10-10 - Cẩm Phả,2027-07-01,2027,3,oyster,2321486,455510,6.02252721786499,27.608230590820312,8.080450057983398,30.234973907470703,0.035601656883955,,0.0384726338088512,32.76313400268555,87.53782653808594,8.728774070739746,0.0,124.3017578125,2.884352445602417,0.0013075555907562,0.0025921487249433,0.0001037786278175,0.0,0.0011399075156077,0.0001684697926975,0.0205061100423336,0.0004028929106425,0.8120282337017946,Phù hợp,1.3645044888163615,
NB27,Khu vực cửa sông Mông Dương - TP.  Cẩm Phả,2026-07-01,2026,3,oyster,2330880,459989,5.3829851150512695,28.052770614624023,7.903598785400391,24.378177642822266,0.047850202769041,,0.0385584533214569,35.83023452758789,112.5543441772461,13.882575988769531,0.0,125.5301284790039,1.6811257600784302,0.001308208447881,0.0021930513903498,0.0001038050686474,0.0005034120404161,0.0008343993104062,0.0001685166789684,0.0160817075520753,0.0005142290028743,0.8021662543420215,Phù hợp,1.258504866895635,
NB27,Khu vực cửa sông Mông Dương - TP.  Cẩm Phả,2026-10-01,2026,4,oyster,2330880,459989,5.553224086761475,25.03578758239746,7.83681058883667,25.81932640075684,0.04592090472579,,0.0409162603318691,36.16667556762695,96.25154876708984,11.515949249267578,0.0,142.9729766845703,0.0,0.001308208447881,0.002294476609677,0.0001038050686474,0.0012152685085311,0.0017681248718872,0.0001685166789684,0.01401362195611,0.0,0.8011122860345867,Phù hợp,0.5,
NB27,Khu vực cửa sông Mông Dương - TP.  Cẩm Phả,2027-01-01,2027,1,oyster,2330880,459989,5.839168548583984,21.09554481506348,7.92665958404541,26.02263641357422,0.0594922862946987,,0.035550370812416,32.607418060302734,95.17623138427734,15.196996688842772,0.0,132.04168701171875,0.7567446231842041,0.0013638500822708,0.0016266793245449,0.0001037786278175,0.0003959133173339,0.0015341731486842,0.0001684697926975,0.0062865675427019,0.000671831832733,0.8088970831180191,Phù hợp,0.5,
NB27,Khu vực cửa sông Mông Dương - TP.  Cẩm Phả,2027-04-01,2027,2,oyster,2330880,459989,5.514062881469727,27.09873390197754,7.912111282348633,24.64494705200196,0.0704528987407684,,0.0357614643871784,31.40342903137207,90.72549438476562,13.385354042053224,0.0,115.27992248535156,0.0,0.0013075555907562,0.0015753215411677,0.0001037786278175,0.0052760085090994,0.0037324947770684,0.0001684697926975,0.0170294921845197,0.0011090592015534,0.8049458027037371,Phù hợp,1.258504866895635,
NB27,Khu vực cửa sông Mông Dương - TP.  Cẩm Phả,2027-07-01,2027,3,oyster,2330880,459989,5.238266468048096,27.679344177246094,7.893601894378662,24.552261352539062,0.0531326010823249,,0.034645527601242,34.43489456176758,95.16532135009766,10.330499649047852,0.0,129.58309936523438,4.389143466949463,0.0013030779082328,0.0016657282831147,0.0001037786278175,0.0,0.0011618001153692,0.0001684697926975,0.0109223201870918,0.0004823736962862,0.8250837250875817,Phù hợp,0.5,
NB28,"Khu vực ven bờ xã Cẩm Hải, TP.  Cẩm Phả",2026-07-01,2026,3,oyster,2333357,460436,5.940225124359131,28.106306076049805,8.117145538330078,28.68157196044922,0.065090887248516,,0.0428888723254203,33.66409683227539,104.43649291992188,3.865440368652344,0.0,120.25083923339844,0.0,0.001308208447881,0.0022228776942938,0.0001038050686474,0.0004492914595175,0.0004172632179688,0.0001685166789684,0.0266394019126892,0.0002996851108036,0.7965932360395541,Phù hợp,1.258504866895635,
NB28,"Khu vực ven bờ xã Cẩm Hải, TP.  Cẩm Phả",2026-10-01,2026,4,oyster,2333357,460436,5.62115478515625,26.35891914367676,8.090331077575684,30.071475982666016,0.0637896880507469,,0.0449268966913223,39.182655334472656,116.7522964477539,2.299922704696656,0.0,122.37661743164062,0.3388270437717438,0.001308208447881,0.00173379201442,0.0001038050686474,0.0009224736131727,0.0016211378388106,0.0001685166789684,0.0197076685726642,0.0003684287075884,0.7862458166755615,Phù hợp,0.5,
NB28,"Khu vực ven bờ xã Cẩm Hải, TP.  Cẩm Phả",2027-01-01,2027,1,oyster,2333357,460436,5.915396213531494,21.441627502441406,8.05154037475586,28.69721031188965,0.0660588890314102,,0.0442936830222606,33.145206451416016,118.83049774169922,0.2577969133853912,0.0,115.52969360351562,0.3780824244022369,0.0013638500822708,0.0017109563341364,0.0001037786278175,0.0,0.0012030181242153,0.0001684697926975,0.0016744985477998,0.0001437397877452,0.7999513248862392,Phù hợp,1.258504866895635,
NB28,"Khu vực ven bờ xã Cẩm Hải, TP.  Cẩm Phả",2027-04-01,2027,2,oyster,2333357,460436,6.068116664886475,25.923734664916992,7.902189254760742,26.65263938903809,0.0828920528292656,,0.0393697023391723,35.623268127441406,119.7208251953125,2.855104446411133,0.0,129.71946716308594,0.0,0.0013075555907562,0.001385687966831,0.0001037786278175,0.0005671998951584,0.0012876978144049,0.0001684697926975,0.0280268639326095,0.0004636227968148,0.7976214666729836,Phù hợp,0.5,
NB28,"Khu vực ven bờ xã Cẩm Hải, TP.  Cẩm Phả",2027-07-01,2027,3,oyster,2333357,460436,6.846931457519531,27.83906936645508,7.967160224914551,27.98105239868164,0.0656163692474365,,0.0400816202163696,37.58919525146485,98.78740692138672,1.5880924463272097,0.0,137.6995086669922,0.0,0.0013030779082328,0.0017805881798267,0.0001037786278175,0.000543485104572,0.0025578904896974,0.0001684697926975,0.015064712613821,0.0002182456082664,0.8035509529975287,Phù hợp,0.5,
NB29,Luồng Voi Lớn phía Tây xã Đoàn Kết- Vân Đồn,2026-07-01,2026,3,oyster,2334332,462783,6.088650226593018,28.310955047607425,8.160000801086426,29.598466873168945,0.0428807362914085,,0.0368865765631198,33.65623092651367,114.1320343017578,1.1245582103729248,0.0,100.22154235839844,1.7576067447662354,0.0013036195887252,0.0021608346141874,0.0001038050686474,0.0,0.0006708174478262,0.0001685166789684,0.0338620208203792,0.0002789957798086,0.8075724494236092,Phù hợp,1.270731482257365,
NB29,Luồng Voi Lớn phía Tây xã Đoàn Kết- Vân Đồn,2026-10-01,2026,4,oyster,2334332,462783,6.252151012420654,25.78309631347656,8.141382217407227,29.8960018157959,0.0449043661355972,,0.0420244149863719,35.674156188964844,99.79200744628906,0.0,0.0,125.51622009277344,0.0,0.001308208447881,0.0018551646498963,0.0001038050686474,0.0,0.0014155785320326,0.0001685166789684,0.0104240560904145,0.0001168955059256,0.8046670743509928,Phù hợp,0.5,
NB29,Luồng Voi Lớn phía Tây xã Đoàn Kết- Vân Đồn,2027-01-01,2027,1,oyster,2334332,462783,6.276569366455078,22.24234962463379,8.224347114562988,28.704816818237305,0.0503073558211326,,0.0428941510617733,38.05242156982422,120.28397369384766,1.416677474975586,0.0,109.01107025146484,2.2667160034179688,0.0013638500822708,0.0014341953210532,0.0001037786278175,0.0,0.0010109074646607,0.0001684697926975,0.0,0.0005066619487479,0.8017777725006496,Phù hợp,1.270731482257365,
NB29,Luồng Voi Lớn phía Tây xã Đoàn Kết- Vân Đồn,2027-04-01,2027,2,oyster,2334332,462783,6.423646926879883,26.1741886138916,8.195921897888184,26.873046875,0.0723660513758659,,0.0435646176338195,38.16188049316406,135.60987854003906,4.025657653808594,0.0,144.976318359375,0.0,0.0013030779082328,0.0017177496338263,0.0001037786278175,0.0011849494185298,0.0024305172264575,0.0001684697926975,0.0258287545293569,0.0007309294887818,0.7828648293238797,Phù hợp,0.5,
NB29,Luồng Voi Lớn phía Tây xã Đoàn Kết- Vân Đồn,2027-07-01,2027,3,oyster,2334332,462783,6.313084602355957,28.696229934692383,8.161428451538086,29.056167602539062,0.0479229129850864,,0.0379506275057792,32.70197677612305,118.85366821289062,1.9668540954589844,225.4627685546875,103.72575378417967,5.119380474090576,0.0013075555907562,0.0019084217492491,0.0001037786278175,0.0010667970636859,0.0017950992332771,0.0001684697926975,0.012254842557013,0.00016930878337,0.8122429741851848,Phù hợp,1.270731482257365,
NB30,Ven bờ Đông Nam xã Đông Xá,2026-07-01,2026,3,oyster,2327079,463665,6.029767036437988,27.74574089050293,8.074352264404297,30.220947265625,0.0563237406313419,,0.034384585916996,31.385292053222656,93.01595306396484,5.78524112701416,0.0,124.53407287597656,0.6397947072982788,0.001308208447881,0.0025063664652407,0.0001038050686474,0.0002995269605889,0.0007334594265557,0.0001685166789684,0.0335505902767181,0.0001698231790214,0.8084383962376774,Phù hợp,1.4981108937592036,
NB30,Ven bờ Đông Nam xã Đông Xá,2026-10-01,2026,4,oyster,2327079,463665,6.14094352722168,24.944623947143555,8.067719459533691,29.859106063842773,0.0432723425328731,,0.0349527038633823,30.139591217041016,90.6507797241211,5.315444946289063,0.0,113.67598724365234,1.9013221263885496,0.001308208447881,0.0020671810489147,0.0001038050686474,0.0010544948745518,0.0014972918434068,0.0001685166789684,0.0187958814203739,0.0005173590034246,0.8179220959156941,Phù hợp,0.5,
NB30,Ven bờ Đông Nam xã Đông Xá,2027-01-01,2027,1,oyster,2327079,463665,6.205788612365723,21.64182472229004,8.084840774536133,29.863882064819336,0.0537547282874584,,0.0351431667804718,32.53667449951172,90.36287689208984,5.209757328033447,0.0,118.7974624633789,4.3941569328308105,0.0013638500822708,0.0015201907372102,0.0001037786278175,0.0,0.0014252520631998,0.0001684697926975,0.0095279021188616,0.0006136855226941,0.8231980706220534,Phù hợp,0.5,
NB30,Ven bờ Đông Nam xã Đông Xá,2027-04-01,2027,2,oyster,2327079,463665,5.950922012329102,25.78668785095215,8.097058296203613,28.199350357055664,0.057548202574253,,0.036155741661787,30.53071022033692,92.56692504882812,4.259099006652832,0.0,108.46501922607422,0.8257696628570557,0.0013030779082328,0.0015936701092869,0.0001037786278175,0.0,0.0013078025076538,0.0001684697926975,0.0085234511643648,0.00070228864206,0.818039119219567,Phù hợp,0.5,
NB30,Ven bờ Đông Nam xã Đông Xá,2027-07-01,2027,3,oyster,2327079,463665,6.547848224639893,27.78641128540039,8.13567066192627,30.52216339111328,0.0386250466108322,,0.0385352186858654,34.560447692871094,104.32414245605467,3.293540954589844,0.0,128.25938415527344,5.23009204864502,0.0013030779082328,0.0025108780246227,0.0001037786278175,0.0,0.0005786056281067,0.0001684697926975,0.0049907909706234,0.0001831805129768,0.8164562017592296,Phù hợp,0.5,
NB31,Ven bờ Đông xã Hạ Long- Vân Đồn,2026-07-01,2026,3,oyster,2331339,470234,6.106754302978516,27.66006088256836,8.093111038208008,30.14579200744629,0.0349942035973072,,0.0457459986209869,37.324249267578125,100.08356475830078,5.369706153869629,0.0,116.06558227539062,0.0,0.001308208447881,0.0015430628554895,0.0001038050686474,0.0048682712949812,0.0010007009841501,0.0001685166789684,0.0157152656465768,0.0005285950610414,0.7905630458011326,Phù hợp,2.0139756701608884,
NB31,Ven bờ Đông xã Hạ Long- Vân Đồn,2026-10-01,2026,4,oyster,2331339,470234,6.716278076171875,24.3942928314209,8.118433952331543,30.640958786010746,0.0373808480799198,,0.0439341366291046,34.1475944519043,88.57683563232422,5.120220184326172,146.9493408203125,108.97027587890624,0.0,0.0013036195887252,0.0019816078711301,0.0001038050686474,0.0011168003547936,0.0015642172656953,0.0001685166789684,0.0095313768833875,0.0,0.8000199658616353,Phù hợp,2.0139756701608884,
NB31,Ven bờ Đông xã Hạ Long- Vân Đồn,2027-01-01,2027,1,oyster,2331339,470234,7.094127655029297,20.42605781555176,8.15969181060791,31.110774993896484,0.0446605645120143,,0.0417913235723972,31.918874740600582,84.81293487548828,6.29306173324585,0.0,124.39659881591795,0.0,0.0013638500822708,0.0015515385894104,0.0001037786278175,0.0002977279655169,0.0012475808616727,0.0001684697926975,0.0002703707432374,0.0006268873112276,0.8060905591005815,Phù hợp,0.5,
NB31,Ven bờ Đông xã Hạ Long- Vân Đồn,2027-04-01,2027,2,oyster,2331339,470234,6.410854816436768,25.314558029174805,8.075167655944824,30.33376121520996,0.0545209385454654,,0.0377089530229568,36.96908950805664,86.38992309570312,6.459206581115723,0.0,128.9503173828125,4.71779727935791,0.0013030779082328,0.001703580841422,0.0001037786278175,0.0,0.0011251621181145,0.0001684697926975,0.019927117973566,0.0005237715085968,0.8147288046314735,Phù hợp,2.0139756701608884,
NB31,Ven bờ Đông xã Hạ Long- Vân Đồn,2027-07-01,2027,3,oyster,2331339,470234,6.653377056121826,27.48088455200196,8.08493709564209,30.62665748596192,0.0306983925402164,,0.0422606170177459,35.13341522216797,100.0135498046875,5.9444580078125,0.0,128.82667541503906,0.0,0.0013075555907562,0.0020862845703959,0.0001037786278175,0.0016022147610783,0.0014914743369445,0.0001684697926975,0.0116214472800493,0.0004889901028946,0.7977106009818036,Phù hợp,0.5,
NB32,Cảng Vạn Hoa- xã Vạn Yên- Vân Đồn,2026-07-01,2026,3,oyster,2346140,480817,6.153346061706543,27.46269416809082,8.149971961975098,31.115760803222656,0.0351377315819263,,0.0383839011192321,33.20651626586914,93.14323425292967,0.9893231391906738,0.0,105.7593002319336,0.0,0.0013036195887252,0.0019351203227415,0.0001038050686474,0.0048125754110515,0.0012634241720661,0.0001685166789684,0.017379367724061,0.0005159371066838,0.8052695477430276,Phù hợp,1.912872186007209,
NB32,Cảng Vạn Hoa- xã Vạn Yên- Vân Đồn,2026-10-01,2026,4,oyster,2346140,480817,6.46012544631958,25.430221557617188,8.140055656433105,30.06026077270508,0.0385151654481887,,0.0423248782753944,36.204586029052734,118.8443832397461,0.8583354353904724,0.0,121.86941528320312,3.984399557113648,0.001308208447881,0.0015230698045343,0.0001038050686474,0.0005446210270747,0.0025378870777785,0.0001685166789684,0.0239643845707178,0.0008621105807833,0.805611091186063,Phù hợp,0.5,
NB32,Cảng Vạn Hoa- xã Vạn Yên- Vân Đồn,2027-01-01,2027,1,oyster,2346140,480817,6.821535587310791,21.277565002441406,8.073426246643066,29.76982688903809,0.0461692996323108,,0.0438729152083396,36.152862548828125,87.29491424560547,1.9185854196548464,219.000228881836,132.9691925048828,1.938042044639588,0.0013593723997473,0.0014336898457258,0.0001037786278175,0.0007600688259117,0.0016958083724603,0.0001684697926975,0.0167369078844785,0.000458637921838,0.807106766410144,Phù hợp,0.5,
NB32,Cảng Vạn Hoa- xã Vạn Yên- Vân Đồn,2027-04-01,2027,2,oyster,2346140,480817,6.3437604904174805,25.28474998474121,8.03194522857666,29.87897682189941,0.0567856431007385,,0.0429580956697464,31.78352165222168,98.18636322021484,2.5299410820007324,695.3110961914062,124.52322387695312,0.0084946192800998,0.0013030779082328,0.0015615965239703,0.0001037786278175,0.0001935068430611,0.0013872866984456,0.0001684697926975,0.0083942553028464,0.0003645694814622,0.7980670493039392,Phù hợp,0.5,
NB32,Cảng Vạn Hoa- xã Vạn Yên- Vân Đồn,2027-07-01,2027,3,oyster,2346140,480817,7.256952285766602,27.603836059570312,8.149529457092285,30.65614318847656,0.0491364784538745,,0.0431550741195678,31.690629959106445,107.40728759765624,4.0835442543029785,2330.5537109375,110.7413558959961,0.2627118527889251,0.0013030779082328,0.0023533145431429,0.0001037786278175,0.0,0.0003160026972182,0.0001684697926975,0.0135004594922065,0.0003207366971764,0.7745977902338386,Phù hợp,0.5,
NB33,Thiên Cung - Đầu Gỗ,2026-07-01,2026,3,oyster,2313396,423810,6.121023654937744,27.423940658569336,8.030074119567871,30.31486701965332,0.0499517880380153,,0.037331786006689,34.109676361083984,96.12399291992188,5.914473533630371,0.0,120.71165466308594,0.0,0.001308208447881,0.0018698131898418,0.0001038050686474,0.000719586154446,0.0009371585911139,0.0001685166789684,0.0134511459618806,0.0003070236125495,0.8042147137942214,Phù hợp,0.5,
NB33,Thiên Cung - Đầu Gỗ,2026-10-01,2026,4,oyster,2313396,423810,6.201103210449219,24.65398979187012,8.050142288208008,30.62819480895996,0.0416112430393695,,0.0389953441917896,31.84810256958008,89.04830169677734,4.593669891357422,0.0,120.7048110961914,4.300517559051514,0.001308208447881,0.0019948515109717,0.0001038050686474,0.0016239483375102,0.0012925693299621,0.0001685166789684,0.0186263136565685,0.0003032484673894,0.8180599600145783,Phù hợp,0.5878250164802447,
NB33,Thiên Cung - Đầu Gỗ,2027-01-01,2027,1,oyster,2313396,423810,6.64422082901001,20.27126121520996,8.116164207458496,31.41698455810547,0.0384253300726413,,0.0375440753996372,32.84989547729492,103.65266418457033,4.161632537841797,0.0,120.1846694946289,2.395111083984375,0.0013638500822708,0.0015221721259877,0.0001037786278175,0.0016153316246345,0.0025849710218608,0.0001684697926975,0.0182259753346443,0.0008548346813768,0.8084568486186562,Phù hợp,0.5,
NB33,Thiên Cung - Đầu Gỗ,2027-04-01,2027,2,oyster,2313396,423810,6.32437801361084,25.08889961242676,7.974515914916992,30.20918083190918,0.0464699566364288,,0.0383375659584999,32.21073913574219,90.88916015625,4.640713691711426,0.0,122.14665985107422,5.430022716522217,0.0013030779082328,0.0015079217264428,0.0001037786278175,0.0007600688259117,0.0014100045664235,0.0001684697926975,0.0139854559674859,0.0005812586168758,0.8232419327940679,Phù hợp,0.5,
NB33,Thiên Cung - Đầu Gỗ,2027-07-01,2027,3,oyster,2313396,423810,6.344716548919678,27.357065200805664,8.054059982299805,31.101747512817383,0.0337873809039592,,0.0378545336425304,34.18614196777344,95.13455200195312,3.2078616619110107,0.0,119.0390853881836,0.0,0.0013030779082328,0.0017590324860066,0.0001037786278175,0.0001360407477477,0.0013431952102109,0.0001684697926975,0.011547589674592,0.0003649124118965,0.8085478945222416,Phù hợp,0.5,
NB34,Đảo TiTop,2026-07-01,2026,3,oyster,2307445,430246,6.478782653808594,28.00549697875977,8.083109855651855,30.198139190673828,0.0285348668694496,,0.0389140807092189,33.280723571777344,104.18115234375,3.453622817993164,0.0,125.46015167236328,4.493197441101074,0.001308208447881,0.0025756356772035,0.0001038050686474,0.0,0.0005374037427827,0.0001685166789684,0.0203374437987804,0.0003159765910822,0.8162930119019756,Phù hợp,0.3916554608326048,
NB34,Đảo TiTop,2026-10-01,2026,4,oyster,2307445,430246,6.396963119506836,24.821653366088867,8.0687255859375,29.944494247436523,0.0282724555581808,,0.0404918752610683,32.66659164428711,110.39151763916016,2.8727855682373047,0.0,120.80994415283205,0.129273772239685,0.001308208447881,0.0022147949784994,0.0001038050686474,0.0003446011687628,0.0010010363766923,0.0001685166789684,0.0187609978020191,0.0003978078020736,0.8041393198280163,Phù hợp,0.3916554608326048,
NB34,Đảo TiTop,2027-01-01,2027,1,oyster,2307445,430246,6.3920087814331055,20.71446228027344,8.115347862243652,31.538461685180664,0.0350063033401966,,0.0411188378930091,33.566070556640625,94.89080047607422,4.03794527053833,126.48505401611328,120.52460479736328,1.0222772359848022,0.0013922789366915,0.0016693649813532,0.0001037786278175,0.0055255903862416,0.0039967307820916,0.0001684697926975,0.0236730985343456,0.0011890877503901,0.7974880359596648,Phù hợp,0.3916554608326048,
NB34,Đảo TiTop,2027-04-01,2027,2,oyster,2307445,430246,6.021848678588867,24.88516998291016,8.042936325073242,31.12724876403809,0.0361842885613441,,0.0412975624203681,31.435470581054688,80.6110610961914,3.9599857330322266,528.212890625,113.85758209228516,0.0286189559847116,0.0013075555907562,0.0013710126513615,0.0001037786278175,0.0082291308790445,0.0037567075341939,0.0001684697926975,0.0201468132436275,0.0012515434063971,0.7973211356035321,Phù hợp,0.3916554608326048,
NB34,Đảo TiTop,2027-07-01,2027,3,oyster,2307445,430246,6.325584888458252,27.818498611450195,8.102683067321777,31.881175994873047,0.0255638044327497,,0.0372932069003582,27.13591766357422,103.370849609375,3.514958620071411,1870.599853515625,105.24459838867188,4.704047203063965,0.0013030779082328,0.0019458687165752,0.0001037786278175,0.0,0.0008987498003989,0.0001684697926975,0.0159998685121536,0.0001901099749375,0.8050911152386877,Phù hợp,0.3916554608326048,
NB35,Khu nghỉ đêm - Cát Lán,2026-07-01,2026,3,oyster,2307219,430996,6.561617374420166,27.873044967651367,8.119997024536133,30.36988639831543,0.032011155039072,,0.035246156156063,31.455808639526367,77.6607894897461,1.7875558137893677,0.0,114.34782409667967,4.728379726409912,0.001308208447881,0.0022853065747767,0.0001038050686474,0.0001212549686897,0.0007592909387312,0.0001685166789684,0.0140143120661377,0.0003467493224889,0.8329024133032299,Phù hợp,0.3258024708316375,
NB35,Khu nghỉ đêm - Cát Lán,2026-10-01,2026,4,oyster,2307219,430996,6.48792839050293,25.00750160217285,8.091273307800293,29.49131202697754,0.0316860377788543,,0.0415744669735431,34.31846618652344,104.23492431640624,0.8115385174751282,0.0,128.79885864257812,1.2760324478149414,0.001308208447881,0.0019141245866194,0.0001038050686474,0.00233656889759,0.0013363743200898,0.0001685166789684,0.0117774987593293,0.0003325221769046,0.8079885723782969,Phù hợp,0.3258024708316375,
NB35,Khu nghỉ đêm - Cát Lán,2027-01-01,2027,1,oyster,2307219,430996,6.654873847961426,21.28719520568848,8.116345405578613,30.426612854003903,0.041799671947956,,0.0404334366321563,36.25343704223633,100.4855728149414,1.7468383312225342,172.47438049316406,131.484130859375,1.1203083992004397,0.001338735804893,0.0016163708642125,0.0001037786278175,1.3854275493940804e-05,0.0013479744084179,0.0001684697926975,0.0046834470704197,0.0006251854356378,0.8052967714864533,Phù hợp,0.3258024708316375,
NB35,Khu nghỉ đêm - Cát Lán,2027-04-01,2027,2,oyster,2307219,430996,6.364523410797119,25.23699760437012,8.092597007751465,29.56586647033692,0.0453593917191028,,0.0425807796418666,32.42080307006836,96.52767181396484,4.467206001281738,205.973373413086,124.43338775634766,0.0,0.0013075555907562,0.0016689782496541,0.0001037786278175,0.0,0.001130303251557,0.0001684697926975,0.0186882056295871,0.0004592698824126,0.8023566934394089,Phù hợp,0.3258024708316375,
NB35,Khu nghỉ đêm - Cát Lán,2027-07-01,2027,3,oyster,2307219,430996,6.790173053741455,28.436521530151367,8.156189918518066,30.421743392944336,0.0360927656292915,,0.0421423651278018,32.74732208251953,120.67230987548828,3.784866571426392,620.26416015625,120.1043472290039,3.116981506347656,0.0013075555907562,0.0020425906404852,0.0001037786278175,0.0003292665351182,0.0015328514855355,0.0001684697926975,0.014562776312232,0.000474079104606,0.796449190743805,Phù hợp,0.3258024708316375,
NB36,Khu Nghỉ đêm - Hang Luồn,2026-07-01,2026,3,oyster,2306977,431601,6.638500213623047,27.64306259155273,8.118752479553223,30.210315704345703,0.0445973649621009,,0.0331691950559616,32.34147262573242,98.44751739501952,2.713764905929565,0.0,119.45263671875,4.152745246887207,0.001308208447881,0.0020652317907661,0.0001038050686474,0.000337490811944,0.0014717964222654,0.0001685166789684,0.0151741495355963,0.0004450787673704,0.8230194002411672,Phù hợp,0.3258024708316375,
NB36,Khu Nghỉ đêm - Hang Luồn,2026-10-01,2026,4,oyster,2306977,431601,6.08477258682251,25.1274356842041,8.11646556854248,30.250112533569336,0.037672720849514,,0.0391624458134174,32.04544448852539,92.00502014160156,2.712174892425537,0.0,112.35247039794922,0.0,0.001308208447881,0.0019740487914532,0.0001038050686474,0.0,0.0006969827809371,0.0001685166789684,0.014724425971508,0.000383071223041,0.8110133383382767,Phù hợp,0.3258024708316375,
NB36,Khu Nghỉ đêm - Hang Luồn,2027-01-01,2027,1,oyster,2306977,431601,6.349615097045898,21.21672821044922,8.10245132446289,31.360727310180664,0.0431531518697738,,0.0396460741758346,36.16569137573242,94.47938537597656,2.736973285675049,0.0,131.50172424316406,0.8817724585533142,0.0013496461324393,0.0015152181731536,0.0001037786278175,0.0,0.0018679297063499,0.0001684697926975,0.0131338303908705,0.0007236710516735,0.8055422510702673,Phù hợp,0.3258024708316375,
NB36,Khu Nghỉ đêm - Hang Luồn,2027-04-01,2027,2,oyster,2306977,431601,6.40697717666626,25.84258270263672,8.039341926574707,30.366186141967773,0.055990744382143,,0.0438666678965091,34.366573333740234,84.59546661376953,2.9041454792022705,0.0,128.46795654296875,0.0,0.0013030779082328,0.0015719177899882,0.0001037786278175,0.0,0.0012761092511937,0.0001684697926975,0.0085309296846389,0.0005599254509434,0.8048593820150364,Phù hợp,0.3258024708316375,
NB36,Khu Nghỉ đêm - Hang Luồn,2027-07-01,2027,3,oyster,2306977,431601,6.4980082511901855,28.417724609375,8.070930480957031,30.89375305175781,0.0330371186137199,,0.0386620983481407,36.399845123291016,120.21160888671876,1.1348520517349243,0.0,129.43370056152344,2.305192470550537,0.0013030779082328,0.0024255067110061,0.0001037786278175,0.0005368498386815,0.0007956739864312,0.0001684697926975,0.0126709677278995,0.000336325581884,0.8026650949663615,Phù hợp,0.3258024708316375,
NB37,Bồ Nâu - Sửng Sốt,2026-07-01,2026,3,oyster,2305988,431059,6.298218727111816,28.108278274536133,8.07841968536377,30.528181076049805,0.0336006358265876,,0.0434251464903354,35.053218841552734,81.46839141845703,7.412677764892578,1292.587890625,119.5692138671875,0.0,0.001308208447881,0.0023106075823307,0.0001038050686474,0.0002092252252623,0.0009384633158333,0.0001685166789684,0.011834405362606,0.0,0.789165212900615,Phù hợp,0.5,
NB37,Bồ Nâu - Sửng Sốt,2026-10-01,2026,4,oyster,2305988,431059,8.58419418334961,24.61962127685547,8.105493545532227,29.962047576904297,0.0460762158036232,,0.0398054160177707,30.96475601196289,76.54387664794922,6.471022129058838,290.4488525390625,108.75475311279295,0.0,0.001308208447881,0.0019542211666703,0.0001038050686474,0.0,0.0007155447965487,0.0001685166789684,0.0179954208433628,0.000184571777936,0.80900263670456,Phù hợp,0.5638893951831334,
NB37,Bồ Nâu - Sửng Sốt,2027-01-01,2027,1,oyster,2305988,431059,6.900981903076172,20.71138572692871,8.0927152633667,31.4429988861084,0.0520295090973377,,0.0418545491993427,32.209415435791016,88.95157623291016,6.657245635986328,0.0,109.2010726928711,0.0,0.0013496461324393,0.0014179912395775,0.0001037786278175,8.546175195078831e-06,0.0018165869405493,0.0001684697926975,0.018598960712552,0.0012723871041089,0.8008513516882395,Phù hợp,0.5,
NB37,Bồ Nâu - Sửng Sốt,2027-04-01,2027,2,oyster,2305988,431059,6.358248710632324,24.808597564697266,8.099468231201172,30.38500213623047,0.0597885437309742,,0.047540258616209,38.141300201416016,106.58174896240234,6.394334316253662,0.0,113.45135498046876,0.0,0.0013030779082328,0.0015199558110907,0.0001037786278175,0.0,0.0010357630671933,0.0001684697926975,0.0110322320833802,0.0009898807620629,0.7852706104549623,Phù hợp,0.5,
NB37,Bồ Nâu - Sửng Sốt,2027-07-01,2027,3,oyster,2305988,431059,5.704146862030029,27.688852310180664,8.102617263793945,30.47789764404297,0.0353961996734142,,0.0419173017144203,34.48561096191406,97.1295394897461,7.045214653015137,0.0,114.68022918701172,3.420971155166626,0.0013030779082328,0.0023001688532531,0.0001037786278175,0.0009956284193322,0.0020224782638251,0.0001684697926975,0.0212672855705022,0.0005090010818094,0.805485553512742,Phù hợp,0.5638893951831334,
NB38,Khu nghỉ đêm - Lờm bò,2026-07-01,2026,3,oyster,2304145,430616,6.767998218536377,27.907939910888672,8.209480285644531,30.967403411865234,0.0264569539576768,,0.0389025956392288,35.771827697753906,114.4417724609375,5.561542510986328,0.0,135.5496826171875,0.3188787400722503,0.0013036195887252,0.0024522847961634,0.0001038050686474,0.0011561948340386,0.000827684008982,0.0001685166789684,0.0342937372624874,0.0001186472654808,0.7936622029650058,Phù hợp,0.947747065413552,
NB38,Khu nghỉ đêm - Lờm bò,2026-10-01,2026,4,oyster,2304145,430616,9.096257209777832,24.39484024047852,8.1719970703125,31.19891357421875,0.0246517620980739,,0.0419818125665187,35.20991134643555,121.55300903320312,6.247888088226318,0.0,130.5862274169922,0.0,0.001308208447881,0.0020183844026178,0.0001038050686474,0.0011509926989674,0.0015107684303075,0.0001685166789684,0.0221636239439249,0.0002769757120404,0.7894137975445127,Phù hợp,0.5,
NB38,Khu nghỉ đêm - Lờm bò,2027-01-01,2027,1,oyster,2304145,430616,7.326028823852539,19.32439041137696,8.16918659210205,32.15265274047852,0.0279569458216428,,0.0434894561767578,39.89866638183594,151.11106872558594,4.998048782348633,0.0,130.016845703125,0.0,0.0013638500822708,0.0015290897572413,0.0001037786278175,0.0001818911550799,0.0015301478561013,0.0001684697926975,0.0076751881279051,0.0006163500947877,0.7742965447090531,Phù hợp,0.5,
NB38,Khu nghỉ đêm - Lờm bò,2027-04-01,2027,2,oyster,2304145,430616,6.607998371124268,25.29258155822754,8.210220336914062,31.3906192779541,0.0393174365162849,,0.0409110486507415,35.80450439453125,100.95770263671876,5.699759483337402,0.0,118.31890869140624,0.0,0.0013030779082328,0.0015735219931229,0.0001037786278175,0.0,0.0015742774121463,0.0001684697926975,0.0138239553198218,0.0007534495671279,0.797084788659592,Phù hợp,0.5,
NB38,Khu nghỉ đêm - Lờm bò,2027-07-01,2027,3,oyster,2304145,430616,7.345743179321289,28.2309627532959,8.215940475463867,30.96389389038086,0.0257971547544002,,0.0482172779738903,40.83794021606445,122.57383728027344,5.432456970214844,0.0,140.1688232421875,0.6543256640434265,0.0013030779082328,0.0021795879583805,0.0001037786278175,0.0,0.001049155020155,0.0001684697926975,0.0001496921759098,0.00019823902403,0.782362655959246,Phù hợp,0.5,
NB39,Khu nghỉ đêm Cống Đỏ,2026-07-01,2026,3,oyster,2309402,433983,6.13994836807251,28.03500366210937,8.171931266784668,30.512916564941406,0.0308228265494108,,0.040727823972702,34.52417755126953,87.3685302734375,3.274528741836548,0.0,105.9069595336914,0.0,0.001308208447881,0.0020882748067378,0.0001038050686474,0.0035434982273727,0.0020988970063626,0.0001685166789684,0.0176556557416915,0.0002295744488947,0.8037633273114508,Phù hợp,1.2854541026423307,
NB39,Khu nghỉ đêm Cống Đỏ,2026-10-01,2026,4,oyster,2309402,433983,8.272687911987305,24.487625122070312,8.12657356262207,30.38677215576172,0.0391552001237869,,0.0469199307262897,34.68985748291016,101.23369598388672,6.614911079406738,0.0,122.81072998046876,0.0,0.001308208447881,0.0017316542798653,0.0001038050686474,0.0001433617580914,0.0009562795748934,0.0001685166789684,0.0112738525494933,0.000428419210948,0.7937690885474861,Phù hợp,0.5,
NB39,Khu nghỉ đêm Cống Đỏ,2027-01-01,2027,1,oyster,2309402,433983,7.079384326934815,20.49598693847656,8.185962677001953,31.560266494750977,0.0451578795909881,,0.0399748273193836,34.25710678100586,105.62032318115234,5.755119323730469,0.0,115.15110778808594,3.345545053482056,0.001338735804893,0.0016433334676548,0.0001037786278175,0.0,0.0011213037651032,0.0001684697926975,0.0353701114654541,0.0005236805882304,0.8030427669633691,Phù hợp,0.5,
NB39,Khu nghỉ đêm Cống Đỏ,2027-04-01,2027,2,oyster,2309402,433983,7.261519432067871,25.7088565826416,8.158109664916992,30.64341926574707,0.0565119832754135,,0.0400845780968666,32.526023864746094,84.0731430053711,5.918907642364502,0.0,137.43203735351562,0.0,0.0013075555907562,0.0014256249414756,0.0001037786278175,0.0,0.001447188667953,0.0001684697926975,0.0127076962962746,0.0004161505494266,0.8062326634443254,Phù hợp,0.5,
NB39,Khu nghỉ đêm Cống Đỏ,2027-07-01,2027,3,oyster,2309402,433983,7.115250587463379,27.551025390625,8.14123821258545,30.226089477539062,0.0348335728049278,,0.034201730042696,35.77939224243164,104.26058197021484,4.993494510650635,0.0,120.31905364990234,0.7232881188392639,0.0013030779082328,0.0020054471679031,0.0001037786278175,0.0,0.0005495130317285,0.0001684697926975,0.0072613707743585,0.0,0.8089496148043975,Phù hợp,1.2854541026423307,
NB40,Làng chài Ba Hang,2026-07-01,2026,3,oyster,2312233,423638,6.221874713897705,27.51898002624512,8.083831787109375,30.085596084594727,0.0536781512200832,,0.0344086587429046,29.634180068969727,80.72416687011719,4.381821155548096,0.0,115.74556732177734,4.420180320739746,0.001308208447881,0.0021002471912652,0.0001038050686474,0.0077140051871538,0.00084062066162,0.0001685166789684,0.0190167129039764,0.0008835291373543,0.8204400327871199,Phù hợp,0.5,
NB40,Làng chài Ba Hang,2026-10-01,2026,4,oyster,2312233,423638,6.399834156036377,24.993698120117188,8.09981918334961,29.70696449279785,0.041006576269865,,0.0411605834960937,31.01500129699707,81.54910278320312,3.0498528480529785,0.0,103.99542999267578,3.348721981048584,0.001308208447881,0.0019584875553846,0.0001038050686474,0.0050247451290488,0.0017844823887571,0.0001685166789684,0.0198653992265462,0.0004640511178877,0.816387465835436,Phù hợp,0.5878250164802447,
NB40,Làng chài Ba Hang,2027-01-01,2027,1,oyster,2312233,423638,6.6187896728515625,21.37053108215332,8.106314659118652,30.55340385437012,0.0433642156422138,,0.0412447974085807,38.32987594604492,112.95809936523438,2.442213296890259,0.0,132.48406982421875,1.265040397644043,0.0013638500822708,0.0015605492517352,0.0001037786278175,9.675569890532644e-05,0.0015389105537906,0.0001684697926975,0.0029793006833642,0.000710270658601,0.7993152481337352,Phù hợp,0.5,
NB40,Làng chài Ba Hang,2027-04-01,2027,2,oyster,2312233,423638,6.316338062286377,25.164012908935547,8.049139976501465,29.635629653930664,0.0582567974925041,,0.0413901731371879,33.77006149291992,92.806640625,4.199388980865479,0.0,121.0563735961914,0.0,0.0013030779082328,0.0015376358060166,0.0001037786278175,0.0031226030550897,0.0014690054813399,0.0001684697926975,0.0220762267708778,0.0011444740230217,0.8001903606080493,Phù hợp,0.5,
NB40,Làng chài Ba Hang,2027-07-01,2027,3,oyster,2312233,423638,6.336925983428955,27.37695503234864,8.111074447631836,30.346494674682617,0.0277156103402376,,0.0339803323149681,30.474916458129883,92.2368392944336,4.029194355010986,428.0672912597656,113.78467559814452,5.331785202026367,0.0013030779082328,0.0017394121969118,0.0001037786278175,0.0,0.0008720196201466,0.0001684697926975,0.0078518921509385,0.0004568274889606,0.8281193076050541,Phù hợp,0.5,
NB41,Làng chài Hoa Cương,2026-07-01,2026,3,oyster,2309195,425079,6.58258581161499,27.272613525390625,8.091727256774902,30.63178253173828,0.0436775162816047,,0.0335303805768489,31.07556915283203,87.43250274658203,3.5976290702819824,0.0,104.93063354492188,0.0,0.0013036195887252,0.0021897957194596,0.0001038050686474,0.0,0.0003294213674962,0.0001685166789684,0.0161998309195041,0.0002594339603092,0.8161135680107046,Phù hợp,1.6812142189501014,
NB41,Làng chài Hoa Cương,2026-10-01,2026,4,oyster,2309195,425079,6.293682098388672,24.72386741638184,8.12549877166748,30.1575927734375,0.0363954454660415,,0.0355809591710567,29.629638671875,104.29762268066406,1.6187132596969604,0.0,113.48985290527344,2.100385427474976,0.001308208447881,0.0016361642628908,0.0001038050686474,0.0002784554963,0.0009418237023055,0.0001685166789684,0.0275643710047006,0.0004107059212401,0.8188062167926725,Phù hợp,1.6812142189501014,
NB41,Làng chài Hoa Cương,2027-01-01,2027,1,oyster,2309195,425079,6.249916076660156,21.392492294311523,8.137558937072754,30.83505249023437,0.0365447402000427,,0.0452028699219226,36.52237319946289,117.06779479980467,0.9430237412452698,0.0,132.3095703125,4.506725788116455,0.0013638500822708,0.0015224083326756,0.0001037786278175,0.0,0.002668266184628,0.0001684697926975,0.0223174635320901,0.0006201824289746,0.8037971850708171,Phù hợp,1.6812142189501014,
NB41,Làng chài Hoa Cương,2027-04-01,2027,2,oyster,2309195,425079,6.370394706726074,25.55473899841309,8.131791114807129,29.875621795654297,0.0480481199920177,,0.038303654640913,36.94408798217773,100.243408203125,2.8861186504364014,0.0,125.63347625732422,0.0,0.0013030779082328,0.0014158617705106,0.0001037786278175,0.0021207795944064,0.00219880300574,0.0001684697926975,0.0153384730219841,0.0010397777659818,0.8014920254434348,Phù hợp,1.6812142189501014,
NB41,Làng chài Hoa Cương,2027-07-01,2027,3,oyster,2309195,425079,6.901432514190674,27.98861312866211,8.23269271850586,30.26510429382324,0.0350170247256755,,0.0415229946374893,36.80522537231445,102.55242156982422,3.058504819869995,0.0,133.7446746826172,0.5379869341850281,0.0013030779082328,0.0017079239478334,0.0001037786278175,0.0,0.0012371053453534,0.0001684697926975,0.0172475483268499,0.000158671522513,0.8014574014495637,Phù hợp,0.5,
NB42,Làng chài Cửa Vạn,2026-07-01,2026,3,oyster,2301526,434156,5.965064525604248,27.44955444335937,8.104985237121582,29.65835189819336,0.0286841392517089,,0.0380070358514785,30.544246673583984,83.44409942626953,6.643671989440918,0.0,113.23204803466795,4.855700492858887,0.0013036195887252,0.0026222476735711,0.0001038050686474,0.0027423102874308,0.0016471619019284,0.0001685166789684,0.0315964557230472,0.0016657978994771,0.8205580866070653,Phù hợp,0.5,
NB42,Làng chài Cửa Vạn,2026-10-01,2026,4,oyster,2301526,434156,6.006673812866211,24.276979446411133,8.08116340637207,30.42391014099121,0.0295530147850513,,0.0418877080082893,31.65440559387207,101.68209075927734,6.936505317687988,0.0,103.54652404785156,1.417103886604309,0.001308208447881,0.001936585525982,0.0001038050686474,0.0002783164964057,0.0008838235517032,0.0001685166789684,0.016366409137845,0.0003829626075457,0.8056026692319076,Phù hợp,1.887556091881775,
NB42,Làng chài Cửa Vạn,2027-01-01,2027,1,oyster,2301526,434156,6.000926017761231,19.674190521240234,8.086806297302246,31.31966781616211,0.0407733619213104,,0.0413267165422439,34.00132369995117,99.08135986328124,8.694785118103027,0.0,134.17422485351562,5.593974590301514,0.0013922789366915,0.0015056283446028,0.0001037786278175,0.0,0.0015994214918464,0.0001684697926975,0.0053621307015419,0.0006339966203086,0.8109684791572747,Phù hợp,0.5,
NB42,Làng chài Cửa Vạn,2027-04-01,2027,2,oyster,2301526,434156,5.866217136383057,25.064754486083984,8.030898094177246,30.998580932617188,0.042511336505413,,0.0375776477158069,30.9892578125,97.3125228881836,4.4969868659973145,0.0,108.61041259765624,0.716987133026123,0.0013030779082328,0.0015178319299593,0.0001037786278175,0.0,0.0011854149634018,0.0001684697926975,0.0241518374532461,0.00073836336378,0.8100274562439924,Phù hợp,0.5,
NB42,Làng chài Cửa Vạn,2027-07-01,2027,3,oyster,2301526,434156,5.995887279510498,27.212852478027344,8.126850128173828,31.035350799560547,0.0313196294009685,,0.0334386527538299,31.610496520996094,109.82501983642578,4.198239326477051,0.0,122.56641387939452,4.144115447998047,0.0013030779082328,0.0020097191445529,0.0001037786278175,0.0021180440671741,0.0034044801723212,0.0001684697926975,0.0139641724526882,0.000272001576377,0.8167824120672542,Phù hợp,0.5,
NB43,Làng chài Cống Tầu,2026-07-01,2026,3,oyster,2296143,437139,6.317916393280029,27.87129211425781,8.087488174438477,30.94220924377441,0.0260008182376623,,0.0352915562689304,31.48716163635254,90.10855865478516,2.3225209712982178,0.0,118.0974578857422,0.9048632383346558,0.001308208447881,0.0024257155600935,0.0001038050686474,0.0044778133742511,0.0006434195092879,0.0001685166789684,0.0309781115502119,0.0004333315591793,0.8122246207716752,Phù hợp,0.5,
NB43,Làng chài Cống Tầu,2026-10-01,2026,4,oyster,2296143,437139,6.859055519104004,24.310760498046875,8.079195976257324,30.488853454589844,0.0301709584891796,,0.0403916910290718,32.09737014770508,103.07593536376952,1.045663595199585,0.0,120.886962890625,2.513148784637451,0.001308208447881,0.0020282117184251,0.0001038050686474,0.0,0.0010058711050078,0.0001685166789684,0.0159765910357236,0.0003594944428186,0.8146709349699119,Phù hợp,0.5,
NB43,Làng chài Cống Tầu,2027-01-01,2027,1,oyster,2296143,437139,6.639379024505615,20.177791595458984,8.12791919708252,31.430788040161133,0.0391244366765022,,0.0387575328350067,36.67422866821289,113.6635971069336,2.332496166229248,0.0,136.28927612304688,2.0681209564208984,0.0013638500822708,0.001524731866084,0.0001037786278175,0.0,0.0014192786766216,0.0001684697926975,0.0085922526195645,0.0005857862415723,0.8038743998398271,Phù hợp,1.7137416666464056,
NB43,Làng chài Cống Tầu,2027-04-01,2027,2,oyster,2296143,437139,6.461278438568115,25.66047477722168,8.062312126159668,30.51276206970215,0.0396834425628185,,0.0397252328693866,31.727277755737305,77.3104019165039,3.4011001586914062,0.0,115.97563934326172,0.0,0.0013030779082328,0.0015573626151308,0.0001037786278175,0.0,0.0012983463238924,0.0001684697926975,0.0052851755172014,0.00070228864206,0.8161369033635948,Phù hợp,0.5,
NB43,Làng chài Cống Tầu,2027-07-01,2027,3,oyster,2296143,437139,6.546704292297363,27.82676124572754,8.061727523803711,31.27973747253418,0.0240401476621627,,0.0419217497110366,34.77404022216797,105.49436950683594,1.90178644657135,0.0,126.21551513671876,0.1470178663730621,0.0013030779082328,0.0021867465693503,0.0001037786278175,4.762403841596097e-05,0.0008286412339657,0.0001684697926975,0.0311555005609989,0.000296569080092,0.8005549149710806,Phù hợp,1.7137416666464056,
NB44,Làng chài Vông Viêng,2026-07-01,2026,3,oyster,2305622,438613,6.0750250816345215,28.519386291503903,8.133508682250977,31.80355834960937,0.0370647646486759,,0.0373340137302875,29.537485122680664,111.40484619140624,2.726276159286499,0.0,90.49055480957033,4.658385753631592,0.0013036195887252,0.0023087498266249,0.0001038050686474,0.000516970816534,0.0009527148795314,0.0001685166789684,0.0224927011877298,0.0001637270470382,0.8143929062082185,Phù hợp,2.988532248445715,
NB44,Làng chài Vông Viêng,2026-10-01,2026,4,oyster,2305622,438613,7.134677410125732,24.993837356567383,8.121098518371582,31.604217529296875,0.0410605110228061,,0.0453329496085643,34.83205795288086,88.44197082519531,1.833638429641724,0.0,114.6709213256836,0.0,0.001308208447881,0.0020645437762141,0.0001038050686474,0.0016562286764383,0.0023447722196578,0.0001685166789684,0.0196930840611457,0.0020174742676317,0.7972121621943112,Phù hợp,2.988532248445715,
NB44,Làng chài Vông Viêng,2027-01-01,2027,1,oyster,2305622,438613,6.814642429351807,21.90617179870605,8.096468925476074,31.41538619995117,0.0422107204794883,,0.0383283533155918,33.23354721069336,96.44184112548828,1.468130588531494,0.0,126.09815979003906,0.0,0.0013638500822708,0.0014457834186032,0.0001037786278175,0.0006762476405128,0.0019446890801191,0.0001684697926975,0.0104769766330719,0.0007994216284714,0.8079863773571991,Phù hợp,2.988532248445715,
NB44,Làng chài Vông Viêng,2027-04-01,2027,2,oyster,2305622,438613,7.071304798126221,25.23603630065918,8.06462287902832,31.6366024017334,0.0552363879978656,,0.0365367978811264,35.262489318847656,88.60243225097656,2.551520586013794,0.0,132.68527221679688,0.0,0.0013030779082328,0.0016801144229248,0.0001037786278175,0.0006960094324313,0.0016047043027356,0.0001684697926975,0.0084316274151206,0.0005351307336241,0.8067108711257308,Phù hợp,2.988532248445715,
NB44,Làng chài Vông Viêng,2027-07-01,2027,3,oyster,2305622,438613,6.411637306213379,28.02946853637696,8.081818580627441,32.009212493896484,0.0332366377115249,,0.0343598462641239,32.84555435180664,104.2466278076172,2.1763112545013428,0.0,128.57485961914062,1.7185977697372437,0.0013075555907562,0.0020869537256658,0.0001037786278175,0.0005108269979245,0.0008785444078966,0.0001684697926975,0.007267118897289,0.0002778083726298,0.8131155362978143,Phù hợp,2.988532248445715,
NB45,Làng chài Cống Đầm,2026-07-01,2026,3,oyster,2306077,451136,4.870333671569824,27.0482234954834,8.191261291503906,30.383533477783203,0.0474879406392574,,0.0391973555088043,27.02999687194824,71.49037170410156,6.71358585357666,3492.378662109375,98.95532989501952,1.4178589582443235,0.0013036195887252,0.0024858890101313,0.0001038050686474,0.0055203177034854,0.0010476710740476,0.0001685166789684,0.0346734821796417,0.0004188707389403,0.7748865925398271,Phù hợp,0.5,
NB45,Làng chài Cống Đầm,2026-10-01,2026,4,oyster,2306077,451136,5.236274242401123,24.39989471435547,8.189885139465332,30.45953750610352,0.0532963797450065,,0.0432283766567707,30.923748016357425,85.71868896484375,7.263058662414551,0.0,122.60356903076172,0.0,0.001308208447881,0.0020629768259823,0.0001038050686474,0.0002011577307712,0.0010763364844024,0.0001685166789684,0.0154178412631154,0.0002849125885404,0.8015934200552325,Phù hợp,0.9045136814885666,
NB45,Làng chài Cống Đầm,2027-01-01,2027,1,oyster,2306077,451136,6.885973930358887,20.46403312683105,8.238931655883789,30.67184066772461,0.0720368772745132,,0.0342774726450443,30.106931686401367,97.56243896484376,9.012460708618164,0.0,111.67955780029295,0.0,0.0013638500822708,0.0014660690212622,0.0001037786278175,0.0,0.0015129826497286,0.0001684697926975,0.0095643764361739,0.0005857862415723,0.8038032216403366,Phù hợp,0.9045136814885666,
NB45,Làng chài Cống Đầm,2027-04-01,2027,2,oyster,2306077,451136,5.340851783752441,25.02532196044922,8.167511940002441,29.80583953857422,0.0747346878051757,,0.0414885953068733,36.20745468139648,117.5990982055664,5.673013210296631,0.0,123.48129272460938,0.0,0.0013030779082328,0.0015775107312947,0.0001037786278175,0.0003557404852472,0.0016476471209898,0.0001684697926975,0.0109142530709505,0.000374712224584,0.7882138020162669,Phù hợp,0.5,
NB45,Làng chài Cống Đầm,2027-07-01,2027,3,oyster,2306077,451136,5.450088024139404,27.34674072265625,8.265874862670898,30.47428131103516,0.0659195929765701,,0.0358981639146804,31.16853141784668,97.32589721679688,3.5203561782836914,0.0,112.15274810791016,0.0,0.0013030779082328,0.0024067838676273,0.0001037786278175,0.0,0.0005264586652629,0.0001684697926975,0.0012605759548023,0.0,0.8069866566090346,Phù hợp,0.9045136814885666,
NB46,Bãi Dài - Vân Đồn,2026-07-01,2026,3,oyster,2334825,472577,7.005599021911621,27.745079040527344,8.113096237182617,28.48073005676269,0.0318003743886947,,0.0432784296572208,35.34230422973633,113.21361541748048,1.746174931526184,277.4050598144531,127.10206604003906,0.0,0.0013036195887252,0.0021657512988895,0.0001038050686474,0.0007318909629248,0.00067011162173,0.0001685166789684,0.0171782616525888,0.0002582735323812,0.7978763403072257,Phù hợp,2.100109818557116,
NB46,Bãi Dài - Vân Đồn,2026-10-01,2026,4,oyster,2334825,472577,9.048752784729004,25.083829879760746,8.08814525604248,29.464862823486328,0.0359132438898086,,0.0477982275187969,35.68582534790039,100.38219451904295,3.7124199867248535,0.0,115.87969207763672,1.0287655591964722,0.001308208447881,0.0020478419028222,0.0001038050686474,0.0,0.0011844836408272,0.0001685166789684,0.0150740602985024,0.0,0.7994074148367347,Phù hợp,2.100109818557116,
NB46,Bãi Dài - Vân Đồn,2027-01-01,2027,1,oyster,2334825,472577,7.327601432800293,21.0261344909668,8.076640129089355,30.216541290283203,0.0437847897410392,,0.0345146730542182,32.94044494628906,102.87786865234376,2.054105758666992,0.0,115.59738159179688,3.727954864501953,0.0013638500822708,0.0014752863207831,0.0001037786278175,0.0004851154226344,0.0014221396995708,0.0001684697926975,0.008566552773118,0.0007010790286585,0.8214292302784398,Phù hợp,0.5,
NB46,Bãi Dài - Vân Đồn,2027-04-01,2027,2,oyster,2334825,472577,6.380304336547852,25.7988395690918,8.042571067810059,27.09052085876465,0.0545422323048114,,0.0421385504305362,34.98171615600586,102.1860122680664,1.082878828048706,392.20654296875,121.7577133178711,3.56394910812378,0.0013030779082328,0.0016554603353142,0.0001037786278175,0.0,0.0013603778788819,0.0001684697926975,0.0011298399185761,0.0001993678160943,0.8143809468194545,Phù hợp,2.100109818557116,
NB46,Bãi Dài - Vân Đồn,2027-07-01,2027,3,oyster,2334825,472577,7.115513801574707,29.17515754699707,8.13882827758789,29.43618965148925,0.0454985350370407,,0.0450409241020679,38.80995178222656,106.593505859375,0.0,3193.79150390625,129.89735412597656,0.5457130670547485,0.0013075555907562,0.0020069447346031,0.0001037786278175,0.0,0.0004815856227651,0.0001684697926975,0.029835432767868,0.0003260530356783,0.7622233005488546,Phù hợp,0.5,
NB47,"Bãi tắm Minh Châu- xã Minh Châu, Vân Đồn",2026-07-01,2026,3,oyster,2316823,479287,6.280819892883301,27.398422241210938,8.047430992126465,30.03120994567871,0.0514332205057144,,0.0387351065874099,31.69790267944336,92.58949279785156,5.285861492156982,0.0,129.6885986328125,3.4262077808380127,0.001308208447881,0.0018988280789926,0.0001038050686474,0.0002717029710765,0.0006077263969928,0.0001685166789684,0.0129075245931744,0.0003215196193195,0.8163122115217496,Phù hợp,1.4323129895382505,
NB47,"Bãi tắm Minh Châu- xã Minh Châu, Vân Đồn",2026-10-01,2026,4,oyster,2316823,479287,6.45220947265625,25.32659339904785,8.03530216217041,30.796754837036133,0.0400438383221626,,0.0379975624382495,32.343257904052734,102.88741302490234,4.250783920288086,0.0,123.26889038085938,5.015993118286133,0.001308208447881,0.0018445048481225,0.0001038050686474,0.0,0.0007502433145418,0.0001685166789684,0.0091298287734389,0.0003834828967228,0.8191429168166783,Phù hợp,0.5,
NB47,"Bãi tắm Minh Châu- xã Minh Châu, Vân Đồn",2027-01-01,2027,1,oyster,2316823,479287,6.162074089050293,21.08477210998535,8.039083480834961,30.52914810180664,0.0507258772850036,,0.0369527898728847,32.918853759765625,78.12298583984375,3.625193119049072,0.0,124.73406982421876,1.0471357107162476,0.0013638500822708,0.0015902639133855,0.0001037786278175,0.0,0.0010409189853817,0.0001684697926975,0.0070553347468376,0.0007635740330442,0.817856715430277,Phù hợp,0.5,
NB47,"Bãi tắm Minh Châu- xã Minh Châu, Vân Đồn",2027-04-01,2027,2,oyster,2316823,479287,6.302432060241699,25.812240600585938,8.012840270996094,29.71859169006348,0.0616141408681869,,0.0363740064203739,31.91177558898925,80.72138214111328,3.8490068912506095,0.0,124.08877563476562,0.9739803075790404,0.0013030779082328,0.0016571055166423,0.0001037786278175,0.0,0.0009494624682702,0.0001684697926975,0.0034702012781053,0.0005621775053441,0.8184855227797566,Phù hợp,0.5,
NB47,"Bãi tắm Minh Châu- xã Minh Châu, Vân Đồn",2027-07-01,2027,3,oyster,2316823,479287,6.301666259765625,27.59792900085449,8.061922073364258,30.608009338378903,0.0298097860068082,,0.0356675237417221,31.440868377685547,94.05108642578124,3.0637402534484863,0.0,114.8086166381836,3.30989408493042,0.0013075555907562,0.0026601958088576,0.0001037786278175,0.0035636438988149,0.001226526685059,0.0001684697926975,0.0351873449981212,0.0002316206810064,0.8159105477534899,Phù hợp,0.5,
NB48,"Bãi tắm Sơn Hào- xã Quan Lạn, Vân Đồn",2026-07-01,2026,3,oyster,2311631,475997,6.032027244567871,27.788143157958984,8.1079740524292,30.66953468322754,0.0567191317677497,,0.0391114354133605,35.75434112548828,115.4772491455078,1.901636242866516,0.0,119.41397857666016,3.156367778778076,0.001308208447881,0.0021205865778028,0.0001038050686474,0.0001167444279417,0.0004766751371789,0.0001685166789684,0.0341336280107498,0.0001884890807559,0.8020010186042672,Phù hợp,1.3560436018063726,
NB48,"Bãi tắm Sơn Hào- xã Quan Lạn, Vân Đồn",2026-10-01,2026,4,oyster,2311631,475997,6.446793556213379,24.97230529785156,8.062093734741211,30.00595474243164,0.0495953112840652,,0.0367004051804542,35.58430480957031,104.1172332763672,1.079053521156311,0.0,123.91019439697266,0.5394963622093201,0.001308208447881,0.0018703689565882,0.0001038050686474,0.0002985558239743,0.0011984241427853,0.0001685166789684,0.0130865015089511,0.0002806330739986,0.80777231263001,Phù hợp,1.3560436018063726,
NB48,"Bãi tắm Sơn Hào- xã Quan Lạn, Vân Đồn",2027-01-01,2027,1,oyster,2311631,475997,6.704553127288818,21.67444229125977,8.12862491607666,30.763153076171875,0.0541140660643577,,0.0398260690271854,38.40253829956055,114.34051513671876,1.1211256980895996,0.0,137.3107452392578,0.6586580276489258,0.0013638500822708,0.0014701997861266,0.0001037786278175,0.0009052859386429,0.0013510606950148,0.0001684697926975,0.0153533462435007,0.0006286305724643,0.7959227826676839,Phù hợp,1.3560436018063726,
NB48,"Bãi tắm Sơn Hào- xã Quan Lạn, Vân Đồn",2027-04-01,2027,2,oyster,2311631,475997,6.606051445007324,25.96657371520996,8.126216888427734,30.162303924560547,0.055712804198265,,0.0362366773188114,31.03258514404297,89.33674621582031,1.887154459953308,0.0,123.43162536621094,0.0,0.0013030779082328,0.0015576815931126,0.0001037786278175,0.0,0.0019938864279538,0.0001684697926975,0.0094326101243495,0.0002211689861724,0.8151064009412894,Phù hợp,0.5,
NB48,"Bãi tắm Sơn Hào- xã Quan Lạn, Vân Đồn",2027-07-01,2027,3,oyster,2311631,475997,6.969659328460693,28.002519607543945,8.1735258102417,30.786540985107425,0.0403690487146377,,0.0426592677831649,34.95148468017578,113.9456558227539,1.1249735355377195,0.0,126.14478302001952,1.532820463180542,0.0013030779082328,0.0023699190933257,0.0001037786278175,0.0,0.000440585281467,0.0001684697926975,0.0075151827186346,0.0002276468876516,0.8007110468791009,Phù hợp,1.3560436018063726,
NB49,"Bãi tắm Quan Lạn- xã Quan Lạn, Vân Đồn",2026-07-01,2026,3,oyster,2308150,473396,6.037459373474121,28.035619735717773,8.104256629943848,29.249616622924805,0.0294013880193233,,0.0376504808664321,33.93242263793945,93.1947250366211,6.460212707519531,0.0,118.36408233642578,6.661057949066162,0.0013036195887252,0.0021180987823754,0.0001038050686474,0.0128242066130042,0.0028712470084428,0.0001685166789684,0.0182984471321105,0.0016090233111754,0.8118426290056482,Phù hợp,2.172703500250322,
NB49,"Bãi tắm Quan Lạn- xã Quan Lạn, Vân Đồn",2026-10-01,2026,4,oyster,2308150,473396,5.924675941467285,24.490596771240234,8.094290733337402,29.64255142211914,0.0303504634648561,,0.0377254597842693,30.45591354370117,94.44103240966795,7.8989763259887695,0.0,120.10405731201172,0.0,0.001308208447881,0.0014860582305118,0.0001038050686474,0.0006011961959302,0.0008644599001854,0.0001685166789684,0.0130186416208744,0.0005360300419852,0.8112861509152411,Phù hợp,2.172703500250322,
NB49,"Bãi tắm Quan Lạn- xã Quan Lạn, Vân Đồn",2027-01-01,2027,1,oyster,2308150,473396,5.864464282989502,20.364892959594727,8.105361938476562,30.214618682861328,0.038074929267168,,0.0368713848292827,30.96796226501465,100.4068832397461,8.668042182922363,0.0,112.77603149414062,3.2522010803222656,0.0013593723997473,0.0013339220313355,0.0001037786278175,0.0028469013050198,0.0016777171986177,0.0001684697926975,0.0142768006771802,0.0011101212585344,0.8119957428250195,Phù hợp,0.5,
NB49,"Bãi tắm Quan Lạn- xã Quan Lạn, Vân Đồn",2027-04-01,2027,2,oyster,2308150,473396,5.696733951568604,25.45595932006836,7.986891269683838,29.511354446411133,0.0448974557220935,,0.0360481701791286,26.12428092956543,86.00222778320312,7.583501815795898,0.0,104.23953247070312,3.727717876434326,0.0013030779082328,0.0016205381834879,0.0001037786278175,0.0,0.0015696982154622,0.0001684697926975,0.003275301773101,0.0003074509731959,0.8293524737820306,Phù hợp,0.5,
NB49,"Bãi tắm Quan Lạn- xã Quan Lạn, Vân Đồn",2027-07-01,2027,3,oyster,2308150,473396,6.115646839141846,27.70749855041504,8.08199691772461,29.70551109313965,0.0307885073125362,,0.0351424217224121,35.19734573364258,94.87083435058594,5.88126802444458,0.0,122.35265350341795,4.81129789352417,0.0013075555907562,0.0021940846927464,0.0001037786278175,5.882844561710954e-05,0.0005656516295857,0.0001684697926975,0.0251741558313369,0.0003435866674408,0.8206389612854734,Phù hợp,0.5,
NB50,"Bãi tắm Ngọc Vừng- xã Ngọc Vừng, Vân Đồn",2026-07-01,2026,3,oyster,2301554,459059,5.789716720581055,28.215919494628903,8.154918670654297,31.14023971557617,0.0428558401763439,,0.0404442846775054,30.200244903564453,76.16837310791016,5.301785469055176,0.0,100.34822082519533,0.0,0.0013036195887252,0.0020150851923972,0.0001038050686474,0.0008643339970149,0.0016661947593092,0.0001685166789684,0.0197226237505674,0.0001290793734369,0.8094162034101158,Phù hợp,0.5,
NB50,"Bãi tắm Ngọc Vừng- xã Ngọc Vừng, Vân Đồn",2026-10-01,2026,4,oyster,2301554,459059,10.314324378967283,25.164527893066406,8.215269088745117,31.38999557495117,0.0456729121506214,,0.0409385189414024,33.131797790527344,83.67535400390625,5.718662261962891,0.0,116.1213836669922,2.138153553009033,0.001308208447881,0.0016208493616431,0.0001038050686474,2.62227185885422e-05,0.0004261651192791,0.0001685166789684,0.0038007032126188,0.0004656577657442,0.8110112697755139,Phù hợp,0.5,
NB50,"Bãi tắm Ngọc Vừng- xã Ngọc Vừng, Vân Đồn",2027-01-01,2027,1,oyster,2301554,459059,6.963640213012695,21.47625732421875,8.221830368041992,31.920886993408203,0.0509529672563076,,0.0414676517248153,35.75239181518555,131.20083618164062,4.766696453094482,0.0,105.55512237548828,1.3753896951675415,0.0013376420829445,0.0015065083280205,0.0001037786278175,0.0022584730759263,0.0008887395379133,0.0001684697926975,0.0162587538361549,0.0007834960124455,0.7856030980629967,Phù hợp,0.5,
NB50,"Bãi tắm Ngọc Vừng- xã Ngọc Vừng, Vân Đồn",2027-04-01,2027,2,oyster,2301554,459059,6.513768672943115,25.7890567779541,8.256213188171387,31.64964866638184,0.0679388493299484,,0.0407657325267791,36.22403717041016,122.65685272216795,5.504636764526367,0.0,123.12542724609376,0.0,0.0013030779082328,0.0016759220743551,0.0001037786278175,0.0003593573346734,0.001298704650253,0.0001684697926975,0.0141181480139493,0.0007162684923969,0.7836396020525179,Phù hợp,0.5,
NB50,"Bãi tắm Ngọc Vừng- xã Ngọc Vừng, Vân Đồn",2027-07-01,2027,3,oyster,2301554,459059,6.675325870513916,28.121814727783203,8.16004467010498,30.80850982666016,0.04258469119668,,0.0392215624451637,34.621971130371094,104.54844665527344,3.840468883514404,0.0,137.39199829101562,0.0,0.0013075555907562,0.0018915281398221,0.0001037786278175,0.0003864082100335,0.001804374041967,0.0001684697926975,0.0109936203807592,0.0004802284238394,0.8005133896201528,Phù hợp,0.5,
NB51,Luồng giữa Cửa Lục,2026-07-01,2026,3,oyster,2306441,428888,5.89481782913208,27.379648208618164,8.227320671081543,30.744213104248047,0.0456598326563835,,0.0360793732106685,32.63568115234375,116.86466979980467,2.595066547393799,0.0,105.50245666503906,0.0,0.0013036195887252,0.0021116912830621,0.0001038050686474,0.0007945457473397,0.0007440848276019,0.0001685166789684,0.0196034554392099,0.0002024949644692,0.8007787540268652,Phù hợp,0.5,
NB51,Luồng giữa Cửa Lục,2026-10-01,2026,4,oyster,2306441,428888,5.805542469024658,24.45134925842285,8.208972930908203,30.49772834777832,0.0435137152671813,,0.0415904037654399,35.318267822265625,100.7413330078125,2.162726402282715,0.0,119.90480041503906,0.2552104890346527,0.001308208447881,0.0017904875567182,0.0001038050686474,0.0025655787903815,0.0013868316309526,0.0001685166789684,0.0170490853488445,0.0002930973714683,0.7990744088356961,Phù hợp,0.8444199192345003,
NB51,Luồng giữa Cửa Lục,2027-01-01,2027,1,oyster,2306441,428888,6.156599998474121,21.282114028930664,8.162199020385742,30.975017547607425,0.0569029375910759,,0.0412337146699428,35.1793212890625,112.61946105957033,2.4725537300109863,0.0,122.41938018798828,0.0,0.0013638500822708,0.0014115626690909,0.0001037786278175,0.0,0.0012262529926374,0.0001684697926975,0.0042513920925557,0.0005994180683046,0.796423468934842,Phù hợp,0.8444199192345003,
NB51,Luồng giữa Cửa Lục,2027-04-01,2027,2,oyster,2306441,428888,6.818817615509033,25.77782821655273,8.101840019226074,30.28125762939453,0.071867249906063,,0.037177849560976,34.016239166259766,87.32520294189453,4.21282958984375,0.0,126.73919677734376,0.0,0.0013030779082328,0.0015882264124229,0.0001037786278175,0.0004764422192238,0.0011619728757068,0.0001684697926975,0.0203044805675745,0.0007894603186286,0.8050322957865472,Phù hợp,0.8444199192345003,
NB51,Luồng giữa Cửa Lục,2027-07-01,2027,3,oyster,2306441,428888,6.861021995544434,27.309005737304688,8.19538688659668,31.2158317565918,0.0561148077249527,,0.0391508713364601,33.822689056396484,98.19474029541016,2.615997552871704,0.0,126.05072784423828,1.725597262382507,0.0013030779082328,0.0018745554843917,0.0001037786278175,0.0017372963484376,0.001744459499605,0.0001684697926975,0.0127570750191807,0.0004007575626019,0.8045388545184828,Phù hợp,0.8444199192345003,
NB52,Luồng khu Hòn Một,2026-07-01,2026,3,oyster,2308114,431758,5.164998531341553,27.010141372680664,8.131484031677246,31.51529884338379,0.0422789268195629,,0.0347696915268898,26.862932205200195,65.22245788574219,4.908654689788818,1666.598876953125,101.45349884033205,0.0,0.001308208447881,0.0022213452029973,0.0001038050686474,0.0004348148941062,0.0006911042728461,0.0001685166789684,0.0182907190173864,0.0001890142448246,0.8059505309725352,Phù hợp,0.5,
NB52,Luồng khu Hòn Một,2026-10-01,2026,4,oyster,2308114,431758,5.4436750411987305,25.427385330200195,8.200641632080078,30.29184913635254,0.0481784641742706,,0.0426951646804809,30.62876892089844,59.42637252807617,5.996814250946045,0.0,104.62564086914062,0.0,0.001308208447881,0.0017479138914495,0.0001038050686474,0.0,0.0016723888693377,0.0001685166789684,0.0137819945812225,0.0003834828967228,0.8145271970914555,Phù hợp,0.5738941540040289,
NB52,Luồng khu Hòn Một,2027-01-01,2027,1,oyster,2308114,431758,7.240456104278564,21.24570846557617,8.192397117614746,31.402801513671875,0.0545760579407215,,0.0436002574861049,34.66712951660156,100.71681213378906,6.005982398986816,0.0,115.55086517333984,0.0,0.0013638500822708,0.0014237865107133,0.0001037786278175,0.0003161413478665,0.0015727059217169,0.0001684697926975,0.0150299118831753,0.0006572481943294,0.7928066648730743,Phù hợp,0.5,
NB52,Luồng khu Hòn Một,2027-04-01,2027,2,oyster,2308114,431758,6.064752101898193,26.050033569335938,8.17476749420166,30.580291748046875,0.0722774267196655,,0.0401277840137481,38.0549430847168,135.9971160888672,5.870540142059326,0.0,121.08663940429688,0.0933794826269149,0.0013030779082328,0.0016026875237002,0.0001037786278175,0.0023139314725995,0.002354342257604,0.0001684697926975,0.0114327492192387,0.0002530748315621,0.7782568282638332,Phù hợp,0.5,
NB52,Luồng khu Hòn Một,2027-07-01,2027,3,oyster,2308114,431758,5.998781204223633,27.389795303344727,8.13504695892334,32.00404739379883,0.0564786233007907,,0.0368329063057899,32.15243148803711,105.91212463378906,4.858314514160156,0.0,112.45446014404295,0.0,0.0013075555907562,0.0019242877606302,0.0001037786278175,0.0,0.0006688591092824,0.0001684697926975,0.0075344438664615,0.0004339750448707,0.8005236441866771,Phù hợp,0.5738941540040289,
NB53,Luồng khu Áng Dù,2026-07-01,2026,3,oyster,2299562,437380,5.585786819458008,28.41278076171875,8.144949913024902,31.35565948486328,0.0319686233997345,,0.0386282466351985,31.69353103637696,79.76778411865234,5.969614505767822,1053.917724609375,109.00614166259766,0.0,0.001308208447881,0.0022538851480931,0.0001038050686474,0.0016396336723119,0.0016483848448842,0.0001685166789684,0.0137198418378829,0.0002181933959946,0.7976121883801359,Phù hợp,0.5,
NB53,Luồng khu Áng Dù,2026-10-01,2026,4,oyster,2299562,437380,6.956920623779297,24.707189559936523,8.132983207702637,30.983179092407227,0.0392595417797565,,0.0426619239151477,31.69326972961425,82.99159240722656,8.37204360961914,0.0,113.8987808227539,0.0,0.001308208447881,0.0019000272732228,0.0001038050686474,5.4909989557927474e-05,0.0009035686380229,0.0001685166789684,0.0061155031435191,0.0004096619668416,0.8043028979249002,Phù hợp,1.7137416666464056,
NB53,Luồng khu Áng Dù,2027-01-01,2027,1,oyster,2299562,437380,7.044589996337891,20.924747467041016,8.122804641723633,32.1368522644043,0.0460434146225452,,0.0405614599585533,36.00054168701172,94.26512145996094,5.031295299530029,0.0,111.73060607910156,0.0,0.0013814835110679,0.0018878389382734,0.0001037786278175,0.0,0.001316254842095,0.0001684697926975,0.0108331805095076,0.0003500767343211,0.7978108247820099,Phù hợp,0.5,
NB53,Luồng khu Áng Dù,2027-04-01,2027,2,oyster,2299562,437380,6.525118350982666,26.01483154296875,8.203924179077148,31.29997444152832,0.061786726117134,,0.0403597503900527,34.786563873291016,102.7234878540039,5.3265485763549805,0.0,119.55198669433594,0.0,0.0013075555907562,0.0018197072204202,0.0001037786278175,5.240948667051271e-05,0.00074647431029,0.0001684697926975,0.0031848812941461,0.0004500681534409,0.7956668398239655,Phù hợp,0.5,
NB53,Luồng khu Áng Dù,2027-07-01,2027,3,oyster,2299562,437380,6.451022624969482,28.378910064697266,8.178980827331543,31.303316116333008,0.0391955152153968,,0.0390769131481647,34.80134963989258,126.40663146972656,3.4569225311279297,0.0,116.78694152832033,0.4293199181556701,0.0013075555907562,0.0023192623630166,0.0001037786278175,0.0016123302048072,0.0011527853785082,0.0001684697926975,0.0316089056432247,0.0007128839497454,0.789337028560111,Phù hợp,0.5,
NB54,Luồng Hang Trống,2026-07-01,2026,3,oyster,2299151,443343,5.693914413452148,27.8199520111084,8.126913070678711,31.64415168762207,0.0387399420142173,,0.0408843718469142,30.864580154418945,86.73116302490234,5.477167129516602,5343.35546875,112.98835754394533,2.572726249694824,0.001308208447881,0.0018289593281224,0.0001038050686474,0.0002365474647376,0.0007377490983344,0.0001685166789684,0.0120824361220002,0.0003486490750219,0.7632632016808916,Phù hợp,0.5,
NB54,Luồng Hang Trống,2026-10-01,2026,4,oyster,2299151,443343,5.535575866699219,25.768648147583008,8.132283210754395,31.16996955871582,0.0413748919963836,,0.0417443662881851,30.914278030395508,68.72486877441406,4.061203002929688,4292.29150390625,115.40464782714844,0.0,0.001308208447881,0.0021138431038707,0.0001038050686474,0.0,0.0011120608542114,0.0001685166789684,0.0211625397205352,0.0005482080159708,0.7693154537184757,Phù hợp,0.5,
NB54,Luồng Hang Trống,2027-01-01,2027,1,oyster,2299151,443343,5.788197040557861,22.121803283691406,8.036190032958984,31.74332618713379,0.0528973340988159,,0.0464599765837192,29.64608192443848,76.18185424804688,2.185328960418701,312.9076843261719,107.55500793457033,0.760865330696106,0.0013922789366915,0.0015059835277497,0.0001037786278175,0.0,0.002347815549001,0.0001684697926975,0.0167178846895694,0.000658813281916,0.8060481619708874,Phù hợp,0.5,
NB54,Luồng Hang Trống,2027-04-01,2027,2,oyster,2299151,443343,6.868649959564209,25.84730529785156,8.092756271362305,31.260347366333008,0.0634569376707077,,0.040117010474205,27.90203094482422,66.78412628173828,3.1224730014801025,0.0,102.56084442138672,0.0,0.0013030779082328,0.0015511680394411,0.0001037786278175,2.204572956543416e-05,0.0016069379635155,0.0001684697926975,0.0110994596034288,0.000552276498638,0.8171199330492375,Phù hợp,0.5,
NB54,Luồng Hang Trống,2027-07-01,2027,3,oyster,2299151,443343,6.339558124542236,27.93055534362793,8.092157363891602,32.205596923828125,0.0345370098948478,,0.0380857586860656,34.425819396972656,105.37905883789062,1.8467111587524407,0.0,111.47550964355467,2.500467538833618,0.0013030779082328,0.0023621609434485,0.0001037786278175,0.0005444872076623,0.0010428034001961,0.0001684697926975,0.0150880515575408,0.0003358924586791,0.8075230243029503,Phù hợp,0.5,
NB55,Luồng khu Trà Giới,2026-07-01,2026,3,oyster,2306115,446899,6.001758098602295,27.40739631652832,8.075789451599121,31.03988647460937,0.0327104739844799,,0.0382782630622386,28.45811653137207,107.30245208740234,6.615847110748291,5470.8125,118.18665313720705,1.3480103015899658,0.0013036195887252,0.0017817292828112,0.0001038050686474,0.0005790902068838,0.0012020613066852,0.0001685166789684,0.0176541712135076,0.0003247089625801,0.758867717562208,Phù hợp,0.5,
NB55,Luồng khu Trà Giới,2026-10-01,2026,4,oyster,2306115,446899,6.180575370788574,24.97332572937012,7.999164581298828,30.56089401245117,0.0342718251049518,,0.0449476465582847,28.38706588745117,101.55807495117188,6.996920108795166,212.5530242919922,109.59188842773438,0.0,0.001308208447881,0.0020397421903908,0.0001038050686474,0.0002434045600239,0.0009553435957059,0.0001685166789684,0.0107236774638295,0.0,0.800084434136286,Phù hợp,2.118585200080469,
NB55,Luồng khu Trà Giới,2027-01-01,2027,1,oyster,2306115,446899,5.886271953582764,20.82814216613769,8.091428756713867,31.88772201538086,0.0328088998794555,,0.0389269143342971,25.864835739135746,86.45547485351562,3.166290521621704,1089.07861328125,100.4867935180664,0.0,0.0013922789366915,0.0016068989643827,0.0001037786278175,0.0,0.0015585599467158,0.0001684697926975,0.0089823668822646,0.0002578551939222,0.8069261908499428,Phù hợp,2.118585200080469,
NB55,Luồng khu Trà Giới,2027-04-01,2027,2,oyster,2306115,446899,5.817358016967773,24.849098205566406,8.115620613098145,32.264984130859375,0.0417371429502964,,0.0368514545261859,24.821407318115234,84.11639404296875,5.186805725097656,0.0,91.3599853515625,0.0,0.0013075555907562,0.0015044345054775,0.0001037786278175,0.0001432597782695,0.0009294174378737,0.0001684697926975,0.0038448483683168,0.0004927904810756,0.8180101126437508,Phù hợp,0.5,
NB55,Luồng khu Trà Giới,2027-07-01,2027,3,oyster,2306115,446899,6.118303298950195,27.8261775970459,8.192268371582031,31.877626419067383,0.0314421951770782,,0.0401468425989151,32.001609802246094,82.67242431640625,4.12819242477417,0.0,100.69062042236328,0.0,0.0013030779082328,0.0025963832158595,0.0001037786278175,0.0008333621080964,0.0009308012085966,0.0001684697926975,0.0314671993255615,0.0003680635709315,0.8049679973434778,Phù hợp,2.118585200080469,
NB56,Luồng khu Đông Tráng,2026-07-01,2026,3,oyster,2305453,452834,6.439558029174805,27.488014221191406,8.156574249267578,30.703332901000977,0.0277885273098945,,0.0343979187309742,35.3326530456543,84.50275421142578,2.674511671066284,0.0,122.61415100097656,0.0,0.001308208447881,0.0022797463461756,0.0001038050686474,0.0,0.0006498664151877,0.0001685166789684,0.0092234285548329,0.0004035056626889,0.8153067387220251,Phù hợp,0.5,
NB56,Luồng khu Đông Tráng,2026-10-01,2026,4,oyster,2305453,452834,6.409347057342529,24.51723861694336,8.067081451416016,30.203857421875,0.0189160425215959,,0.0382251106202602,33.089683532714844,103.3612060546875,3.215416431427002,0.0,118.52328491210938,0.0,0.001308208447881,0.0022511330898851,0.0001038050686474,0.0,0.0016224232967942,0.0001685166789684,0.0104528190568089,0.0004365183995105,0.8096214378821541,Phù hợp,0.9045136814885666,
NB56,Luồng khu Đông Tráng,2027-01-01,2027,1,oyster,2305453,452834,7.142697334289551,20.42440414428711,8.138511657714844,31.95432472229004,0.0396150313317775,,0.0460101999342441,38.30069732666016,98.3263931274414,2.5193467140197754,0.0,132.22488403320312,1.930783033370972,0.0013638500822708,0.0016474038129672,0.0001037786278175,0.0,0.0014299463946372,0.0001684697926975,0.0053172190673649,0.0005525958258658,0.7984171798004966,Phù hợp,0.9045136814885666,
NB56,Luồng khu Đông Tráng,2027-04-01,2027,2,oyster,2305453,452834,6.839382648468018,25.68980598449707,8.103367805480957,30.98898124694824,0.0457245744764804,,0.0397022180259227,33.221778869628906,84.80671691894531,3.0597097873687744,386.2439270019531,128.34591674804688,1.0704429149627686,0.0013075555907562,0.0015995326684787,0.0001037786278175,0.0,0.0010683555155992,0.0001684697926975,0.0150188356637954,0.0004671915958169,0.8081998283811067,Phù hợp,0.5,
NB56,Luồng khu Đông Tráng,2027-07-01,2027,3,oyster,2305453,452834,7.236539363861084,27.56720924377441,8.190003395080566,31.041400909423828,0.0345048271119594,,0.0426063537597656,33.13827896118164,107.43860626220705,3.7620725631713854,74.82037353515625,131.08343505859375,0.8494526743888855,0.0013030779082328,0.0020241336897015,0.0001037786278175,0.0036969708744436,0.0030631055124104,0.0001684697926975,0.0278621632605791,0.0007174854981712,0.7942538709365621,Phù hợp,0.9045136814885666,
NB57,Cảng Hòn Nét,2026-07-01,2026,3,oyster,2313052,449812,6.477956295013428,27.61030960083008,8.064353942871094,30.692174911499023,0.0260684378445148,,0.0409061722457408,35.386409759521484,98.85865783691406,2.936875343322754,0.0,104.06229400634766,1.4139212369918823,0.001308208447881,0.0020752395503222,0.0001038050686474,0.0012922207824885,0.0014238265575841,0.0001685166789684,0.0170272011309862,0.0003407919430173,0.8063937769504299,Phù hợp,2.490338179846263,
NB57,Cảng Hòn Nét,2026-10-01,2026,4,oyster,2313052,449812,8.081869125366211,24.57652473449707,8.076190948486328,30.08881187438965,0.028401767835021,,0.0464177280664444,39.12160873413086,103.16910552978516,4.390455722808838,0.0,135.95822143554688,0.0,0.001308208447881,0.0017753426218405,0.0001038050686474,0.0,0.0003994879079982,0.0001685166789684,0.0121658593416213,0.0003884617472067,0.794226026285831,Phù hợp,2.490338179846263,
NB57,Cảng Hòn Nét,2027-01-01,2027,1,oyster,2313052,449812,6.672667503356934,20.52349090576172,8.103212356567383,31.32684326171875,0.0355605073273181,,0.0450015254318714,41.24591064453125,105.01918029785156,4.662291526794434,0.0,128.6169891357422,0.3425872027873993,0.0013638500822708,0.0016269956249743,0.0001037786278175,0.0011396579211577,0.0009258636273443,0.0001684697926975,0.0084148328751325,0.0007107119308784,0.7889361789003835,Phù hợp,2.490338179846263,
NB57,Cảng Hòn Nét,2027-04-01,2027,2,oyster,2313052,449812,6.876909255981445,24.90006256103516,8.024209022521973,29.977279663085938,0.0391473732888698,,0.0373421423137187,33.05873107910156,89.72777557373047,4.321102619171143,0.0,110.9365234375,1.1300904750823977,0.0013075555907562,0.0018707647686824,0.0001037786278175,0.0,0.001227008877322,0.0001684697926975,0.0104321120306849,0.0002980842837132,0.8152725925250023,Phù hợp,0.5,
NB57,Cảng Hòn Nét,2027-07-01,2027,3,oyster,2313052,449812,6.343278884887695,28.00731086730957,8.085442543029785,31.256465911865234,0.0239706821739673,,0.0390637777745723,35.54865646362305,87.63095092773438,2.740389347076416,47.612091064453125,134.95233154296875,0.9913551807403564,0.0013075555907562,0.0021607477683573,0.0001037786278175,0.0002383621613262,0.0004057214537169,0.0001684697926975,0.0068923123180866,0.0003013340756297,0.8116873960227993,Phù hợp,2.490338179846263,
NB58,Luồng Cửa Ông,2026-07-01,2026,3,oyster,2319421,458021,7.331214427947998,28.971738815307617,8.201658248901367,31.20998954772949,0.0300862155854702,,0.0453678853809833,39.280120849609375,120.71210479736328,3.351451873779297,0.0,120.13375854492188,0.0,0.001308208447881,0.0023640922736376,0.0001038050686474,0.0,0.0009312878246419,0.0001685166789684,0.0085104433819651,0.000389496126445,0.7840263794295168,Phù hợp,0.5,
NB58,Luồng Cửa Ông,2026-10-01,2026,4,oyster,2319421,458021,6.75006628036499,26.014184951782227,8.192869186401367,29.80699348449707,0.0327052846550941,,0.0453937575221061,41.3613395690918,149.9839630126953,2.198548078536988,0.0,124.97576904296876,0.0,0.001308208447881,0.0022795279510319,0.0001038050686474,9.829196642385796e-06,0.000427061371738,0.0001685166789684,0.0134070599451661,0.0002572750963736,0.7773786535141537,Phù hợp,0.5,
NB58,Luồng Cửa Ông,2027-01-01,2027,1,oyster,2319421,458021,6.97990083694458,21.598182678222656,8.127936363220215,32.03546524047852,0.038329854607582,,0.0481556206941604,40.743289947509766,131.0467529296875,4.005095958709717,0.0,147.9435577392578,1.2540539503097534,0.0013638500822708,0.0016282444121316,0.0001037786278175,0.0015347871230915,0.001730230404064,0.0001684697926975,0.0141999889165163,0.0007107119308784,0.7773335238807721,Phù hợp,0.5,
NB58,Luồng Cửa Ông,2027-04-01,2027,2,oyster,2319421,458021,6.596673011779785,25.400819778442383,8.160094261169434,31.10679054260254,0.0494118146598339,,0.0403972044587135,34.04252243041992,84.80672454833984,5.458662509918213,0.0,128.1683807373047,0.0,0.0013075555907562,0.001549384673126,0.0001037786278175,0.0,0.0016608259174972,0.0001684697926975,0.0090855946764349,0.0005731434212066,0.8047843767084846,Phù hợp,0.5,
NB58,Luồng Cửa Ông,2027-07-01,2027,3,oyster,2319421,458021,6.936356067657471,28.07669258117676,8.158768653869629,30.81523323059082,0.0298992879688739,,0.040136806666851,37.519927978515625,97.6199722290039,3.0558054447174072,0.0,129.709228515625,0.0,0.0013030779082328,0.0021412570495158,0.0001037786278175,0.0004336518759373,0.0011836654739454,0.0001684697926975,0.0189946666359901,0.0005627579521387,0.8006281615447053,Phù hợp,1.505968957183381,
NB59,Lạch Vông Vang - Cống Thẻ,2026-07-01,2026,3,oyster,2322828,469833,6.635754108428955,27.925302505493164,8.063725471496582,30.42451858520508,0.0406313240528106,,0.0378444455564022,33.36064529418945,103.30357360839844,3.8138177394866943,0.0,108.6800537109375,1.748931050300598,0.001308208447881,0.0021552375983446,0.0001038050686474,0.0008356032776646,0.0005672535044141,0.0001685166789684,0.0280583035200834,0.000397044874262,0.807411833492538,Phù hợp,0.5,
NB59,Lạch Vông Vang - Cống Thẻ,2026-10-01,2026,4,oyster,2322828,469833,6.331794261932373,25.470834732055664,8.115277290344238,30.244548797607425,0.0338663645088672,,0.0386428423225879,35.31839370727539,113.9119644165039,0.9783370494842528,0.0,130.3061981201172,1.3058664798736572,0.001308208447881,0.0022186669521033,0.0001038050686474,0.0002957625547423,0.0017518751556053,0.0001685166789684,0.0195754803717136,0.0003752533229999,0.8049569012887501,Phù hợp,0.5,
NB59,Lạch Vông Vang - Cống Thẻ,2027-01-01,2027,1,oyster,2322828,469833,6.25540018081665,21.83230400085449,8.089330673217773,30.674880981445312,0.0474230274558067,,0.0420164316892623,36.95930099487305,106.98839569091795,1.120076060295105,0.0,118.50794219970705,0.0,0.0013922789366915,0.0015906781191006,0.0001037786278175,5.087585304863751e-05,0.0014263401972129,0.0001684697926975,0.0065589072182774,0.000581532891374,0.7989412473631134,Phù hợp,0.5,
NB59,Lạch Vông Vang - Cống Thẻ,2027-04-01,2027,2,oyster,2322828,469833,6.405534744262695,25.745569229125977,8.125842094421387,29.628894805908203,0.0547609888017177,,0.0395215079188346,33.17850112915039,106.5185546875,3.1378190517425537,0.0,120.39128112792967,1.14366614818573,0.0013030779082328,0.0016106895636767,0.0001037786278175,0.0,0.0010209125466644,0.0001684697926975,0.0006637019687332,0.0005415438208729,0.8076121091856663,Phù hợp,0.5,
NB59,Lạch Vông Vang - Cống Thẻ,2027-07-01,2027,3,oyster,2322828,469833,6.712048530578613,28.615367889404297,8.198797225952148,30.046030044555664,0.0274967178702354,,0.0408440381288528,36.22214126586914,80.15509796142578,2.344749927520752,0.0,137.30316162109375,0.667772114276886,0.0013075555907562,0.0023891374003142,0.0001037786278175,0.0001042712246999,0.0009800262050703,0.0001684697926975,0.02937588468194,0.0002338047052035,0.8090322688762335,Phù hợp,0.5,
NB60,Cửa Đối,2026-07-01,2026,3,oyster,2319552,480158,6.595381736755371,29.08018684387207,8.211928367614746,31.14391326904297,0.0305690821260213,,0.0457625649869442,40.0709114074707,79.33224487304688,2.6111600399017334,0.0,118.40242767333984,4.28717851638794,0.001308208447881,0.0016700924606993,0.0001038050686474,0.0016193658811971,0.0013832193799316,0.0001685166789684,0.0106193711981177,0.0005408755387179,0.8076023316713462,Phù hợp,1.4323129895382505,
NB60,Cửa Đối,2026-10-01,2026,4,oyster,2319552,480158,6.818141937255859,25.40718460083008,8.251465797424316,29.937562942504883,0.0338520556688308,,0.0416762977838516,39.10503768920898,125.1280746459961,2.1900835037231445,0.0,142.0933837890625,0.0,0.001308208447881,0.0019769645296037,0.0001038050686474,0.000162279990036,0.0008270139223895,0.0001685166789684,0.0081058833748102,0.0004586658906191,0.7917610714745662,Phù hợp,0.5,
NB60,Cửa Đối,2027-01-01,2027,1,oyster,2319552,480158,6.637012958526611,21.596240997314453,8.259029388427734,31.14142417907715,0.0393687859177589,,0.0409999005496501,33.94477844238281,106.4869384765625,3.508179187774658,0.0,125.68444061279295,0.0,0.0013638500822708,0.0016706307651475,0.0001037786278175,0.0,0.0013169420417398,0.0001684697926975,0.0073177376762032,0.000749982369598,0.7998324709759757,Phù hợp,0.5,
NB60,Cửa Đối,2027-04-01,2027,2,oyster,2319552,480158,7.140170574188232,25.968425750732425,8.294528007507324,30.18051719665528,0.0480407327413558,,0.0385082066059112,35.55525207519531,118.1821746826172,3.280731439590454,0.0,118.13092041015624,0.0,0.0013075555907562,0.001651189988479,0.0001037786278175,0.0,0.0010838396847248,0.0001684697926975,0.0039682975038886,0.0004687180917244,0.7979079510242488,Phù hợp,0.5,
NB60,Cửa Đối,2027-07-01,2027,3,oyster,2319552,480158,6.819222927093506,29.32036399841309,8.221424102783203,30.508060455322266,0.0264210067689418,,0.04431764036417,40.01651763916016,139.19195556640625,1.432838797569275,0.0,146.63449096679688,0.0,0.0013075555907562,0.0022373432293534,0.0001037786278175,0.0,0.0007067013648338,0.0001684697926975,0.0290937852114439,0.0004153994959779,0.7796722037493061,Phù hợp,0.5,
NB61,Lạch giữa đảo Thẻ Vàng- đảo Vạn Đuôi,2026-07-01,2026,3,oyster,2314890,456306,6.08149528503418,27.80794143676757,8.11707878112793,31.43610572814941,0.0250363759696483,,0.0413342639803886,35.919639587402344,106.15718841552734,3.411815643310547,0.0,116.1883544921875,0.4123797118663788,0.001308208447881,0.0018552625551819,0.0001038050686474,0.0004241800343152,0.0005917603266425,0.0001685166789684,0.0067889746278524,0.000281923363218,0.8010546929229395,Phù hợp,0.5,
NB61,Lạch giữa đảo Thẻ Vàng- đảo Vạn Đuôi,2026-10-01,2026,4,oyster,2314890,456306,6.068229675292969,25.09621810913086,8.101627349853516,30.11948776245117,0.0261326283216476,,0.0434708669781684,32.8174934387207,120.23382568359376,3.255155086517334,0.0,102.7789306640625,0.0,0.001308208447881,0.0021847013849765,0.0001038050686474,0.0004598728846758,0.0010649017058312,0.0001685166789684,0.0159812420606613,0.0003786158922594,0.7970556853023624,Phù hợp,0.5,
NB61,Lạch giữa đảo Thẻ Vàng- đảo Vạn Đuôi,2027-01-01,2027,1,oyster,2314890,456306,6.97235107421875,21.408201217651367,8.162439346313477,31.94208526611328,0.0275736115872859,,0.0448619276285171,35.83340835571289,111.93783569335938,3.34407639503479,0.0,123.85132598876952,1.0194261074066162,0.0013496461324393,0.001629349659197,0.0001037786278175,0.00086746935267,0.0022949560079723,0.0001684697926975,0.0462576337158679,0.0007291377405636,0.7910605088897713,Phù hợp,2.2861577482754774,
NB61,Lạch giữa đảo Thẻ Vàng- đảo Vạn Đuôi,2027-04-01,2027,2,oyster,2314890,456306,7.1850666999816895,25.733402252197266,8.171728134155273,30.87150764465332,0.0355931334197521,,0.0416178032755851,33.20111846923828,76.98123168945312,5.951115131378174,0.0,132.7245330810547,0.0,0.0013075555907562,0.0014192346716299,0.0001037786278175,0.0005610983935184,0.0016335912514477,0.0001684697926975,0.0091365212574601,0.0004489686398301,0.809050274490034,Phù hợp,2.2861577482754774,
NB61,Lạch giữa đảo Thẻ Vàng- đảo Vạn Đuôi,2027-07-01,2027,3,oyster,2314890,456306,6.774535655975342,27.544437408447266,8.093744277954102,31.25478744506836,0.0284165777266025,,0.0389508567750453,34.421817779541016,90.62004852294922,4.247867584228516,0.0,127.5863265991211,0.8750742673873901,0.0013030779082328,0.0018485165201127,0.0001037786278175,0.0053312969394028,0.0030584053602069,0.0001684697926975,0.0284976102411746,0.0008991309441626,0.802399556830452,Phù hợp,2.2861577482754774,
NB62,Lạch Đẳng Chén phía Tây đảo Đống Chén,2026-07-01,2026,3,oyster,2316094,465215,6.798512935638428,29.00636100769043,8.154278755187988,29.12531280517578,0.063292346894741,,0.0442308560013771,40.49747467041016,119.38213348388672,1.488364815711975,420.8626708984375,121.7300262451172,3.51514744758606,0.001308208447881,0.0023264926858246,0.0001038050686474,0.0002773952728603,0.0004988947766833,0.0001685166789684,0.0073902392759919,0.0002573523088358,0.7898037967646565,Phù hợp,0.5,
NB62,Lạch Đẳng Chén phía Tây đảo Đống Chén,2026-10-01,2026,4,oyster,2316094,465215,6.919876575469971,25.88193893432617,8.116732597351074,29.92905807495117,0.063490480184555,,0.0427465662360191,37.92987823486328,124.52011108398438,1.444876790046692,213.71261596679688,120.19319152832033,7.0402140617370605,0.001308208447881,0.002104885643348,0.0001038050686474,0.000227548109251,0.0011505912989377,0.0001685166789684,0.0100524397566914,0.0004363293992355,0.8035471348818349,Phù hợp,0.5,
NB62,Lạch Đẳng Chén phía Tây đảo Đống Chén,2027-01-01,2027,1,oyster,2316094,465215,6.907456398010254,22.9999942779541,8.137414932250977,29.55227851867676,0.0721901357173919,,0.0420655719935894,39.426490783691406,112.3104019165039,1.228514313697815,204.01417541503903,121.611572265625,4.1136627197265625,0.0013638500822708,0.0014988413313403,0.0001037786278175,0.0,0.0011089008767157,0.0001684697926975,0.0067748590372502,0.0005128161283209,0.800990124195598,Phù hợp,1.5278610048037746,
NB62,Lạch Đẳng Chén phía Tây đảo Đống Chén,2027-04-01,2027,2,oyster,2316094,465215,6.860361576080322,26.498943328857425,8.125035285949707,27.92490577697754,0.0840094164013862,,0.0401282124221324,35.42315673828125,113.98571014404295,2.9313747882843018,435.0935668945313,131.99301147460938,3.243579864501953,0.0013030779082328,0.0016563101671636,0.0001037786278175,0.0006977675948292,0.0012071278179064,0.0001684697926975,0.0092693697661161,0.0015246461844071,0.7997047819343625,Phù hợp,1.5278610048037746,
NB62,Lạch Đẳng Chén phía Tây đảo Đống Chén,2027-07-01,2027,3,oyster,2316094,465215,6.722776889801025,29.60108757019043,8.208518028259277,30.158781051635746,0.0669783651828765,,0.040372647345066,38.13815307617188,118.41810607910156,0.064747616648674,364.77435302734375,114.00920867919922,0.604061484336853,0.0013075555907562,0.0020520742982625,0.0001037786278175,0.0012606972595676,0.0012424116721376,0.0001684697926975,0.0194456484168767,0.000616752076894,0.7851017340140205,Phù hợp,1.5278610048037746,
NB63,Lạch Đầu Gỗ phía Đông đảo Đống Chén,2026-07-01,2026,3,oyster,2316643,468221,7.05135440826416,27.995763778686523,8.189064979553223,31.139434814453125,0.0403754375874996,,0.0436026342213153,34.59391403198242,88.59860229492188,2.8394908905029297,0.0,110.9301528930664,0.0,0.001308208447881,0.0016716549871489,0.0001038050686474,0.0,0.0008666047360748,0.0001685166789684,0.0097861355170607,0.0003804086882155,0.803558732668989,Phù hợp,0.5,
NB63,Lạch Đầu Gỗ phía Đông đảo Đống Chén,2026-10-01,2026,4,oyster,2316643,468221,7.897353649139404,24.5184383392334,8.146550178527832,30.26474380493164,0.0349202677607536,,0.0440930649638175,41.60988235473633,114.9054718017578,0.8126824498176575,0.0,122.28299713134766,0.0,0.001308208447881,0.0020954431965947,0.0001038050686474,0.0032250189688056,0.0001747509813867,0.0001685166789684,0.0165702030062675,0.0003333034692332,0.7874680998455379,Phù hợp,0.5,
NB63,Lạch Đầu Gỗ phía Đông đảo Đống Chén,2027-01-01,2027,1,oyster,2316643,468221,8.746353149414062,20.781274795532227,8.204957962036133,30.49277877807617,0.0420252680778503,,0.0451941974461078,42.110347747802734,108.35627746582033,4.037086486816406,0.0,122.8920669555664,4.42728853225708,0.0013638500822708,0.0013687886530533,0.0001037786278175,0.0002226985525339,0.0005493665812537,0.0001684697926975,0.0018029692582786,0.0007174591883085,0.7998728350248075,Phù hợp,1.5278610048037746,
NB63,Lạch Đầu Gỗ phía Đông đảo Đống Chén,2027-04-01,2027,2,oyster,2316643,468221,7.200883388519287,25.595361709594727,8.086329460144043,30.65504646301269,0.0566044971346855,,0.0326053202152252,36.16446685791016,122.98777770996094,6.141428470611572,0.0,127.53897857666016,0.1689570993185043,0.0013030779082328,0.0017458734801039,0.0001037786278175,0.0003438412386458,0.0011774159502238,0.0001684697926975,0.0142006613314151,0.0005384254036471,0.7964265437649294,Phù hợp,1.5278610048037746,
NB63,Lạch Đầu Gỗ phía Đông đảo Đống Chén,2027-07-01,2027,3,oyster,2316643,468221,6.883577823638916,27.88806533813477,8.132821083068848,30.664594650268555,0.0340220779180526,,0.0400140844285488,40.43809127807617,111.53780364990234,4.836708068847656,0.0,141.54562377929688,0.0,0.0013075555907562,0.0018397341482341,0.0001037786278175,0.0001807684457162,0.0016928144032135,0.0001684697926975,0.017382338643074,0.0003660357324406,0.7924625680957731,Phù hợp,1.5278610048037746,
NB64,Lạch Cống Nứa phía Đông đảo Cống Nứa,2026-07-01,2026,3,oyster,2317955,471418,7.16121768951416,28.6889705657959,8.250083923339844,30.414356231689453,0.033302079886198,,0.0472303628921508,36.911598205566406,148.77685546875,6.801701545715332,2006.6026611328125,125.56450653076172,2.3900506496429443,0.001308208447881,0.002381810452789,0.0001038050686474,0.0001879281917354,6.392128125298768e-05,0.0001685166789684,0.0192909501492977,0.0002996851108036,0.7578454029261785,Phù hợp,0.5,
NB64,Lạch Cống Nứa phía Đông đảo Cống Nứa,2026-10-01,2026,4,oyster,2317955,471418,6.53886604309082,26.328109741210938,8.175798416137695,29.63043212890625,0.0321069099009037,,0.0522391647100448,38.15641021728516,131.6714630126953,5.425767421722412,1535.5361328125,141.13352966308594,0.0,0.001308208447881,0.0016665636794641,0.0001038050686474,0.0004283073940314,0.0009780609980225,0.0001685166789684,0.021581333130598,0.0004107059212401,0.7641405103784336,Phù hợp,0.5,
NB64,Lạch Cống Nứa phía Đông đảo Cống Nứa,2027-01-01,2027,1,oyster,2317955,471418,6.491454601287842,22.47177505493164,8.188278198242188,31.450782775878903,0.0316033959388732,,0.047470323741436,33.57799530029297,82.17124938964844,4.036007404327393,870.89892578125,114.4530029296875,0.0,0.0013638500822708,0.0015024675521999,0.0001037786278175,0.0007319620344787,0.0014596993569284,0.0001684697926975,0.0239868946373462,0.0006042924360372,0.7917736384955154,Phù hợp,0.5,
NB64,Lạch Cống Nứa phía Đông đảo Cống Nứa,2027-04-01,2027,2,oyster,2317955,471418,6.857804298400879,24.513858795166016,8.252917289733887,30.668420791625977,0.0347843468189239,,0.0428593009710311,35.40092468261719,89.4273452758789,6.710804462432861,1824.7509765625,127.39871215820312,0.0,0.0013030779082328,0.0015845040325075,0.0001037786278175,0.0005432399921119,0.0026804483495652,0.0001684697926975,0.0115071479231119,0.0005421651294454,0.7815481548607858,Phù hợp,0.5,
NB64,Lạch Cống Nứa phía Đông đảo Cống Nứa,2027-07-01,2027,3,oyster,2317955,471418,8.050048828125,28.03744888305664,8.147883415222168,31.148998260498047,0.0338353924453258,,0.0460680499672889,42.66939163208008,127.87838745117188,5.302093505859375,645.8033447265625,144.9750213623047,0.0,0.0013030779082328,0.0021002243738621,0.0001037786278175,0.0003099530877079,0.0011137368855997,0.0001684697926975,0.0133364666253328,0.000456639798358,0.7704341996786597,Phù hợp,0.5,
NB65,Vụng Đá Bạc phía Đông đảo Trà Bản,2026-07-01,2026,3,oyster,2314090,474853,6.0118279457092285,28.70391082763672,8.107032775878906,30.65026092529297,0.0529341176152229,,0.0435247309505939,33.46736526489258,102.87042236328124,1.430113673210144,0.0,120.6691436767578,0.0,0.0013036195887252,0.0024019978009164,0.0001038050686474,0.0008074042852967,0.0009613759466446,0.0001685166789684,0.0172845292836427,0.0001977403153432,0.7962430757775222,Phù hợp,1.3560436018063726,
NB65,Vụng Đá Bạc phía Đông đảo Trà Bản,2026-10-01,2026,4,oyster,2314090,474853,6.370730400085449,25.5959587097168,8.177021026611328,29.996496200561523,0.0442564189434051,,0.0427473410964012,37.966529846191406,97.18347930908205,0.0,0.0,130.71409606933594,0.0,0.001308208447881,0.0018785039428621,0.0001038050686474,0.001185912056826,0.0010522397933527,0.0001685166789684,0.0127107296139001,0.0005277516902424,0.8006180227853703,Phù hợp,1.3560436018063726,
NB65,Vụng Đá Bạc phía Đông đảo Trà Bản,2027-01-01,2027,1,oyster,2314090,474853,7.568450927734375,22.06755256652832,8.219738960266113,29.943416595458984,0.0554895550012588,,0.0357163473963737,38.637996673583984,103.331787109375,0.8475451469421387,378.8443908691406,120.91389465332033,0.0,0.0013638500822708,0.0013972810702398,0.0001037786278175,0.0003200134378857,0.0015192705905064,0.0001684697926975,0.0129247503355145,0.0006517084548249,0.8001027130022316,Phù hợp,1.3560436018063726,
NB65,Vụng Đá Bạc phía Đông đảo Trà Bản,2027-04-01,2027,2,oyster,2314090,474853,5.849584102630615,25.902387619018555,8.184956550598145,29.78586769104004,0.0681069865822792,,0.0393071398138999,36.21327209472656,138.97982788085938,2.152787208557129,0.0,125.34011840820312,3.934702157974243,0.0013030779082328,0.0016591666499152,0.0001037786278175,0.0,0.0024855455849319,0.0001684697926975,0.0100020775571465,0.0003659373905975,0.797692774391233,Phù hợp,0.5,
NB65,Vụng Đá Bạc phía Đông đảo Trà Bản,2027-07-01,2027,3,oyster,2314090,474853,7.607865333557129,28.679000854492188,8.228384017944336,30.59624481201172,0.0488726831972599,,0.0419832058250904,38.3740348815918,111.29661560058594,1.537501096725464,0.0,126.82076263427734,0.8044759035110474,0.0013075555907562,0.002098434139043,0.0001037786278175,0.0,0.0004094520700164,0.0001684697926975,0.0057152542285621,0.000359653844498,0.7948248832082654,Phù hợp,1.3560436018063726,
NB66,Luồng Con Quýt phía Tây Bắc đảo Trà Bản,2026-07-01,2026,3,oyster,2323246,478861,6.443955898284912,29.246335983276367,8.134734153747559,30.496788024902344,0.0478889755904674,,0.0428764969110488,40.39759063720703,113.63258361816406,1.2465201616287231,0.0,136.195068359375,1.1414247751235962,0.0013036195887252,0.0024573504924774,0.0001038050686474,0.0010306607000529,0.0008075945661403,0.0001685166789684,0.0137580130249261,2.2672729755868204e-05,0.7895338982731867,Phù hợp,0.5,
NB66,Luồng Con Quýt phía Tây Bắc đảo Trà Bản,2026-10-01,2026,4,oyster,2323246,478861,6.839014530181885,25.96276092529297,8.186844825744629,30.672828674316406,0.0391046367585659,,0.0411191992461681,37.25519561767578,114.68423461914062,1.6754354238510132,0.0,130.60838317871094,0.0,0.001308208447881,0.0017845750553533,0.0001038050686474,0.0021968693472445,0.0010423297062516,0.0001685166789684,0.0169061254709959,0.000654486240819,0.7936364805980929,Phù hợp,1.9575395909150852,
NB66,Luồng Con Quýt phía Tây Bắc đảo Trà Bản,2027-01-01,2027,1,oyster,2323246,478861,7.406870365142822,22.49092674255371,8.196752548217773,30.354846954345703,0.0522872433066368,,0.0433756746351718,37.85750579833984,90.70899963378906,0.7999513745307922,0.0,118.98380279541016,0.2625449299812317,0.0013638500822708,0.0013874321011826,0.0001037786278175,0.0,0.0016366883646696,0.0001684697926975,0.0137811973690986,0.0005152592202648,0.8020762567741373,Phù hợp,1.9575395909150852,
NB66,Luồng Con Quýt phía Tây Bắc đảo Trà Bản,2027-04-01,2027,2,oyster,2323246,478861,6.700100898742676,26.693878173828125,8.176332473754883,28.58177375793457,0.0647448599338531,,0.0348150134086608,40.26523208618164,122.92044067382812,2.342528343200684,0.0,138.6085205078125,0.6547732353210449,0.0013030779082328,0.0016508601838722,0.0001037786278175,0.0003304501005914,0.0027362937107682,0.0001684697926975,0.0138818966224789,0.0004312680393923,0.797325931022763,Phù hợp,1.9575395909150852,
NB66,Luồng Con Quýt phía Tây Bắc đảo Trà Bản,2027-07-01,2027,3,oyster,2323246,478861,6.434969902038574,28.785533905029297,8.213848114013672,29.30202293395996,0.041261576116085,,0.0376374535262584,31.848478317260746,97.24745178222656,1.5466400384902954,0.0,116.4247817993164,1.864301443099976,0.0013075555907562,0.0019302200525999,0.0001037786278175,0.0,0.0007325009792111,0.0001684697926975,0.0111515894532203,0.0004053616721648,0.8165505305495533,Phù hợp,0.5,
NB67,Luồng Con Quýt phía Đông đảo Cái Lim,2026-07-01,2026,3,oyster,2332924,481604,6.871927261352539,28.76164627075196,8.080714225769043,30.14636993408203,0.0256949886679649,,0.0399681702256202,38.09562301635742,87.17379760742188,0.0871396660804748,658.3060913085938,123.65611267089844,0.0,0.001308208447881,0.0022441474720835,0.0001038050686474,0.0004710931680165,0.00053449353436,0.0001685166789684,0.0320144072175025,0.000224402276217,0.8001215731756494,Phù hợp,4.612497425473536,
NB67,Luồng Con Quýt phía Đông đảo Cái Lim,2026-10-01,2026,4,oyster,2332924,481604,13.043896675109863,25.577407836914062,8.137236595153809,29.49140739440918,0.034531582146883,,0.0474900864064693,37.30976486206055,117.52977752685548,4.116002559661865,1060.0753173828125,119.91759490966795,4.074743747711182,0.001308208447881,0.0018505053594708,0.0001038050686474,0.0002907772432081,0.001735977595672,0.0001685166789684,0.0191359482705593,0.0003738192899618,0.7883283242869551,Phù hợp,0.5,
NB67,Luồng Con Quýt phía Đông đảo Cái Lim,2027-01-01,2027,1,oyster,2332924,481604,7.523889064788818,22.11700820922852,8.108976364135742,30.990478515625,0.0348683334887027,,0.0517077222466468,37.88798141479492,142.75929260253906,3.378336191177368,0.0,129.1709747314453,0.0,0.0013638500822708,0.0014814399182796,0.0001037786278175,0.0002246797230327,0.0015006646281108,0.0001684697926975,0.0031092790886759,0.0006246066768653,0.7776039254273874,Phù hợp,0.5,
NB67,Luồng Con Quýt phía Đông đảo Cái Lim,2027-04-01,2027,2,oyster,2332924,481604,6.321528434753418,25.36421012878418,8.121785163879395,29.67400360107422,0.037797313183546,,0.0402497500181198,36.60840606689453,114.08831787109376,2.682887554168701,0.0,118.40660095214844,1.5073260068893433,0.0013030779082328,0.0015510588418692,0.0001037786278175,0.0,0.0014698603190481,0.0001684697926975,0.0146403163671493,0.000258987682173,0.8038376628846204,Phù hợp,4.612497425473536,
NB67,Luồng Con Quýt phía Đông đảo Cái Lim,2027-07-01,2027,3,oyster,2332924,481604,6.901098728179932,28.12320137023925,8.110942840576172,29.47677421569824,0.0341899134218692,,0.0464557260274887,41.71965026855469,83.2164535522461,4.8686628341674805,0.0,111.1097412109375,0.0,0.0013030779082328,0.0018837685929611,0.0001037786278175,0.0,0.0006574991275556,0.0001684697926975,0.0018437310354784,0.0003481612657196,0.7983068156156764,Phù hợp,0.5,
NB68,Lạch Vông Vang phía Bắc đảo Trà Bản,2026-07-01,2026,3,oyster,2325763,474553,6.181581020355225,28.565576553344727,8.23281478881836,31.722166061401367,0.0294012129306793,,0.0405691266059875,36.95110702514648,92.4940185546875,2.0399720668792725,0.0,121.24928283691406,0.0,0.001308208447881,0.0025189439766108,0.0001038050686474,0.0001588088780408,0.0009055575355887,0.0001685166789684,0.0127813750877976,0.0004405380459502,0.8004999163506998,Phù hợp,2.494702036316161,
NB68,Lạch Vông Vang phía Bắc đảo Trà Bản,2026-10-01,2026,4,oyster,2325763,474553,12.80583953857422,24.963712692260746,8.236029624938965,30.11592102050781,0.0298417750746011,,0.0459149628877639,38.113712310791016,120.09278869628906,4.052034378051758,0.0,127.67568969726562,1.9267573356628416,0.001308208447881,0.0021987403742969,0.0001038050686474,0.0,0.0008440689416602,0.0001685166789684,0.0227574370801448,0.0006507182843051,0.7915976379409775,Phù hợp,2.494702036316161,
NB68,Lạch Vông Vang phía Bắc đảo Trà Bản,2027-01-01,2027,1,oyster,2325763,474553,7.535005569458008,21.38837623596192,8.185712814331055,31.795333862304688,0.0397378019988536,,0.0454098060727119,42.7960090637207,149.8580322265625,6.94220495223999,0.0,147.3260498046875,0.0,0.0013638500822708,0.0015376490773633,0.0001037786278175,0.0,0.002253062557429,0.0001684697926975,0.0256998315453529,0.0031696683727204,0.7648195560606394,Phù hợp,0.5,
NB68,Lạch Vông Vang phía Bắc đảo Trà Bản,2027-04-01,2027,2,oyster,2325763,474553,6.948884010314941,25.59108161926269,8.201647758483887,31.77528953552246,0.045326504856348,,0.0382053516805172,33.58449172973633,99.2343978881836,3.857466220855713,0.0,126.56985473632812,1.0422648191452026,0.0013030779082328,0.0014301857445389,0.0001037786278175,0.0,0.0020754991564899,0.0001684697926975,0.0114286756142973,0.0005771397263742,0.805876333307479,Phù hợp,2.494702036316161,
NB68,Lạch Vông Vang phía Bắc đảo Trà Bản,2027-07-01,2027,3,oyster,2325763,474553,7.29316520690918,28.436647415161133,8.198163986206055,31.63162612915039,0.0363367982208728,,0.0419881679117679,39.72441864013672,124.71845245361328,2.289754867553711,0.0,138.27943420410156,0.0,0.0013030779082328,0.0021486666519194,0.0001037786278175,0.000463469652459,0.0009293535840697,0.0001684697926975,0.0280876215547323,0.0004208687751088,0.7838877172715607,Phù hợp,0.5,
NB69,Lạch đảo Cống Đông- Cống Tây,2026-07-01,2026,3,oyster,2310803,454256,6.288321971893311,27.67378807067871,8.104830741882324,31.16461181640625,0.0383806191384792,,0.0413501262664794,32.48963165283203,78.28366088867188,4.029809951782227,0.0,103.34083557128906,1.6916767358779907,0.001308208447881,0.0018426276510581,0.0001038050686474,0.0008058045641519,0.0012323494302108,0.0001685166789684,0.0119881108403205,0.0004398018645588,0.8136267227885581,Phù hợp,2.2861577482754774,
NB69,Lạch đảo Cống Đông- Cống Tây,2026-10-01,2026,4,oyster,2310803,454256,8.738476753234863,25.09014892578125,8.110129356384277,30.32605361938477,0.0345753617584705,,0.0395285673439502,33.874977111816406,98.89502716064452,3.755071640014648,297.7672119140625,115.42777252197266,0.3718649446964264,0.001308208447881,0.0018638902110978,0.0001038050686474,0.0002600601292215,0.000683395890519,0.0001685166789684,0.0220072921365499,0.0003269364824518,0.8031525681407101,Phù hợp,2.2861577482754774,
NB69,Lạch đảo Cống Đông- Cống Tây,2027-01-01,2027,1,oyster,2310803,454256,8.137118339538574,21.73894500732422,8.103431701660156,30.53305435180664,0.0444765426218509,,0.0504059419035911,39.09332275390625,104.7557144165039,1.989694714546204,0.0,128.4937744140625,0.0,0.0013638500822708,0.0014375899918377,0.0001037786278175,0.0,0.0011751046404242,0.0001684697926975,0.0070914928801357,0.000594139797613,0.7898359258360427,Phù hợp,2.2861577482754774,
NB69,Lạch đảo Cống Đông- Cống Tây,2027-04-01,2027,2,oyster,2310803,454256,6.75191593170166,25.03570556640625,8.051077842712402,30.10877990722656,0.0585858449339866,,0.0398827195167541,37.11449432373047,115.31922149658205,3.459272623062134,0.0,126.8039321899414,0.0,0.0013030779082328,0.0018566192593425,0.0001037786278175,0.0,0.0011189896613359,0.0001684697926975,0.00845015514642,0.0001594675850355,0.7948438094791729,Phù hợp,0.5,
NB69,Lạch đảo Cống Đông- Cống Tây,2027-07-01,2027,3,oyster,2310803,454256,6.422787189483643,27.661256790161133,8.090808868408203,30.895666122436523,0.0261616054922342,,0.034121785312891,32.17283630371094,69.12432861328125,3.66218376159668,0.0,124.41645050048828,1.160778522491455,0.0013075555907562,0.0020323928911238,0.0001037786278175,0.0,0.0006446965853683,0.0001684697926975,0.0124161234125494,0.0003207218833267,0.8264253594369748,Phù hợp,0.5,
NB70,Ven bờ khu Cống Yên phía Bắc đảo Ngọc Vừng,2026-07-01,2026,3,oyster,2305149,458041,5.996723651885986,28.3118896484375,8.082029342651367,30.71103286743164,0.0285177454352378,,0.0445144362747669,35.31558609008789,94.01062774658205,7.285410404205322,2651.91259765625,113.2785415649414,0.0,0.001308208447881,0.0019427983788773,0.0001038050686474,2.989853237522766e-05,0.0011556159006431,0.0001685166789684,0.0070587112568318,0.0003293321642559,0.7716195883177199,Phù hợp,0.5,
NB70,Ven bờ khu Cống Yên phía Bắc đảo Ngọc Vừng,2026-10-01,2026,4,oyster,2305149,458041,13.21979808807373,24.7161808013916,8.08553695678711,31.43366432189941,0.046309296041727,,0.0438583046197891,34.55891036987305,86.63268280029297,7.619133472442627,0.0,120.33952331542967,0.0,0.001308208447881,0.0020747021771967,0.0001038050686474,0.0,0.0003554132999852,0.0001685166789684,0.0119245303794741,0.0002225023490609,0.797268638134491,Phù hợp,0.5,
NB70,Ven bờ khu Cống Yên phía Bắc đảo Ngọc Vừng,2027-01-01,2027,1,oyster,2305149,458041,6.967433929443359,20.86018943786621,8.079343795776367,32.089412689208984,0.0523995533585548,,0.0401389673352241,33.83488082885742,112.2012710571289,4.619392395019531,0.0,92.61209106445312,2.3608672618865967,0.0013496461324393,0.0015751494793221,0.0001037786278175,0.0004242665891069,0.0006706490530632,0.0001684697926975,0.0055460049770772,0.0007076635374687,0.8009261871184034,Phù hợp,0.5,
NB70,Ven bờ khu Cống Yên phía Bắc đảo Ngọc Vừng,2027-04-01,2027,2,oyster,2305149,458041,6.755716800689697,25.987274169921875,8.115616798400879,31.83920288085937,0.0650818198919296,,0.0393024645745754,34.63094711303711,81.90057373046875,4.525157451629639,0.0,124.80704498291016,0.3048901259899139,0.0013030779082328,0.0017737706657499,0.0001037786278175,0.0,0.0007736090919934,0.0001684697926975,0.0079610161483287,0.0006294619524851,0.8039040078029156,Phù hợp,0.5,
NB70,Ven bờ khu Cống Yên phía Bắc đảo Ngọc Vừng,2027-07-01,2027,3,oyster,2305149,458041,6.803955554962158,28.17556953430176,8.097956657409668,31.559125900268555,0.0429808124899864,,0.0438873469829559,34.96503829956055,111.39047241210938,5.189225673675537,0.0,115.6975326538086,0.0,0.0013075555907562,0.0026215305551886,0.0001037786278175,0.0047914399765431,0.001527557731606,0.0001684697926975,0.0233575515449047,0.0009336465154774,0.7829759769718139,Phù hợp,0.5,
NB71,"Cửa sông Rút- sông - sông Bạch Đằng, phía Tây xã Tiền Phong",2026-07-01,2026,3,oyster,2305248,403881,4.671398639678955,28.2885799407959,7.704062461853027,11.733124732971191,0.0698574408888816,,0.0411212258040905,38.83442687988281,124.82852935791016,43.68599319458008,4150.73388671875,127.89705657958984,0.0,0.0013036195887252,0.0024156461004167,0.0001038050686474,0.0004455818852875,0.0006812305073253,0.0001685166789684,0.0119855562224984,0.0002063023857772,0.6890576695522875,Ít phù hợp,0.5,
NB71,"Cửa sông Rút- sông - sông Bạch Đằng, phía Tây xã Tiền Phong",2026-10-01,2026,4,oyster,2305248,403881,4.936507701873779,25.327072143554688,7.697348117828369,13.978765487670898,0.0816865637898445,,0.0336574800312519,29.84394645690918,126.13382720947266,49.04346466064453,0.0,129.0830841064453,0.0,0.001308208447881,0.0019901974592357,0.0001038050686474,0.0,0.0015595544828101,0.0001685166789684,0.0215877443552017,0.0003749142633751,0.7482784605261438,Ít phù hợp,2.212997345231124,
NB71,"Cửa sông Rút- sông - sông Bạch Đằng, phía Tây xã Tiền Phong",2027-01-01,2027,1,oyster,2305248,403881,5.451719284057617,21.272253036499023,7.658348083496094,14.799201965332031,0.0831296369433403,,0.0372414514422416,32.73324203491211,112.73450469970705,50.68208694458008,0.0,127.36138916015624,0.0,0.0013638500822708,0.0013552805176004,0.0001037786278175,0.0,0.0011772389989346,0.0001684697926975,0.0069196317344903,0.0006024044123478,0.750771326334841,Phù hợp,2.212997345231124,
NB71,"Cửa sông Rút- sông - sông Bạch Đằng, phía Tây xã Tiền Phong",2027-04-01,2027,2,oyster,2305248,403881,4.801608085632324,27.207683563232425,7.640867233276367,12.749333381652832,0.0808610096573829,,0.038772739470005,36.88397979736328,104.02500915527344,40.03885269165039,5174.03564453125,129.23541259765625,0.0,0.0013030779082328,0.0016902160132303,0.0001037786278175,0.0016610148595646,0.002474519656971,0.0001684697926975,0.0153177138417959,0.002020226791501,0.6968821199028021,Ít phù hợp,0.5,
NB71,"Cửa sông Rút- sông - sông Bạch Đằng, phía Tây xã Tiền Phong",2027-07-01,2027,3,oyster,2305248,403881,2.775233507156372,28.1938591003418,7.750957489013672,9.053001403808594,0.0777436643838882,,0.0401915237307548,32.09782791137695,89.99468231201172,47.70496368408203,0.0,130.12338256835938,0.0,0.0013075555907562,0.0018396055093035,0.0001037786278175,0.0,0.0010481216013431,0.0001684697926975,0.0170052051544189,0.0005024947458878,0.720160975684915,Ít phù hợp,2.212997345231124,
NB72,"Cửa sông Chanh, phía Đông Bắc xã Tiền Phong",2026-07-01,2026,3,oyster,2307350,407776,4.427029132843018,28.776264190673828,7.635960102081299,11.433396339416504,0.0672680139541626,,0.0348127037286758,32.97443389892578,127.73404693603516,47.85260009765625,0.0,139.18112182617188,3.1938443183898926,0.001308208447881,0.0016147824935615,0.0001038050686474,0.0,0.0008634161786176,0.0001685166789684,0.0113149918615818,0.0003644886892288,0.7443385752203764,Ít phù hợp,0.5,
NB72,"Cửa sông Chanh, phía Đông Bắc xã Tiền Phong",2026-10-01,2026,4,oyster,2307350,407776,5.477977275848389,25.23187828063965,7.6947150230407715,13.874507904052734,0.0624474920332431,,0.03939089179039,33.87253189086914,115.75743103027344,44.29372024536133,0.0,127.01612091064452,0.0,0.001308208447881,0.002336207544431,0.0001038050686474,0.0025085781235247,0.0006078616133891,0.0001685166789684,0.0170961655676364,0.0,0.7478067323476654,Ít phù hợp,2.212997345231124,
NB72,"Cửa sông Chanh, phía Đông Bắc xã Tiền Phong",2027-01-01,2027,1,oyster,2307350,407776,5.910037040710449,20.54073143005371,7.7321343421936035,15.403644561767578,0.0740745216608047,,0.0385543368756771,36.02864074707031,109.17972564697266,50.04375457763672,0.0,131.05270385742188,2.3262171745300293,0.0013638500822708,0.0016330583021044,0.0001037786278175,0.0,0.0016485952073708,0.0001684697926975,0.0096026863902807,0.0007898273179307,0.7550095034162558,Phù hợp,2.212997345231124,
NB72,"Cửa sông Chanh, phía Đông Bắc xã Tiền Phong",2027-04-01,2027,2,oyster,2307350,407776,3.991888523101807,28.180889129638672,7.67308235168457,11.957636833190918,0.0783128142356872,,0.0401009693741798,30.98682975769043,94.35855102539062,42.03865432739258,0.0,98.94416046142578,6.620984077453613,0.0013075555907562,0.0016965860268101,0.0001037786278175,0.0,0.0012144623324275,0.0001684697926975,0.0082257101312279,0.0004862512578256,0.7626851506970997,Phù hợp,0.5,
NB72,"Cửa sông Chanh, phía Đông Bắc xã Tiền Phong",2027-07-01,2027,3,oyster,2307350,407776,4.6068196296691895,28.34862518310547,7.775664329528809,10.85496997833252,0.0764637514948844,,0.0474056899547576,40.188270568847656,159.42779541015625,46.31221389770508,0.0,143.44114685058594,2.2313168048858643,0.0013075555907562,0.0021704968530684,0.0001037786278175,0.0001337932335445,0.0006276023923419,0.0001684697926975,0.0168206691741943,0.000394363538362,0.7137999969217861,Ít phù hợp,2.212997345231124,
NB73,"Cửa sông Kênh Trai, giáp ranh xã Tân An- Hoàng Tân",2026-07-01,2026,3,oyster,2315467,409808,3.926414728164673,28.68416404724121,7.641359329223633,14.001500129699709,0.0567514225840568,,0.0397620908915996,29.36190223693848,82.87084197998047,46.06785583496094,1776.302001953125,111.881591796875,0.0,0.0013036195887252,0.0019797186832875,0.0001038050686474,0.0,0.0011505846632644,0.0001685166789684,0.0160688459873199,0.0004364403139334,0.7358313806269419,Ít phù hợp,0.5,
NB73,"Cửa sông Kênh Trai, giáp ranh xã Tân An- Hoàng Tân",2026-10-01,2026,4,oyster,2315467,409808,4.691243171691895,25.33112525939941,7.813668251037598,15.299388885498049,0.0753742530941963,,0.0395492985844612,31.21718978881836,96.99402618408205,46.57606506347656,0.0,110.50017547607422,0.0,0.001308208447881,0.0020365514792501,0.0001038050686474,0.0001752303505782,0.0008003390394151,0.0001685166789684,0.0094728963449597,0.0003467493224889,0.7562192859537158,Phù hợp,0.5,
NB73,"Cửa sông Kênh Trai, giáp ranh xã Tân An- Hoàng Tân",2027-01-01,2027,1,oyster,2315467,409808,4.865226745605469,22.169336318969727,7.884027004241943,20.20493507385254,0.0794087573885917,,0.0399092100560665,32.80506134033203,85.89962768554688,47.81650924682617,0.0,118.60458374023438,1.5242271423339844,0.0013638500822708,0.0018943132599815,0.0001037786278175,0.0,0.0012392390053719,0.0001684697926975,0.0029389690607786,0.0001453373261028,0.7745086931174393,Phù hợp,0.5,
NB73,"Cửa sông Kênh Trai, giáp ranh xã Tân An- Hoàng Tân",2027-04-01,2027,2,oyster,2315467,409808,3.742142677307129,28.25546646118164,7.817978858947754,17.05169677734375,0.0874396786093711,,0.0485560446977615,39.61505126953125,103.87740325927734,39.68130493164063,0.0,117.82957458496094,0.0,0.0013075555907562,0.0013921905774623,0.0001037786278175,0.0004684744926635,0.0009302695980295,0.0001684697926975,0.0179005283862352,0.0005320126656442,0.7361903656378896,Ít phù hợp,0.5,
NB73,"Cửa sông Kênh Trai, giáp ranh xã Tân An- Hoàng Tân",2027-07-01,2027,3,oyster,2315467,409808,2.4337074756622314,28.44611549377441,7.810951232910156,12.475457191467283,0.0755045488476753,,0.0457423441112041,38.021183013916016,126.5096435546875,46.9626350402832,8505.2314453125,137.95223999023438,0.0,0.0013030779082328,0.0020971654448658,0.0001037786278175,0.0106501458212733,0.0040384056046605,0.0001684697926975,0.0157247073948383,0.0037709097377955,0.6387755467899163,Ít phù hợp,0.5,
NB74,"Luồng sông Voi Lớn, phía Nam xã Đồng Rui, Tiên Yên",2026-07-01,2026,3,oyster,2142967,461852,5.823320865631104,27.358009338378903,8.079752922058105,29.730358123779297,0.0339314639568328,,0.044393140822649,34.88222885131836,99.86288452148438,2.8157010078430176,0.0,118.63047790527344,0.718867838382721,0.001308208447881,0.0025758899282664,0.0001038050686474,0.0001138866864494,0.0007474004523828,0.0001685166789684,0.0274109113961458,0.0003497035067994,0.8010296613650312,Phù hợp,14.75567491679049,
NB74,"Luồng sông Voi Lớn, phía Nam xã Đồng Rui, Tiên Yên",2026-10-01,2026,4,oyster,2142967,461852,6.073640823364258,24.65209197998047,8.03014087677002,29.96342086791992,0.0292764697223901,,0.0447769612073898,35.17416763305664,100.76690673828124,3.074325561523437,0.0,112.80547332763672,0.0,0.001308208447881,0.0021070910152047,0.0001038050686474,0.0010544948745518,0.0021980814635753,0.0001685166789684,0.0213744882494211,0.0005173590034246,0.7990050828852726,Phù hợp,0.5,
NB74,"Luồng sông Voi Lớn, phía Nam xã Đồng Rui, Tiên Yên",2027-01-01,2027,1,oyster,2142967,461852,6.776998043060303,21.580223083496094,8.089004516601562,28.536590576171875,0.0413253158330917,,0.0408085212111473,35.27223587036133,103.17523193359376,2.944520235061645,5.395476341247559,137.6051025390625,0.1285310834646225,0.0013638500822708,0.0015545364003628,0.0001037786278175,0.0001194821743411,0.0015683515230193,0.0001684697926975,0.0162003170698881,0.0006216072943061,0.8058613922665318,Phù hợp,0.5,
NB74,"Luồng sông Voi Lớn, phía Nam xã Đồng Rui, Tiên Yên",2027-04-01,2027,2,oyster,2142967,461852,6.4580607414245605,25.082124710083008,8.002105712890625,28.433399200439453,0.0410593077540397,,0.046370692551136,36.60578536987305,83.2052993774414,2.986423254013061,0.0,150.3314666748047,0.0,0.0013030779082328,0.0015031012007966,0.0001037786278175,0.0003124803770333,0.0016934069572016,0.0001684697926975,0.0091947801411151,0.0007482820074073,0.8066788029637386,Phù hợp,0.5,
NB74,"Luồng sông Voi Lớn, phía Nam xã Đồng Rui, Tiên Yên",2027-07-01,2027,3,oyster,2142967,461852,6.481482982635498,27.41349983215332,8.077539443969727,29.33379364013672,0.0328984446823596,,0.040995966643095,34.652076721191406,82.91797637939453,1.2645282745361328,1144.130615234375,137.0145721435547,0.3400614857673645,0.0013030779082328,0.0020004303660243,0.0001037786278175,0.0,0.0009394933003932,0.0001684697926975,0.0106137618422508,0.0003239531069993,0.8036495506995929,Phù hợp,14.75567491679049,
NB75,"Luồng sông Voi Lớn, ven bờ xã Hải Lạng, Tiên Yên",2026-07-01,2026,3,oyster,2352748,464214,5.576349258422852,27.66275978088379,8.076973915100098,27.930082321166992,0.0493931174278259,,0.0398151203989982,34.339996337890625,102.03352355957033,3.037362813949585,0.0,115.21228790283205,0.0,0.0013036195887252,0.0018678338965401,0.0001038050686474,0.0,0.0016797155840322,0.0001685166789684,0.0220733173191547,0.0006292889011092,0.8064957238305392,Phù hợp,2.81595632068397,
NB75,"Luồng sông Voi Lớn, ven bờ xã Hải Lạng, Tiên Yên",2026-10-01,2026,4,oyster,2352748,464214,6.031408309936523,24.61937141418457,8.054344177246094,29.21730613708496,0.0489330701529979,,0.0470900125801563,33.96202087402344,104.8514404296875,3.0299174785614014,0.0,116.98435974121094,0.1725295782089233,0.001308208447881,0.0020054567139595,0.0001038050686474,0.0,0.0007400866015814,0.0001685166789684,0.0096384165808558,0.0,0.7981886238432134,Phù hợp,2.81595632068397,
NB75,"Luồng sông Voi Lớn, ven bờ xã Hải Lạng, Tiên Yên",2027-01-01,2027,1,oyster,2352748,464214,6.454384326934815,21.66073989868164,7.96718168258667,27.207181930541992,0.062556117773056,,0.0391348525881767,36.108917236328125,77.5745620727539,2.37034273147583,0.0,127.8028335571289,1.814263939857483,0.0013638500822708,0.0014918966917321,0.0001037786278175,0.0,0.0014396769693121,0.0001684697926975,0.0073388335295021,0.0007635740330442,0.8208744441508358,Phù hợp,0.5,
NB75,"Luồng sông Voi Lớn, ven bờ xã Hải Lạng, Tiên Yên",2027-04-01,2027,2,oyster,2352748,464214,6.3534016609191895,26.013765335083008,7.949343204498291,26.101232528686523,0.0752338990569114,,0.0397636294364929,35.421714782714844,95.31705474853516,2.2159316539764404,385.0141906738281,136.9876251220703,0.0,0.0013030779082328,0.001722335582599,0.0001037786278175,0.0,0.001272406312637,0.0001684697926975,0.0017935396172106,6.352154741762206e-05,0.8072869122664544,Phù hợp,0.5,
NB75,"Luồng sông Voi Lớn, ven bờ xã Hải Lạng, Tiên Yên",2027-07-01,2027,3,oyster,2352748,464214,5.905418395996094,27.63824462890625,7.9771318435668945,27.61919593811035,0.0556279346346855,,0.0423860177397728,29.666358947753903,104.62874603271484,0.699329137802124,0.0,136.917724609375,0.0,0.0013075555907562,0.002046603243798,0.0001037786278175,0.0002745442616287,0.0005818624049425,0.0001684697926975,0.0322912484407424,0.0003013340756297,0.808830967619088,Phù hợp,2.81595632068397,
NB76,Khu vực cảng Mũi Chùa (cửa sông Tiên Yên),2026-07-01,2026,3,oyster,2354602,469532,5.369233131408691,27.991167068481445,7.932863235473633,27.98349571228028,0.0376937873661518,,0.0436331182718277,34.17467498779297,110.10662078857422,1.522310495376587,0.0,118.82350158691406,0.3170924782752991,0.0013036195887252,0.0018056706758216,0.0001038050686474,1.4676585124107078e-05,0.000339195219567,0.0001685166789684,0.0314663611352443,0.0002934472286142,0.804488424955589,Phù hợp,2.81595632068397,
NB76,Khu vực cảng Mũi Chùa (cửa sông Tiên Yên),2026-10-01,2026,4,oyster,2354602,469532,5.571378231048584,24.724050521850582,7.891149520874023,28.845447540283203,0.0458572134375572,,0.0462872274219989,33.673065185546875,120.8342056274414,0.0,0.0,110.99764251708984,0.0,0.001308208447881,0.0016085908282548,0.0001038050686474,0.0002120016579283,0.0006248981226235,0.0001685166789684,0.0117493914440274,0.0003684287075884,0.7985610292468952,Phù hợp,2.81595632068397,
NB76,Khu vực cảng Mũi Chùa (cửa sông Tiên Yên),2027-01-01,2027,1,oyster,2354602,469532,6.362379550933838,21.946971893310547,7.927596092224121,27.60725212097168,0.0657390058040618,,0.0388289466500282,34.310401916503906,112.9353256225586,3.1662797927856445,0.0,121.3193359375,0.0,0.0013638500822708,0.0016085942042991,0.0001037786278175,0.0,0.0010052506113424,0.0001684697926975,0.0136076621711254,0.0007257333490997,0.8037386258811112,Phù hợp,0.5,
NB76,Khu vực cảng Mũi Chùa (cửa sông Tiên Yên),2027-04-01,2027,2,oyster,2354602,469532,6.632968425750732,26.671072006225582,7.928849220275879,27.4353141784668,0.0794250071048736,,0.0440985448658466,34.7972526550293,106.57691955566406,1.3505384922027588,0.0,124.4967803955078,0.0,0.0013075555907562,0.001621009549126,0.0001037786278175,0.0043425620533525,0.0026313040871173,0.0001684697926975,0.0279976390302181,0.0008487378363497,0.7937277961163824,Phù hợp,0.5,
NB76,Khu vực cảng Mũi Chùa (cửa sông Tiên Yên),2027-07-01,2027,3,oyster,2354602,469532,6.299346923828125,27.80595588684082,8.036439895629883,27.583839416503903,0.0545772537589073,,0.0395596995949745,36.558326721191406,103.6174087524414,0.4228260517120361,738.9013061523438,138.68072509765625,0.0,0.0013075555907562,0.0014793489826843,0.0001037786278175,0.0011780165368691,0.0017987684113904,0.0001684697926975,0.017013631761074,0.0002286231756443,0.7997825516104872,Phù hợp,2.81595632068397,
NB77,"Khu vực Hòn Thạch, Đầm Hà",2026-07-01,2026,3,oyster,2349384,482845,6.36055326461792,28.4779052734375,8.192159652709961,26.993427276611328,0.0283375363796949,,0.0423153154551982,36.536434173583984,106.93354034423828,2.2693569660186768,0.0,138.40101623535156,3.3791093826293945,0.001308208447881,0.0024573917035013,0.0001038050686474,0.000413061294239,0.0008923402056097,0.0001685166789684,0.0086225643754005,0.0004012499994132,0.8129574801266127,Phù hợp,1.912872186007209,
NB77,"Khu vực Hòn Thạch, Đầm Hà",2026-10-01,2026,4,oyster,2349384,482845,7.274947166442871,25.29720115661621,8.13412094116211,27.965789794921875,0.0267536006867885,,0.0492859780788421,38.59126281738281,128.83253479003906,7.606564044952393,546.950439453125,141.42684936523438,0.4327136278152466,0.001308208447881,0.00256261928007,0.0001038050686474,0.0,0.0006352640339173,0.0001685166789684,0.0134602300822734,0.0,0.777926151474862,Phù hợp,0.5,
NB77,"Khu vực Hòn Thạch, Đầm Hà",2027-01-01,2027,1,oyster,2349384,482845,7.259082317352295,22.2250919342041,8.070457458496094,28.33029556274414,0.0353345833718776,,0.0426956936717033,32.06730651855469,125.34318542480467,9.012069702148438,317.2395324707031,129.13092041015625,1.5179558992385864,0.0013469855766743,0.0016111389268189,0.0001037786278175,0.0,0.0014663769397884,0.0001684697926975,0.0114880604669451,0.0007234010845422,0.7960365984106325,Phù hợp,0.5,
NB77,"Khu vực Hòn Thạch, Đầm Hà",2027-04-01,2027,2,oyster,2349384,482845,7.010677337646484,25.422103881835938,8.036826133728027,26.909761428833008,0.0472628474235534,,0.0357529409229755,31.94425773620605,102.1723175048828,6.74976921081543,0.0,120.86531829833984,0.0,0.0013075555907562,0.0015375663060694,0.0001037786278175,0.0,0.0013762285234406,0.0001684697926975,0.0099140014499425,0.0006264999974519,0.8139610887828017,Phù hợp,0.5,
NB77,"Khu vực Hòn Thạch, Đầm Hà",2027-07-01,2027,3,oyster,2349384,482845,6.514054298400879,28.76471519470215,8.102184295654297,26.252824783325195,0.0395550914108753,,0.0394356064498424,36.27479934692383,117.14088439941406,3.754773378372192,369.4362487792969,130.24606323242188,0.1799427270889282,0.0013030779082328,0.0021281982772052,0.0001037786278175,0.0054510538466274,0.0012913701357319,0.0001684697926975,0.0166962556540966,0.0004655270604416,0.7940313781546312,Phù hợp,0.5,
NB78,"Khu vực ven bờ xã Đầm Hà, huyện Đầm Hà (cửa sông Đầm Hà)",2026-07-01,2026,3,oyster,2157972,487264,4.570141315460205,28.76167297363281,7.653230667114258,21.058652877807617,0.0377067290246486,,0.0398554280400276,34.548587799072266,104.42440795898438,6.325613975524902,0.0,111.34434509277344,0.8535205721855164,0.0013036195887252,0.0023415414616465,0.0001038050686474,0.0,0.0002265615185024,0.0001685166789684,0.0116837192326784,0.0002162644959753,0.8073501710023591,Phù hợp,14.75567491679049,
NB78,"Khu vực ven bờ xã Đầm Hà, huyện Đầm Hà (cửa sông Đầm Hà)",2026-10-01,2026,4,oyster,2157972,487264,5.211211681365967,24.003368377685547,7.783163547515869,22.990657806396484,0.0457736812531948,,0.0416152887046337,33.87894821166992,117.6134796142578,6.597498416900635,0.0,106.96863555908205,5.255795001983643,0.001308208447881,0.001922866795212,0.0001038050686474,0.0001452329597668,0.0005746650276705,0.0001685166789684,0.008436850272119,0.0004021372878924,0.8179555033567627,Phù hợp,0.5,
NB78,"Khu vực ven bờ xã Đầm Hà, huyện Đầm Hà (cửa sông Đầm Hà)",2027-01-01,2027,1,oyster,2157972,487264,5.560286998748779,21.24848365783692,7.732248306274414,21.75942039489746,0.0684999749064445,,0.035852737724781,33.339111328125,91.53483581542967,7.224828243255615,0.0,130.35829162597656,3.481817960739136,0.0013638500822708,0.0015209052944555,0.0001037786278175,0.0003354215587023,0.0005032863700762,0.0001684697926975,0.0122647015377879,0.0007038584444671,0.8243744864652444,Phù hợp,0.5,
NB78,"Khu vực ven bờ xã Đầm Hà, huyện Đầm Hà (cửa sông Đầm Hà)",2027-04-01,2027,2,oyster,2157972,487264,5.211916923522949,27.08296012878418,7.5791521072387695,22.802091598510746,0.0749414041638374,,0.0321817398071289,31.77825927734375,86.93077087402344,5.118349075317383,0.0,117.19869995117188,2.824446439743042,0.0013030779082328,0.0018422515131533,0.0001037786278175,0.0013294123345986,0.0007709049386903,0.0001684697926975,0.0123914638534188,0.0008511677151545,0.8286102978253467,Phù hợp,0.5,
NB78,"Khu vực ven bờ xã Đầm Hà, huyện Đầm Hà (cửa sông Đầm Hà)",2027-07-01,2027,3,oyster,2157972,487264,5.270457267761231,28.47561836242676,7.604771137237549,21.772062301635746,0.0440226532518863,,0.0367396995425224,33.77307891845703,95.90605926513672,2.9693737030029297,0.0,126.36109161376952,0.0,0.0013075555907562,0.0022290658671408,0.0001037786278175,0.0028773841913789,0.001723799505271,0.0001684697926975,0.0164267271757125,0.0006397077813744,0.8154041549824222,Phù hợp,14.75567491679049,
NB79,"Khu vực cửa sông Đường Hoa, huyện Hải Hà",2026-07-01,2026,3,oyster,2361229,492995,5.417648792266846,27.970848083496094,8.111895561218262,28.358083724975582,0.0374369025230407,,0.0433869771659374,35.467994689941406,120.411376953125,6.573947429656982,0.0,105.71276092529295,0.0,0.0013036195887252,0.0025593722239136,0.0001038050686474,0.0,0.0004377937875688,0.0001685166789684,0.0310814101248979,0.0,0.7910472421535946,Phù hợp,0.5,
NB79,"Khu vực cửa sông Đường Hoa, huyện Hải Hà",2026-10-01,2026,4,oyster,2361229,492995,5.467084884643555,24.75296401977539,8.085477828979492,29.157978057861328,0.0421622730791568,,0.0421429127454757,33.95719909667969,105.5976333618164,6.506582260131836,0.0,110.52796936035156,0.0,0.001308208447881,0.001762636937201,0.0001038050686474,0.0009819675469771,0.001279070507735,0.0001685166789684,0.022587290033698,0.0003684287075884,0.7980475969841582,Phù hợp,0.5,
NB79,"Khu vực cửa sông Đường Hoa, huyện Hải Hà",2027-01-01,2027,1,oyster,2361229,492995,5.322425842285156,21.528186798095703,8.160785675048828,28.81820106506348,0.0690303295850753,,0.0426378697156906,34.34214782714844,107.93563842773438,6.858190059661865,0.0,114.89460754394533,0.0,0.0013638500822708,0.0015165456570684,0.0001037786278175,0.0009961751056835,0.0021371846087276,0.0001684697926975,0.012964442372322,0.0024287630803883,0.7920610165927447,Phù hợp,0.5,
NB79,"Khu vực cửa sông Đường Hoa, huyện Hải Hà",2027-04-01,2027,2,oyster,2361229,492995,5.407094955444336,25.54315757751465,8.067004203796387,26.716869354248047,0.0817597806453704,,0.0380884930491447,33.44336700439453,100.13111877441406,7.874186992645264,0.0,123.29681396484376,0.0,0.0013030779082328,0.0014957952080294,0.0001037786278175,0.0021863840520381,0.0016841326141729,0.0001684697926975,0.0136394631117582,0.0012956267455592,0.8012662884957822,Phù hợp,2.1653675207687035,
NB79,"Khu vực cửa sông Đường Hoa, huyện Hải Hà",2027-07-01,2027,3,oyster,2361229,492995,6.897027969360352,27.366418838500977,8.145063400268555,28.21460151672364,0.0610652416944503,,0.0350871309638023,35.5484619140625,89.56665802001953,5.892075061798096,0.0,131.58926391601562,0.71684730052948,0.0013030779082328,0.0017640779260545,0.0001037786278175,0.0003654196043498,0.0007525549153797,0.0001684697926975,0.0091774836182594,0.0007140845409594,0.8115441494229838,Phù hợp,0.5,
NB80,"Khu vực Bắc Hòn Mỹ, Hải Hà",2026-07-01,2026,3,oyster,2362684,497074,5.684202194213867,27.923133850097656,8.155058860778809,31.16920661926269,0.0470369830727577,,0.043388694524765,31.52449607849121,89.3626480102539,1.8020482063293457,4943.224609375,99.0428466796875,0.0,0.0013036195887252,0.0021530594676733,0.0001038050686474,9.903837053570896e-05,0.0004966363776475,0.0001685166789684,0.0065774866379797,0.0002285108494106,0.7564243928108365,Phù hợp,0.5,
NB80,"Khu vực Bắc Hòn Mỹ, Hải Hà",2026-10-01,2026,4,oyster,2362684,497074,34.606101989746094,25.32870483398437,8.087362289428711,29.90714263916016,0.0470585748553276,,0.0416846610605716,31.855335235595703,85.31034851074219,0.6729023456573486,0.0,125.8495864868164,0.0,0.001308208447881,0.0019386116182431,0.0001038050686474,0.0002024540590355,0.0012994114076718,0.0001685166789684,0.0210405811667442,0.0003915140114258,0.8113552831870072,Phù hợp,1.700583429297134,
NB80,"Khu vực Bắc Hòn Mỹ, Hải Hà",2027-01-01,2027,1,oyster,2362684,497074,7.388254165649414,21.05554580688477,8.141900062561035,28.723756790161133,0.0516066141426563,,0.0411656200885772,37.18559646606445,133.5452880859375,1.2058981657028198,0.0,105.1353530883789,7.536627769470215,0.0013638500822708,0.0015365889994427,0.0001037786278175,0.0008890891331247,0.0011001282837241,0.0001684697926975,0.0106545947492122,0.0006717549404129,0.8112837357442716,Phù hợp,0.5,
NB80,"Khu vực Bắc Hòn Mỹ, Hải Hà",2027-04-01,2027,2,oyster,2362684,497074,7.2232346534729,26.50579261779785,8.063353538513184,27.95035552978516,0.0682153776288032,,0.0422381199896335,35.55506896972656,122.28974151611328,2.629547119140625,0.0,143.7372283935547,3.187598705291748,0.0013030779082328,0.0017363838851451,0.0001037786278175,0.0,0.0013443733332678,0.0001684697926975,0.0115937357768416,0.000862676941324,0.8027365332709204,Phù hợp,0.5,
NB80,"Khu vực Bắc Hòn Mỹ, Hải Hà",2027-07-01,2027,3,oyster,2362684,497074,6.877409934997559,27.809314727783203,8.077418327331543,30.73461151123047,0.0465546213090419,,0.0400259830057621,37.61173248291016,128.20614624023438,1.323616862297058,0.0,123.15276336669922,2.3643956184387207,0.0013075555907562,0.00224080379121,0.0001037786278175,0.003433589125052,0.0015945959603413,0.0001684697926975,0.024775480851531,0.0008424051920883,0.7920540315124716,Phù hợp,1.700583429297134,
NB81,"Khu vực ven bờ xã Quảng Phong, Hải Hà (phía Bắc Đảo Miều)",2026-07-01,2026,3,oyster,2364428,499994,6.051370620727539,28.87362289428711,8.121221542358398,27.07788848876953,0.0407456755638122,,0.0410019494593143,37.83339309692383,115.06005096435548,0.909088969230652,0.0,139.6555938720703,1.9459420442581177,0.0013036195887252,0.0024241206701844,0.0001038050686474,0.0009616830502636,0.0007088158745318,0.0001685166789684,0.0100540816783905,0.0001556942297611,0.8051045364301543,Phù hợp,0.5,
NB81,"Khu vực ven bờ xã Quảng Phong, Hải Hà (phía Bắc Đảo Miều)",2026-10-01,2026,4,oyster,2364428,499994,6.073209762573242,24.60328865051269,8.208706855773926,29.83824348449707,0.0370879992842674,,0.0413573421537876,38.9265022277832,92.30914306640624,0.176170065999031,229.025619506836,130.20611572265625,2.8173980712890625,0.001308208447881,0.0020169529598206,0.0001038050686474,0.0001113578327931,0.0009589259861968,0.0001685166789684,0.0014172918163239,0.000370156369172,0.8105230041945433,Phù hợp,1.700583429297134,
NB81,"Khu vực ven bờ xã Quảng Phong, Hải Hà (phía Bắc Đảo Miều)",2027-01-01,2027,1,oyster,2364428,499994,6.828363418579102,22.770282745361328,8.251409530639648,28.387094497680664,0.0598964132368564,,0.0370823107659816,40.01645278930664,119.1216049194336,5.724681854248047,0.0,121.52700805664062,0.0,0.0013376420829445,0.0017032928299158,0.0001037786278175,0.000102957135823,0.0015862513100728,0.0001684697926975,0.0199144203215837,0.0006256162887439,0.791949019680134,Phù hợp,0.5,
NB81,"Khu vực ven bờ xã Quảng Phong, Hải Hà (phía Bắc Đảo Miều)",2027-04-01,2027,2,oyster,2364428,499994,7.10397481918335,26.23207092285156,8.203431129455566,26.991777420043945,0.070133663713932,,0.041025523096323,34.89337921142578,127.8008270263672,4.356523990631104,0.0,121.20706176757812,0.0,0.0013075555907562,0.0015307866269722,0.0001037786278175,0.0025855326093733,0.0016802130267024,0.0001684697926975,0.0099439546465873,0.0008032598998397,0.7918367231181711,Phù hợp,0.5,
NB81,"Khu vực ven bờ xã Quảng Phong, Hải Hà (phía Bắc Đảo Miều)",2027-07-01,2027,3,oyster,2364428,499994,6.791913986206055,28.40714263916016,8.1692476272583,27.1310977935791,0.0502660758793354,,0.0360391065478324,38.03157043457031,139.00881958007812,2.7473509311676025,0.0,119.62374877929688,3.1437108516693115,0.0013030779082328,0.002036353573203,0.0001037786278175,0.0012360671535134,0.0010409452952444,0.0001684697926975,0.0152524719014763,0.000302431959426,0.8019037975770678,Phù hợp,1.700583429297134,
NB82,"Khu bến phà Cái Chiên phía Băc đảo Cái Chiên, Hải Hà",2026-07-01,2026,3,oyster,2359689,500633,6.3635735511779785,27.79066467285156,8.125749588012695,28.692346572875977,0.0344440899789333,,0.0413919202983379,34.089385986328125,141.20315551757812,1.1423715353012085,0.0,129.130615234375,2.941056728363037,0.0013036195887252,0.0019676822703331,0.0001038050686474,0.0013791373930871,0.0011041554389521,0.0001685166789684,0.0258404482156038,0.0003468276991043,0.8003024007320672,Phù hợp,1.4898781829397998,
NB82,"Khu bến phà Cái Chiên phía Băc đảo Cái Chiên, Hải Hà",2026-10-01,2026,4,oyster,2359689,500633,8.750648498535156,24.711822509765625,8.090495109558105,29.87983703613281,0.032104704529047,,0.0386969000101089,36.26809310913086,95.0262222290039,0.972647488117218,189.9136657714844,116.1013641357422,1.0426738262176514,0.001308208447881,0.0016931492136791,0.0001038050686474,0.0006403247243724,0.0011255304561927,0.0001685166789684,0.0129006179049611,0.0005287911044433,0.8105914207214555,Phù hợp,1.4898781829397998,
NB82,"Khu bến phà Cái Chiên phía Băc đảo Cái Chiên, Hải Hà",2027-01-01,2027,1,oyster,2359689,500633,7.568305492401123,22.475141525268555,8.072587966918945,30.0828857421875,0.0474210008978843,,0.0440781489014625,36.82929229736328,120.97113800048828,4.626336574554443,0.0,115.66746520996094,0.1992929279804229,0.0013638500822708,0.0013614215422421,0.0001037786278175,0.0004288177588023,0.0015538915758952,0.0001684697926975,0.0156030459329485,0.0006421385915018,0.789872376100863,Phù hợp,1.4898781829397998,
NB82,"Khu bến phà Cái Chiên phía Băc đảo Cái Chiên, Hải Hà",2027-04-01,2027,2,oyster,2359689,500633,6.522017478942871,25.45722007751465,8.083415985107422,27.490318298339844,0.0627152323722839,,0.0418865866959095,35.537776947021484,104.51365661621094,2.982950448989868,0.0,109.22000885009766,2.658231496810913,0.0013030779082328,0.0016556311165913,0.0001037786278175,0.0,0.0023318177554756,0.0001684697926975,0.0088163623586297,0.0002435227215755,0.80960760918489,Phù hợp,1.4898781829397998,
NB82,"Khu bến phà Cái Chiên phía Băc đảo Cái Chiên, Hải Hà",2027-07-01,2027,3,oyster,2359689,500633,6.700876712799072,28.25615119934082,8.167792320251465,28.63265419006348,0.0389069318771362,,0.036812923848629,35.57554244995117,117.70103454589844,0.8363621234893799,930.1779174804688,121.98058319091795,7.3323445320129395,0.0013075555907562,0.0019749158527702,0.0001037786278175,0.0,0.0005071724881418,0.0001684697926975,0.0105956681072711,0.0003117926535196,0.8149200640674623,Phù hợp,1.4898781829397998,
NB83,"Bãi tắm Đầu Rồng- xã Cái Chiên, Hải Hà",2026-07-01,2026,3,oyster,2356931,499505,5.697940826416016,28.12031364440918,8.144169807434082,30.61727905273437,0.0350378155708313,,0.0470655895769596,32.053924560546875,98.68003845214844,2.685445070266724,0.0,107.93759155273438,0.7281455397605896,0.001308208447881,0.0023213676176965,0.0001038050686474,0.0,0.0004861114721279,0.0001685166789684,0.0151285650208592,0.0003467675123829,0.8012027813375356,Phù hợp,1.4898781829397998,
NB83,"Bãi tắm Đầu Rồng- xã Cái Chiên, Hải Hà",2026-10-01,2026,4,oyster,2356931,499505,6.493757247924805,25.37649726867676,8.15195369720459,30.9981746673584,0.0345181599259376,,0.0434043183922767,34.7681770324707,90.1502914428711,0.8902784585952759,0.0,128.39663696289062,0.0,0.001308208447881,0.0022287126630544,0.0001038050686474,0.0,0.0012658800696954,0.0001685166789684,0.0167022366076707,0.0,0.8045115781778037,Phù hợp,1.4898781829397998,
NB83,"Bãi tắm Đầu Rồng- xã Cái Chiên, Hải Hà",2027-01-01,2027,1,oyster,2356931,499505,7.111865520477295,21.69163703918457,8.133646965026855,29.831695556640625,0.0409325994551181,,0.0451585873961448,38.51927185058594,106.44063568115234,2.237529754638672,0.0,124.43470001220705,0.0,0.0013638500822708,0.0014396319165825,0.0001037786278175,0.0007491324213333,0.0015576402656733,0.0001684697926975,0.0091007500886917,0.0006498788134194,0.7951677769020555,Phù hợp,1.4898781829397998,
NB83,"Bãi tắm Đầu Rồng- xã Cái Chiên, Hải Hà",2027-04-01,2027,2,oyster,2356931,499505,6.400286674499512,25.13105583190918,8.103299140930176,29.656471252441406,0.0484988763928413,,0.0412288457155227,35.407108306884766,92.62413024902344,2.242440700531006,0.0,122.44803619384766,0.0,0.0013030779082328,0.0017711068503558,0.0001037786278175,0.0033771360758692,0.002390707610175,0.0001684697926975,0.0062408172525465,0.0004324046603869,0.8028495079659669,Phù hợp,1.4898781829397998,
NB83,"Bãi tắm Đầu Rồng- xã Cái Chiên, Hải Hà",2027-07-01,2027,3,oyster,2356931,499505,6.405481338500977,27.64319229125977,8.156164169311523,30.51506805419922,0.0366263017058372,,0.0388867072761058,35.57956314086914,82.91455078125,1.6358433961868286,0.0,142.80581665039062,1.5356593132019043,0.0013075555907562,0.0021234189625829,0.0001037786278175,0.0002888038288801,0.0005991577054373,0.0001684697926975,0.0186798684298992,0.0003648918354883,0.814075677960999,Phù hợp,1.4898781829397998,
NB84,Ven bờ phía Tây đảo Vĩnh Thực- Móng Cái,2026-07-01,2026,3,oyster,2362922,508334,6.443996906280518,28.366809844970703,8.111737251281738,28.230567932128903,0.0438049398362636,,0.038130048662424,34.723785400390625,108.7849578857422,1.4465272426605225,0.0,126.2994613647461,2.229454278945923,0.001308208447881,0.0020195259712636,0.0001038050686474,0.0006730747409164,0.001606581849046,0.0001685166789684,0.0163130592554807,0.0003517743898555,0.8118475700815443,Phù hợp,4.1760534599068535,
NB84,Ven bờ phía Tây đảo Vĩnh Thực- Móng Cái,2026-10-01,2026,4,oyster,2362922,508334,6.298725128173828,25.116191864013672,8.221416473388672,29.982810974121094,0.0424770563840866,,0.0416743718087673,38.64439392089844,96.49490356445312,0.0,0.0,122.63145446777344,2.9182703495025635,0.001308208447881,0.0018090084195137,0.0001038050686474,2.031854455708526e-05,0.0004156718496233,0.0001685166789684,0.006741052493453,0.0004096619668416,0.810739275337656,Phù hợp,4.1760534599068535,
NB84,Ven bờ phía Tây đảo Vĩnh Thực- Móng Cái,2027-01-01,2027,1,oyster,2362922,508334,6.945010662078857,22.155685424804688,8.239710807800293,26.984485626220703,0.056910902261734,,0.0383357517421245,43.50228500366211,147.62098693847656,1.1838668584823608,0.0,148.66448974609375,0.9864785075187684,0.0013388507068157,0.001596741261892,0.0001037786278175,0.0015737240901216,0.0007590692257508,0.0001684697926975,0.0154303405433893,0.0006395050440914,0.7875361504460884,Phù hợp,4.1760534599068535,
NB84,Ven bờ phía Tây đảo Vĩnh Thực- Móng Cái,2027-04-01,2027,2,oyster,2362922,508334,6.780041217803955,27.00214385986328,8.11588191986084,26.20315933227539,0.0650424137711525,,0.0391791872680187,38.97183227539063,155.84530639648438,3.001789331436157,0.0,153.8971710205078,2.100082874298096,0.0013030779082328,0.001642110873945,0.0001037786278175,0.0014068683376535,0.0011386255500838,0.0001684697926975,0.0157817918807268,0.0005401460803113,0.7923685463465949,Phù hợp,4.1760534599068535,
NB84,Ven bờ phía Tây đảo Vĩnh Thực- Móng Cái,2027-07-01,2027,3,oyster,2362922,508334,6.339308261871338,28.778493881225582,8.100577354431152,26.985530853271484,0.0450741052627563,,0.0401828326284885,36.50740432739258,114.86223602294922,0.4281940460205078,0.0,130.581298828125,5.238554000854492,0.0013075555907562,0.0018769426969811,0.0001037786278175,0.0002591654192656,0.0019366347696632,0.0001684697926975,0.0106964241713285,0.0003925493801943,0.8173717016288832,Phù hợp,4.1760534599068535,
NB85,Ven bờ xã Quảng Nghĩa -Móng Cái,2026-07-01,2026,3,oyster,2374296,507087,5.911907196044922,28.395050048828125,7.80833101272583,25.107406616210938,0.0328864865005016,,0.0425667613744735,36.37957382202149,107.07146453857422,0.5857420563697815,0.0,130.19752502441406,0.0,0.001308208447881,0.0021810051985085,0.0001038050686474,0.0006990369292907,0.0017730364343151,0.0001685166789684,0.0157954934984445,0.0003211994189769,0.809923146783699,Phù hợp,4.673283026952252,
NB85,Ven bờ xã Quảng Nghĩa -Móng Cái,2026-10-01,2026,4,oyster,2374296,507087,6.358211040496826,22.422521591186523,7.938324928283691,23.558841705322266,0.0417710654437541,,0.0432122237980365,37.14458847045898,138.88320922851562,2.850886821746826,435.3219299316406,128.08441162109375,0.0,0.001308208447881,0.0016929656267166,0.0001038050686474,0.0,0.0004231038037687,0.0001685166789684,0.0090704960748553,0.0004096619668416,0.7936147748261692,Phù hợp,4.673283026952252,
NB85,Ven bờ xã Quảng Nghĩa -Móng Cái,2027-01-01,2027,1,oyster,2374296,507087,6.789322376251221,22.40374565124512,7.93911600112915,24.227384567260746,0.0480048395693302,,0.0428738966584205,32.11410903930664,114.915771484375,3.0972421169281006,841.4996948242188,110.97786712646484,2.2954530715942383,0.0013638500822708,0.001523068989627,0.0001037786278175,0.0020709719974547,0.0004034569137729,0.0001684697926975,0.0077283699065446,0.0006686313427053,0.8057024618435834,Phù hợp,0.5,
NB85,Ven bờ xã Quảng Nghĩa -Móng Cái,2027-04-01,2027,2,oyster,2374296,507087,6.476483345031738,26.35693359375,7.865135669708252,25.68533706665039,0.0624193958938121,,0.0408609174191951,33.111515045166016,111.46624755859376,2.8915610313415527,875.949951171875,140.64193725585938,0.0466015823185443,0.0013030779082328,0.0017768116667866,0.0001037786278175,0.0022251845803111,0.0006178205949254,0.0001684697926975,0.0040122712962329,0.0006329988827928,0.7979114779790457,Phù hợp,4.673283026952252,
NB85,Ven bờ xã Quảng Nghĩa -Móng Cái,2027-07-01,2027,3,oyster,2374296,507087,6.0867838859558105,28.443981170654297,7.853835582733154,26.22773742675781,0.0465972013771534,,0.0449294447898864,32.42224884033203,97.62265014648438,2.313884019851685,533.398681640625,124.41252899169922,0.0,0.0013075555907562,0.002290220465511,0.0001037786278175,0.0,0.0010674595832824,0.0001684697926975,0.0294561199843883,0.0003459306026343,0.8022190064815133,Phù hợp,4.673283026952252,
NB86,Ven bờ phường Hải Yên - Móng Cái,2026-07-01,2026,3,oyster,2378235,515563,5.769400119781494,28.868412017822266,7.76329231262207,20.48403549194336,0.0224120635539293,,0.0431467853486537,34.52254104614258,96.84928131103516,2.6664183139801025,719.8680419921875,125.36026763916016,0.0,0.0013036195887252,0.0021688127890229,0.0001038050686474,0.0,0.0003509374218992,0.0001685166789684,0.0254911500960588,0.0002181642194045,0.8066127435525938,Phù hợp,4.673283026952252,
NB86,Ven bờ phường Hải Yên - Móng Cái,2026-10-01,2026,4,oyster,2378235,515563,5.665546417236328,24.10404586791992,7.738749027252197,22.501522064208984,0.0353614762425422,,0.0484522953629493,36.2358283996582,125.3711166381836,4.283041954040527,805.5650024414062,142.8987579345703,2.249985694885254,0.001308208447881,0.001559097203426,0.0001038050686474,0.0002259251923533,0.00153712881729,0.0001685166789684,0.0228121690452098,0.0003684287075884,0.7938228263872756,Phù hợp,4.673283026952252,
NB86,Ven bờ phường Hải Yên - Móng Cái,2027-01-01,2027,1,oyster,2378235,515563,6.441432476043701,23.20408821105957,7.7578816413879395,22.953481674194336,0.0377213284373283,,0.0433458387851715,30.86069107055664,108.33989715576172,1.0895211696624756,0.0,134.82664489746094,6.734538555145264,0.0013593723997473,0.0014069428434595,0.0001037786278175,0.0001988290314329,0.0046209278516471,0.0001684697926975,0.0075611104257404,0.0209828056395053,0.8228802141594201,Phù hợp,0.5,
NB86,Ven bờ phường Hải Yên - Móng Cái,2027-04-01,2027,2,oyster,2378235,515563,6.345367908477783,27.713024139404297,7.837573051452637,23.616771697998047,0.0398325994610786,,0.0428786426782608,37.721805572509766,102.74488067626952,3.453791379928589,282.3671875,137.7903289794922,0.2898664176464081,0.0013030779082328,0.0015190945705398,0.0001037786278175,0.0,0.0014205267652869,0.0001684697926975,0.0181596744805574,0.0002125688624801,0.8067717595386805,Phù hợp,4.673283026952252,
NB86,Ven bờ phường Hải Yên - Móng Cái,2027-07-01,2027,3,oyster,2378235,515563,5.613925933837891,28.927085876464844,7.66977596282959,22.719356536865234,0.0324530377984046,,0.0433016158640384,32.101097106933594,106.6645050048828,1.2115061283111572,0.0,119.7174301147461,0.0,0.0013030779082328,0.0016169906593859,0.0001037786278175,0.0,0.0005964748561382,0.0001684697926975,0.0025252355262637,0.0003481612657196,0.8160355813571826,Phù hợp,4.673283026952252,
NB87,Khu vực cửa sông KaLong - Móng Cái,2026-07-01,2026,3,oyster,2369213,521009,4.8703293800354,28.083635330200195,7.69485330581665,19.72794532775879,0.0344701781868934,,0.0391817614436149,33.26112747192383,74.3198013305664,4.176964282989502,0.0,117.39176940917967,5.513672828674316,0.001308208447881,0.0023595213424414,0.0001038050686474,0.0,0.0004061841173097,0.0001685166789684,0.0289509929716587,0.0002225023490609,0.8353951516650137,Phù hợp,0.5,
NB87,Khu vực cửa sông KaLong - Móng Cái,2026-10-01,2026,4,oyster,2369213,521009,5.723403930664063,22.3247013092041,7.861208915710449,24.73685836791992,0.0522526986896991,,0.0399310924112796,37.318790435791016,110.90653228759766,9.470250129699709,0.0,142.55410766601562,0.8576786518096924,0.001308208447881,0.0021022334694862,0.0001038050686474,0.000881819112692,0.0014075189828872,0.0001685166789684,0.0269430242478847,0.0003259165678173,0.8002819043422773,Phù hợp,5.136642142489586,
NB87,Khu vực cửa sông KaLong - Móng Cái,2027-01-01,2027,1,oyster,2369213,521009,5.684787273406982,20.65821647644043,7.846707820892334,26.09099578857422,0.060090996325016,,0.0379320532083511,34.766361236572266,92.42390441894533,9.568939208984377,0.0,134.4344482421875,0.0,0.0013638500822708,0.0015251928707584,0.0001037786278175,0.0008019205997698,0.0026167654432356,0.0001684697926975,0.0127215264365077,0.000573112629354,0.8077565165251382,Phù hợp,5.136642142489586,
NB87,Khu vực cửa sông KaLong - Móng Cái,2027-04-01,2027,2,oyster,2369213,521009,5.201810836791992,26.910377502441406,7.695066452026367,21.549001693725582,0.0683284252882003,,0.0348502919077873,30.61173439025879,113.01737213134766,7.677407264709473,0.0,117.22305297851562,0.7157255411148071,0.0013030779082328,0.0014597290428355,0.0001037786278175,0.0001447563117835,0.0019055424490943,0.0001684697926975,0.0154221449047327,0.0007771491073071,0.8132752835891097,Phù hợp,0.5,
NB87,Khu vực cửa sông KaLong - Móng Cái,2027-07-01,2027,3,oyster,2369213,521009,5.122286796569824,28.0445499420166,7.587737083435059,21.48314094543457,0.0386988706886768,,0.0373835079371929,32.30304336547852,108.13995361328124,3.844555377960205,0.0,122.02731323242188,5.153839588165283,0.0013030779082328,0.0018533769762143,0.0001037786278175,0.0014133943477645,0.0013931099092587,0.0001684697926975,0.0149174975231289,7.838813326088712e-05,0.8287386028842969,Phù hợp,5.136642142489586,
NB88,"Khu vực ven bờ  Núi Tổ Chim, Hải Hoà - Móng Cái ",2026-07-01,2026,3,oyster,2379574,529701,5.484776973724365,28.23457908630371,7.894233226776123,28.109479904174805,0.039595328271389,,0.04028145596385,32.77842712402344,107.20866394042967,0.1989624053239822,0.0,109.43407440185548,0.0,0.0013036195887252,0.0023103228304535,0.0001038050686474,0.0001086859483621,0.0007781482418067,0.0001685166789684,0.0203738026320934,0.0002147911145584,0.8094283604461765,Phù hợp,0.5,
NB88,"Khu vực ven bờ  Núi Tổ Chim, Hải Hoà - Móng Cái ",2026-10-01,2026,4,oyster,2379574,529701,5.796993255615234,24.17645263671875,7.945196151733398,28.059223175048828,0.0504055358469486,,0.0370667055249214,35.03074264526367,115.1581039428711,2.316089868545532,0.0,120.44351959228516,2.223130702972412,0.001308208447881,0.0018043838208541,0.0001038050686474,0.0009707001736387,0.001073783962056,0.0001685166789684,0.0139928851276636,0.0004068885464221,0.8107680577187212,Phù hợp,1.890484395598123,
NB88,"Khu vực ven bờ  Núi Tổ Chim, Hải Hoà - Móng Cái ",2027-01-01,2027,1,oyster,2379574,529701,6.217528343200684,22.357440948486328,7.920826435089111,26.73652458190918,0.0610545352101326,,0.0439754240214824,34.776268005371094,115.75642395019533,2.071206569671631,0.0,134.3331298828125,4.522074699401856,0.0013638500822708,0.0015475107356905,0.0001037786278175,0.0003089313686359,0.0014747431268915,0.0001684697926975,0.0128603307530283,0.0006952278781682,0.8119247665115832,Phù hợp,1.890484395598123,
NB88,"Khu vực ven bờ  Núi Tổ Chim, Hải Hoà - Móng Cái ",2027-04-01,2027,2,oyster,2379574,529701,6.005435943603516,26.63214492797852,7.830105304718018,26.07826232910156,0.0674953758716583,,0.0407265275716781,35.67634963989258,91.82268524169922,2.320849895477295,0.0,133.9669647216797,0.0,0.0013030779082328,0.001619842252694,0.0001037786278175,0.0012658017221838,0.0026290679816156,0.0001684697926975,0.0196745824068784,0.0009815167868509,0.8087192513249704,Phù hợp,1.890484395598123,
NB88,"Khu vực ven bờ  Núi Tổ Chim, Hải Hoà - Móng Cái ",2027-07-01,2027,3,oyster,2379574,529701,5.822165966033936,27.055810928344727,7.907161712646484,24.48251724243164,0.0480914413928985,,0.0404882654547691,37.015262603759766,94.198974609375,3.24329686164856,0.0,125.54588317871094,0.0,0.0013075555907562,0.0019381317542865,0.0001037786278175,0.0001116743806051,0.0015715446788817,0.0001684697926975,0.0151970917358994,0.0005463506095111,0.8125804485217325,Phù hợp,1.890484395598123,
NB89,Bãi tắm Trà Cổ,2026-07-01,2026,3,oyster,2375900,528808,4.618635177612305,29.02544403076172,8.120516777038574,27.034643173217773,0.0732218101620674,,0.0374348498880863,32.32244873046875,101.90743255615234,18.75381851196289,0.0,106.55206298828124,4.546078681945801,0.0013036195887252,0.0024894811213016,0.0001038050686474,0.0094352858141064,0.0017074800562113,0.0001685166789684,0.0216179639101028,0.0019525572424754,0.7868743578072981,Phù hợp,0.5,
NB89,Bãi tắm Trà Cổ,2026-10-01,2026,4,oyster,2375900,528808,5.070359230041504,25.475584030151367,8.12568187713623,29.59871482849121,0.0772664994001388,,0.0409753359854221,34.79510498046875,103.69559478759766,17.272397994995117,0.0,112.800048828125,7.633730888366699,0.001308208447881,0.0019071127753704,0.0001038050686474,0.0,0.000476796994917,0.0001685166789684,0.0112522449344396,0.0,0.8024854041689575,Phù hợp,1.890484395598123,
NB89,Bãi tắm Trà Cổ,2027-01-01,2027,1,oyster,2375900,528808,5.982064723968506,21.067407608032227,8.11144733428955,28.23322868347168,0.0775500535964965,,0.0374702848494052,31.834197998046875,100.43546295166016,14.406370162963867,0.0,113.80208587646484,4.181585788726807,0.0013638500822708,0.0012686759000644,0.0001037786278175,0.0004357163270469,0.0011849817819893,0.0001684697926975,0.0132333720102906,0.0006999791949056,0.8074564323964728,Phù hợp,1.890484395598123,
NB89,Bãi tắm Trà Cổ,2027-04-01,2027,2,oyster,2375900,528808,5.882011413574219,26.020511627197266,8.05958080291748,26.34504127502441,0.0805429890751838,,0.0354587584733963,30.63610076904297,102.55646514892578,12.437033653259276,0.0,111.983154296875,1.3097214698791504,0.0013030779082328,0.0017086155712604,0.0001037786278175,0.0077015133574604,0.0030722415540367,0.0001684697926975,0.0189974699169397,0.0021076137199997,0.7982631469222294,Phù hợp,1.890484395598123,
NB89,Bãi tắm Trà Cổ,2027-07-01,2027,3,oyster,2375900,528808,5.578841686248779,28.33641624450684,8.073095321655273,26.980693817138672,0.072147712111473,,0.0289959553629159,30.76629638671875,103.07735443115234,12.927101135253906,0.0,127.48242950439452,5.055283546447754,0.0013075555907562,0.0019072727300226,0.0001037786278175,0.00058562355116,0.001096594845876,0.0001684697926975,0.0095599023625254,0.0003694150655064,0.8216624368987635,Phù hợp,1.890484395598123,
NB90,Khu vực cảng Cô Tô,2026-07-01,2026,3,oyster,2319575,501050,5.500895023345947,28.2943172454834,8.147603988647461,32.266822814941406,0.0292317047715187,,0.0397335179150104,32.82292938232422,87.5722427368164,2.3335931301116943,0.0,99.09283447265624,0.0,0.001308208447881,0.001761358231306,0.0001038050686474,7.75256830820581e-06,0.0015483708120882,0.0001685166789684,0.0128560615703463,0.0002718173200264,0.808727779604163,Phù hợp,1.4331288323106195,
NB90,Khu vực cảng Cô Tô,2026-10-01,2026,4,oyster,2319575,501050,6.528259754180908,24.714338302612305,8.173118591308594,30.858354568481445,0.0466740392148494,,0.0434194840490818,33.114356994628906,99.78074645996094,2.0886118412017822,0.0,119.65298461914062,0.0,0.001308208447881,0.0016081895446404,0.0001038050686474,0.0002222434122813,0.0002617325808387,0.0001685166789684,0.0077986447140574,0.0004602671833708,0.8021034540856331,Phù hợp,1.4331288323106195,
NB90,Khu vực cảng Cô Tô,2027-01-01,2027,1,oyster,2319575,501050,6.742890357971191,21.443359375,8.133950233459473,31.56993103027344,0.046317733824253,,0.0426823310554027,39.36920166015625,120.76433563232422,0.8998867869377136,0.0,149.22235107421875,0.0,0.0013496461324393,0.0015300635714083,0.0001037786278175,0.0002930590999312,0.0005088216275908,0.0001684697926975,0.0155196255072951,0.0007635933579877,0.7887818469853418,Phù hợp,1.4331288323106195,
NB90,Khu vực cảng Cô Tô,2027-04-01,2027,2,oyster,2319575,501050,6.819449424743652,25.57229995727539,8.118976593017578,31.81047248840332,0.0549471974372863,,0.035482533276081,32.70484924316406,95.9756088256836,4.064688682556152,884.3740234375,120.08428192138672,5.153285503387451,0.0013030779082328,0.0016687099123373,0.0001037786278175,0.0010658325627446,0.0021343098487704,0.0001684697926975,0.0101488195359706,0.0005601893644779,0.8090941414822341,Phù hợp,1.4331288323106195,
NB90,Khu vực cảng Cô Tô,2027-07-01,2027,3,oyster,2319575,501050,6.522531032562256,28.4572811126709,8.217864990234375,31.52643775939941,0.056993693113327,,0.0448570400476455,31.59025001525879,109.98529052734376,4.326013565063477,3148.1552734375,126.26073455810548,3.8794491291046143,0.0013075555907562,0.0019107467960566,0.0001037786278175,0.0005399793735705,0.0009905026527121,0.0001684697926975,0.0140562020242214,0.0002992991067003,0.7688171534847451,Phù hợp,0.5,
NB91,"Khu vực Vụng cát 2, 3 - khu 4 thị trấn Cô Tô",2026-07-01,2026,3,oyster,2317783,498813,6.816359996795654,28.004291534423828,8.138629913330078,31.41805458068848,0.0377654172480106,,0.0422773025929927,29.83061408996582,72.72017669677734,5.382103443145752,0.0,106.5842514038086,0.0,0.001308208447881,0.002259726403281,0.0001038050686474,0.0006132719572633,0.0007664347649551,0.0001685166789684,0.0319433808326721,0.0001357752917101,0.8084310639482887,Phù hợp,1.4331288323106195,
NB91,"Khu vực Vụng cát 2, 3 - khu 4 thị trấn Cô Tô",2026-10-01,2026,4,oyster,2317783,498813,9.967790603637695,24.874914169311523,8.177536964416504,30.76081657409668,0.0306243784725666,,0.0447310656309127,37.26403045654297,92.53988647460938,2.8807289600372314,0.0,129.9150390625,0.0,0.001308208447881,0.0016174735501408,0.0001038050686474,0.0012820861302316,0.0012016710825264,0.0001685166789684,0.0169189013540744,0.0005227496149018,0.7988448022951716,Phù hợp,1.4331288323106195,
NB91,"Khu vực Vụng cát 2, 3 - khu 4 thị trấn Cô Tô",2027-01-01,2027,1,oyster,2317783,498813,7.207716941833496,21.499069213867188,8.140873908996582,31.67475891113281,0.0308537110686302,,0.0437168255448341,37.02482604980469,140.2095947265625,5.803128242492676,0.0,123.02899169921876,2.4515633583068848,0.0013638500822708,0.0014498236123472,0.0001037786278175,0.0010950403520837,0.0022064524237066,0.0001684697926975,0.0258263703435659,0.0008077800739556,0.7850743915371174,Phù hợp,1.4331288323106195,
NB91,"Khu vực Vụng cát 2, 3 - khu 4 thị trấn Cô Tô",2027-04-01,2027,2,oyster,2317783,498813,6.400420665740967,25.9802188873291,8.197096824645996,31.12735366821289,0.0430072769522666,,0.0385453552007675,34.86943054199219,90.9698715209961,7.218238830566406,0.0,111.21839904785156,0.0,0.0013030779082328,0.0014369203709065,0.0001037786278175,0.0027760369703173,0.0017251693643629,0.0001684697926975,0.0175900943577289,0.0,0.799717788395554,Phù hợp,1.4331288323106195,
NB91,"Khu vực Vụng cát 2, 3 - khu 4 thị trấn Cô Tô",2027-07-01,2027,3,oyster,2317783,498813,7.075770854949951,28.65672492980957,8.103225708007812,31.12703514099121,0.0329015925526618,,0.0409683063626289,38.698204040527344,120.22581481933594,5.4384636878967285,0.0,140.05801391601562,1.55384624004364,0.0013030779082328,0.0017654766561463,0.0001037786278175,0.0,0.0006427541957236,0.0001684697926975,0.0027553001418709,0.0001157429214799,0.7941282205664667,Phù hợp,0.5,
NB92,"Khu vực bãi tắm Hồng Vàn, xã Đồng Tiến",2026-07-01,2026,3,oyster,2323555,501698,5.502511501312256,28.52692413330078,8.133471488952637,30.663074493408203,0.0377968251705169,,0.0440525710582733,35.68949508666992,89.619140625,1.2097034454345703,0.0,113.9981460571289,0.0,0.001308208447881,0.0019207652658224,0.0001038050686474,0.0001994463964365,0.0014176603872328,0.0001685166789684,0.0193158444017171,0.0003422120062168,0.8021979769678609,Phù hợp,0.5,
NB92,"Khu vực bãi tắm Hồng Vàn, xã Đồng Tiến",2026-10-01,2026,4,oyster,2323555,501698,6.486018180847168,25.577577590942383,8.212488174438477,31.112239837646484,0.0408323258161544,,0.0353226885199546,34.57878494262695,107.09782409667967,0.3891845047473907,0.0,130.6968536376953,0.0,0.001308208447881,0.0016746232286095,0.0001038050686474,0.0,0.0003552613779902,0.0001685166789684,0.0112641314044594,0.0004060620849486,0.8079293424744426,Phù hợp,0.5,
NB92,"Khu vực bãi tắm Hồng Vàn, xã Đồng Tiến",2027-01-01,2027,1,oyster,2323555,501698,7.536809921264648,22.1623592376709,8.292963027954102,31.28293800354004,0.0516070276498794,,0.0368034392595291,40.87016296386719,121.09915924072266,1.0245893001556396,0.0,119.0308837890625,1.781480312347412,0.001338735804893,0.0016237603267654,0.0001037786278175,0.0,0.0003996119194198,0.0001684697926975,0.0182966459542512,0.0006141341873444,0.795964377335607,Phù hợp,1.549474507696077,
NB92,"Khu vực bãi tắm Hồng Vàn, xã Đồng Tiến",2027-04-01,2027,2,oyster,2323555,501698,7.021965026855469,26.78996658325196,8.173027992248535,31.392353057861328,0.0690197646617889,,0.041635476052761,39.34270858764648,120.2296142578125,2.898356676101685,0.0,146.55972290039062,0.0,0.0013075555907562,0.0016471266280859,0.0001037786278175,0.0014426108682528,0.0007966712582856,0.0001684697926975,0.0150648159906268,0.0005303875077515,0.7830311711055737,Phù hợp,1.549474507696077,
NB92,"Khu vực bãi tắm Hồng Vàn, xã Đồng Tiến",2027-07-01,2027,3,oyster,2323555,501698,7.149100303649902,27.975696563720703,8.170714378356934,30.368162155151367,0.0484888441860675,,0.042314562946558,37.3193244934082,103.81519317626952,2.1852355003356934,0.0,130.8721466064453,2.5991857051849365,0.0013075555907562,0.0020812565926462,0.0001037786278175,0.0089456010609865,0.0022007951047271,0.0001684697926975,0.0157730616629123,0.0006708876462653,0.7934622687078899,Phù hợp,1.549474507696077,
NB93,Khu vực ven bờ phía Nam xã Đồng Tiến,2026-07-01,2026,3,oyster,2321580,498778,6.96348237991333,27.8408432006836,8.210451126098633,31.32339096069336,0.040949210524559,,0.0420991294085979,32.444705963134766,82.43222045898438,3.9286699295043945,0.0,119.824462890625,0.0,0.0013036195887252,0.0020679931621998,0.0001038050686474,0.0,0.0008003642433322,0.0001685166789684,0.0163676291704177,0.0002173435059376,0.8060319149332388,Phù hợp,1.5150914988871134,
NB93,Khu vực ven bờ phía Nam xã Đồng Tiến,2026-10-01,2026,4,oyster,2321580,498778,7.877695560455322,25.050689697265625,8.114788055419922,30.6394157409668,0.0338290557265281,,0.0463761687278747,41.19454574584961,126.2761688232422,1.5074241161346436,0.0,128.26779174804688,0.0,0.001308208447881,0.0017780114430934,0.0001038050686474,0.0005839539808221,0.0008856785716488,0.0001685166789684,0.009575743228197,0.0005443633999675,0.7845972252398916,Phù hợp,0.5,
NB93,Khu vực ven bờ phía Nam xã Đồng Tiến,2027-01-01,2027,1,oyster,2321580,498778,7.918156147003174,21.2089786529541,8.107156753540039,31.69435310363769,0.0459787100553512,,0.0412921607494354,39.5890998840332,119.91860961914062,1.5116100311279297,0.0,125.31358337402344,0.2151040881872177,0.0013638500822708,0.0016707644099369,0.0001037786278175,0.0,0.0013092337176203,0.0001684697926975,0.0135198030620813,0.0005233110277913,0.7901894091948289,Phù hợp,1.5150914988871134,
NB93,Khu vực ven bờ phía Nam xã Đồng Tiến,2027-04-01,2027,2,oyster,2321580,498778,7.0095295906066895,26.122926712036133,8.134160995483398,30.67910957336425,0.0698616877198219,,0.0418365076184272,35.61739730834961,102.92372131347656,3.5978147983551025,0.0,125.8076400756836,0.0,0.0013075555907562,0.0015422881115227,0.0001037786278175,0.0028282878920435,0.0018545234343037,0.0001684697926975,0.0181724093854427,0.0007841997430659,0.7913279996339743,Phù hợp,0.5,
NB93,Khu vực ven bờ phía Nam xã Đồng Tiến,2027-07-01,2027,3,oyster,2321580,498778,7.043426513671875,27.9610538482666,8.103625297546387,31.26937866210937,0.0398198924958705,,0.0407835766673088,41.253814697265625,105.95233917236328,2.378793239593506,0.0,140.70896911621094,1.410203456878662,0.0013030779082328,0.0017815248575061,0.0001037786278175,0.0019114128081128,0.0012084951158612,0.0001684697926975,0.007805838715285,0.0004012806166429,0.7962074256861857,Phù hợp,1.5150914988871134,
NB94,Khu vực phía Bắc đảo Cô Tô con,2026-07-01,2026,3,oyster,2328260,501917,5.78960657119751,28.451229095458984,8.180032730102539,31.64103507995605,0.0495584532618522,,0.040947537869215,30.054670333862305,101.7363510131836,4.469630241394043,541.7152709960938,102.08968353271484,0.6340885758399963,0.001308208447881,0.0025981478393077,0.0001038050686474,0.0012912291567772,0.000661859230604,0.0001685166789684,0.0327577702701091,0.0001497027260484,0.7918906492939535,Phù hợp,0.574467144404273,
NB94,Khu vực phía Bắc đảo Cô Tô con,2026-10-01,2026,4,oyster,2328260,501917,6.481588363647461,25.11248016357422,8.210454940795898,30.762264251708984,0.0477731637656688,,0.0465213395655155,30.571502685546875,93.06039428710938,1.4497498273849487,22.411680221557617,109.78823852539062,0.0,0.001308208447881,0.0021434533409774,0.0001038050686474,0.0,0.0011803384404629,0.0001685166789684,0.0109515748918056,3.3858170354506e-05,0.802527300450212,Phù hợp,0.574467144404273,
NB94,Khu vực phía Bắc đảo Cô Tô con,2027-01-01,2027,1,oyster,2328260,501917,7.080663204193115,22.43564987182617,8.222036361694336,31.285558700561523,0.0538859143853187,,0.0459270849823951,40.03305435180664,116.8826675415039,0.8457370400428772,0.0,140.73541259765625,0.0,0.0013638500822708,0.0015441320138052,0.0001037786278175,1.734457691782154e-05,0.0012728340225294,0.0001684697926975,0.0052138441242277,0.0006219287752173,0.786121971181375,Phù hợp,0.5,
NB94,Khu vực phía Bắc đảo Cô Tô con,2027-04-01,2027,2,oyster,2328260,501917,6.589069843292236,26.30282020568848,8.269742965698242,31.06512451171875,0.0679786726832389,,0.0440361611545085,40.54429244995117,118.88990020751952,4.966686725616455,0.0,126.15990447998048,0.0,0.0013030779082328,0.0015738937072455,0.0001037786278175,0.0,0.0009959172457456,0.0001684697926975,0.0173682123422622,0.0005316932802088,0.7793777752734454,Phù hợp,0.574467144404273,
NB94,Khu vực phía Bắc đảo Cô Tô con,2027-07-01,2027,3,oyster,2328260,501917,6.129401683807373,28.185659408569336,8.24277114868164,31.193153381347656,0.0480702742934227,,0.0373965986073017,34.56382369995117,102.2624282836914,3.441176652908325,0.0,120.06355285644533,0.0,0.0013030779082328,0.0021898164413869,0.0001037786278175,0.0063840141519904,0.0020604156889021,0.0001684697926975,0.0153188845142722,0.000321012805216,0.7940851825640379,Phù hợp,0.574467144404273,
NB95,Khu vực phía Nam đảo Cô Tô con,2026-07-01,2026,3,oyster,2326638,502012,5.987226963043213,28.83645820617676,8.22587776184082,30.7482967376709,0.0324686542153358,,0.0426255799829959,31.922637939453125,112.48733520507812,5.685140609741211,1168.9920654296875,122.3155288696289,0.0,0.001308208447881,0.0023025092668831,0.0001038050686474,0.0,0.0002064456930384,0.0001685166789684,0.0179691296070814,0.0002575946273282,0.7829159114639037,Phù hợp,0.6418716772065893,
NB95,Khu vực phía Nam đảo Cô Tô con,2026-10-01,2026,4,oyster,2326638,502012,6.318111896514893,25.30279922485352,8.152409553527832,30.371315002441406,0.0360732562839984,,0.0447398647665977,36.16139221191406,93.18634033203124,3.8556394577026367,0.0,124.23926544189452,0.0,0.001308208447881,0.001912060775794,0.0001038050686474,0.0003724900307133,0.0010786355705931,0.0001685166789684,0.0219879504293203,0.000368193781469,0.7985504093693294,Phù hợp,0.6418716772065893,
NB95,Khu vực phía Nam đảo Cô Tô con,2027-01-01,2027,1,oyster,2326638,502012,30.80615997314453,21.887039184570312,8.091666221618652,31.982608795166016,0.0331836156547069,,0.0439068712294101,34.801300048828125,98.26787567138672,1.5378215312957764,0.0,121.83319091796876,2.3089044094085693,0.0013638500822708,0.001544201397337,0.0001037786278175,0.0011314037255942,0.00147129164543,0.0001684697926975,0.0161038897931575,0.0006626963731832,0.805256907321905,Phù hợp,0.5,
NB95,Khu vực phía Nam đảo Cô Tô con,2027-04-01,2027,2,oyster,2326638,502012,6.813562870025635,26.0421142578125,8.058659553527832,31.49820327758789,0.0529044233262538,,0.0390700735151767,33.35354995727539,123.76448059082033,4.2601704597473145,0.0,111.23631286621094,0.0,0.0013030779082328,0.0015626673121005,0.0001037786278175,0.0013508273987099,0.0023893495090305,0.0001684697926975,0.0121066123247146,0.0007760535809211,0.7923146106054428,Phù hợp,0.5,
NB95,Khu vực phía Nam đảo Cô Tô con,2027-07-01,2027,3,oyster,2326638,502012,6.847437858581543,27.85295295715332,8.142752647399902,31.64078712463379,0.0458753891289234,,0.0446673445403575,36.95669937133789,114.75048828125,3.3046252727508545,0.0,127.69271087646484,0.0,0.0013030779082328,0.0021447089966386,0.0001037786278175,0.001808880479075,0.0017784789670258,0.0001684697926975,0.0126579189673066,0.0006466239574365,0.7856843001164229,Phù hợp,0.6418716772065893,
NB96,Khu vực phía Đông đảo Cô Tô con,2026-07-01,2026,3,oyster,2327640,503181,6.115218639373779,28.702392578125,8.189730644226074,31.41446685791016,0.0298788379877805,,0.0425753742456436,37.8254280090332,115.1736297607422,1.0582489967346191,0.0,126.70915985107422,0.0,0.001308208447881,0.0018855805974453,0.0001038050686474,0.0004514629836194,0.0005907363374717,0.0001685166789684,0.0128515744581818,0.0003193957963958,0.7930249670294225,Phù hợp,0.7039346560583589,
NB96,Khu vực phía Đông đảo Cô Tô con,2026-10-01,2026,4,oyster,2327640,503181,7.503597259521484,25.697460174560547,8.212483406066895,30.48641014099121,0.0379030369222164,,0.048445176333189,39.22023010253906,104.57923126220705,1.82517671585083,607.7010498046875,130.0116729736328,0.0,0.001308208447881,0.0023150227498263,0.0001038050686474,0.0002260389301227,0.0010547921992838,0.0001685166789684,0.011744319461286,0.0003154027508571,0.7832272321711342,Phù hợp,0.5,
NB96,Khu vực phía Đông đảo Cô Tô con,2027-01-01,2027,1,oyster,2327640,503181,8.130008697509766,22.77916145324707,8.229774475097656,30.285261154174805,0.0440802983939647,,0.0498027093708515,42.31259536743164,109.42825317382812,3.193969249725342,0.0,127.53965759277344,0.0,0.0013496461324393,0.0017583728767931,0.0001037786278175,0.0010611717589199,0.0014728484675288,0.0001684697926975,0.032130941748619,0.000672273337841,0.7793506665531744,Phù hợp,0.5,
NB96,Khu vực phía Đông đảo Cô Tô con,2027-04-01,2027,2,oyster,2327640,503181,7.110334873199463,26.13438415527344,8.198554992675781,29.618282318115234,0.0583735592663288,,0.0405559204518795,39.49628448486328,142.439697265625,4.284651756286621,0.0,137.1622314453125,0.0,0.0013075555907562,0.0015450820792466,0.0001037786278175,0.0,0.001145044574514,0.0001684697926975,0.0087673040106892,0.0004547481366898,0.7826086598139996,Phù hợp,0.7039346560583589,
NB96,Khu vực phía Đông đảo Cô Tô con,2027-07-01,2027,3,oyster,2327640,503181,7.52557373046875,28.400224685668945,8.185277938842773,31.434101104736328,0.0437735766172409,,0.0421997718513011,39.98984146118164,109.10659790039062,2.492163896560669,0.0,131.3947296142578,0.8153155446052551,0.0013030779082328,0.0023317413870245,0.0001037786278175,0.0,0.0007937565096653,0.0001684697926975,0.014428867958486,0.0003925915225408,0.7911713832976018,Phù hợp,0.7039346560583589,
NB97,Khu vực phía Tây  đảo Cô Tô con,2026-07-01,2026,3,oyster,2327497,501058,5.35006046295166,28.273054122924805,8.142213821411133,31.36232566833496,0.038986463099718,,0.0418080575764179,29.612150192260746,98.30441284179688,4.3784379959106445,2337.281005859375,100.63623046875,0.0,0.001308208447881,0.0020958541426807,0.0001038050686474,0.0007007464882917,0.0009567222441546,0.0001685166789684,0.0096841538324952,0.0004132959875278,0.7799889637024822,Phù hợp,0.574467144404273,
NB97,Khu vực phía Tây  đảo Cô Tô con,2026-10-01,2026,4,oyster,2327497,501058,7.033348560333252,24.984027862548828,8.252379417419434,30.6782341003418,0.0496318005025386,,0.0494899488985538,32.96347427368164,77.9939193725586,3.459358930587769,0.0,118.6920166015625,0.0,0.001308208447881,0.0022186122369021,0.0001038050686474,0.0001493228919571,0.0006253327592276,0.0001685166789684,0.0192912723869085,0.0002730121195781,0.7988476296316789,Phù hợp,0.574467144404273,
NB97,Khu vực phía Tây  đảo Cô Tô con,2027-01-01,2027,1,oyster,2327497,501058,32.48549270629883,21.407480239868164,8.27868366241455,31.702407836914062,0.0420980080962181,,0.044777937233448,42.10369491577149,133.85365295410156,3.019930362701416,0.0,125.0811767578125,2.4373819828033447,0.0013638500822708,0.0015406128950417,0.0001037786278175,0.0,0.0016166541026905,0.0001684697926975,0.0141872139647603,0.0007178278174251,0.7832345528577805,Phù hợp,0.5,
NB97,Khu vực phía Tây  đảo Cô Tô con,2027-04-01,2027,2,oyster,2327497,501058,6.824479579925537,25.834997177124023,8.186076164245605,31.61560821533203,0.0541999079287052,,0.0406552590429782,37.57759475708008,138.91085815429688,5.927234649658203,0.0,115.1590805053711,0.6221280694007874,0.0013030779082328,0.0014765172963961,0.0001037786278175,0.0,0.0015869723865762,0.0001684697926975,0.0070749707520008,0.0005678472225554,0.7824718300024247,Phù hợp,0.574467144404273,
NB97,Khu vực phía Tây  đảo Cô Tô con,2027-07-01,2027,3,oyster,2327497,501058,6.160910129547119,28.46064567565918,8.201290130615234,31.844467163085938,0.044826753437519,,0.0380529873073101,33.00236892700195,91.60099029541016,3.504445791244507,0.0,119.24581909179688,0.2261820435523986,0.0013030779082328,0.0022656780201941,0.0001037786278175,0.0037670885212719,0.0010272141080349,0.0001684697926975,0.0171129256486892,0.0002234791172668,0.8006073507829724,Phù hợp,0.574467144404273,
NB98,Khu vực cảng Thanh Lân,2026-07-01,2026,3,oyster,2323023,505543,5.499215602874756,28.94711875915528,8.152734756469727,31.51296043395996,0.035053726285696,,0.0397631749510765,30.05035781860352,95.69587707519533,2.5636849403381348,0.0,100.49752044677734,0.0,0.001308208447881,0.0020934918429702,0.0001038050686474,6.478720024460927e-06,0.0005442238762043,0.0001685166789684,0.018142094835639,0.0002928276953753,0.806755195803033,Phù hợp,0.5,
NB98,Khu vực cảng Thanh Lân,2026-10-01,2026,4,oyster,2323023,505543,6.231964111328125,24.67119026184082,8.179741859436035,31.19181060791016,0.0424867495894432,,0.0430766604840755,31.658445358276367,85.98898315429688,0.7513224482536316,0.0,114.42330932617188,0.0,0.001308208447881,0.0018188608810305,0.0001038050686474,0.0005276053561829,0.0012572956038638,0.0001685166789684,0.0118496716022491,0.0003978078020736,0.8083715031759382,Phù hợp,0.5,
NB98,Khu vực cảng Thanh Lân,2027-01-01,2027,1,oyster,2323023,505543,7.614132404327393,22.075666427612305,8.192749977111816,31.253995895385746,0.045644074678421,,0.0389365814626216,39.074989318847656,121.49065399169922,2.23451566696167,0.0,116.8590087890625,2.573899269104004,0.0013638500822708,0.0015985711943358,0.0001037786278175,0.0014181579463183,0.0013619976816698,0.0001684697926975,0.0069508906453847,0.0007276724791154,0.7974145405221152,Phù hợp,0.5,
NB98,Khu vực cảng Thanh Lân,2027-04-01,2027,2,oyster,2323023,505543,6.68389892578125,25.535812377929688,8.164422988891602,31.561771392822266,0.0619177483022213,,0.0427412763237953,39.37729644775391,134.01246643066406,3.606359004974365,0.0,126.26087188720705,0.0,0.0013030779082328,0.0017331286799162,0.0001037786278175,0.0,0.001505256164819,0.0001684697926975,0.0069057024084031,0.0006554182618856,0.779293204916723,Phù hợp,0.5,
NB98,Khu vực cảng Thanh Lân,2027-07-01,2027,3,oyster,2323023,505543,7.151303768157959,28.30130195617676,8.136720657348633,32.1970329284668,0.0438856072723865,,0.0359983146190643,31.119274139404297,92.8031768798828,2.741882801055908,0.0,118.78998565673828,0.0,0.0013075555907562,0.0024573553819209,0.0001037786278175,0.0004603498382493,0.0006839641137048,0.0001684697926975,0.0122298719361424,0.0002780739159788,0.8078534519141195,Phù hợp,0.5,
NB99,Khu vực nuôi nhuyễn thể phía Đông Nam đảo Thanh Lân,2026-07-01,2026,3,oyster,2321546,505635,7.029850959777832,29.074705123901367,8.132044792175293,31.719518661499023,0.0286444202065467,,0.0491835363209247,37.59440231323242,105.05193328857422,5.293778419494629,2195.041748046875,130.6132354736328,6.8484320640563965,0.001308208447881,0.0025328870397061,0.0001038050686474,0.0004770759260281,0.0007078989874571,0.0001685166789684,0.0141075542196631,0.0003939393500331,0.778412148700655,Phù hợp,0.5,
NB99,Khu vực nuôi nhuyễn thể phía Đông Nam đảo Thanh Lân,2026-10-01,2026,4,oyster,2321546,505635,13.04882526397705,26.09230613708496,8.164254188537598,30.929561614990234,0.0355837494134902,,0.0511985793709754,38.67105865478516,99.45198059082033,5.644705772399902,2883.121337890625,135.82748413085938,0.0,0.001308208447881,0.0023970557376742,0.0001038050686474,0.0004213052161503,0.001453329110518,0.0001685166789684,0.0098588457331061,0.0,0.7570048749162693,Phù hợp,0.5,
NB99,Khu vực nuôi nhuyễn thể phía Đông Nam đảo Thanh Lân,2027-01-01,2027,1,oyster,2321546,505635,33.278228759765625,22.29876708984375,8.174527168273926,30.89979362487793,0.0330050289630889,,0.0476766638457775,39.60343933105469,101.11495208740234,5.348821640014648,733.8370361328125,133.38119506835938,0.0,0.0013638500822708,0.0017422378296032,0.0001037786278175,0.0001768690272001,0.0013406163780018,0.0001684697926975,0.0050363969057798,0.0005738841718994,0.7821351001542866,Phù hợp,0.5,
NB99,Khu vực nuôi nhuyễn thể phía Đông Nam đảo Thanh Lân,2027-04-01,2027,2,oyster,2321546,505635,8.354562759399414,24.19437599182129,8.194905281066895,30.55257034301757,0.0399999618530273,,0.045006688684225,38.39324951171875,85.12976837158203,6.043097019195557,325.4489440917969,119.38790893554688,0.0,0.0013075555907562,0.0015803683781996,0.0001037786278175,0.0,0.0009648710838519,0.0001684697926975,0.0134566025808453,0.000476185203297,0.7940449816005843,Phù hợp,0.5,
NB99,Khu vực nuôi nhuyễn thể phía Đông Nam đảo Thanh Lân,2027-07-01,2027,3,oyster,2321546,505635,7.388437747955322,28.33060646057129,8.12669849395752,31.32089614868164,0.0307253897190094,,0.0436228141188621,40.87541580200195,124.9894790649414,4.842405796051025,0.0,129.85423278808594,0.0,0.0013030779082328,0.0021157618612051,0.0001037786278175,0.0039350613951683,0.0021283184178173,0.0001684697926975,0.0222609099000692,0.0005295424489304,0.7774910570098063,Phù hợp,0.5,
NB1,Luồng vào cảng Cái Lân tại cầu Bãi Cháy,2026-07-01,2026,3,oyster,2318587,428692,6.03412675857544,27.40640449523925,8.089384078979492,29.37174797058105,0.0340758115053176,,0.0432401448488235,35.654335021972656,78.0431137084961,6.482358455657959,0.0,126.0044403076172,1.840251445770264,0.001308208447881,0.0023490954190492,0.0001038050686474,0.0048240544274449,0.0006826146272942,0.0001685166789684,0.0149641800671815,0.0003948076628148,0.8055487133706178,Phù hợp,0.3311740478962686,0.3311740478962686
NB1,Luồng vào cảng Cái Lân tại cầu Bãi Cháy,2026-10-01,2026,4,oyster,2318587,428692,7.195295810699463,23.813995361328125,8.118185997009277,30.635648727416992,0.0293731912970542,,0.0362926945090293,33.67791748046875,97.82573699951172,6.6907639503479,576.1126708984375,120.71481323242188,0.3603563010692596,0.001308208447881,0.0018853975925594,0.0001038050686474,0.0,0.0012319962261244,0.0001685166789684,0.0038564461283385,0.000374782946892,0.8032517993019773,Phù hợp,0.3311740478962686,0.3311740478962686
NB1,Luồng vào cảng Cái Lân tại cầu Bãi Cháy,2027-01-01,2027,1,oyster,2318587,428692,6.94443416595459,19.117780685424805,8.144658088684082,31.09220123291016,0.0405058488249778,,0.0486987605690956,35.109745025634766,128.75613403320312,10.658772468566896,0.0,141.61642456054688,3.0761022567749023,0.0013376420829445,0.001581294927746,0.0001037786278175,8.090947812888771e-05,0.0011114114895462,0.0001684697926975,0.0145005751401185,0.0005145288305357,0.7821098090698598,Phù hợp,0.3311740478962686,0.3311740478962686
NB1,Luồng vào cảng Cái Lân tại cầu Bãi Cháy,2027-04-01,2027,2,oyster,2318587,428692,6.54229211807251,24.969480514526367,8.030052185058594,30.63745307922364,0.046128187328577,,0.0376258864998817,29.41473388671875,84.50331115722656,5.264924049377441,0.0,108.85562896728516,1.3933943510055542,0.0013030779082328,0.0015465923352167,0.0001037786278175,0.0,0.0013160108355805,0.0001684697926975,0.0099343946203589,0.0005479580140672,0.8182836906361279,Phù hợp,0.3311740478962686,0.3311740478962686
NB1,Luồng vào cảng Cái Lân tại cầu Bãi Cháy,2027-07-01,2027,3,oyster,2318587,428692,6.414480686187744,27.215648651123047,8.125618934631348,30.6680908203125,0.0310715120285749,,0.0368338786065578,34.1502571105957,86.06623840332031,4.462451934814453,0.0,124.33695220947266,3.975998640060425,0.0013030779082328,0.0021986328065395,0.0001037786278175,0.0004735663824249,0.0007737803389318,0.0001684697926975,0.0101271467283368,0.0002878978848457,0.8210717055276466,Phù hợp,0.3311740478962686,0.3311740478962686
