Station,Station_Name,X,Y,year,quarter,species,DO,Temperature,pH,Salinity,NH3,PO4,BOD5,COD,TSS,Coliform,Alkalinity,Transparency,CN,As,Cd,Pb,Cu,Hg,Zn,Total_Cr,H2S
NB3,Cảng Cái Lân- vịnh Cửa Lục,2320268,427607,2025,1,cobia,6.508634567260742,20.32448387145996,8.15195369720459,30.34610366821289,0.0404907464981079,0.0170945655554533,35.57597351074219,62.74215698242188,4.197604656219482,0.0,125.64364624023438,0.0,,,,,,,,,
NB3,Cảng Cái Lân- vịnh Cửa Lục,2320268,427607,2025,2,cobia,6.1884074211120605,25.117525100708008,8.184518814086914,30.20352363586425,0.0457193255424499,0.0159892458468675,33.64934539794922,73.99159240722656,2.444859266281128,0.0,123.16292572021484,1.7478238344192505,,,,,,,,,
NB3,Cảng Cái Lân- vịnh Cửa Lục,2320268,427607,2025,3,cobia,5.677357196807861,26.748071670532227,8.194555282592773,30.04117584228516,0.031351413577795,0.0241538193076849,36.00191879272461,82.47220611572266,1.4016342163085938,0.0,129.15823364257812,0.0,,,,,,,,,
NB3,Cảng Cái Lân- vịnh Cửa Lục,2320268,427607,2025,4,cobia,5.907381057739258,24.61306571960449,8.180963516235352,30.80472183227539,0.0257236156612634,0.017078598961234,39.216068267822266,95.00755310058594,2.040571451187134,0.0,131.13003540039062,0.0536771826446056,,,,,,,,,
NB3,Cảng Cái Lân- vịnh Cửa Lục,2320268,427607,2026,1,cobia,6.511907577514648,20.75350570678711,8.237408638000488,32.01126480102539,0.0431546345353126,0.0207385830581188,32.439422607421875,66.56177520751953,2.6079986095428467,459.4632873535156,118.1308135986328,0.0,,,,,,,,,
NB3,Cảng Cái Lân- vịnh Cửa Lục,2320268,427607,2026,2,cobia,5.8032097816467285,26.914072036743164,8.277846336364746,32.02142333984375,0.0607161335647106,0.023037439212203,31.91851234436035,81.72454071044922,3.875680446624756,0.0,115.85780334472656,0.0,,,,,,,,,
NB3,Cảng Cái Lân- vịnh Cửa Lục,2320268,427607,2026,3,cobia,6.286580562591553,27.41926383972168,8.229969024658203,31.21129035949707,0.0567616261541843,0.0458474829792976,37.51588821411133,87.0481948852539,2.4585423469543457,0.0,149.414306640625,0.0,,,,,,,,,
NB3,Cảng Cái Lân- vịnh Cửa Lục,2320268,427607,2026,4,cobia,6.779633045196533,24.52973747253418,8.22402286529541,31.507709503173828,0.0621935166418552,0.0330374576151371,37.83485412597656,89.08548736572266,2.573437213897705,0.0,120.1069107055664,0.0,,,,,,,,,
NB4,Khu Hòn Gạc- vịnh Cửa Lục,2320452,429685,2025,1,cobia,6.279207229614258,18.82832145690918,8.133742332458496,30.128353118896484,0.0531161054968833,0.0138039160519838,32.09942626953125,41.65462493896485,6.17793083190918,0.0,106.44285583496094,0.0,,,,,,,,,
NB4,Khu Hòn Gạc- vịnh Cửa Lục,2320452,429685,2025,2,cobia,6.508035182952881,25.33781814575196,8.217053413391113,29.527734756469727,0.066518135368824,0.0198978036642074,35.21902084350586,76.29377746582031,6.275819301605225,0.0,126.77838897705078,1.211227536201477,,,,,,,,,
NB4,Khu Hòn Gạc- vịnh Cửa Lục,2320452,429685,2025,3,cobia,6.762092590332031,26.80422592163086,8.256278038024902,30.158069610595703,0.0455834567546844,0.0362818203866481,39.33767318725586,84.26416015625,6.795533180236816,0.0,131.90658569335938,0.0,,,,,,,,,
NB4,Khu Hòn Gạc- vịnh Cửa Lục,2320452,429685,2025,4,cobia,5.930549144744873,24.09987449645996,8.197028160095215,30.07569694519043,0.0394946187734603,0.0184193365275859,35.014610290527344,81.51541900634766,6.821585655212402,0.0,123.1045150756836,0.0,,,,,,,,,
NB4,Khu Hòn Gạc- vịnh Cửa Lục,2320452,429685,2026,1,cobia,7.596078872680664,18.987728118896484,8.281933784484863,31.368837356567383,0.0479925870895385,0.0178666356950998,33.99110412597656,79.27432250976562,5.812102794647217,0.0,135.94937133789062,1.895646452903748,,,,,,,,,
NB4,Khu Hòn Gạc- vịnh Cửa Lục,2320452,429685,2026,2,cobia,7.210908889770508,25.59233283996582,8.389771461486816,31.21411323547364,0.0604374706745147,0.0247156489640474,39.64612579345703,120.26428985595705,4.71854305267334,0.0,132.7478485107422,1.6572149991989136,,,,,,,,,
NB4,Khu Hòn Gạc- vịnh Cửa Lục,2320452,429685,2026,3,cobia,6.650521278381348,28.61266326904297,8.222794532775879,31.241743087768555,0.0417497009038925,0.0386456288397312,45.5175895690918,156.45999145507812,4.053323745727539,0.0,144.0758056640625,0.0,,,,,,,,,
NB4,Khu Hòn Gạc- vịnh Cửa Lục,2320452,429685,2026,4,cobia,8.323859214782715,24.341203689575195,8.25645923614502,30.720848083496094,0.0485749989748001,0.0258757695555686,34.5266227722168,104.05372619628906,4.644712448120117,171.60081481933594,129.56109619140625,2.5121591091156006,,,,,,,,,
NB1,Luồng vào cảng Cái Lân tại cầu Bãi Cháy,2318587,428692,2025,1,cobia,6.245742321014404,18.710756301879883,8.172661781311035,31.011444091796875,0.0488692559301853,0.0193032436072826,33.34047317504883,60.58135223388672,5.49751615524292,0.0,122.6659164428711,0.0,,,,,,,,,
NB1,Luồng vào cảng Cái Lân tại cầu Bãi Cháy,2318587,428692,2025,2,cobia,6.481887340545654,25.02451705932617,8.280462265014648,30.74234771728516,0.0658378154039383,0.0161702167242765,34.00441360473633,56.40984725952149,5.95722770690918,0.0,130.57940673828125,1.95429003238678,,,,,,,,,
NB1,Luồng vào cảng Cái Lân tại cầu Bãi Cháy,2318587,428692,2025,3,cobia,6.001182556152344,26.48269271850586,8.21136474609375,30.627460479736328,0.0443701110780239,0.0299116838723421,38.94066619873047,88.78009033203125,5.17867374420166,0.0,131.1721649169922,1.4357789754867554,,,,,,,,,
NB1,Luồng vào cảng Cái Lân tại cầu Bãi Cháy,2318587,428692,2025,4,cobia,6.4810566902160645,23.90827178955078,8.230026245117188,30.24809837341309,0.034337118268013,0.0215072259306907,39.68899917602539,85.0972671508789,4.091334819793701,0.0,130.07821655273438,0.4819927811622619,,,,,,,,,
NB1,Luồng vào cảng Cái Lân tại cầu Bãi Cháy,2318587,428692,2026,1,cobia,7.504186630249023,19.08295249938965,8.24927043914795,31.8042106628418,0.0438745245337486,0.0260918512940406,35.49148178100586,92.2966766357422,3.784267663955689,0.0,125.29725646972656,4.342403411865234,,,,,,,,,
NB1,Luồng vào cảng Cái Lân tại cầu Bãi Cháy,2318587,428692,2026,2,cobia,6.4117584228515625,27.754457473754883,8.281417846679688,31.45549774169922,0.0551313422620296,0.0322476215660572,36.31550216674805,102.4024429321289,2.978375196456909,0.0,110.2794418334961,4.1525187492370605,,,,,,,,,
NB1,Luồng vào cảng Cái Lân tại cầu Bãi Cháy,2318587,428692,2026,3,cobia,6.082108974456787,27.875144958496094,8.16908073425293,30.857925415039062,0.0436781235039234,0.0450579151511192,40.86963653564453,125.48461151123048,1.917973637580872,632.6392211914062,137.92950439453125,1.8673521280288696,,,,,,,,,
NB1,Luồng vào cảng Cái Lân tại cầu Bãi Cháy,2318587,428692,2026,4,cobia,7.344650745391846,25.82713508605957,8.239338874816895,31.06498908996582,0.0485289059579372,0.0386370792984962,34.86687469482422,96.79283905029295,1.700289249420166,90.99060821533205,118.2714385986328,1.909282684326172,,,,,,,,,
NB2,Cảng B12- vịnh Cửa Lục,2319163,428365,2025,1,cobia,6.042782306671143,20.644433975219727,8.12333869934082,30.081642150878903,0.0293687805533409,0.0211294423788785,33.99764633178711,52.64515686035156,6.107682704925537,0.0,129.65065002441406,0.0,,,,,,,,,
NB2,Cảng B12- vịnh Cửa Lục,2319163,428365,2025,2,cobia,5.817184925079346,24.97858428955078,8.14001750946045,29.52547836303711,0.0377566888928413,0.0202533118426799,34.88563537597656,56.25872039794922,4.440673828125,476.4675903320313,131.01966857910156,0.2006461173295974,,,,,,,,,
NB2,Cảng B12- vịnh Cửa Lục,2319163,428365,2025,3,cobia,6.073469638824463,27.088512420654297,8.212996482849121,29.17780303955078,0.0336537435650825,0.0298826545476913,37.21271514892578,90.70098876953124,3.1998627185821533,200.38882446289065,134.07177734375,0.0,,,,,,,,,
NB2,Cảng B12- vịnh Cửa Lục,2319163,428365,2025,4,cobia,6.176238536834717,25.058712005615234,8.254863739013672,29.61528587341309,0.0335820242762565,0.0226710587739944,38.87337875366211,79.7375717163086,3.539027214050293,0.0,120.81517791748048,2.068321704864502,,,,,,,,,
NB2,Cảng B12- vịnh Cửa Lục,2319163,428365,2026,1,cobia,6.329395294189453,21.998817443847656,8.239668846130371,30.598960876464844,0.039824403822422,0.033545896410942,37.443695068359375,102.06836700439452,5.02243185043335,0.0,127.38660430908205,1.924185037612915,,,,,,,,,
NB2,Cảng B12- vịnh Cửa Lục,2319163,428365,2026,2,cobia,6.32003927230835,26.85767936706543,8.268484115600586,30.454553604125977,0.0525701083242893,0.0444938540458679,37.74355316162109,87.84493255615234,4.602376461029053,0.0,117.37163543701172,0.0,,,,,,,,,
NB2,Cảng B12- vịnh Cửa Lục,2319163,428365,2026,3,cobia,6.523062705993652,28.21379280090332,8.221820831298828,30.032413482666016,0.0506905317306518,0.0529780201613903,40.82375717163086,111.98814392089844,3.163311719894409,0.0,141.73617553710938,0.4273048341274261,,,,,,,,,
NB2,Cảng B12- vịnh Cửa Lục,2319163,428365,2026,4,cobia,6.127256870269775,24.97374725341797,8.170520782470703,29.9151611328125,0.0530838295817375,0.0431597530841827,38.73537063598633,108.566650390625,1.933217167854309,0.0,119.53370666503906,0.3285777270793915,,,,,,,,,
NB3,Cảng Cái Lân- vịnh Cửa Lục,2320268,427607,2025,1,ALL,,,,,,,,,,,,,0.0014855570625513,0.0013323189923539,0.0001038050686474,0.0,0.0011938959360122,0.0001685166789684,0.013001306913793,0.0002103733277181,
NB3,Cảng Cái Lân- vịnh Cửa Lục,2320268,427607,2025,2,ALL,,,,,,,,,,,,,0.0013036195887252,0.001438936102204,0.0001038050686474,0.0025699415709823,0.0025971462018787,0.0001685166789684,0.0391830429434776,0.0012249139836058,
NB3,Cảng Cái Lân- vịnh Cửa Lục,2320268,427607,2025,3,ALL,,,,,,,,,,,,,0.0013036195887252,0.0017198825953528,0.0001038050686474,0.0,0.0008538533002138,0.0001685166789684,0.0168250110000371,0.000579924613703,
NB3,Cảng Cái Lân- vịnh Cửa Lục,2320268,427607,2025,4,ALL,,,,,,,,,,,,,0.001308208447881,0.0020705871284008,0.0001038050686474,0.0012759950477629,0.0021656129974871,0.0001685166789684,0.0136863784864544,5.908880484639667e-05,
NB3,Cảng Cái Lân- vịnh Cửa Lục,2320268,427607,2026,1,ALL,,,,,,,,,,,,,0.0013612867332994,0.0015649943379685,0.0001038050686474,0.0002135418035322,0.0014885090058669,0.0001685166789684,0.0101439766585826,0.0005929030594415,
NB3,Cảng Cái Lân- vịnh Cửa Lục,2320268,427607,2026,2,ALL,,,,,,,,,,,,,0.0013036195887252,0.0018973583355545,0.0001038050686474,0.0,0.0011384634999558,0.0001685166789684,0.0014226720668375,0.0,
NB3,Cảng Cái Lân- vịnh Cửa Lục,2320268,427607,2026,3,ALL,,,,,,,,,,,,,0.001308208447881,0.0023490064777433,0.0001038050686474,0.0,0.0002795635082293,0.0001685166789684,0.0239178128540515,0.0002225023490609,
NB3,Cảng Cái Lân- vịnh Cửa Lục,2320268,427607,2026,4,ALL,,,,,,,,,,,,,0.001308208447881,0.0018302296521142,0.0001038050686474,0.0003655240288935,0.002208509016782,0.0001685166789684,0.0306534506380558,0.0003684287075884,
NB4,Khu Hòn Gạc- vịnh Cửa Lục,2320452,429685,2025,1,ALL,,,,,,,,,,,,,0.0014855570625513,0.001306123798713,0.0001038050686474,0.0,0.0011073233326897,0.0001685166789684,0.005764212924987,0.0004523149400483,
NB4,Khu Hòn Gạc- vịnh Cửa Lục,2320452,429685,2025,2,ALL,,,,,,,,,,,,,0.0013036195887252,0.0016439012251794,0.0001038050686474,0.0,0.0027232421562075,0.0001685166789684,0.0093220695853233,0.0008162488229572,
NB4,Khu Hòn Gạc- vịnh Cửa Lục,2320452,429685,2025,3,ALL,,,,,,,,,,,,,0.001308208447881,0.0021759183146059,0.0001038050686474,7.873506547184661e-05,0.0005686893709935,0.0001685166789684,0.0155637776479125,0.000257344712736,
NB4,Khu Hòn Gạc- vịnh Cửa Lục,2320452,429685,2025,4,ALL,,,,,,,,,,,,,0.001308208447881,0.0018449669005349,0.0001038050686474,0.0002230733953183,0.0010896854801103,0.0001685166789684,0.0108305038884282,0.0003978078020736,
NB4,Khu Hòn Gạc- vịnh Cửa Lục,2320452,429685,2026,1,ALL,,,,,,,,,,,,,0.001347028533928,0.0016521955840289,0.0001038050686474,0.0004393025883473,0.0014417478814721,0.0001685166789684,0.0452065654098987,0.000637411896605,
NB4,Khu Hòn Gạc- vịnh Cửa Lục,2320452,429685,2026,2,ALL,,,,,,,,,,,,,0.001308208447881,0.0015830736374482,0.0001038050686474,0.0020824733655899,0.0015361042460426,0.0001685166789684,0.0125442100688815,0.0004582742985803,
NB4,Khu Hòn Gạc- vịnh Cửa Lục,2320452,429685,2026,3,ALL,,,,,,,,,,,,,0.0013036195887252,0.0017708393279463,0.0001038050686474,0.0,0.0008294549188576,0.0001685166789684,0.0098440805450081,0.0005176804843358,
NB4,Khu Hòn Gạc- vịnh Cửa Lục,2320452,429685,2026,4,ALL,,,,,,,,,,,,,0.001308208447881,0.0021844287402927,0.0001038050686474,0.0024131906684488,0.0012152268318459,0.0001685166789684,0.0172961521893739,0.0001729831565171,
NB1,Luồng vào cảng Cái Lân tại cầu Bãi Cháy,2318587,428692,2025,1,ALL,,,,,,,,,,,,,0.0014855570625513,0.0014563382137566,0.0001038050686474,0.00015792256454,0.0012868026969954,0.0001685166789684,0.0093660587444901,0.0003861951117869,
NB1,Luồng vào cảng Cái Lân tại cầu Bãi Cháy,2318587,428692,2025,2,ALL,,,,,,,,,,,,,0.0013036195887252,0.0016015042783692,0.0001038050686474,9.301713726017624e-05,0.0008392508025281,0.0001685166789684,0.0151236243546009,0.0007592221954837,
NB1,Luồng vào cảng Cái Lân tại cầu Bãi Cháy,2318587,428692,2025,3,ALL,,,,,,,,,,,,,0.001308208447881,0.0023121747653931,0.0001038050686474,0.0079682720825076,0.0018418870167806,0.0001685166789684,0.0185499116778373,0.0,
NB1,Luồng vào cảng Cái Lân tại cầu Bãi Cháy,2318587,428692,2025,4,ALL,,,,,,,,,,,,,0.001308208447881,0.0019629031885415,0.0001038050686474,0.0,0.0009929010411724,0.0001685166789684,0.0087416553869843,0.0,
NB1,Luồng vào cảng Cái Lân tại cầu Bãi Cháy,2318587,428692,2026,1,ALL,,,,,,,,,,,,,0.0013612867332994,0.001619076472707,0.0001038050686474,0.0,0.0010635643266141,0.0001685166789684,0.010022610425949,0.0008906483999453,
NB1,Luồng vào cảng Cái Lân tại cầu Bãi Cháy,2318587,428692,2026,2,ALL,,,,,,,,,,,,,0.001308208447881,0.001649652258493,0.0001038050686474,0.0003667071578092,0.0007760049775242,0.0001685166789684,0.0104568041861057,0.0004294149985071,
NB1,Luồng vào cảng Cái Lân tại cầu Bãi Cháy,2318587,428692,2026,3,ALL,,,,,,,,,,,,,0.001308208447881,0.0023490954190492,0.0001038050686474,0.0048240544274449,0.0006826146272942,0.0001685166789684,0.0149641800671815,0.0003948076628148,
NB1,Luồng vào cảng Cái Lân tại cầu Bãi Cháy,2318587,428692,2026,4,ALL,,,,,,,,,,,,,0.001308208447881,0.0018853975925594,0.0001038050686474,0.0,0.0012319962261244,0.0001685166789684,0.0038564461283385,0.000374782946892,
NB2,Cảng B12- vịnh Cửa Lục,2319163,428365,2025,1,ALL,,,,,,,,,,,,,0.0014855570625513,0.001406786381267,0.0001038050686474,5.288340980769135e-05,0.001594633096829,0.0001685166789684,0.012220193631947,0.0005711811245419,
NB2,Cảng B12- vịnh Cửa Lục,2319163,428365,2025,2,ALL,,,,,,,,,,,,,0.0013036195887252,0.0015677307965233,0.0001038050686474,0.0012710986193269,0.0018081109737977,0.0001685166789684,0.0064630326814949,0.0003986775118391,
NB2,Cảng B12- vịnh Cửa Lục,2319163,428365,2025,3,ALL,,,,,,,,,,,,,0.0013036195887252,0.0017862117383629,0.0001038050686474,0.0,0.0002492599887773,0.0001685166789684,0.0275034587830305,0.0002988378400914,
NB2,Cảng B12- vịnh Cửa Lục,2319163,428365,2025,4,ALL,,,,,,,,,,,,,0.001308208447881,0.001842965837568,0.0001038050686474,0.0,0.0023859860375523,0.0001685166789684,0.0195027217268943,4.279243148630485e-05,
NB2,Cảng B12- vịnh Cửa Lục,2319163,428365,2026,1,ALL,,,,,,,,,,,,,0.0013612867332994,0.0014063363196328,0.0001038050686474,0.0,0.0014819463249295,0.0001685166789684,0.008016356267035,0.0006226813420653,
NB2,Cảng B12- vịnh Cửa Lục,2319163,428365,2026,2,ALL,,,,,,,,,,,,,0.0013036195887252,0.0015556113794445,0.0001038050686474,0.0,0.0018540567252784,0.0001685166789684,0.0115052219480276,0.0002319295454071,
NB2,Cảng B12- vịnh Cửa Lục,2319163,428365,2026,3,ALL,,,,,,,,,,,,,0.0013036195887252,0.0019658603705465,0.0001038050686474,0.0,1.823591992433649e-05,0.0001685166789684,0.0127384066581726,0.0002886121219489,
NB2,Cảng B12- vịnh Cửa Lục,2319163,428365,2026,4,ALL,,,,,,,,,,,,,0.001308208447881,0.0016233120113611,0.0001038050686474,0.0001962463575182,0.0008269767276942,0.0001685166789684,0.0114190718159079,0.0004107059212401,
NB5,Ven bờ khu đô thị CENCO 5,2319397,429449,2025,1,cobia,6.025999069213867,20.32662773132324,8.193100929260254,30.326753616333008,0.0801218599081039,0.0169938541948795,32.12541961669922,74.32379913330078,8.48727035522461,0.0,132.21376037597656,0.0,,,,,,,,,
NB5,Ven bờ khu đô thị CENCO 5,2319397,429449,2025,2,cobia,5.638152599334717,25.32937431335449,8.232912063598633,30.637508392333984,0.0823485255241394,0.0138118881732225,35.740325927734375,68.86906433105469,8.2807035446167,0.0,113.24639129638672,0.0,,,,,,,,,
NB5,Ven bờ khu đô thị CENCO 5,2319397,429449,2025,3,cobia,6.240065574645996,26.744007110595703,8.250652313232422,30.1285343170166,0.0784873068332672,0.0335289016366004,38.70953750610352,74.4023666381836,9.151476860046388,289.6192321777344,129.63526916503906,0.0,,,,,,,,,
NB5,Ven bờ khu đô thị CENCO 5,2319397,429449,2025,4,cobia,5.942826271057129,24.8363037109375,8.298920631408691,29.71271705627441,0.0772644728422164,0.0243087634444236,34.35756301879883,83.38410949707031,9.440103530883787,0.0,117.2775650024414,0.0,,,,,,,,,
NB5,Ven bờ khu đô thị CENCO 5,2319397,429449,2026,1,cobia,6.275191307067871,21.023929595947266,8.261616706848145,31.211069107055664,0.0816539898514747,0.0208379793912172,31.206995010375977,61.18163299560547,8.937726974487305,0.0,120.85533142089844,0.0,,,,,,,,,
NB5,Ven bờ khu đô thị CENCO 5,2319397,429449,2026,2,cobia,5.8650007247924805,25.92595672607422,8.299052238464355,30.93050193786621,0.0923577472567558,0.0186981298029422,34.762081146240234,76.19176483154297,9.428536415100098,0.0,122.59190368652344,0.0,,,,,,,,,
NB5,Ven bờ khu đô thị CENCO 5,2319397,429449,2026,3,cobia,5.2549662590026855,26.978416442871094,8.30967903137207,31.292705535888672,0.0842679888010025,0.0285577066242694,37.09794235229492,101.13648223876952,7.698737144470215,0.0,138.5768280029297,0.0,,,,,,,,,
NB5,Ven bờ khu đô thị CENCO 5,2319397,429449,2026,4,cobia,6.6168718338012695,24.431941986083984,8.269874572753906,30.4145565032959,0.0788727030158042,0.0217599105089902,36.12910461425781,70.80427551269531,7.978426456451416,0.0,121.80184173583984,0.0,,,,,,,,,
NB6,Cửa sông Trới ven bờ KCN Việt Hưng,2322158,422550,2025,1,cobia,5.927146911621094,21.46364402770996,8.070724487304688,29.88741874694824,0.0650313273072242,0.0106116076931357,29.928131103515625,72.10868072509766,14.55559539794922,0.0,114.22030639648438,0.0,,,,,,,,,
NB6,Cửa sông Trới ven bờ KCN Việt Hưng,2322158,422550,2025,2,cobia,5.781338691711426,26.207061767578125,8.127103805541992,27.88113212585449,0.0736197307705879,0.0114438533782958,31.67863273620605,50.72387313842773,13.309810638427734,0.0,119.5988540649414,1.5165324211120603,,,,,,,,,
NB6,Cửa sông Trới ven bờ KCN Việt Hưng,2322158,422550,2025,3,cobia,5.643973350524902,26.82665252685547,8.210527420043945,26.318151473999023,0.0460898429155349,0.0283873751759529,40.47491455078125,106.14781951904295,16.223114013671875,2401.8466796875,121.86204528808594,0.0,,,,,,,,,
NB6,Cửa sông Trới ven bờ KCN Việt Hưng,2322158,422550,2025,4,cobia,5.239431858062744,25.991287231445312,8.12208080291748,27.02834129333496,0.0551724471151828,0.0179910436272621,33.333648681640625,75.36693572998047,14.415184020996094,2889.001708984375,93.95069122314452,0.0,,,,,,,,,
NB6,Cửa sông Trới ven bờ KCN Việt Hưng,2322158,422550,2026,1,cobia,5.491421699523926,22.14944267272949,8.2261323928833,29.870540618896484,0.0711727067828178,0.0326711051166057,26.96675109863281,43.88825607299805,14.551854133605955,878.656005859375,107.2154312133789,0.0,,,,,,,,,
NB6,Cửa sông Trới ven bờ KCN Việt Hưng,2322158,422550,2026,2,cobia,5.294942855834961,26.37652969360352,8.229724884033203,29.0478458404541,0.0790366306900978,0.0267164371907711,31.622987747192383,74.92878723144531,10.909247398376465,64.85154724121094,94.81865692138672,3.268306970596313,,,,,,,,,
NB6,Cửa sông Trới ven bờ KCN Việt Hưng,2322158,422550,2026,3,cobia,4.700033187866211,28.325124740600582,8.275824546813965,28.266420364379883,0.0800113156437873,0.0428578145802021,34.34868240356445,97.41585540771484,11.646591186523438,0.0,96.71456909179688,1.4556318521499634,,,,,,,,,
NB6,Cửa sông Trới ven bờ KCN Việt Hưng,2322158,422550,2026,4,cobia,7.392212390899658,25.08504676818848,8.27344799041748,28.72834205627441,0.0761409252882003,0.0327595472335815,35.946346282958984,103.55220794677734,14.625361442565918,0.0,126.98209381103516,2.704829692840576,,,,,,,,,
NB7,Cửa sông Man tại cầu Đá Trắng đường Trới- Vũ Oai,2325055,427799,2025,1,cobia,6.065752029418945,25.0308837890625,7.899279594421387,27.42767906188965,0.0450084432959556,0.0150214945897459,34.28633499145508,62.32162094116211,7.164848327636719,766.8842163085938,127.32121276855467,0.0,,,,,,,,,
NB7,Cửa sông Man tại cầu Đá Trắng đường Trới- Vũ Oai,2325055,427799,2025,2,cobia,5.41256856918335,28.550506591796875,7.995803833007812,27.292102813720703,0.0608231164515018,0.0111560523509979,29.51089859008789,42.36894989013672,6.911444187164307,0.0,107.8289031982422,0.0,,,,,,,,,
NB7,Cửa sông Man tại cầu Đá Trắng đường Trới- Vũ Oai,2325055,427799,2025,3,cobia,5.706863880157471,29.570541381835938,8.095224380493164,24.87496566772461,0.042796391993761,0.0303600430488586,39.31069946289063,107.336181640625,10.00946807861328,2896.983154296875,139.59519958496094,0.0,,,,,,,,,
NB7,Cửa sông Man tại cầu Đá Trắng đường Trới- Vũ Oai,2325055,427799,2025,4,cobia,5.461938858032227,28.732833862304688,8.056207656860352,27.852081298828125,0.0503823831677436,0.0234773438423872,29.223154067993164,65.50112915039062,10.62610912322998,2059.052978515625,116.60867309570312,0.0,,,,,,,,,
NB7,Cửa sông Man tại cầu Đá Trắng đường Trới- Vũ Oai,2325055,427799,2026,1,cobia,5.5857253074646,22.64733123779297,8.082268714904785,28.73162841796875,0.0603214539587497,0.0281481519341468,31.31803131103516,73.48743438720703,8.6793212890625,2159.6728515625,103.08480072021484,0.0,,,,,,,,,
NB7,Cửa sông Man tại cầu Đá Trắng đường Trới- Vũ Oai,2325055,427799,2026,2,cobia,5.4052019119262695,25.470287322998047,8.184612274169922,28.205547332763672,0.0741727203130722,0.0349613428115844,32.31487274169922,69.28497314453125,7.325686454772949,2092.93017578125,103.17559051513672,0.5727185010910034,,,,,,,,,
NB7,Cửa sông Man tại cầu Đá Trắng đường Trới- Vũ Oai,2325055,427799,2026,3,cobia,5.116968154907227,28.73777198791504,8.288002014160156,26.769689559936523,0.0625939220190048,0.0493501909077167,33.00602340698242,82.32393646240234,8.77841567993164,0.0,107.34323120117188,0.0,,,,,,,,,
NB7,Cửa sông Man tại cầu Đá Trắng đường Trới- Vũ Oai,2325055,427799,2026,4,cobia,6.275980472564697,25.29495620727539,8.158479690551758,28.660112380981445,0.0609674155712127,0.0507961586117744,42.35662841796875,140.4567413330078,10.878372192382812,0.0,128.5550537109375,0.0,,,,,,,,,
NB8,Cửa sông Diễn Vọng tại cầu Bang,2324600,433954,2025,1,cobia,5.603309154510498,22.64058303833008,8.043227195739746,26.658109664916992,0.0532354936003685,0.010875154286623,28.356693267822266,43.79824066162109,16.37069320678711,0.0,125.14682006835938,0.0,,,,,,,,,
NB8,Cửa sông Diễn Vọng tại cầu Bang,2324600,433954,2025,2,cobia,6.053929805755615,27.509641647338867,8.100564956665039,26.389347076416016,0.0596039406955242,0.0160253271460533,31.784162521362305,35.786964416503906,13.39357852935791,0.0,116.8405990600586,0.0,,,,,,,,,
NB8,Cửa sông Diễn Vọng tại cầu Bang,2324600,433954,2025,3,cobia,6.697716236114502,28.84672164916992,8.147294044494629,23.49675369262696,0.0373615883290767,0.0265966448932886,39.42557144165039,93.50555419921876,20.25658226013184,3425.193603515625,150.53761291503906,0.0,,,,,,,,,
NB8,Cửa sông Diễn Vọng tại cầu Bang,2324600,433954,2025,4,cobia,6.281451225280762,27.43869972229004,8.124755859375,24.675745010375977,0.046116467565298,0.0146959032863378,29.544069290161133,67.88196563720703,18.86613845825196,2094.177001953125,110.41498565673828,0.0,,,,,,,,,
NB8,Cửa sông Diễn Vọng tại cầu Bang,2324600,433954,2026,1,cobia,6.201392650604248,22.59268569946289,8.120100975036621,24.471904754638672,0.0539255104959011,0.0229135360568761,28.57025909423828,51.45858383178711,18.07858657836914,0.0,96.58233642578124,0.0,,,,,,,,,
NB8,Cửa sông Diễn Vọng tại cầu Bang,2324600,433954,2026,2,cobia,6.708680152893066,27.061901092529297,8.135627746582031,24.419591903686523,0.0595711506903171,0.033642504364252,33.070335388183594,55.71855545043945,14.71353530883789,0.0,104.38080596923828,0.0,,,,,,,,,
NB8,Cửa sông Diễn Vọng tại cầu Bang,2324600,433954,2026,3,cobia,6.509212970733643,30.14555549621582,8.11153507232666,21.82529640197754,0.0373270399868488,0.0507110357284545,38.29104232788086,80.87757110595703,18.060327529907227,0.0,131.42335510253906,0.0,,,,,,,,,
NB8,Cửa sông Diễn Vọng tại cầu Bang,2324600,433954,2026,4,cobia,8.636545181274414,28.11152648925781,7.981473445892334,25.73275375366211,0.0353229530155658,0.0502199307084083,32.09844970703125,76.06358337402344,17.474815368652344,0.0,119.70278930664062,6.15046501159668,,,,,,,,,
NB5,Ven bờ khu đô thị CENCO 5,2319397,429449,2025,1,ALL,,,,,,,,,,,,,0.0014855570625513,0.0021081001032143,0.0001038050686474,0.0001788425288395,0.0018120378954336,0.0001685166789684,0.0292170979082584,0.0004614113713614,
NB5,Ven bờ khu đô thị CENCO 5,2319397,429449,2025,2,ALL,,,,,,,,,,,,,0.001308208447881,0.0015729067381471,0.0001038050686474,0.000359376281267,0.0024360048118978,0.0001685166789684,0.0335870906710624,0.0007105425465852,
NB5,Ven bờ khu đô thị CENCO 5,2319397,429449,2025,3,ALL,,,,,,,,,,,,,0.0013036195887252,0.0018752361647784,0.0001038050686474,0.0011432943865656,0.0019414840498939,0.0001685166789684,0.0144315939396619,0.0003353426000103,
NB5,Ven bờ khu đô thị CENCO 5,2319397,429449,2025,4,ALL,,,,,,,,,,,,,0.001308208447881,0.0021964821498841,0.0001038050686474,0.0,0.00048093899386,0.0001685166789684,0.005185583140701,0.0,
NB5,Ven bờ khu đô thị CENCO 5,2319397,429449,2026,1,ALL,,,,,,,,,,,,,0.0013640120159834,0.00159787456505,0.0001038050686474,0.0002067698369501,0.0015958223957568,0.0001685166789684,0.0275662336498498,0.0006179062183946,
NB5,Ven bờ khu đô thị CENCO 5,2319397,429449,2026,2,ALL,,,,,,,,,,,,,0.0013036195887252,0.0017138443654403,0.0001038050686474,0.0,0.0024164726492017,0.0001685166789684,0.0043980441987514,0.0003595292801037,
NB5,Ven bờ khu đô thị CENCO 5,2319397,429449,2026,3,ALL,,,,,,,,,,,,,0.001308208447881,0.0021986167412251,0.0001038050686474,0.0003224352549295,0.0003743632114492,0.0001685166789684,0.0397280938923358,0.0002996851108036,
NB5,Ven bờ khu đô thị CENCO 5,2319397,429449,2026,4,ALL,,,,,,,,,,,,,0.001308208447881,0.0017506729345768,0.0001038050686474,0.0006820115377195,0.0021014402154833,0.0001685166789684,0.0273956600576639,0.0003682764654513,
NB6,Cửa sông Trới ven bờ KCN Việt Hưng,2322158,422550,2025,1,ALL,,,,,,,,,,,,,0.0014855570625513,0.0013687376631423,0.0001038050686474,0.0,0.0014582101721316,0.0001685166789684,0.0086091188713908,0.0004313955432735,
NB6,Cửa sông Trới ven bờ KCN Việt Hưng,2322158,422550,2025,2,ALL,,,,,,,,,,,,,0.0013036195887252,0.0016411759424954,0.0001038050686474,0.0004243252042215,0.0023720932658761,0.0001685166789684,0.0055975657887756,0.0003030666266568,
NB6,Cửa sông Trới ven bờ KCN Việt Hưng,2322158,422550,2025,3,ALL,,,,,,,,,,,,,0.001308208447881,0.0020379172638058,0.0001038050686474,0.0,0.0005722739733755,0.0001685166789684,0.0342368558049202,0.0002939457190223,
NB6,Cửa sông Trới ven bờ KCN Việt Hưng,2322158,422550,2025,4,ALL,,,,,,,,,,,,,0.001308208447881,0.0017469754675403,0.0001038050686474,0.0003103331546299,0.0011692293919622,0.0001685166789684,0.0089076003059744,0.0003684287075884,
NB6,Cửa sông Trới ven bờ KCN Việt Hưng,2322158,422550,2026,1,ALL,,,,,,,,,,,,,0.0013612867332994,0.0016270846826955,0.0001038050686474,0.0004580392851494,0.0011365634854882,0.0001685166789684,0.0113522531464695,0.0006648771231994,
NB6,Cửa sông Trới ven bờ KCN Việt Hưng,2322158,422550,2026,2,ALL,,,,,,,,,,,,,0.001308208447881,0.0017076866934075,0.0001038050686474,0.000555160222575,0.0021118044387549,0.0001685166789684,0.0123589411377906,0.0007232415955513,
NB6,Cửa sông Trới ven bờ KCN Việt Hưng,2322158,422550,2026,3,ALL,,,,,,,,,,,,,0.001308208447881,0.0023076008073985,0.0001038050686474,0.0006574260769411,0.001057990361005,0.0001685166789684,0.0117031317204236,0.0002620386367198,
NB6,Cửa sông Trới ven bờ KCN Việt Hưng,2322158,422550,2026,4,ALL,,,,,,,,,,,,,0.001308208447881,0.0019388463115319,0.0001038050686474,0.0,0.0006966551300138,0.0001685166789684,0.0156717058271169,0.0006245882250368,
NB7,Cửa sông Man tại cầu Đá Trắng đường Trới- Vũ Oai,2325055,427799,2025,1,ALL,,,,,,,,,,,,,0.0014855570625513,0.001447525457479,0.0001038050686474,0.0022062771022319,0.0017094714567065,0.0001685166789684,0.0146389929577708,0.0006315482314676,
NB7,Cửa sông Man tại cầu Đá Trắng đường Trới- Vũ Oai,2325055,427799,2025,2,ALL,,,,,,,,,,,,,0.0013036195887252,0.001511892885901,0.0001038050686474,0.0,0.0014177572447806,0.0001685166789684,0.0072514088824391,0.0007476371247321,
NB7,Cửa sông Man tại cầu Đá Trắng đường Trới- Vũ Oai,2325055,427799,2025,3,ALL,,,,,,,,,,,,,0.0013036195887252,0.0023564668372273,0.0001038050686474,0.0001693234953563,0.0006641841609962,0.0001685166789684,0.0138890007510781,0.0002325147797819,
NB7,Cửa sông Man tại cầu Đá Trắng đường Trới- Vũ Oai,2325055,427799,2025,4,ALL,,,,,,,,,,,,,0.001308208447881,0.0017774933949112,0.0001038050686474,0.0,0.0010271082865074,0.0001685166789684,0.014765840023756,0.0003706038696691,
NB7,Cửa sông Man tại cầu Đá Trắng đường Trới- Vũ Oai,2325055,427799,2026,1,ALL,,,,,,,,,,,,,0.0013612867332994,0.0015258715720847,0.0001038050686474,0.0006187869585119,0.0010914009762927,0.0001685166789684,0.0137123400345444,0.0007488983101211,
NB7,Cửa sông Man tại cầu Đá Trắng đường Trới- Vũ Oai,2325055,427799,2026,2,ALL,,,,,,,,,,,,,0.0013036195887252,0.0016485846135765,0.0001038050686474,0.0029310185927897,0.0031392972450703,0.0001685166789684,0.0234086886048316,0.0015309704467654,
NB7,Cửa sông Man tại cầu Đá Trắng đường Trới- Vũ Oai,2325055,427799,2026,3,ALL,,,,,,,,,,,,,0.001308208447881,0.0017970316112041,0.0001038050686474,0.0,0.0018396152881905,0.0001685166789684,0.0163695570081472,0.0003796789387706,
NB7,Cửa sông Man tại cầu Đá Trắng đường Trới- Vũ Oai,2325055,427799,2026,4,ALL,,,,,,,,,,,,,0.001308208447881,0.0016986215487122,0.0001038050686474,0.0002242679620394,0.0002334293239982,0.0001685166789684,0.0122130559757351,0.0004042714426759,
NB8,Cửa sông Diễn Vọng tại cầu Bang,2324600,433954,2025,1,ALL,,,,,,,,,,,,,0.0014855570625513,0.0016190614551305,0.0001038050686474,0.0020411270670592,0.0030686638783663,0.0001685166789684,0.0050715967081487,0.0001929567370098,
NB8,Cửa sông Diễn Vọng tại cầu Bang,2324600,433954,2025,2,ALL,,,,,,,,,,,,,0.001308208447881,0.0013455749722197,0.0001038050686474,0.0,0.0009915408445522,0.0001685166789684,0.0623167045414447,0.0004060085630044,
NB8,Cửa sông Diễn Vọng tại cầu Bang,2324600,433954,2025,3,ALL,,,,,,,,,,,,,0.0013036195887252,0.002257760381326,0.0001038050686474,0.0080352677032351,0.0017514710780233,0.0001685166789684,0.014746256172657,0.0035827322863042,
NB8,Cửa sông Diễn Vọng tại cầu Bang,2324600,433954,2025,4,ALL,,,,,,,,,,,,,0.001308208447881,0.0017241167370229,0.0001038050686474,0.0003869766369462,0.0006859219283796,0.0001685166789684,0.005779456347227,0.000246564450208,
NB8,Cửa sông Diễn Vọng tại cầu Bang,2324600,433954,2026,1,ALL,,,,,,,,,,,,,0.001347028533928,0.0015796507941558,0.0001038050686474,0.0001828236418077,0.0019434478599578,0.0001685166789684,0.0058934143744409,0.0006156207527965,
NB8,Cửa sông Diễn Vọng tại cầu Bang,2324600,433954,2026,2,ALL,,,,,,,,,,,,,0.0013036195887252,0.0019636123906821,0.0001038050686474,0.0003740266547538,0.0010131922317668,0.0001685166789684,0.0149272596463561,0.0,
NB8,Cửa sông Diễn Vọng tại cầu Bang,2324600,433954,2026,3,ALL,,,,,,,,,,,,,0.001308208447881,0.0019552530720829,0.0001038050686474,0.0007938940543681,0.0011937551898881,0.0001685166789684,0.0123980548232793,0.0003362768911756,
NB8,Cửa sông Diễn Vọng tại cầu Bang,2324600,433954,2026,4,ALL,,,,,,,,,,,,,0.001308208447881,0.0017944728024303,0.0001038050686474,0.0002117568219546,0.0014380810316652,0.0001685166789684,0.0276001784950494,0.0004071182629559,
NB9,Bến phà Tuần Châu,2313924,420738,2025,1,cobia,6.399265289306641,20.588886260986328,8.12043285369873,31.555395126342773,0.1065223067998886,0.0184029843658208,35.11448287963867,66.82383728027344,3.43933653831482,147.78314208984375,129.5975341796875,0.0,,,,,,,,,
NB9,Bến phà Tuần Châu,2313924,420738,2025,2,cobia,6.158629417419434,25.17213630676269,8.23140811920166,31.081787109375,0.1087120845913887,0.012160244397819,36.16318893432617,71.33373260498047,2.3343489170074463,0.0,114.6872787475586,0.0,,,,,,,,,
NB9,Bến phà Tuần Châu,2313924,420738,2025,3,cobia,5.983646869659424,26.43586158752441,8.233434677124023,30.63149070739746,0.0850674137473106,0.0266632735729217,48.3525619506836,123.95147705078124,5.548947811126709,0.0,139.43862915039062,0.0,,,,,,,,,
NB9,Bến phà Tuần Châu,2313924,420738,2025,4,cobia,6.03732967376709,24.677982330322266,8.225858688354492,30.55156707763672,0.0752814635634422,0.0178663656115531,35.050506591796875,84.53307342529297,4.087466716766357,0.0,121.54830932617188,0.8261337876319885,,,,,,,,,
NB9,Bến phà Tuần Châu,2313924,420738,2026,1,cobia,6.776979446411133,21.99054908752441,8.211179733276367,32.2473258972168,0.089632362127304,0.0205282121896743,35.18278503417969,74.17193603515625,1.6696780920028689,0.0,119.15565490722656,0.6306627988815308,,,,,,,,,
NB9,Bến phà Tuần Châu,2313924,420738,2026,2,cobia,6.334470748901367,26.86675453186035,8.23139762878418,31.217247009277344,0.0917666554450988,0.0298173893243074,37.1941032409668,90.27371215820312,4.5867133140563965,0.0,125.39417266845705,4.0641188621521,,,,,,,,,
NB9,Bến phà Tuần Châu,2313924,420738,2026,3,cobia,6.239091873168945,27.972455978393555,8.179265975952148,30.892406463623047,0.0683736801147461,0.0446264445781707,39.51404571533203,113.08438873291016,4.332035064697266,0.0,136.89134216308594,2.8546414375305176,,,,,,,,,
NB9,Bến phà Tuần Châu,2313924,420738,2026,4,cobia,5.96624231338501,25.26979637145996,8.24242877960205,30.18488883972168,0.0647209659218788,0.0308042261749506,33.087684631347656,67.06946563720703,1.909958481788636,0.0,120.54456329345705,3.8058483600616455,,,,,,,,,
NB10,Bãi tắm Tuần  Châu,2315155,421276,2025,1,cobia,6.140163898468018,21.160125732421875,8.181779861450195,30.953022003173828,0.0734534636139869,0.018208660185337,29.370180130004883,55.901248931884766,2.175528287887573,0.0,124.39491271972656,0.0,,,,,,,,,
NB10,Bãi tắm Tuần  Châu,2315155,421276,2025,2,cobia,6.411698341369629,25.369155883789062,8.240036964416504,31.36815452575684,0.0858793035149574,0.0103670721873641,34.63216018676758,62.24606704711914,1.5078314542770386,0.0,116.64849090576172,0.938230037689209,,,,,,,,,
NB10,Bãi tắm Tuần  Châu,2315155,421276,2025,3,cobia,6.158463954925537,26.55519676208496,8.206568717956543,31.23300170898437,0.0660116821527481,0.0137919746339321,45.89226531982422,143.02101135253906,4.371797561645508,0.0,137.1681365966797,0.0,,,,,,,,,
NB10,Bãi tắm Tuần  Châu,2315155,421276,2025,4,cobia,6.5497355461120605,24.00626945495605,8.178894996643066,30.770233154296875,0.0554305464029312,0.0112461009994149,36.15727615356445,65.6014175415039,1.857362151145935,0.0,116.56339263916016,0.0,,,,,,,,,
NB10,Bãi tắm Tuần  Châu,2315155,421276,2026,1,cobia,6.284119606018066,21.170793533325195,8.221529006958008,31.90825843811035,0.0660050138831138,0.0205427780747413,34.1227912902832,82.58207702636719,3.0332984924316406,0.0,127.4516143798828,1.8048603534698489,,,,,,,,,
NB10,Bãi tắm Tuần  Châu,2315155,421276,2026,2,cobia,5.962638854980469,26.23569679260254,8.227621078491211,32.036888122558594,0.0753598138689994,0.0250055566430091,35.81452941894531,92.76935577392578,2.1319713592529297,0.0,126.23963165283205,4.829589366912842,,,,,,,,,
NB10,Bãi tắm Tuần  Châu,2315155,421276,2026,3,cobia,6.1840901374816895,28.34855461120605,8.236515998840332,31.94120407104492,0.0646654218435287,0.0397933311760425,35.665653228759766,84.59498596191406,2.119661331176758,0.0,133.4842071533203,0.0,,,,,,,,,
NB10,Bãi tắm Tuần  Châu,2315155,421276,2026,4,cobia,8.551668167114258,25.358200073242188,8.244949340820312,31.42952346801757,0.0495971776545047,0.0185441225767135,33.71750259399414,103.19232177734376,2.2028512954711914,0.0,131.76065063476562,5.9984965324401855,,,,,,,,,
NB11,Cửa sông Hòn Dấu,2316995,413685,2025,1,cobia,5.982091426849365,20.627838134765625,7.907339572906494,29.273252487182617,0.0414703451097011,0.0219334028661251,34.8223876953125,63.374507904052734,5.838634490966797,2578.59326171875,123.34833526611328,0.0,,,,,,,,,
NB11,Cửa sông Hòn Dấu,2316995,413685,2025,2,cobia,5.139331340789795,25.803667068481445,7.891769886016846,26.388277053833008,0.0584750473499298,0.0172792207449674,32.13492584228516,60.153350830078125,3.979378938674927,2230.39599609375,100.64151763916016,0.0,,,,,,,,,
NB11,Cửa sông Hòn Dấu,2316995,413685,2025,3,cobia,5.056527137756348,26.665502548217773,7.908762454986572,25.713844299316406,0.0529543906450271,0.0197006743401289,37.120849609375,100.2337875366211,4.933315277099609,1840.3682861328125,126.3638916015625,0.0,,,,,,,,,
NB11,Cửa sông Hòn Dấu,2316995,413685,2025,4,cobia,5.716134548187256,25.58432960510254,8.030281066894531,27.95405578613281,0.054567564278841,0.0074422052130103,33.26761245727539,83.23371124267578,6.208654403686523,91.1944580078125,111.51673889160156,0.6631638407707214,,,,,,,,,
NB11,Cửa sông Hòn Dấu,2316995,413685,2026,1,cobia,6.037713050842285,21.34125328063965,8.082568168640137,29.33066177368164,0.0593401864171028,0.0276135951280593,35.534873962402344,111.95474243164062,5.776920318603516,0.0,121.67057037353516,0.0,,,,,,,,,
NB11,Cửa sông Hòn Dấu,2316995,413685,2026,2,cobia,4.999104022979736,26.592920303344727,8.086021423339844,28.712055206298828,0.0699529945850372,0.0375417210161685,34.0894775390625,80.33221435546875,3.47916316986084,0.0,115.64214324951172,1.7648320198059082,,,,,,,,,
NB11,Cửa sông Hòn Dấu,2316995,413685,2026,3,cobia,5.645394802093506,28.3656005859375,8.098505020141602,27.610366821289062,0.0490414872765541,0.0403912179172039,36.01205825805664,63.772098541259766,3.1840178966522217,0.0,131.81402587890625,4.7750563621521,,,,,,,,,
NB11,Cửa sông Hòn Dấu,2316995,413685,2026,4,cobia,5.12243127822876,25.374311447143555,8.034722328186035,29.37709045410156,0.0501267500221729,0.0144987655803561,35.56588363647461,87.42736053466797,3.329085111618042,1160.9442138671875,127.3709487915039,0.0,,,,,,,,,
NB9,Bến phà Tuần Châu,2313924,420738,2025,1,ALL,,,,,,,,,,,,,0.0014855570625513,0.0015440225834026,0.0001038050686474,0.0,0.00226018903777,0.0001685166789684,0.0149267986416816,0.0004094686883036,
NB9,Bến phà Tuần Châu,2313924,420738,2025,2,ALL,,,,,,,,,,,,,0.0013036195887252,0.0014219090808182,0.0001038050686474,0.0,0.0010908088879659,0.0001685166789684,0.0069239344447851,0.0005348367849364,
NB9,Bến phà Tuần Châu,2313924,420738,2025,3,ALL,,,,,,,,,,,,,0.0013036195887252,0.0024154738057404,0.0001038050686474,0.0029547899030148,0.0018929899670183,0.0001685166789684,0.0294227730482816,0.0004953691968694,
NB9,Bến phà Tuần Châu,2313924,420738,2025,4,ALL,,,,,,,,,,,,,0.001308208447881,0.0021137862931936,0.0001038050686474,0.0,0.0017039204249158,0.0001685166789684,0.0108927171677351,0.0002922259154729,
NB9,Bến phà Tuần Châu,2313924,420738,2026,1,ALL,,,,,,,,,,,,,0.0013612867332994,0.0016816438874229,0.0001038050686474,0.000118862139061,0.0017269098898395,0.0001685166789684,0.0033555903937667,0.000552530225832,
NB9,Bến phà Tuần Châu,2313924,420738,2026,2,ALL,,,,,,,,,,,,,0.001308208447881,0.001608092803508,0.0001038050686474,0.0,0.0017738656606525,0.0001685166789684,0.039070725440979,0.0007062497315928,
NB9,Bến phà Tuần Châu,2313924,420738,2026,3,ALL,,,,,,,,,,,,,0.001308208447881,0.0019057468743994,0.0001038050686474,0.0008731462876312,0.0022297881077975,0.0001685166789684,0.0097912810742855,0.0002934976364485,
NB9,Bến phà Tuần Châu,2313924,420738,2026,4,ALL,,,,,,,,,,,,,0.001308208447881,0.0017497499939054,0.0001038050686474,0.0002152249944629,0.0005918058450333,0.0001685166789684,0.0095328474417328,0.0003154221340082,
NB10,Bãi tắm Tuần  Châu,2315155,421276,2025,1,ALL,,,,,,,,,,,,,0.0014855570625513,0.0016223035054281,0.0001038050686474,0.0,0.0017371224239468,0.0001685166789684,0.0117222974076867,0.0004724602622445,
NB10,Bãi tắm Tuần  Châu,2315155,421276,2025,2,ALL,,,,,,,,,,,,,0.001308208447881,0.0015623581130057,0.0001038050686474,0.0001575925998622,0.0013226917944848,0.0001685166789684,0.0101358089596033,0.0008112241048365,
NB10,Bãi tắm Tuần  Châu,2315155,421276,2025,3,ALL,,,,,,,,,,,,,0.0013036195887252,0.0022392757236957,0.0001038050686474,0.0,0.0009479549480602,0.0001685166789684,0.0208101831376552,0.0003015797410625,
NB10,Bãi tắm Tuần  Châu,2315155,421276,2025,4,ALL,,,,,,,,,,,,,0.001308208447881,0.002246347721666,0.0001038050686474,0.0007771277450956,0.0009545495267957,0.0001685166789684,0.0172273516654968,0.0,
NB10,Bãi tắm Tuần  Châu,2315155,421276,2026,1,ALL,,,,,,,,,,,,,0.0013612867332994,0.0015937268035486,0.0001038050686474,0.0,0.0014291952829807,0.0001685166789684,0.0093070156872272,0.0003320400137454,
NB10,Bãi tắm Tuần  Châu,2315155,421276,2026,2,ALL,,,,,,,,,,,,,0.0013036195887252,0.0016240626573562,0.0001038050686474,0.0,0.0007498091435991,0.0001685166789684,0.0083283772692084,0.0004137379582971,
NB10,Bãi tắm Tuần  Châu,2315155,421276,2026,3,ALL,,,,,,,,,,,,,0.001308208447881,0.0024418393149971,0.0001038050686474,0.0044455006718635,0.0004420619807206,0.0001685166789684,0.019729109480977,0.0004333315591793,
NB10,Bãi tắm Tuần  Châu,2315155,421276,2026,4,ALL,,,,,,,,,,,,,0.001308208447881,0.0020350904669612,0.0001038050686474,0.000717504590284,0.0007106263656169,0.0001685166789684,0.0188251845538616,0.0004160965036135,
NB12,Bãi tắm Bãi Cháy - phía Tây bãi tắm giáp Đảo Rều,2316901,424936,2025,1,cobia,5.830139636993408,20.4692440032959,8.129354476928711,30.00028610229492,0.0679996758699417,0.0196426343172788,32.783409118652344,66.60311126708984,5.786003112792969,0.0,123.35871887207033,0.0,,,,,,,,,
NB12,Bãi tắm Bãi Cháy - phía Tây bãi tắm giáp Đảo Rều,2316901,424936,2025,2,cobia,6.153001308441162,24.695241928100582,8.156949043273926,29.86296272277832,0.0743854343891143,0.0144265089184045,35.108665466308594,50.85239028930664,4.4204535484313965,0.0,129.9329376220703,0.0,,,,,,,,,
NB12,Bãi tắm Bãi Cháy - phía Tây bãi tắm giáp Đảo Rều,2316901,424936,2025,3,cobia,6.170528411865234,26.366107940673828,8.166177749633789,29.8079891204834,0.0657412931323051,0.0258010663092136,38.33885192871094,94.95462799072266,5.6377692222595215,0.0,149.4818878173828,0.0,,,,,,,,,
NB12,Bãi tắm Bãi Cháy - phía Tây bãi tắm giáp Đảo Rều,2316901,424936,2025,4,cobia,6.02836275100708,24.248762130737305,8.151612281799316,30.335691452026367,0.0618941746652126,0.0177025832235813,33.9207763671875,82.63516998291016,5.681899547576904,0.0,120.07550811767578,1.208427906036377,,,,,,,,,
NB12,Bãi tắm Bãi Cháy - phía Tây bãi tắm giáp Đảo Rều,2316901,424936,2026,1,cobia,6.562129497528076,19.7860107421875,8.227651596069336,31.88368225097656,0.067946009337902,0.0227483641356229,31.78108024597168,64.52468872070312,5.665309429168701,0.0,120.64641571044922,0.0262605603784322,,,,,,,,,
NB12,Bãi tắm Bãi Cháy - phía Tây bãi tắm giáp Đảo Rều,2316901,424936,2026,2,cobia,6.2318220138549805,26.682085037231445,8.288874626159668,30.220592498779297,0.0754018276929855,0.0247915424406528,34.647117614746094,78.29889678955078,5.24379301071167,0.0,113.08592224121094,1.8061285018920896,,,,,,,,,
NB12,Bãi tắm Bãi Cháy - phía Tây bãi tắm giáp Đảo Rều,2316901,424936,2026,3,cobia,6.334150314331055,27.451061248779297,8.216568946838379,30.05958747863769,0.0631075650453567,0.0347241088747978,37.70964431762695,104.16560363769533,4.311520576477051,0.0,124.31011962890624,0.0,,,,,,,,,
NB12,Bãi tắm Bãi Cháy - phía Tây bãi tắm giáp Đảo Rều,2316901,424936,2026,4,cobia,5.694306373596191,25.149112701416016,8.214935302734375,30.253145217895508,0.0519029051065444,0.0297754779458045,35.115318298339844,81.0996322631836,3.728293180465698,0.0,133.6114501953125,1.314507246017456,,,,,,,,,
NB11,Cửa sông Hòn Dấu,2316995,413685,2025,1,ALL,,,,,,,,,,,,,0.0014855570625513,0.0014357613399624,0.0001038050686474,0.0,0.0015075369738042,0.0001685166789684,0.0019884731154888,0.0004985686973668,
NB11,Cửa sông Hòn Dấu,2316995,413685,2025,2,ALL,,,,,,,,,,,,,0.0013036195887252,0.0015807464951649,0.0001038050686474,0.0,0.0011882808757945,0.0001685166789684,0.0128528149798512,0.0003228574350941,
NB11,Cửa sông Hòn Dấu,2316995,413685,2025,3,ALL,,,,,,,,,,,,,0.0013036195887252,0.002115172566846,0.0001038050686474,0.0,0.0006616328610107,0.0001685166789684,0.0164544694125652,0.0003405113820917,
NB11,Cửa sông Hòn Dấu,2316995,413685,2025,4,ALL,,,,,,,,,,,,,0.001308208447881,0.0021338919177651,0.0001038050686474,0.0,0.0014827061677351,0.0001685166789684,0.0133980698883533,0.0,
NB11,Cửa sông Hòn Dấu,2316995,413685,2026,1,ALL,,,,,,,,,,,,,0.001347028533928,0.0014898923691362,0.0001038050686474,0.0004056135367136,0.0012306467397138,0.0001685166789684,0.0129837924614548,0.000574528297875,
NB11,Cửa sông Hòn Dấu,2316995,413685,2026,2,ALL,,,,,,,,,,,,,0.0013036195887252,0.0016378436703234,0.0001038050686474,0.0008981620776467,0.0016463707434013,0.0001685166789684,0.0142510309815406,0.0008588717319071,
NB11,Cửa sông Hòn Dấu,2316995,413685,2026,3,ALL,,,,,,,,,,,,,0.001308208447881,0.001755348755978,0.0001038050686474,0.0006183869554661,0.0011061264667659,0.0001685166789684,0.0093290209770202,0.0003983140632044,
NB11,Cửa sông Hòn Dấu,2316995,413685,2026,4,ALL,,,,,,,,,,,,,0.001308208447881,0.0020955309737473,0.0001038050686474,0.0001962586102308,0.0005514944787137,0.0001685166789684,0.0131192561239004,0.0002382395323365,
NB12,Bãi tắm Bãi Cháy - phía Tây bãi tắm giáp Đảo Rều,2316901,424936,2025,1,ALL,,,,,,,,,,,,,0.0014855570625513,0.0023615111131221,0.0001038050686474,0.0,0.0042303069494664,0.0001685166789684,0.0559552013874053,0.0359962619841098,
NB12,Bãi tắm Bãi Cháy - phía Tây bãi tắm giáp Đảo Rều,2316901,424936,2025,2,ALL,,,,,,,,,,,,,0.001308208447881,0.001572067849338,0.0001038050686474,5.809242065879516e-05,0.0012294668704271,0.0001685166789684,0.0203487705439329,0.0005246857181191,
NB12,Bãi tắm Bãi Cháy - phía Tây bãi tắm giáp Đảo Rều,2316901,424936,2025,3,ALL,,,,,,,,,,,,,0.0013036195887252,0.0018690954893827,0.0001038050686474,0.002501884009689,0.0021334616467356,0.0001685166789684,0.0210651867091655,0.00047222620924,
NB12,Bãi tắm Bãi Cháy - phía Tây bãi tắm giáp Đảo Rều,2316901,424936,2025,4,ALL,,,,,,,,,,,,,0.001308208447881,0.0019146368140354,0.0001038050686474,0.0,0.0011608261847868,0.0001685166789684,0.0111842714250087,4.378235462354496e-05,
NB12,Bãi tắm Bãi Cháy - phía Tây bãi tắm giáp Đảo Rều,2316901,424936,2026,1,ALL,,,,,,,,,,,,,0.0013905951054766,0.0017211127560585,0.0001038050686474,0.0,0.0014661292079836,0.0001685166789684,0.0011308232787996,0.0,
NB12,Bãi tắm Bãi Cháy - phía Tây bãi tắm giáp Đảo Rều,2316901,424936,2026,2,ALL,,,,,,,,,,,,,0.001308208447881,0.001665694406256,0.0001038050686474,0.0002734866866376,0.0008897164952941,0.0001685166789684,0.018756166100502,0.0003952825791202,
NB12,Bãi tắm Bãi Cháy - phía Tây bãi tắm giáp Đảo Rều,2316901,424936,2026,3,ALL,,,,,,,,,,,,,0.001308208447881,0.0019881478510797,0.0001038050686474,0.0053493874147534,0.0010296022519469,0.0001685166789684,0.0173124372959136,0.0003647696285042,
NB12,Bãi tắm Bãi Cháy - phía Tây bãi tắm giáp Đảo Rều,2316901,424936,2026,4,ALL,,,,,,,,,,,,,0.001308208447881,0.0017272504046559,0.0001038050686474,0.0002121487341355,0.0010275902459397,0.0001685166789684,0.0112937064841389,0.0003584561636671,
NB13,Bãi tắm Bãi Cháy - khu Trung tâm bãi tắm,2316868,426503,2025,1,cobia,5.608863353729248,20.08830070495605,8.121416091918945,30.26846504211425,0.0770919844508171,0.0168538521975278,37.6765022277832,70.43240356445312,6.146604061126709,0.0,144.12388610839844,0.0,,,,,,,,,
NB13,Bãi tắm Bãi Cháy - khu Trung tâm bãi tắm,2316868,426503,2025,2,cobia,5.706204891204834,24.22986602783203,8.153635025024414,30.46405792236328,0.0849013775587081,0.015869116410613,34.184295654296875,61.201454162597656,4.330818176269531,0.0,113.0936050415039,0.9761244654655457,,,,,,,,,
NB13,Bãi tắm Bãi Cháy - khu Trung tâm bãi tắm,2316868,426503,2025,3,cobia,5.732293128967285,25.7551383972168,8.140069007873535,30.00365257263184,0.0771665796637535,0.0255569871515035,40.97472381591797,111.01409149169922,4.929582595825195,0.0,132.12496948242188,2.38965392112732,,,,,,,,,
NB13,Bãi tắm Bãi Cháy - khu Trung tâm bãi tắm,2316868,426503,2025,4,cobia,5.972313404083252,24.07644271850586,8.128840446472168,29.896785736083984,0.0720548182725906,0.0248966254293918,36.788272857666016,88.57689666748047,4.696924686431885,0.0,133.76885986328125,2.018431663513184,,,,,,,,,
NB13,Bãi tắm Bãi Cháy - khu Trung tâm bãi tắm,2316868,426503,2026,1,cobia,6.774733543395996,20.96192741394043,8.20649242401123,31.13353729248047,0.0761056169867515,0.0239307582378387,31.597036361694336,68.2966537475586,5.0103254318237305,265.1756896972656,112.91072082519533,0.5105737447738647,,,,,,,,,
NB13,Bãi tắm Bãi Cháy - khu Trung tâm bãi tắm,2316868,426503,2026,2,cobia,5.908039093017578,26.1206169128418,8.24092960357666,30.78864097595215,0.0810149610042572,0.026434239000082,33.402095794677734,78.1416244506836,3.685160636901856,0.0,120.04369354248048,0.3393434286117553,,,,,,,,,
NB13,Bãi tắm Bãi Cháy - khu Trung tâm bãi tắm,2316868,426503,2026,3,cobia,5.622533321380615,27.42506980895996,8.162348747253418,30.167490005493164,0.0651034563779831,0.0317740216851234,38.28851318359375,112.26971435546876,2.2873709201812744,59.26087951660156,127.4275131225586,0.0,,,,,,,,,
NB13,Bãi tắm Bãi Cháy - khu Trung tâm bãi tắm,2316868,426503,2026,4,cobia,5.950279235839844,24.618274688720703,8.186640739440918,30.65057182312012,0.0676916018128395,0.0312678478658199,37.58734130859375,103.43244171142578,1.665055751800537,0.0,113.99109649658205,0.0,,,,,,,,,
NB14,Ven bờ phường Hùng Thắng,2317578,422609,2025,1,cobia,6.218019485473633,20.06284713745117,8.174726486206055,30.4688777923584,0.0868374928832054,0.0170841645449399,36.613887786865234,75.63676452636719,4.287375450134277,0.0,127.4461898803711,0.0,,,,,,,,,
NB14,Ven bờ phường Hùng Thắng,2317578,422609,2025,2,cobia,5.713855266571045,24.97750473022461,8.228517532348633,30.27695846557617,0.090085856616497,0.012560436502099,35.56553268432617,66.38613891601562,5.131765365600586,0.0,124.17317199707033,0.0,,,,,,,,,
NB14,Ven bờ phường Hùng Thắng,2317578,422609,2025,3,cobia,5.967110633850098,26.38102531433105,8.26248836517334,29.7655086517334,0.0794660523533821,0.0337430834770202,40.67945098876953,95.47785949707033,7.585952281951904,0.0,142.2724151611328,0.0,,,,,,,,,
NB14,Ven bờ phường Hùng Thắng,2317578,422609,2025,4,cobia,6.4027509689331055,24.206159591674805,8.20903205871582,29.7290153503418,0.0769353657960891,0.0196728780865669,38.04598236083984,80.12450408935547,6.223141193389893,52.19148254394531,130.4773406982422,0.0,,,,,,,,,
NB14,Ven bờ phường Hùng Thắng,2317578,422609,2026,1,cobia,6.543811321258545,21.32717514038086,8.22773265838623,31.11560440063477,0.0818720981478691,0.0211032573133707,32.76132583618164,76.10618591308594,4.145445823669434,0.0,106.84031677246094,0.1305213123559951,,,,,,,,,
NB14,Ven bờ phường Hùng Thắng,2317578,422609,2026,2,cobia,6.270038604736328,25.93745422363281,8.287294387817383,30.77593231201172,0.0852713882923126,0.0229059681296348,37.09566879272461,80.74478912353516,4.578084468841553,0.0,121.31169128417967,0.0,,,,,,,,,
NB14,Ven bờ phường Hùng Thắng,2317578,422609,2026,3,cobia,6.509443759918213,27.249711990356445,8.205978393554688,30.35851287841797,0.0766693279147148,0.0283368043601512,40.03573226928711,114.79977416992188,5.500197410583496,0.0,134.14735412597656,0.8741907477378845,,,,,,,,,
NB14,Ven bờ phường Hùng Thắng,2317578,422609,2026,4,cobia,7.36442756652832,25.25935745239257,8.277816772460938,30.771896362304688,0.0703224837779998,0.0240881852805614,37.278133392333984,100.61504364013672,4.653909206390381,0.0,137.5106964111328,0.0,,,,,,,,,
NB15,Sau chợ Hạ Long 1- cầu Bài Thơ Hạ Long,2317218,430394,2025,1,cobia,5.292898178100586,19.579252243041992,8.238663673400879,30.688844680786133,0.1476707458496093,0.0217142086476087,36.989166259765625,80.13506317138672,5.962392807006836,0.0,118.95909118652344,0.0,,,,,,,,,
NB15,Sau chợ Hạ Long 1- cầu Bài Thơ Hạ Long,2317218,430394,2025,2,cobia,5.54676628112793,25.255599975585938,8.234088897705078,30.782554626464844,0.1299374103546142,0.0275842435657978,35.28392028808594,87.85606384277344,5.79472017288208,0.0,122.66603088378906,1.500428318977356,,,,,,,,,
NB15,Sau chợ Hạ Long 1- cầu Bài Thơ Hạ Long,2317218,430394,2025,3,cobia,6.050571441650391,26.921777725219727,8.207684516906738,29.17790985107422,0.1060270369052887,0.0460589751601219,42.11216735839844,111.35150909423828,5.72877836227417,900.376708984375,142.702880859375,0.0,,,,,,,,,
NB15,Sau chợ Hạ Long 1- cầu Bài Thơ Hạ Long,2317218,430394,2025,4,cobia,5.952484607696533,24.43864822387696,8.258086204528809,30.231853485107425,0.102289043366909,0.0264022815972566,31.21983337402344,86.96903991699219,4.238535404205322,237.40582275390625,103.77669525146484,0.0,,,,,,,,,
NB15,Sau chợ Hạ Long 1- cầu Bài Thơ Hạ Long,2317218,430394,2026,1,cobia,6.532363414764404,20.557641983032227,8.21628475189209,31.74442481994629,0.0976036861538887,0.0290938448160886,33.442710876464844,118.31510162353516,3.7108712196350098,0.0,112.87776947021484,0.4273305535316467,,,,,,,,,
NB15,Sau chợ Hạ Long 1- cầu Bài Thơ Hạ Long,2317218,430394,2026,2,cobia,5.791497707366943,26.97100257873535,8.131036758422852,30.83884620666504,0.0925957411527633,0.030252294614911,37.14588165283203,87.6415023803711,2.809408187866211,341.6121520996094,141.86199951171875,0.6450676918029785,,,,,,,,,
NB15,Sau chợ Hạ Long 1- cầu Bài Thơ Hạ Long,2317218,430394,2026,3,cobia,6.085635662078857,28.05312728881836,8.197312355041504,30.359161376953125,0.0830839201807975,0.0430116802453994,37.57550811767578,104.82640838623048,1.4940743446350098,0.0,138.8445281982422,0.0,,,,,,,,,
NB15,Sau chợ Hạ Long 1- cầu Bài Thơ Hạ Long,2317218,430394,2026,4,cobia,6.759481906890869,25.014148712158203,8.211324691772461,30.57382583618164,0.0808293744921684,0.0290827583521604,41.42893981933594,103.57965850830078,0.0,139.84596252441406,148.68133544921875,2.8527252674102783,,,,,,,,,
NB13,Bãi tắm Bãi Cháy - khu Trung tâm bãi tắm,2316868,426503,2025,1,ALL,,,,,,,,,,,,,0.0014855570625513,0.0018176242010667,0.0001038050686474,0.0003076971333939,0.0012285391567274,0.0001685166789684,0.0420638211071491,0.0003975970903411,
NB13,Bãi tắm Bãi Cháy - khu Trung tâm bãi tắm,2316868,426503,2025,2,ALL,,,,,,,,,,,,,0.001308208447881,0.0015752709005028,0.0001038050686474,0.0,0.0012784412829205,0.0001685166789684,0.0396689139306545,0.00053292902885,
NB13,Bãi tắm Bãi Cháy - khu Trung tâm bãi tắm,2316868,426503,2025,3,ALL,,,,,,,,,,,,,0.0013036195887252,0.001858138712123,0.0001038050686474,0.0010285786120221,0.0024470738135278,0.0001685166789684,0.0145648755133152,0.0002252364065498,
NB13,Bãi tắm Bãi Cháy - khu Trung tâm bãi tắm,2316868,426503,2025,4,ALL,,,,,,,,,,,,,0.001308208447881,0.0020541611593216,0.0001038050686474,0.0,0.0006687733111903,0.0001685166789684,0.0090594217181205,0.0,
NB13,Bãi tắm Bãi Cháy - khu Trung tâm bãi tắm,2316868,426503,2026,1,ALL,,,,,,,,,,,,,0.0013905951054766,0.0017403489910066,0.0001038050686474,0.0,0.0015718126669526,0.0001685166789684,0.0035780062898993,0.0001947412529261,
NB13,Bãi tắm Bãi Cháy - khu Trung tâm bãi tắm,2316868,426503,2026,2,ALL,,,,,,,,,,,,,0.001308208447881,0.0018139884341508,0.0001038050686474,0.0,0.0008856243803165,0.0001685166789684,0.0166253298521041,0.0,
NB13,Bãi tắm Bãi Cháy - khu Trung tâm bãi tắm,2316868,426503,2026,3,ALL,,,,,,,,,,,,,0.001308208447881,0.0018112630350515,0.0001038050686474,0.0010196133516728,0.0010212800698354,0.0001685166789684,0.0172052048146724,0.0003352422791067,
NB13,Bãi tắm Bãi Cháy - khu Trung tâm bãi tắm,2316868,426503,2026,4,ALL,,,,,,,,,,,,,0.001308208447881,0.0017182878218591,0.0001038050686474,7.789711526129395e-05,0.0009861349826678,0.0001685166789684,0.0131650706753134,0.0003490490489639,
NB14,Ven bờ phường Hùng Thắng,2317578,422609,2025,1,ALL,,,,,,,,,,,,,0.0014855570625513,0.0016730719944462,0.0001038050686474,0.0,0.0035623339936137,0.0001685166789684,0.0228396467864513,0.0004094686883036,
NB14,Ven bờ phường Hùng Thắng,2317578,422609,2025,2,ALL,,,,,,,,,,,,,0.001308208447881,0.0014023316325619,0.0001038050686474,0.0,0.0047408435493707,0.0001685166789684,0.0132759921252727,0.0195898357778787,
NB14,Ven bờ phường Hùng Thắng,2317578,422609,2025,3,ALL,,,,,,,,,,,,,0.0013036195887252,0.0018367633456364,0.0001038050686474,0.0006844564341008,0.0013715875102207,0.0001685166789684,0.0291249863803386,8.723922292119823e-06,
NB14,Ven bờ phường Hùng Thắng,2317578,422609,2025,4,ALL,,,,,,,,,,,,,0.001308208447881,0.0017857737839221,0.0001038050686474,0.0,0.0013129414292052,0.0001685166789684,0.0131457075476646,0.0002947970060631,
NB14,Ven bờ phường Hùng Thắng,2317578,422609,2026,1,ALL,,,,,,,,,,,,,0.0013612867332994,0.0013635153882205,0.0001038050686474,0.0001005906524369,0.0017474582418799,0.0001685166789684,0.0041870167478919,0.0005454853526316,
NB14,Ven bờ phường Hùng Thắng,2317578,422609,2026,2,ALL,,,,,,,,,,,,,0.0013036195887252,0.001689686323516,0.0001038050686474,0.0,0.0018295528134331,0.0001685166789684,0.0192140080034732,0.0003593871952034,
NB14,Ven bờ phường Hùng Thắng,2317578,422609,2026,3,ALL,,,,,,,,,,,,,0.001308208447881,0.0018285957630723,0.0001038050686474,0.0,0.0003522986953612,0.0001685166789684,0.0098367985337972,0.0003750181640498,
NB14,Ven bờ phường Hùng Thắng,2317578,422609,2026,4,ALL,,,,,,,,,,,,,0.001308208447881,0.0019795922562479,0.0001038050686474,0.0001687272597337,0.0004611492040567,0.0001685166789684,0.0083613051101565,0.0004021372878924,
NB16,Ven bờ khu vực Bến Đoan- Hạ Long,2317471,431681,2025,1,cobia,6.102202892303467,19.123476028442383,8.141965866088867,30.62136650085449,0.1092756986618042,0.0177913587540388,34.913352966308594,74.02816772460938,2.9648776054382324,0.0,135.48590087890625,1.8857741355896,,,,,,,,,
NB16,Ven bờ khu vực Bến Đoan- Hạ Long,2317471,431681,2025,2,cobia,5.928220272064209,25.08952713012696,8.198905944824219,30.072813034057617,0.112950399518013,0.0188382100313901,38.97604370117188,69.88253784179688,3.039323806762696,0.0,131.78317260742188,4.843739032745361,,,,,,,,,
NB16,Ven bờ khu vực Bến Đoan- Hạ Long,2317471,431681,2025,3,cobia,6.094163417816162,26.335193634033203,8.201631546020508,29.12617301940918,0.0910859331488609,0.0242232047021389,42.96421813964844,115.69947814941406,3.833643913269043,0.0,137.20077514648438,1.0083649158477783,,,,,,,,,
NB16,Ven bờ khu vực Bến Đoan- Hạ Long,2317471,431681,2025,4,cobia,6.111938953399658,23.90802574157715,8.204504013061523,30.21039581298828,0.0799831673502922,0.0203474089503288,35.894264221191406,75.40900421142578,3.322667121887207,0.0,129.0279083251953,0.0,,,,,,,,,
NB16,Ven bờ khu vực Bến Đoan- Hạ Long,2317471,431681,2026,1,cobia,7.091020107269287,20.1529598236084,8.268136024475098,31.610225677490234,0.0890751853585243,0.0221338085830211,35.724979400634766,75.66974639892578,2.3435864448547363,875.6363525390625,126.71424865722656,5.023102760314941,,,,,,,,,
NB16,Ven bờ khu vực Bến Đoan- Hạ Long,2317471,431681,2026,2,cobia,6.288102149963379,27.47256660461425,8.304739952087402,31.4318904876709,0.0950274541974067,0.0319797657430172,34.0285530090332,102.89405059814452,3.6201014518737793,0.0,112.64891052246094,1.4346743822097778,,,,,,,,,
NB16,Ven bờ khu vực Bến Đoan- Hạ Long,2317471,431681,2026,3,cobia,6.236586570739746,27.638687133789062,8.191445350646973,30.272369384765625,0.0707641318440437,0.0380656607449054,40.73957824707031,118.5768814086914,2.0965025424957275,0.0,141.82940673828125,0.0,,,,,,,,,
NB16,Ven bờ khu vực Bến Đoan- Hạ Long,2317471,431681,2026,4,cobia,7.326111793518066,24.94721794128418,8.23897647857666,30.990100860595703,0.0679388716816902,0.0207516159862279,40.35375213623047,99.68437957763672,1.899535179138184,0.0,130.8109130859375,0.0,,,,,,,,,
NB15,Sau chợ Hạ Long 1- cầu Bài Thơ Hạ Long,2317218,430394,2025,1,ALL,,,,,,,,,,,,,0.0014855570625513,0.0017943351995199,0.0001038050686474,0.0,0.0016331727383658,0.0001685166789684,0.0155600374564528,0.0005143052549101,
NB15,Sau chợ Hạ Long 1- cầu Bài Thơ Hạ Long,2317218,430394,2025,2,ALL,,,,,,,,,,,,,0.001308208447881,0.0015400829724967,0.0001038050686474,0.0002536721585784,0.0011393884196877,0.0001685166789684,0.008781093172729,0.0005748376715928,
NB15,Sau chợ Hạ Long 1- cầu Bài Thơ Hạ Long,2317218,430394,2025,3,ALL,,,,,,,,,,,,,0.0013036195887252,0.0025619650259613,0.0001038050686474,0.0,0.0005327643011696,0.0001685166789684,0.0112539725378155,0.0,
NB15,Sau chợ Hạ Long 1- cầu Bài Thơ Hạ Long,2317218,430394,2025,4,ALL,,,,,,,,,,,,,0.001308208447881,0.0023258673027157,0.0001038050686474,0.0002883919514715,0.001281265518628,0.0001685166789684,0.0321250073611736,0.0003892391687259,
NB15,Sau chợ Hạ Long 1- cầu Bài Thơ Hạ Long,2317218,430394,2026,1,ALL,,,,,,,,,,,,,0.0013905951054766,0.0015896944096311,0.0001038050686474,0.0,0.0015903661260381,0.0001685166789684,0.0111461374908685,0.0004543088143691,
NB15,Sau chợ Hạ Long 1- cầu Bài Thơ Hạ Long,2317218,430394,2026,2,ALL,,,,,,,,,,,,,0.0013036195887252,0.0016422517364844,0.0001038050686474,0.0,0.0014801688957959,0.0001685166789684,0.0087003726512193,0.0008431777241639,
NB15,Sau chợ Hạ Long 1- cầu Bài Thơ Hạ Long,2317218,430394,2026,3,ALL,,,,,,,,,,,,,0.001308208447881,0.0020458481740206,0.0001038050686474,0.0011282527120783,0.0004939918871968,0.0001685166789684,0.0104075716808438,0.0002216963330283,
NB15,Sau chợ Hạ Long 1- cầu Bài Thơ Hạ Long,2317218,430394,2026,4,ALL,,,,,,,,,,,,,0.001308208447881,0.002248290926218,0.0001038050686474,0.0002353121089981,0.0013361073797568,0.0001685166789684,0.0090663414448499,0.0004075278702657,
NB16,Ven bờ khu vực Bến Đoan- Hạ Long,2317471,431681,2025,1,ALL,,,,,,,,,,,,,0.0014855570625513,0.0020220982842147,0.0001038050686474,0.0,0.0018287366256117,0.0001685166789684,0.028591901063919,0.0009280061931349,
NB16,Ven bờ khu vực Bến Đoan- Hạ Long,2317471,431681,2025,2,ALL,,,,,,,,,,,,,0.001308208447881,0.0015452075749635,0.0001038050686474,0.0023205156903713,0.0023295050486922,0.0001685166789684,0.0152762625366449,0.001118499902077,
NB16,Ven bờ khu vực Bến Đoan- Hạ Long,2317471,431681,2025,3,ALL,,,,,,,,,,,,,0.0013036195887252,0.0017799773486331,0.0001038050686474,0.0020472118631005,0.0013561184750869,0.0001685166789684,0.0218074731528759,0.0008068933966569,
NB16,Ven bờ khu vực Bến Đoan- Hạ Long,2317471,431681,2025,4,ALL,,,,,,,,,,,,,0.001308208447881,0.0019645444117486,0.0001038050686474,0.0005365077522583,0.0009194178273901,0.0001685166789684,0.0131822628900408,0.0,
NB16,Ven bờ khu vực Bến Đoan- Hạ Long,2317471,431681,2026,1,ALL,,,,,,,,,,,,,0.0013905951054766,0.0014925949508324,0.0001038050686474,0.0,0.001175265526399,0.0001685166789684,0.0089617427438497,0.0002460476243868,
NB16,Ven bờ khu vực Bến Đoan- Hạ Long,2317471,431681,2026,2,ALL,,,,,,,,,,,,,0.0013036195887252,0.001514236908406,0.0001038050686474,0.0002474308712407,0.00089908298105,0.0001685166789684,0.0060736546292901,0.000713461486157,
NB16,Ven bờ khu vực Bến Đoan- Hạ Long,2317471,431681,2026,3,ALL,,,,,,,,,,,,,0.0013036195887252,0.0025811246596276,0.0001038050686474,0.0045073516666889,0.0007885288214311,0.0001685166789684,0.0219893809407949,0.0003166006063111,
NB16,Ven bờ khu vực Bến Đoan- Hạ Long,2317471,431681,2026,4,ALL,,,,,,,,,,,,,0.001308208447881,0.0019752057269215,0.0001038050686474,0.0011532314820215,0.0015066639753058,0.0001685166789684,0.0203020256012678,0.0004122790996916,
NB17,Ven bờ khu vực cột 5- phường Hồng Hà- TP Hạ Long,2317257,432137,2025,1,cobia,6.707102298736572,18.128433227539062,8.168326377868652,32.380645751953125,0.102398969233036,0.0163903106003999,33.47584915161133,62.53435897827149,8.817927360534668,0.0,137.2736358642578,0.0,,,,,,,,,
NB17,Ven bờ khu vực cột 5- phường Hồng Hà- TP Hạ Long,2317257,432137,2025,2,cobia,6.0956854820251465,25.31718063354492,8.289030075073242,31.44905662536621,0.1084792464971542,0.0192513391375541,31.320125579833984,46.07938766479492,9.325464248657228,0.0,130.12550354003906,1.5265532732009888,,,,,,,,,
NB17,Ven bờ khu vực cột 5- phường Hồng Hà- TP Hạ Long,2317257,432137,2025,3,cobia,6.091922283172607,27.219470977783203,8.293739318847656,31.804969787597656,0.0890080854296684,0.0314047932624816,34.59408187866211,72.73226165771484,9.85252285003662,0.0,123.75311279296876,0.0,,,,,,,,,
NB17,Ven bờ khu vực cột 5- phường Hồng Hà- TP Hạ Long,2317257,432137,2025,4,cobia,6.107612609863281,24.26785087585449,8.28762149810791,31.0703239440918,0.0742471888661384,0.0179209150373935,33.30277633666992,85.7778091430664,9.691439628601074,0.0,114.29676055908205,0.0,,,,,,,,,
NB17,Ven bờ khu vực cột 5- phường Hồng Hà- TP Hạ Long,2317257,432137,2026,1,cobia,6.853279113769531,19.21232986450196,8.245320320129395,33.2962760925293,0.0868042707443237,0.01875601708889,33.721641540527344,86.33416748046875,8.079350471496582,0.0,119.66173553466795,0.0,,,,,,,,,
NB17,Ven bờ khu vực cột 5- phường Hồng Hà- TP Hạ Long,2317257,432137,2026,2,cobia,7.0816802978515625,26.533246994018555,8.353158950805664,32.639686584472656,0.0848546922206878,0.0221584979444742,36.63204193115234,88.1930923461914,7.694733142852783,0.0,122.09791564941406,4.421832084655762,,,,,,,,,
NB17,Ven bờ khu vực cột 5- phường Hồng Hà- TP Hạ Long,2317257,432137,2026,3,cobia,6.504323482513428,28.27944564819336,8.24051570892334,31.91074562072754,0.0650990903377533,0.0440500937402248,38.21869659423828,115.62883758544922,7.857198715209961,114.51276397705078,123.349853515625,2.967571258544922,,,,,,,,,
NB17,Ven bờ khu vực cột 5- phường Hồng Hà- TP Hạ Long,2317257,432137,2026,4,cobia,6.8498406410217285,26.767066955566406,8.352997779846191,31.509078979492188,0.0774639323353767,0.0443661622703075,33.12861633300781,80.4991683959961,7.891080379486084,0.0,112.73518371582033,4.203141689300537,,,,,,,,,
NB18,Lạch Hạm Nam Cầu Trắng- TP Hạ Long,2316544,435609,2025,1,cobia,6.450351715087891,18.457050323486328,8.133736610412598,31.860858917236328,0.0883103236556053,0.0160154215991497,33.70973587036133,66.77621459960938,9.909207344055176,0.0,138.80575561523438,0.0,,,,,,,,,
NB18,Lạch Hạm Nam Cầu Trắng- TP Hạ Long,2316544,435609,2025,2,cobia,6.29238748550415,25.755708694458008,8.218408584594727,31.30787467956543,0.0884286314249038,0.0154568534344434,33.03183364868164,62.71146774291992,6.793595790863037,0.0,115.56832885742188,2.1747074127197266,,,,,,,,,
NB18,Lạch Hạm Nam Cầu Trắng- TP Hạ Long,2316544,435609,2025,3,cobia,5.933525562286377,27.39595031738281,8.267372131347656,31.734115600585938,0.0685692280530929,0.026006294414401,34.24324035644531,81.41139221191406,7.834169387817383,0.0,121.59542083740234,0.0,,,,,,,,,
NB18,Lạch Hạm Nam Cầu Trắng- TP Hạ Long,2316544,435609,2025,4,cobia,6.09853982925415,24.57418441772461,8.252120971679688,31.13089942932129,0.0645506307482719,0.0177804119884967,34.134090423583984,102.0457992553711,8.458233833312988,0.0,123.96173858642578,0.0,,,,,,,,,
NB18,Lạch Hạm Nam Cầu Trắng- TP Hạ Long,2316544,435609,2026,1,cobia,7.077295780181885,19.15360641479492,8.263675689697266,32.76862335205078,0.0741360709071159,0.0201106052845716,32.97709655761719,79.30330657958984,9.154873847961426,0.0,115.34860229492188,0.0,,,,,,,,,
NB18,Lạch Hạm Nam Cầu Trắng- TP Hạ Long,2316544,435609,2026,2,cobia,6.331993579864502,26.29693603515625,8.271827697753906,31.42511940002441,0.0725913494825363,0.0266690906137228,36.063255310058594,103.88658905029295,7.759970188140869,0.0,120.4585418701172,1.8839244842529297,,,,,,,,,
NB18,Lạch Hạm Nam Cầu Trắng- TP Hạ Long,2316544,435609,2026,3,cobia,6.016024112701416,28.426332473754883,8.16549301147461,32.1727409362793,0.0662101581692695,0.0419481433928012,37.35677719116211,106.25056457519533,7.40358304977417,0.0,127.90154266357422,0.0,,,,,,,,,
NB18,Lạch Hạm Nam Cầu Trắng- TP Hạ Long,2316544,435609,2026,4,cobia,8.337862014770508,25.191539764404297,8.217415809631348,31.76823616027832,0.064785435795784,0.0304475929588079,32.83567428588867,57.06568908691406,7.661159038543701,0.0,132.62637329101562,1.4154914617538452,,,,,,,,,
NB19,Lạch Lộ Phong- TP Hạ Long,2316498,443279,2025,1,cobia,6.7895941734313965,19.53331184387207,8.161079406738281,31.162012100219727,0.0790668949484825,0.0155908446758985,32.45542907714844,65.35345458984375,5.0098958015441895,0.0,135.20925903320312,0.0,,,,,,,,,
NB19,Lạch Lộ Phong- TP Hạ Long,2316498,443279,2025,2,cobia,6.344358921051025,24.84010124206543,8.145753860473633,31.469913482666016,0.0795259624719619,0.018820097669959,32.35795593261719,65.87601470947266,3.19443941116333,141.08326721191406,103.78797912597656,0.0,,,,,,,,,
NB19,Lạch Lộ Phong- TP Hạ Long,2316498,443279,2025,3,cobia,5.918904781341553,27.42632102966309,8.2562894821167,31.6224365234375,0.0603821463882923,0.0210038889199495,35.034950256347656,58.43373489379883,2.546830654144287,0.0,116.43788146972656,3.71198844909668,,,,,,,,,
NB19,Lạch Lộ Phong- TP Hạ Long,2316498,443279,2025,4,cobia,6.300488471984863,25.605846405029297,8.230979919433594,30.391151428222656,0.0430146381258964,0.0244692638516426,36.60108184814453,103.22858428955078,1.1944388151168823,0.0,128.18359375,0.0,,,,,,,,,
NB19,Lạch Lộ Phong- TP Hạ Long,2316498,443279,2026,1,cobia,6.561560153961182,21.904932022094727,8.232722282409668,31.58726501464844,0.0623706541955471,0.027107186615467,39.40547180175781,85.48796844482422,3.79302978515625,0.0,109.77391815185548,0.1093092188239097,,,,,,,,,
NB19,Lạch Lộ Phong- TP Hạ Long,2316498,443279,2026,2,cobia,6.812568664550781,27.415258407592773,8.188157081604004,31.453258514404297,0.0686806812882423,0.0289967879652977,36.31241989135742,99.5258331298828,2.242952346801758,152.15867614746094,125.63800811767578,0.0,,,,,,,,,
NB19,Lạch Lộ Phong- TP Hạ Long,2316498,443279,2026,3,cobia,5.988703727722168,28.46493148803711,8.143256187438965,32.44246292114258,0.0580035075545311,0.0453126393258571,36.98162078857422,108.87962341308594,1.976712226867676,0.0,114.52691650390624,3.069460153579712,,,,,,,,,
NB19,Lạch Lộ Phong- TP Hạ Long,2316498,443279,2026,4,cobia,8.558639526367188,24.905237197875977,8.155858993530273,30.907793045043945,0.0495024509727954,0.0364308357238769,37.97598648071289,102.06757354736328,3.5356178283691406,0.0,136.1781005859375,0.0859907791018486,,,,,,,,,
NB17,Ven bờ khu vực cột 5- phường Hồng Hà- TP Hạ Long,2317257,432137,2025,1,ALL,,,,,,,,,,,,,0.0014855570625513,0.0019229290774092,0.0001038050686474,0.0,0.0017382377991452,0.0001685166789684,0.0299559030681848,0.0004050572169944,
NB17,Ven bờ khu vực cột 5- phường Hồng Hà- TP Hạ Long,2317257,432137,2025,2,ALL,,,,,,,,,,,,,0.001308208447881,0.0015181514900177,0.0001038050686474,1.2481321391533127e-05,0.0012809428153559,0.0001685166789684,0.0132372276857495,0.0004404922947287,
NB17,Ven bờ khu vực cột 5- phường Hồng Hà- TP Hạ Long,2317257,432137,2025,3,ALL,,,,,,,,,,,,,0.0013036195887252,0.0019709256011992,0.0001038050686474,0.0002389625005889,0.0007883111829869,0.0001685166789684,0.0143087310716509,0.0003424111346248,
NB17,Ven bờ khu vực cột 5- phường Hồng Hà- TP Hạ Long,2317257,432137,2025,4,ALL,,,,,,,,,,,,,0.001308208447881,0.0023103044368326,0.0001038050686474,0.0009053960675373,0.0011736659798771,0.0001685166789684,0.0090656019747257,0.0,
NB17,Ven bờ khu vực cột 5- phường Hồng Hà- TP Hạ Long,2317257,432137,2026,1,ALL,,,,,,,,,,,,,0.0013905951054766,0.0018216815078631,0.0001038050686474,0.0,0.001577547751367,0.0001685166789684,0.0129121467471122,0.0004226904420647,
NB17,Ven bờ khu vực cột 5- phường Hồng Hà- TP Hạ Long,2317257,432137,2026,2,ALL,,,,,,,,,,,,,0.001308208447881,0.001690826844424,0.0001038050686474,0.0,0.0009448667988181,0.0001685166789684,0.0067907571792602,0.0005608992069028,
NB17,Ven bờ khu vực cột 5- phường Hồng Hà- TP Hạ Long,2317257,432137,2026,3,ALL,,,,,,,,,,,,,0.001308208447881,0.0026467859279364,0.0001038050686474,0.0027813038323074,0.0008635764825157,0.0001685166789684,0.0278165787458419,0.0001581771648488,
NB17,Ven bờ khu vực cột 5- phường Hồng Hà- TP Hạ Long,2317257,432137,2026,4,ALL,,,,,,,,,,,,,0.001308208447881,0.0023318452294915,0.0001038050686474,0.0040398840792477,0.0034189475700259,0.0001685166789684,0.0159856304526329,0.0003768089518416,
NB18,Lạch Hạm Nam Cầu Trắng- TP Hạ Long,2316544,435609,2025,1,ALL,,,,,,,,,,,,,0.0014855570625513,0.0019551201257854,0.0001038050686474,0.0001463759545003,0.0006707756547257,0.0001685166789684,0.012595035135746,0.0005121752619743,
NB18,Lạch Hạm Nam Cầu Trắng- TP Hạ Long,2316544,435609,2025,2,ALL,,,,,,,,,,,,,0.001308208447881,0.0016562854871153,0.0001038050686474,0.0,0.0006650661234743,0.0001685166789684,0.0073451627977192,0.0006124153151176,
NB18,Lạch Hạm Nam Cầu Trắng- TP Hạ Long,2316544,435609,2025,3,ALL,,,,,,,,,,,,,0.001308208447881,0.0022748906631022,0.0001038050686474,0.0,0.000879552855622,0.0001685166789684,0.0252711623907089,0.0003250356821808,
NB18,Lạch Hạm Nam Cầu Trắng- TP Hạ Long,2316544,435609,2025,4,ALL,,,,,,,,,,,,,0.001308208447881,0.0022187489084899,0.0001038050686474,0.0018458650447428,0.0028203160036355,0.0001685166789684,0.0260238870978355,0.0002715851878747,
NB18,Lạch Hạm Nam Cầu Trắng- TP Hạ Long,2316544,435609,2026,1,ALL,,,,,,,,,,,,,0.0013905951054766,0.0016970661235973,0.0001038050686474,0.0001166263245977,0.0021831926424056,0.0001685166789684,0.0165944881737232,0.0005076648085378,
NB18,Lạch Hạm Nam Cầu Trắng- TP Hạ Long,2316544,435609,2026,2,ALL,,,,,,,,,,,,,0.001308208447881,0.0014168989146128,0.0001038050686474,0.0013109734281897,0.001985733397305,0.0001685166789684,0.011083910241723,0.0008456583600491,
NB18,Lạch Hạm Nam Cầu Trắng- TP Hạ Long,2316544,435609,2026,3,ALL,,,,,,,,,,,,,0.0013036195887252,0.0020596608519554,0.0001038050686474,0.0001628859026823,0.0008437377982772,0.0001685166789684,0.0174972098320722,9.530164970783515e-05,
NB18,Lạch Hạm Nam Cầu Trắng- TP Hạ Long,2316544,435609,2026,4,ALL,,,,,,,,,,,,,0.001308208447881,0.0014336879830807,0.0001038050686474,0.0021110996603965,0.0012454715324565,0.0001685166789684,0.0148144699633121,0.0003059890004806,
NB20,Cảng Km 6 - TP Cẩm Phả,2322174,447656,2025,1,cobia,6.248157501220703,20.624351501464844,8.1353120803833,29.45977020263672,0.0366249494254589,0.0220479797571897,31.446651458740234,50.082149505615234,5.677773952484131,0.0,122.39599609375,0.0,,,,,,,,,
NB20,Cảng Km 6 - TP Cẩm Phả,2322174,447656,2025,2,cobia,5.961771488189697,24.297771453857425,8.14087200164795,27.73970413208008,0.0520823560655117,0.0219797678291797,36.96576690673828,72.66944885253906,3.804293394088745,0.0,122.43374633789062,0.0,,,,,,,,,
NB20,Cảng Km 6 - TP Cẩm Phả,2322174,447656,2025,3,cobia,6.130032062530518,27.488201141357425,8.15282917022705,28.339319229125977,0.0397456362843513,0.0371464975178241,37.45351028442383,89.32293701171875,3.349688768386841,0.0,128.2689666748047,0.0,,,,,,,,,
NB20,Cảng Km 6 - TP Cẩm Phả,2322174,447656,2025,4,cobia,6.549844741821289,24.710372924804688,8.153234481811523,28.93633460998535,0.0340740792453289,0.0235031638294458,37.257659912109375,78.28677368164062,4.586092472076416,0.0,112.1729736328125,0.0,,,,,,,,,
NB20,Cảng Km 6 - TP Cẩm Phả,2322174,447656,2026,1,cobia,6.69578742980957,21.012269973754883,8.208616256713867,30.10224151611328,0.0419874228537082,0.0324811041355133,35.1009407043457,99.07551574707033,4.792961597442627,0.0,138.30287170410156,2.5797927379608154,,,,,,,,,
NB20,Cảng Km 6 - TP Cẩm Phả,2322174,447656,2026,2,cobia,6.567615509033203,26.025978088378903,8.125511169433594,28.98923683166504,0.0479412712156772,0.0421817041933536,38.31687927246094,96.22075653076172,4.586646556854248,0.0,114.36957550048828,0.0,,,,,,,,,
NB20,Cảng Km 6 - TP Cẩm Phả,2322174,447656,2026,3,cobia,6.869103908538818,28.20012664794922,8.095611572265625,29.37993049621582,0.0367141515016555,0.056478813290596,37.07625961303711,89.683349609375,2.534962654113769,0.0,140.3974609375,0.0,,,,,,,,,
NB20,Cảng Km 6 - TP Cẩm Phả,2322174,447656,2026,4,cobia,7.250261306762695,25.0639877319336,8.125967025756836,29.370927810668945,0.0384187176823616,0.0416886247694492,39.86760330200195,104.5138931274414,1.80957293510437,0.0,137.6707763671875,0.0,,,,,,,,,
NB19,Lạch Lộ Phong- TP Hạ Long,2316498,443279,2025,1,ALL,,,,,,,,,,,,,0.0014855570625513,0.0014915884239599,0.0001038050686474,8.555898239137605e-05,0.0001711346994852,0.0001685166789684,0.0,0.00053247413598,
NB19,Lạch Lộ Phong- TP Hạ Long,2316498,443279,2025,2,ALL,,,,,,,,,,,,,0.0013036195887252,0.0018856887472793,0.0001038050686474,0.0019490553531795,0.0004848030512221,0.0001685166789684,0.0207439083606004,0.0019042883068323,
NB19,Lạch Lộ Phong- TP Hạ Long,2316498,443279,2025,3,ALL,,,,,,,,,,,,,0.001308208447881,0.0019491619896143,0.0001038050686474,0.0006357888923957,0.0007044356316328,0.0001685166789684,0.0159302651882171,0.0005364807439036,
NB19,Lạch Lộ Phong- TP Hạ Long,2316498,443279,2025,4,ALL,,,,,,,,,,,,,0.001308208447881,0.0018144912319257,0.0001038050686474,0.0037319660186767,0.0018279395299032,0.0001685166789684,0.0173411052674055,0.0009495424455963,
NB19,Lạch Lộ Phong- TP Hạ Long,2316498,443279,2026,1,ALL,,,,,,,,,,,,,0.001347028533928,0.0014657550491392,0.0001038050686474,0.0015511665260419,0.0022939865011721,0.0001685166789684,0.0139802983030676,0.0010271525243297,
NB19,Lạch Lộ Phong- TP Hạ Long,2316498,443279,2026,2,ALL,,,,,,,,,,,,,0.0013036195887252,0.0015705256955698,0.0001038050686474,0.0,0.0015360936522483,0.0001685166789684,0.0118250586092472,0.0003162667562719,
NB19,Lạch Lộ Phong- TP Hạ Long,2316498,443279,2026,3,ALL,,,,,,,,,,,,,0.0013036195887252,0.0022777961567044,0.0001038050686474,0.0,8.827104466035962e-05,0.0001685166789684,0.0079691372811794,0.0003905908961314,
NB19,Lạch Lộ Phong- TP Hạ Long,2316498,443279,2026,4,ALL,,,,,,,,,,,,,0.001308208447881,0.0021840461995452,0.0001038050686474,0.0003915884299203,0.0014868839643895,0.0001685166789684,0.0208094604313373,0.0003915140114258,
NB20,Cảng Km 6 - TP Cẩm Phả,2322174,447656,2025,1,ALL,,,,,,,,,,,,,0.0014855570625513,0.0014147498877719,0.0001038050686474,0.0001436284946976,0.000247660500463,0.0001735203550197,0.0002523845760151,0.0004913000157102,
NB20,Cảng Km 6 - TP Cẩm Phả,2322174,447656,2025,2,ALL,,,,,,,,,,,,,0.0013036195887252,0.0017906524008139,0.0001038050686474,0.0,0.0005490945186465,0.0001685166789684,0.0169104076921939,0.0007495319005101,
NB20,Cảng Km 6 - TP Cẩm Phả,2322174,447656,2025,3,ALL,,,,,,,,,,,,,0.001308208447881,0.0023610922507941,0.0001038050686474,0.0011112332576885,0.0004913889570161,0.0001685166789684,0.0111466003581881,0.0003458217834122,
NB20,Cảng Km 6 - TP Cẩm Phả,2322174,447656,2025,4,ALL,,,,,,,,,,,,,0.001308208447881,0.0020653358660638,0.0001038050686474,0.0004462729557417,0.0004992677713744,0.0001685166789684,0.0232974980026483,0.0003521394100971,
NB20,Cảng Km 6 - TP Cẩm Phả,2322174,447656,2026,1,ALL,,,,,,,,,,,,,0.001347028533928,0.0016329329228028,0.0001038050686474,0.0003320606192573,0.0028439022134989,0.0001685166789684,0.0167766828089952,0.0005091049824841,
NB20,Cảng Km 6 - TP Cẩm Phả,2322174,447656,2026,2,ALL,,,,,,,,,,,,,0.001308208447881,0.0014977842802181,0.0001038050686474,0.0,0.001598802045919,0.0001685166789684,0.0103527475148439,0.0005820039659738,
NB20,Cảng Km 6 - TP Cẩm Phả,2322174,447656,2026,3,ALL,,,,,,,,,,,,,0.0013036195887252,0.0020100995898246,0.0001038050686474,0.0007795920828357,0.0010305742034688,0.0001685166789684,0.0049001295119524,0.0003935330896638,
NB20,Cảng Km 6 - TP Cẩm Phả,2322174,447656,2026,4,ALL,,,,,,,,,,,,,0.001308208447881,0.0021852734498679,0.0001038050686474,6.62564707454294e-05,0.0006205270183272,0.0001685166789684,0.0308480318635702,0.0002174205146729,
NB21,Cảng Vũng Đục - TP Cẩm Phả,2321985,452827,2025,1,cobia,6.103494167327881,20.70658302307129,8.178936958312988,31.313282012939453,0.0490249991416931,0.0188387501984834,31.619327545166016,61.94038009643555,3.5813229084014893,0.0,117.50127410888672,0.0,,,,,,,,,
NB21,Cảng Vũng Đục - TP Cẩm Phả,2321985,452827,2025,2,cobia,5.800657749176025,25.02796745300293,8.22801399230957,30.801910400390625,0.0604417435824871,0.0148217258974909,32.35652160644531,68.82181549072266,2.960402488708496,0.0,133.4404296875,0.0,,,,,,,,,
NB21,Cảng Vũng Đục - TP Cẩm Phả,2321985,452827,2025,3,cobia,5.925704956054688,27.13909912109375,8.202746391296387,30.507369995117188,0.0360897667706012,0.0363555401563644,40.29342651367188,108.42542266845705,2.295618057250977,0.0,135.7492218017578,0.7048929929733276,,,,,,,,,
NB21,Cảng Vũng Đục - TP Cẩm Phả,2321985,452827,2025,4,cobia,5.842430114746094,24.28449821472168,8.162787437438965,30.42295455932617,0.0308518726378679,0.0154637126252055,37.19135665893555,71.77711486816406,1.3036845922470093,0.0,120.40139770507812,0.0,,,,,,,,,
NB21,Cảng Vũng Đục - TP Cẩm Phả,2321985,452827,2026,1,cobia,6.321040630340576,20.76398468017578,8.165843963623047,32.19963836669922,0.044752862304449,0.0217626392841339,34.570533752441406,52.69866180419922,2.7898812294006348,0.0,121.24845886230467,0.0,,,,,,,,,
NB21,Cảng Vũng Đục - TP Cẩm Phả,2321985,452827,2026,2,cobia,6.1983184814453125,26.552091598510746,8.188705444335938,31.29102325439453,0.0632520094513893,0.0294894762337207,32.02867889404297,62.04806518554688,3.1440460681915283,0.0,113.30531311035156,0.02942237816751,,,,,,,,,
NB21,Cảng Vũng Đục - TP Cẩm Phả,2321985,452827,2026,3,cobia,5.887767314910889,27.92500305175781,8.143333435058594,30.95102310180664,0.0521673671901226,0.045808121562004,37.54597854614258,72.24549865722656,2.576075315475464,128.6593780517578,142.92037963867188,3.7819862365722656,,,,,,,,,
NB21,Cảng Vũng Đục - TP Cẩm Phả,2321985,452827,2026,4,cobia,6.954669952392578,25.25629615783692,8.245148658752441,30.88006591796875,0.0639732927083969,0.0491946265101432,35.296024322509766,73.04619598388672,2.6834847927093506,0.0,117.13722229003906,1.8102744817733765,,,,,,,,,
NB22,Khu vực Hòn Lướt ven cụm công nghiệp Cẩm Thịnh,2322430,458154,2025,1,cobia,5.9790940284729,21.15482521057129,8.132604598999023,30.559085845947266,0.0563679635524749,0.0216461103409528,31.521608352661133,75.83749389648438,3.274613380432129,0.0,124.70748901367188,0.0,,,,,,,,,
NB22,Khu vực Hòn Lướt ven cụm công nghiệp Cẩm Thịnh,2322430,458154,2025,2,cobia,6.446521282196045,25.9139404296875,8.062357902526855,29.98797607421875,0.0653786659240722,0.0229109432548284,37.28808975219727,72.10100555419922,1.6403967142105105,0.0,136.6859893798828,1.2732980251312256,,,,,,,,,
NB22,Khu vực Hòn Lướt ven cụm công nghiệp Cẩm Thịnh,2322430,458154,2025,3,cobia,6.496862411499023,28.232574462890625,8.119974136352539,30.811885833740234,0.0382869504392147,0.0371732264757156,40.5827751159668,106.31478118896484,1.3047170639038086,100.57401275634766,118.24058532714844,1.1723791360855105,,,,,,,,,
NB22,Khu vực Hòn Lướt ven cụm công nghiệp Cẩm Thịnh,2322430,458154,2025,4,cobia,6.155960559844971,25.308565139770508,8.112421035766602,30.799015045166016,0.0473904199898242,0.0284538734704256,35.78499221801758,86.60213470458984,0.4606671929359436,0.0,116.63322448730467,0.6029457449913025,,,,,,,,,
NB22,Khu vực Hòn Lướt ven cụm công nghiệp Cẩm Thịnh,2322430,458154,2026,1,cobia,6.366372585296631,21.43592834472656,8.19163990020752,31.26659774780273,0.0578641854226589,0.0234124101698398,35.02099609375,80.77339172363281,2.743244409561157,240.8534545898437,123.51744842529295,0.0,,,,,,,,,
NB22,Khu vực Hòn Lướt ven cụm công nghiệp Cẩm Thịnh,2322430,458154,2026,2,cobia,6.044086933135986,25.77751350402832,8.165329933166504,31.842906951904297,0.0656351074576377,0.0233218818902969,39.42646789550781,100.64078521728516,3.1487033367156982,0.0,118.04917907714844,0.0,,,,,,,,,
NB22,Khu vực Hòn Lướt ven cụm công nghiệp Cẩm Thịnh,2322430,458154,2026,3,cobia,6.075466632843018,28.557275772094727,8.140035629272461,32.458309173583984,0.0423191003501415,0.0438786707818508,35.35004425048828,74.5379638671875,0.2656678855419159,32.691890716552734,141.23179626464844,5.538196563720703,,,,,,,,,
NB22,Khu vực Hòn Lướt ven cụm công nghiệp Cẩm Thịnh,2322430,458154,2026,4,cobia,6.575218677520752,24.995450973510746,8.121255874633789,31.287277221679688,0.0478152781724929,0.0439690425992012,35.30447769165039,122.15270233154295,3.337778091430664,867.7581787109375,126.6817398071289,3.639298439025879,,,,,,,,,
NB23,Ven bờ Nhiệt điện Cẩm Phả - tuyển than Cửa Ông,2323792,459817,2025,1,cobia,6.064565658569336,24.75630187988281,8.020286560058594,28.17285346984864,0.0532435402274131,0.0232833325862884,29.179170608520508,80.15868377685547,3.5745925903320312,0.0,118.96345520019533,0.0,,,,,,,,,
NB23,Ven bờ Nhiệt điện Cẩm Phả - tuyển than Cửa Ông,2323792,459817,2025,2,cobia,6.4393744468688965,29.22606468200684,8.074117660522461,27.726964950561523,0.0510835088789463,0.0326657965779304,37.13762283325195,96.24577331542967,4.05696439743042,1786.0716552734375,123.42943572998048,0.8359439373016357,,,,,,,,,
NB23,Ven bờ Nhiệt điện Cẩm Phả - tuyển than Cửa Ông,2323792,459817,2025,3,cobia,5.947607040405273,30.01886749267578,8.096382141113281,26.7362003326416,0.0600249655544757,0.0350361205637455,36.84733963012695,140.74876403808594,1.2446045875549316,1397.4891357421875,115.11368560791016,0.0,,,,,,,,,
NB23,Ven bờ Nhiệt điện Cẩm Phả - tuyển than Cửa Ông,2323792,459817,2025,4,cobia,5.44025468826294,27.663658142089844,8.066252708435059,28.700380325317383,0.057535596191883,0.0273112338036298,35.22089385986328,102.12740325927734,2.336067676544189,0.0,103.84042358398438,0.0,,,,,,,,,
NB23,Ven bờ Nhiệt điện Cẩm Phả - tuyển than Cửa Ông,2323792,459817,2026,1,cobia,5.822511196136475,22.27531623840332,8.018388748168945,29.678974151611328,0.0546473935246467,0.030012235045433,39.9370346069336,92.0964813232422,3.543664932250977,711.8782958984375,119.29332733154295,0.0,,,,,,,,,
NB23,Ven bờ Nhiệt điện Cẩm Phả - tuyển than Cửa Ông,2323792,459817,2026,2,cobia,5.243288040161133,25.571813583374023,8.065665245056152,30.059261322021484,0.0621510818600654,0.0456602498888969,32.06230545043945,103.68926239013672,2.280844449996948,0.0,109.79113006591795,0.0,,,,,,,,,
NB23,Ven bờ Nhiệt điện Cẩm Phả - tuyển than Cửa Ông,2323792,459817,2026,3,cobia,11.621671676635742,29.503461837768555,8.098990440368652,29.513051986694336,0.0574778132140636,0.0573051869869232,41.58800506591797,131.586669921875,3.721700668334961,0.0,121.26599884033205,0.0,,,,,,,,,
NB23,Ven bờ Nhiệt điện Cẩm Phả - tuyển than Cửa Ông,2323792,459817,2026,4,cobia,7.6546630859375,24.84604835510254,8.0197114944458,29.407299041748047,0.0516884736716747,0.0480716228485107,35.30680084228516,101.1939697265625,3.887940645217896,265.3412170410156,138.40396118164062,0.0,,,,,,,,,
NB21,Cảng Vũng Đục - TP Cẩm Phả,2321985,452827,2025,1,ALL,,,,,,,,,,,,,0.0014855570625513,0.0014099639374762,0.0001038050686474,0.0002672572154551,0.0005490342155098,0.0001685166789684,0.0270585287362337,0.00052091589896,
NB21,Cảng Vũng Đục - TP Cẩm Phả,2321985,452827,2025,2,ALL,,,,,,,,,,,,,0.0013036195887252,0.0017290636897087,0.0001038050686474,0.0023267872165888,0.0028473609127104,0.0001685166789684,0.0124023342505097,0.0013607793953269,
NB21,Cảng Vũng Đục - TP Cẩm Phả,2321985,452827,2025,3,ALL,,,,,,,,,,,,,0.001308208447881,0.0019531399011611,0.0001038050686474,0.0,0.0006348858005367,0.0001685166789684,0.0047283098101615,0.0,
NB21,Cảng Vũng Đục - TP Cẩm Phả,2321985,452827,2025,4,ALL,,,,,,,,,,,,,0.001308208447881,0.0017542735440656,0.0001038050686474,0.0,0.0012942557223141,0.0001685166789684,0.0173590146005153,0.0003141608322039,
NB21,Cảng Vũng Đục - TP Cẩm Phả,2321985,452827,2026,1,ALL,,,,,,,,,,,,,0.0013612867332994,0.0013943543890491,0.0001038050686474,0.0005941237905062,0.0009813179494813,0.0001685166789684,0.0147179076448082,0.0007230210467241,
NB21,Cảng Vũng Đục - TP Cẩm Phả,2321985,452827,2026,2,ALL,,,,,,,,,,,,,0.0013036195887252,0.0017208224162459,0.0001038050686474,0.0041296738199889,0.002980335149914,0.0001685166789684,0.0136092826724052,0.0034338515251874,
NB21,Cảng Vũng Đục - TP Cẩm Phả,2321985,452827,2026,3,ALL,,,,,,,,,,,,,0.001308208447881,0.0015851722564548,0.0001038050686474,0.0027554822154343,0.0013408503727987,0.0001685166789684,0.018182074651122,0.0006750233587808,
NB21,Cảng Vũng Đục - TP Cẩm Phả,2321985,452827,2026,4,ALL,,,,,,,,,,,,,0.0013036195887252,0.0016185416607186,0.0001038050686474,0.0004353639087639,0.0012841131538152,0.0001685166789684,0.0086000086739659,0.0003570730914361,
NB22,Khu vực Hòn Lướt ven cụm công nghiệp Cẩm Thịnh,2322430,458154,2025,1,ALL,,,,,,,,,,,,,0.0014855570625513,0.0014106498565524,0.0001038050686474,6.004598253639415e-05,0.0004196691152174,0.0001685166789684,0.0180546063929796,0.0005544608575291,
NB22,Khu vực Hòn Lướt ven cụm công nghiệp Cẩm Thịnh,2322430,458154,2025,2,ALL,,,,,,,,,,,,,0.0013036195887252,0.0017139457631856,0.0001038050686474,0.0040313247591257,0.0012315423227846,0.0001685166789684,0.0202847104519605,0.0006890046643093,
NB22,Khu vực Hòn Lướt ven cụm công nghiệp Cẩm Thịnh,2322430,458154,2025,3,ALL,,,,,,,,,,,,,0.001308208447881,0.0019551459699869,0.0001038050686474,0.0004422765050549,0.0015616406453773,0.0001685166789684,0.0112922750413417,0.0,
NB22,Khu vực Hòn Lướt ven cụm công nghiệp Cẩm Thịnh,2322430,458154,2025,4,ALL,,,,,,,,,,,,,0.001308208447881,0.0016240953700616,0.0001038050686474,0.0,0.0005426411516964,0.0001685166789684,0.0211520623415708,0.000329262780724,
NB22,Khu vực Hòn Lướt ven cụm công nghiệp Cẩm Thịnh,2322430,458154,2026,1,ALL,,,,,,,,,,,,,0.0013612867332994,0.0014869648730382,0.0001038050686474,8.449906454188749e-05,0.0006694073672406,0.0001685166789684,0.0132746957242488,0.0006275183986872,
NB22,Khu vực Hòn Lướt ven cụm công nghiệp Cẩm Thịnh,2322430,458154,2026,2,ALL,,,,,,,,,,,,,0.0013036195887252,0.001625525066629,0.0001038050686474,0.0,0.001028447644785,0.0001685166789684,0.010426266118884,0.0005219921586103,
NB22,Khu vực Hòn Lướt ven cụm công nghiệp Cẩm Thịnh,2322430,458154,2026,3,ALL,,,,,,,,,,,,,0.001308208447881,0.00243183481507,0.0001038050686474,0.0016728827031329,0.0009894933318719,0.0001685166789684,0.0168216358870267,0.0001870004198281,
NB22,Khu vực Hòn Lướt ven cụm công nghiệp Cẩm Thịnh,2322430,458154,2026,4,ALL,,,,,,,,,,,,,0.001308208447881,0.0017581427237018,0.0001038050686474,0.0010543873067945,0.0010918854968622,0.0001685166789684,0.0096347155049443,0.0002632981049828,
NB24,Cảng Cửa Ông- TP Cẩm Phả,2326075,460842,2025,1,cobia,6.263146877288818,22.730525970458984,8.031525611877441,26.488426208496094,0.0278388261795043,0.0177995953708887,33.51383972167969,54.43722534179688,4.543417930603027,85.86201477050781,121.40775299072266,0.0,,,,,,,,,
NB24,Cảng Cửa Ông- TP Cẩm Phả,2326075,460842,2025,2,cobia,5.978197574615479,26.0427474975586,7.988412857055664,25.98224449157715,0.0429060347378253,0.0242107044905424,34.76862716674805,55.67377471923828,1.4000422954559326,667.3112182617188,114.66659545898438,0.0,,,,,,,,,
NB24,Cảng Cửa Ông- TP Cẩm Phả,2326075,460842,2025,3,cobia,5.6893229484558105,30.69054412841797,8.06933879852295,26.49210548400879,0.0313018970191478,0.0146946888417005,35.45764923095703,87.37925720214844,1.932501196861267,113.14710998535156,101.6482391357422,0.3312069177627563,,,,,,,,,
NB24,Cảng Cửa Ông- TP Cẩm Phả,2326075,460842,2025,4,cobia,6.267176628112793,27.919687271118164,8.003894805908203,28.46396446228028,0.0250532235950231,0.0052161854691803,37.48085021972656,90.77217864990234,1.1507843732833862,0.0,103.63668823242188,0.0,,,,,,,,,
NB24,Cảng Cửa Ông- TP Cẩm Phả,2326075,460842,2026,1,cobia,6.004208564758301,22.956602096557617,7.980608940124512,27.584699630737305,0.0296480320394039,0.0213847532868385,38.15905380249024,70.66680908203125,3.944238662719727,1795.34375,132.1678466796875,0.0,,,,,,,,,
NB24,Cảng Cửa Ông- TP Cẩm Phả,2326075,460842,2026,2,cobia,5.443779945373535,26.6159896850586,7.970523357391357,25.66081619262696,0.0439553149044513,0.0334571711719036,35.74412155151367,90.56656646728516,2.828723669052124,2576.23779296875,121.04930877685548,0.0,,,,,,,,,
NB24,Cảng Cửa Ông- TP Cẩm Phả,2326075,460842,2026,3,cobia,5.2356858253479,30.02084732055664,8.164048194885254,26.181507110595703,0.0451733209192752,0.0412973910570144,34.36147689819336,73.91436004638672,2.4192326068878174,2758.087646484375,135.6396026611328,0.0,,,,,,,,,
NB24,Cảng Cửa Ông- TP Cẩm Phả,2326075,460842,2026,4,cobia,5.719035625457764,26.104501724243164,7.983566761016846,29.0873966217041,0.046071358025074,0.0413084775209426,33.88454818725586,90.19548797607422,4.092648983001709,1103.025146484375,119.26419067382812,2.329556941986084,,,,,,,,,
NB23,Ven bờ Nhiệt điện Cẩm Phả - tuyển than Cửa Ông,2323792,459817,2025,1,ALL,,,,,,,,,,,,,0.0014855570625513,0.0013763819588348,0.0001038050686474,0.0001247595209861,0.0006970767281018,0.0001685166789684,0.0158303100615739,0.0004776130372192,
NB23,Ven bờ Nhiệt điện Cẩm Phả - tuyển than Cửa Ông,2323792,459817,2025,2,ALL,,,,,,,,,,,,,0.0013036195887252,0.0016188041772693,0.0001038050686474,0.0,0.0014277332229539,0.0001685166789684,0.0115198669955134,0.0008640661253593,
NB23,Ven bờ Nhiệt điện Cẩm Phả - tuyển than Cửa Ông,2323792,459817,2025,3,ALL,,,,,,,,,,,,,0.001308208447881,0.0022719062399119,0.0001038050686474,0.0001222371938638,0.0006115220603533,0.0001685166789684,0.0188965983688831,0.0003217514313291,
NB23,Ven bờ Nhiệt điện Cẩm Phả - tuyển than Cửa Ông,2323792,459817,2025,4,ALL,,,,,,,,,,,,,0.001308208447881,0.001913794549182,0.0001038050686474,0.0,0.0010320656001567,0.0001685166789684,0.0123354727402329,0.0004009979893453,
NB23,Ven bờ Nhiệt điện Cẩm Phả - tuyển than Cửa Ông,2323792,459817,2026,1,ALL,,,,,,,,,,,,,0.0013612867332994,0.0017536012455821,0.0001038050686474,0.0001803599880076,0.0011891843751072,0.0001685166789684,0.0133240651339292,0.000590456475038,
NB23,Ven bờ Nhiệt điện Cẩm Phả - tuyển than Cửa Ông,2323792,459817,2026,2,ALL,,,,,,,,,,,,,0.001308208447881,0.001621697214432,0.0001038050686474,0.0006914470577612,0.0012212727451696,0.0001685166789684,0.0115502784028649,0.0005358157795853,
NB23,Ven bờ Nhiệt điện Cẩm Phả - tuyển than Cửa Ông,2323792,459817,2026,3,ALL,,,,,,,,,,,,,0.001308208447881,0.0021298206411302,0.0001038050686474,0.0005760022904723,0.0013358436990529,0.0001685166789684,0.0134781915694475,0.0003159712941851,
NB23,Ven bờ Nhiệt điện Cẩm Phả - tuyển than Cửa Ông,2323792,459817,2026,4,ALL,,,,,,,,,,,,,0.001308208447881,0.0018648853292688,0.0001038050686474,0.0,0.0007502023945562,0.0001685166789684,0.0167064443230628,0.0003884617472067,
NB24,Cảng Cửa Ông- TP Cẩm Phả,2326075,460842,2025,1,ALL,,,,,,,,,,,,,0.0014855570625513,0.0013464756775647,0.0001038050686474,0.0001020148120005,0.0004117225762456,0.0001685166789684,0.0153422756120562,0.0004486139514483,
NB24,Cảng Cửa Ông- TP Cẩm Phả,2326075,460842,2025,2,ALL,,,,,,,,,,,,,0.0013036195887252,0.0016938970657065,0.0001038050686474,0.0020547616295516,0.0010703096631914,0.0001685166789684,0.0211041402071714,0.0004857034946326,
NB24,Cảng Cửa Ông- TP Cẩm Phả,2326075,460842,2025,3,ALL,,,,,,,,,,,,,0.001308208447881,0.001808111090213,0.0001038050686474,0.0009871382499113,0.0013336450792849,0.0001685166789684,0.0160033963620662,0.0004559241933748,
NB24,Cảng Cửa Ông- TP Cẩm Phả,2326075,460842,2025,4,ALL,,,,,,,,,,,,,0.001308208447881,0.0016025397926568,0.0001038050686474,0.0,0.0014085443690419,0.0001685166789684,0.0126554407179355,0.0004363913321867,
NB24,Cảng Cửa Ông- TP Cẩm Phả,2326075,460842,2026,1,ALL,,,,,,,,,,,,,0.0013612867332994,0.0014624780742451,0.0001038050686474,0.0,0.0012236306210979,0.0001685166789684,0.0059382691979408,0.0005663123447448,
NB24,Cảng Cửa Ông- TP Cẩm Phả,2326075,460842,2026,2,ALL,,,,,,,,,,,,,0.0013036195887252,0.001694930368103,0.0001038050686474,3.599442061386071e-05,0.0010646206792443,0.0001685166789684,0.0136996563524007,9.185336239170284e-05,
NB24,Cảng Cửa Ông- TP Cẩm Phả,2326075,460842,2026,3,ALL,,,,,,,,,,,,,0.001308208447881,0.0017691728426143,0.0001038050686474,0.0019384300103411,0.0013710045022889,0.0001685166789684,0.017699621617794,0.0003362768911756,
NB24,Cảng Cửa Ông- TP Cẩm Phả,2326075,460842,2026,4,ALL,,,,,,,,,,,,,0.001308208447881,0.0016097680199891,0.0001038050686474,0.0,0.0006913520628586,0.0001685166789684,0.0104256691411137,0.0003884617472067,
NB25,Cảng Cái Rồng- Vân Đồn,2329585,466608,2025,1,cobia,6.306017875671387,20.566394805908203,8.219210624694824,32.01656723022461,0.0737044513225555,0.0174571704119443,32.537715911865234,64.81686401367188,7.332423210144043,83.19881439208984,125.54327392578124,0.0,,,,,,,,,
NB25,Cảng Cái Rồng- Vân Đồn,2329585,466608,2025,2,cobia,5.665773868560791,26.29623794555664,8.311455726623535,31.33519172668457,0.0791414529085159,0.0099438223987817,33.0262565612793,61.16630935668945,7.41090202331543,0.0,105.1338119506836,0.0,,,,,,,,,
NB25,Cảng Cái Rồng- Vân Đồn,2329585,466608,2025,3,cobia,5.895671367645264,27.503820419311523,8.242230415344238,30.792978286743164,0.0733915194869041,0.0283366106450557,41.90758895874024,123.85237884521484,7.858810901641846,0.0,142.23692321777344,0.0,,,,,,,,,
NB25,Cảng Cái Rồng- Vân Đồn,2329585,466608,2025,4,cobia,6.015168190002441,24.23519325256348,8.273619651794434,30.35552215576172,0.0648841485381126,0.0186866596341133,34.46638107299805,83.09326934814453,6.277239799499512,0.0,113.53984832763672,2.047235012054444,,,,,,,,,
NB25,Cảng Cái Rồng- Vân Đồn,2329585,466608,2026,1,cobia,6.622636795043945,21.154949188232425,8.205670356750488,32.616294860839844,0.0735616311430931,0.0242923274636268,36.83877944946289,93.5523452758789,4.707972526550293,0.0,126.70716094970705,1.7840626239776611,,,,,,,,,
NB25,Cảng Cái Rồng- Vân Đồn,2329585,466608,2026,2,cobia,5.8989081382751465,26.75654411315918,8.24299430847168,32.067657470703125,0.0793029367923736,0.0298257172107696,35.76319122314453,79.4028549194336,6.385470867156982,0.0,118.82183074951172,3.418872356414795,,,,,,,,,
NB25,Cảng Cái Rồng- Vân Đồn,2329585,466608,2026,3,cobia,6.010486125946045,28.70347595214844,8.207449913024902,31.719633102416992,0.0749108344316482,0.049915324896574,38.28366088867188,105.47704315185548,7.713796615600586,170.67539978027344,143.81536865234375,0.0,,,,,,,,,
NB25,Cảng Cái Rồng- Vân Đồn,2329585,466608,2026,4,cobia,5.793643474578857,26.196495056152344,8.323138236999512,31.25137519836425,0.071129485964775,0.0348211452364921,30.72616577148437,77.79927062988281,5.691306114196777,0.0,106.63614654541016,1.9749270677566528,,,,,,,,,
NB26,Khu vực cảng 10-10 - Cẩm Phả,2321486,455510,2025,1,cobia,5.651661396026611,20.0015869140625,8.186931610107422,31.004457473754883,0.0457134582102298,0.019559996202588,32.33877944946289,47.57830429077149,14.75601577758789,0.0,109.89947509765624,0.0,,,,,,,,,
NB26,Khu vực cảng 10-10 - Cẩm Phả,2321486,455510,2025,2,cobia,6.400083541870117,25.55044174194336,8.25714111328125,30.604154586791992,0.0596888214349746,0.007682173512876,28.068958282470703,36.26719665527344,14.980704307556152,0.0,131.40301513671875,0.0,,,,,,,,,
NB26,Khu vực cảng 10-10 - Cẩm Phả,2321486,455510,2025,3,cobia,6.302258491516113,27.61019515991211,8.227959632873535,31.074222564697266,0.0429774224758148,0.0177879426628351,35.26569366455078,100.8410415649414,16.1783390045166,0.0,108.40261840820312,0.0,,,,,,,,,
NB26,Khu vực cảng 10-10 - Cẩm Phả,2321486,455510,2025,4,cobia,6.226598262786865,24.56309509277344,8.26402473449707,30.601253509521484,0.0347661674022674,0.0082803228870034,32.9971923828125,65.06845092773438,14.199864387512209,0.0,117.18930053710938,0.0,,,,,,,,,
NB26,Khu vực cảng 10-10 - Cẩm Phả,2321486,455510,2026,1,cobia,6.203894138336182,20.65007972717285,8.221567153930664,31.799867630004883,0.0614717453718185,0.0191772431135177,31.90487670898437,80.8077392578125,16.462873458862305,0.0,121.94841766357422,0.0,,,,,,,,,
NB26,Khu vực cảng 10-10 - Cẩm Phả,2321486,455510,2026,2,cobia,6.684109210968018,25.56925773620605,8.281757354736328,31.78628158569336,0.0702742487192154,0.0084198918193578,35.11458206176758,63.4547119140625,12.40389919281006,0.0,115.03472137451172,0.0,,,,,,,,,
NB26,Khu vực cảng 10-10 - Cẩm Phả,2321486,455510,2026,3,cobia,6.164426326751709,27.30904960632324,8.209921836853027,32.48797607421875,0.0499584600329399,0.0232551842927932,35.468807220458984,79.66267395019531,14.34640407562256,0.0,142.57176208496094,0.0,,,,,,,,,
NB26,Khu vực cảng 10-10 - Cẩm Phả,2321486,455510,2026,4,cobia,7.471924781799316,25.882192611694336,8.243480682373047,31.442169189453125,0.054514180868864,0.0204968396574258,35.119049072265625,70.60307312011719,11.890080451965332,0.0,119.01756286621094,0.0,,,,,,,,,
NB27,Khu vực cửa sông Mông Dương - TP.  Cẩm Phả,2330880,459989,2025,1,cobia,5.76868200302124,22.04202651977539,7.914366245269775,26.076385498046875,0.0498786345124244,0.0160936713218688,32.531646728515625,83.36858367919922,11.818928718566896,0.0,96.28327941894533,0.0,,,,,,,,,
NB27,Khu vực cửa sông Mông Dương - TP.  Cẩm Phả,2330880,459989,2025,2,cobia,5.358145713806152,26.575340270996094,7.903401851654053,25.58655548095703,0.0616981536149978,0.0110755190253257,34.579254150390625,35.63790512084961,12.02929401397705,0.0,122.1198959350586,0.0,,,,,,,,,
NB27,Khu vực cửa sông Mông Dương - TP.  Cẩm Phả,2330880,459989,2025,3,cobia,6.06630277633667,29.61177062988281,7.961945533752441,26.04146194458008,0.0438709147274494,0.0093987239524722,38.068355560302734,98.50421142578124,14.465591430664062,0.0,126.63098907470705,0.0,,,,,,,,,
NB27,Khu vực cửa sông Mông Dương - TP.  Cẩm Phả,2330880,459989,2025,4,cobia,5.972510814666748,28.04020500183105,7.98922061920166,27.063751220703125,0.0449610017240047,0.0117345610633492,34.77082443237305,64.9456787109375,18.13445854187012,0.0,133.82199096679688,0.0,,,,,,,,,
NB27,Khu vực cửa sông Mông Dương - TP.  Cẩm Phả,2330880,459989,2026,1,cobia,5.919205188751221,21.80297088623047,8.149162292480469,26.87266731262207,0.0503839738667011,0.0373876392841339,33.205078125,58.57782745361328,16.599306106567383,0.0,116.06359100341795,0.0,,,,,,,,,
NB27,Khu vực cửa sông Mông Dương - TP.  Cẩm Phả,2330880,459989,2026,2,cobia,5.959065437316895,27.200590133666992,8.129739761352539,25.24667930603028,0.066797561943531,0.0413141436874866,34.761863708496094,48.981876373291016,12.9580717086792,0.0,121.02828216552734,1.91589903831482,,,,,,,,,
NB27,Khu vực cửa sông Mông Dương - TP.  Cẩm Phả,2330880,459989,2026,3,cobia,6.500170707702637,29.22346305847168,8.173632621765137,26.28512191772461,0.0439391881227493,0.0330966040492057,36.00175094604492,52.73844528198242,14.546805381774902,0.0,124.19088745117188,0.0,,,,,,,,,
NB27,Khu vực cửa sông Mông Dương - TP.  Cẩm Phả,2330880,459989,2026,4,cobia,6.606662750244141,26.60102653503418,8.095154762268066,27.1489372253418,0.0419474430382251,0.0316484533250331,32.61183547973633,63.66083526611328,20.26385307312012,63.83734130859375,98.08499908447266,0.0,,,,,,,,,
NB25,Cảng Cái Rồng- Vân Đồn,2329585,466608,2025,1,ALL,,,,,,,,,,,,,0.0014855570625513,0.0011788327246904,0.0001038050686474,0.0001336471323156,0.0008665769128128,0.0001735203550197,0.0025198713410645,0.0005268228123895,
NB25,Cảng Cái Rồng- Vân Đồn,2329585,466608,2025,2,ALL,,,,,,,,,,,,,0.0013036195887252,0.0017467684810981,0.0001038050686474,0.0024241793435066,0.0043007372878491,0.0001685166789684,0.0364189073443412,0.0036186648067086,
NB25,Cảng Cái Rồng- Vân Đồn,2329585,466608,2025,3,ALL,,,,,,,,,,,,,0.001308208447881,0.0017667709616944,0.0001038050686474,0.0002864797133952,0.0015630915295332,0.0001685166789684,0.0122405625879764,0.0003482009051367,
NB25,Cảng Cái Rồng- Vân Đồn,2329585,466608,2025,4,ALL,,,,,,,,,,,,,0.001308208447881,0.0017258957959711,0.0001038050686474,0.0002904890861827,0.000687145977281,0.0001685166789684,0.026146300137043,0.0004539348592516,
NB25,Cảng Cái Rồng- Vân Đồn,2329585,466608,2026,1,ALL,,,,,,,,,,,,,0.0013282860163599,0.0015850483905524,0.0001038050686474,0.0,0.0023254856932908,0.0001685166789684,0.0322287194430828,0.0010181801626458,
NB25,Cảng Cái Rồng- Vân Đồn,2329585,466608,2026,2,ALL,,,,,,,,,,,,,0.0013036195887252,0.001617431291379,0.0001038050686474,0.0,0.0022975911851972,0.0001685166789684,0.0036550485529005,0.0002820728404913,
NB25,Cảng Cái Rồng- Vân Đồn,2329585,466608,2026,3,ALL,,,,,,,,,,,,,0.001308208447881,0.00192190927919,0.0001038050686474,0.0,0.0003957682056352,0.0001685166789684,0.0339164845645427,0.0002996851108036,
NB25,Cảng Cái Rồng- Vân Đồn,2329585,466608,2026,4,ALL,,,,,,,,,,,,,0.001308208447881,0.0014133123913779,0.0001038050686474,0.0002505857846699,0.0005711955018341,0.0001685166789684,0.0139975771307945,0.0003684287075884,
NB26,Khu vực cảng 10-10 - Cẩm Phả,2321486,455510,2025,1,ALL,,,,,,,,,,,,,0.0014855570625513,0.0013973050517961,0.0001038050686474,1.863066790974699e-05,0.0003098048327956,0.0001685166789684,0.0105404108762741,0.0005035352660343,
NB26,Khu vực cảng 10-10 - Cẩm Phả,2321486,455510,2025,2,ALL,,,,,,,,,,,,,0.0013036195887252,0.0019883087370544,0.0001038050686474,0.0009915651753544,0.0004967951681464,0.0001685166789684,0.009282361716032,0.0012710542650893,
NB26,Khu vực cảng 10-10 - Cẩm Phả,2321486,455510,2025,3,ALL,,,,,,,,,,,,,0.001308208447881,0.0025654055643826,0.0001038050686474,0.0,0.0004238895198795,0.0001685166789684,0.0078365113586187,0.0,
NB26,Khu vực cảng 10-10 - Cẩm Phả,2321486,455510,2025,4,ALL,,,,,,,,,,,,,0.001308208447881,0.0019944033119827,0.0001038050686474,0.0008577655535191,0.0009716864442452,0.0001685166789684,0.0179345943033695,0.0003361255512572,
NB26,Khu vực cảng 10-10 - Cẩm Phả,2321486,455510,2026,1,ALL,,,,,,,,,,,,,0.0013612867332994,0.0015811792109161,0.0001038050686474,0.0,0.000966386985965,0.0001685166789684,0.0164204742759466,0.0007095155888237,
NB26,Khu vực cảng 10-10 - Cẩm Phả,2321486,455510,2026,2,ALL,,,,,,,,,,,,,0.0013036195887252,0.0016594437183812,0.0001038050686474,0.003639968112111,0.0015757291112095,0.0001685166789684,0.0164659153670072,0.0005722671048715,
NB26,Khu vực cảng 10-10 - Cẩm Phả,2321486,455510,2026,3,ALL,,,,,,,,,,,,,0.001308208447881,0.0018096395069733,0.0001038050686474,0.0016750082140788,0.0017293624114245,0.0001685166789684,0.0200147163122892,0.0004848409735132,
NB26,Khu vực cảng 10-10 - Cẩm Phả,2321486,455510,2026,4,ALL,,,,,,,,,,,,,0.001308208447881,0.0017951622139662,0.0001038050686474,7.253489457070827e-05,0.0008325865492224,0.0001685166789684,0.0064329053275287,0.0005239183665253,
NB28,"Khu vực ven bờ xã Cẩm Hải, TP.  Cẩm Phả",2333357,460436,2025,1,cobia,6.0005292892456055,22.25229454040528,8.094032287597656,27.45452308654785,0.0552697889506816,0.0243827607482671,30.79717445373535,56.230262756347656,5.447834968566895,0.0,116.7841796875,0.0,,,,,,,,,
NB28,"Khu vực ven bờ xã Cẩm Hải, TP.  Cẩm Phả",2333357,460436,2025,2,cobia,6.2583417892456055,26.56513023376465,8.198715209960938,26.765193939208984,0.0666367709636688,0.0214115139096975,34.363914489746094,55.450416564941406,3.797823905944824,429.19537353515625,121.1465072631836,0.0,,,,,,,,,
NB28,"Khu vực ven bờ xã Cẩm Hải, TP.  Cẩm Phả",2333357,460436,2025,3,cobia,5.749914646148682,29.76825904846192,8.244637489318848,27.335113525390625,0.0656170397996902,0.0228392351418733,30.627466201782227,69.0212173461914,2.624594688415528,43.58932113647461,113.33182525634766,0.0,,,,,,,,,
NB28,"Khu vực ven bờ xã Cẩm Hải, TP.  Cẩm Phả",2333357,460436,2025,4,cobia,5.767298221588135,27.908227920532227,8.068799018859863,28.79475975036621,0.0634265393018722,0.0215814989060163,38.00241088867188,106.40104675292967,1.76596999168396,0.0,119.3823471069336,0.0,,,,,,,,,
NB28,"Khu vực ven bờ xã Cẩm Hải, TP.  Cẩm Phả",2333357,460436,2026,1,cobia,7.0934271812438965,21.411096572875977,8.126944541931152,28.890230178833008,0.0588677711784839,0.0262732040137052,37.25662612915039,105.42503356933594,2.843623876571656,0.0,122.4734344482422,0.0,,,,,,,,,
NB28,"Khu vực ven bờ xã Cẩm Hải, TP.  Cẩm Phả",2333357,460436,2026,2,cobia,6.188891887664795,27.23638153076172,8.091849327087402,27.12663078308105,0.0673415884375572,0.0377687215805053,39.57854843139648,98.98065185546876,2.9719412326812744,224.86314392089844,135.72396850585938,0.0,,,,,,,,,
NB28,"Khu vực ven bờ xã Cẩm Hải, TP.  Cẩm Phả",2333357,460436,2026,3,cobia,6.824383735656738,29.45632553100586,8.210973739624023,27.67879676818848,0.0736939087510109,0.0413970835506916,34.404178619384766,96.76634216308594,2.515778064727783,0.0,116.14593505859376,0.0,,,,,,,,,
NB28,"Khu vực ven bờ xã Cẩm Hải, TP.  Cẩm Phả",2333357,460436,2026,4,cobia,6.416008949279785,25.679140090942383,7.9646430015563965,30.17078018188477,0.0594001524150371,0.0442930348217487,38.69161987304688,102.15432739257812,3.945800542831421,108.8609390258789,151.38412475585938,0.6884661316871643,,,,,,,,,
NB27,Khu vực cửa sông Mông Dương - TP.  Cẩm Phả,2330880,459989,2025,1,ALL,,,,,,,,,,,,,0.0014855570625513,0.0014170667855069,0.0001038050686474,0.0001728827628539,0.0001718931016512,0.0001685166789684,0.0168908461928367,0.0007660296978428,
NB27,Khu vực cửa sông Mông Dương - TP.  Cẩm Phả,2330880,459989,2025,2,ALL,,,,,,,,,,,,,0.0013036195887252,0.0017545041628181,0.0001038050686474,0.0085575738921761,0.0018056408734992,0.0001685166789684,0.02473502792418,0.0006613465375266,
NB27,Khu vực cửa sông Mông Dương - TP.  Cẩm Phả,2330880,459989,2025,3,ALL,,,,,,,,,,,,,0.001308208447881,0.0019551459699869,0.0001038050686474,0.0,0.0009793329518288,0.0001685166789684,0.0078564155846834,0.0,
NB27,Khu vực cửa sông Mông Dương - TP.  Cẩm Phả,2330880,459989,2025,4,ALL,,,,,,,,,,,,,0.001308208447881,0.0019325633766129,0.0001038050686474,0.0011844608234241,0.0001512276649009,0.0001685166789684,0.0459206886589527,0.0029735874850302,
NB27,Khu vực cửa sông Mông Dương - TP.  Cẩm Phả,2330880,459989,2026,1,ALL,,,,,,,,,,,,,0.0013612867332994,0.0014964155852794,0.0001038050686474,0.0002016520738834,0.0001991545868804,0.0001685166789684,0.0084084561094641,0.0006188046536408,
NB27,Khu vực cửa sông Mông Dương - TP.  Cẩm Phả,2330880,459989,2026,2,ALL,,,,,,,,,,,,,0.0013036195887252,0.0017591475043445,0.0001038050686474,0.0009053079411387,0.0004350799426902,0.0001685166789684,0.0067346887663006,0.0004886338138021,
NB27,Khu vực cửa sông Mông Dương - TP.  Cẩm Phả,2330880,459989,2026,3,ALL,,,,,,,,,,,,,0.001308208447881,0.0021930513903498,0.0001038050686474,0.0005034120404161,0.0008343993104062,0.0001685166789684,0.0160817075520753,0.0005142290028743,
NB27,Khu vực cửa sông Mông Dương - TP.  Cẩm Phả,2330880,459989,2026,4,ALL,,,,,,,,,,,,,0.001308208447881,0.002294476609677,0.0001038050686474,0.0012152685085311,0.0017681248718872,0.0001685166789684,0.01401362195611,0.0,
NB28,"Khu vực ven bờ xã Cẩm Hải, TP.  Cẩm Phả",2333357,460436,2025,1,ALL,,,,,,,,,,,,,0.0014855570625513,0.0013622503029182,0.0001038050686474,0.0,1.3720262359129263e-05,0.0001685166789684,0.003127850824967,0.0004913000157102,
NB28,"Khu vực ven bờ xã Cẩm Hải, TP.  Cẩm Phả",2333357,460436,2025,2,ALL,,,,,,,,,,,,,0.0013036195887252,0.0018815713701769,0.0001038050686474,0.0001380416651954,0.0012281492818146,0.0001685166789684,0.0374479778110981,0.0009415538515895,
NB28,"Khu vực ven bờ xã Cẩm Hải, TP.  Cẩm Phả",2333357,460436,2025,3,ALL,,,,,,,,,,,,,0.001308208447881,0.0019666962325572,0.0001038050686474,0.0017491463804617,0.0020804230589419,0.0001685166789684,0.0186164863407611,0.0004543663817457,
NB28,"Khu vực ven bờ xã Cẩm Hải, TP.  Cẩm Phả",2333357,460436,2025,4,ALL,,,,,,,,,,,,,0.001308208447881,0.0014498324599117,0.0001038050686474,0.0,0.0011023832485079,0.0001685166789684,0.0214416235685348,0.0004472685104701,
NB28,"Khu vực ven bờ xã Cẩm Hải, TP.  Cẩm Phả",2333357,460436,2026,1,ALL,,,,,,,,,,,,,0.0013424396747723,0.0013878485187888,0.0001038050686474,0.0016798739088699,0.0011216689599677,0.0001685166789684,0.0369411371648311,0.0008317435858771,
NB28,"Khu vực ven bờ xã Cẩm Hải, TP.  Cẩm Phả",2333357,460436,2026,2,ALL,,,,,,,,,,,,,0.0013036195887252,0.0017854470061138,0.0001038050686474,0.0,0.0018554249545559,0.0001685166789684,0.0072689456865191,0.0,
NB28,"Khu vực ven bờ xã Cẩm Hải, TP.  Cẩm Phả",2333357,460436,2026,3,ALL,,,,,,,,,,,,,0.001308208447881,0.0022228776942938,0.0001038050686474,0.0004492914595175,0.0004172632179688,0.0001685166789684,0.0266394019126892,0.0002996851108036,
NB28,"Khu vực ven bờ xã Cẩm Hải, TP.  Cẩm Phả",2333357,460436,2026,4,ALL,,,,,,,,,,,,,0.001308208447881,0.00173379201442,0.0001038050686474,0.0009224736131727,0.0016211378388106,0.0001685166789684,0.0197076685726642,0.0003684287075884,
NB29,Luồng Voi Lớn phía Tây xã Đoàn Kết- Vân Đồn,2334332,462783,2025,1,cobia,6.061049461364746,22.48577690124512,8.107502937316895,27.71918678283692,0.0458766408264637,0.0183852296322584,29.87967872619629,54.51696014404297,5.44024133682251,182.8361358642578,116.3867416381836,0.0,,,,,,,,,
NB29,Luồng Voi Lớn phía Tây xã Đoàn Kết- Vân Đồn,2334332,462783,2025,2,cobia,5.64412260055542,25.132299423217773,8.096929550170898,27.193761825561523,0.0640074238181114,0.018777759745717,33.66292190551758,57.2484130859375,3.5521013736724854,0.0,113.4786605834961,0.1723713129758834,,,,,,,,,
NB29,Luồng Voi Lớn phía Tây xã Đoàn Kết- Vân Đồn,2334332,462783,2025,3,cobia,6.100102424621582,28.502450942993164,8.126068115234375,27.701473236083984,0.0320130288600921,0.0223429817706346,34.42460250854492,53.39752578735352,3.562232494354248,0.0,119.03578186035156,0.0,,,,,,,,,
NB29,Luồng Voi Lớn phía Tây xã Đoàn Kết- Vân Đồn,2334332,462783,2025,4,cobia,6.085726261138916,26.874435424804688,8.08376407623291,28.991594314575195,0.0264898650348186,0.0193494949489831,35.5868034362793,61.55865478515625,4.148460865020752,0.0,118.11945343017578,0.0,,,,,,,,,
NB29,Luồng Voi Lớn phía Tây xã Đoàn Kết- Vân Đồn,2334332,462783,2026,1,cobia,6.509102821350098,22.18145751953125,8.142500877380371,30.675752639770508,0.0360498987138271,0.0133553463965654,36.3629264831543,74.85892486572266,4.689184665679932,15.531070709228516,126.48413848876952,0.0,,,,,,,,,
NB29,Luồng Voi Lớn phía Tây xã Đoàn Kết- Vân Đồn,2334332,462783,2026,2,cobia,6.506659507751465,25.214263916015625,8.181425094604492,28.82643318176269,0.0541986115276813,0.0190999526530504,34.54118728637695,69.8344497680664,4.27326250076294,0.0,113.2315673828125,0.0,,,,,,,,,
NB29,Luồng Voi Lớn phía Tây xã Đoàn Kết- Vân Đồn,2334332,462783,2026,3,cobia,6.922720432281494,27.706478118896484,8.191856384277344,30.284217834472656,0.0357240289449691,0.0402333810925483,36.11378860473633,79.28828430175781,4.968869209289551,0.0,121.19667053222656,0.0,,,,,,,,,
NB29,Luồng Voi Lớn phía Tây xã Đoàn Kết- Vân Đồn,2334332,462783,2026,4,cobia,7.151467323303223,24.34353256225586,8.15235424041748,30.181095123291016,0.0342243053019046,0.0346520915627479,39.5961799621582,105.80979919433594,4.118820667266846,0.0,138.8314666748047,2.0431582927703857,,,,,,,,,
NB30,Ven bờ Đông Nam xã Đông Xá,2327079,463665,2025,1,cobia,6.099466323852539,20.994531631469727,8.140918731689453,31.291772842407227,0.0669120177626609,0.0154189448803663,33.27290344238281,82.8993911743164,4.623763561248779,0.0,122.08789825439452,0.4327822923660278,,,,,,,,,
NB30,Ven bờ Đông Nam xã Đông Xá,2327079,463665,2025,2,cobia,5.94506311416626,24.71440696716309,8.099316596984863,30.808916091918945,0.081892654299736,0.0130796963348984,34.718162536621094,77.92105102539062,4.782110691070557,0.0,125.96134948730467,0.0,,,,,,,,,
NB30,Ven bờ Đông Nam xã Đông Xá,2327079,463665,2025,3,cobia,6.363986492156982,27.354660034179688,8.200536727905273,31.358230590820312,0.0670400187373161,0.0283792186528444,35.45105743408203,80.2091064453125,4.060365200042725,0.0,125.19823455810548,0.0,,,,,,,,,
NB30,Ven bờ Đông Nam xã Đông Xá,2327079,463665,2025,4,cobia,6.142790794372559,24.62067222595215,8.173262596130371,30.512102127075195,0.0527615249156951,0.018346931785345,35.7727165222168,95.63361358642578,2.848345994949341,0.0,120.08866119384766,0.6990069150924683,,,,,,,,,
NB30,Ven bờ Đông Nam xã Đông Xá,2327079,463665,2026,1,cobia,6.317163467407227,21.395124435424805,8.179595947265625,32.25148010253906,0.0627581477165222,0.0247092023491859,35.54633712768555,59.262603759765625,2.7461752891540527,0.0,125.76986694335938,0.0,,,,,,,,,
NB30,Ven bờ Đông Nam xã Đông Xá,2327079,463665,2026,2,cobia,6.378554821014404,27.13208198547364,8.262760162353516,31.26289176940918,0.0679157674312591,0.0222825892269611,31.485111236572266,57.630767822265625,3.0877726078033447,0.0,127.96542358398438,1.520116925239563,,,,,,,,,
NB30,Ven bờ Đông Nam xã Đông Xá,2327079,463665,2026,3,cobia,7.200026512145996,28.63094711303711,8.157119750976562,31.288253784179688,0.0534428469836711,0.0452702417969703,41.50327682495117,113.78843688964844,1.6915332078933716,0.0,140.89080810546875,0.0,,,,,,,,,
NB30,Ven bờ Đông Nam xã Đông Xá,2327079,463665,2026,4,cobia,5.764377117156982,24.904714584350582,8.216403007507324,31.015098571777344,0.0434236973524093,0.0261657368391752,36.00276184082031,91.37015533447266,1.1536662578582764,0.0,109.48844146728516,6.444743633270264,,,,,,,,,
NB31,Ven bờ Đông xã Hạ Long- Vân Đồn,2331339,470234,2025,1,cobia,6.374135971069336,21.50184631347656,8.147727966308594,31.37234115600586,0.045290570706129,0.0229567736387252,34.11430740356445,72.8699951171875,2.291572570800781,0.0,131.00634765625,0.0,,,,,,,,,
NB31,Ven bờ Đông xã Hạ Long- Vân Đồn,2331339,470234,2025,2,cobia,6.37058162689209,25.9746150970459,8.17937183380127,30.811464309692383,0.0610685758292675,0.0167153310030698,38.421024322509766,77.03731536865234,1.359093189239502,0.0,118.6203155517578,5.274603366851807,,,,,,,,,
NB31,Ven bờ Đông xã Hạ Long- Vân Đồn,2331339,470234,2025,3,cobia,6.225982666015625,27.241817474365234,8.19094181060791,30.8056755065918,0.0320402532815933,0.0251733846962451,44.898956298828125,128.57778930664062,0.8352445363998413,0.0,141.75540161132812,3.150548458099365,,,,,,,,,
NB31,Ven bờ Đông xã Hạ Long- Vân Đồn,2331339,470234,2025,4,cobia,6.306066513061523,24.936803817749023,8.255937576293945,30.713552474975582,0.0306791439652442,0.0197077449411153,38.51860046386719,105.97582244873048,0.0,0.0,118.81237030029295,0.0,,,,,,,,,
NB31,Ven bờ Đông xã Hạ Long- Vân Đồn,2331339,470234,2026,1,cobia,6.702820301055908,21.84551239013672,8.21854305267334,32.10196304321289,0.0405610613524913,0.0210006032139062,36.3281478881836,98.34554290771484,3.2160792350769043,267.8396301269531,116.1847915649414,0.3939169943332672,,,,,,,,,
NB31,Ven bờ Đông xã Hạ Long- Vân Đồn,2331339,470234,2026,2,cobia,5.866549491882324,25.57690048217773,8.250650405883789,32.02384948730469,0.041904117912054,0.0350071042776107,34.03170394897461,95.02770233154295,2.3687562942504883,0.0,125.67452239990234,3.58101487159729,,,,,,,,,
NB31,Ven bờ Đông xã Hạ Long- Vân Đồn,2331339,470234,2026,3,cobia,5.461127758026123,28.099498748779297,8.090933799743652,32.64337539672852,0.0390658192336559,0.0558856911957263,37.80315399169922,100.04364013671876,4.721031665802002,0.0,134.21087646484375,3.894651174545288,,,,,,,,,
NB31,Ven bờ Đông xã Hạ Long- Vân Đồn,2331339,470234,2026,4,cobia,7.715958118438721,24.65872383117676,8.10012435913086,31.62120819091797,0.0556821450591087,0.0478218831121921,36.028564453125,91.49663543701172,3.5928120613098145,0.0,119.57886505126952,5.892929553985596,,,,,,,,,
NB29,Luồng Voi Lớn phía Tây xã Đoàn Kết- Vân Đồn,2334332,462783,2025,1,ALL,,,,,,,,,,,,,0.0014855570625513,0.001202515210025,0.0001038050686474,0.0001513778261141,0.0002915281802415,0.0001735203550197,0.0,0.000459886417957,
NB29,Luồng Voi Lớn phía Tây xã Đoàn Kết- Vân Đồn,2334332,462783,2025,2,ALL,,,,,,,,,,,,,0.0013036195887252,0.0017400329234078,0.0001038050686474,7.15675632818602e-05,0.0009751426987349,0.0001685166789684,0.0198526140302419,0.0007140091038309,
NB29,Luồng Voi Lớn phía Tây xã Đoàn Kết- Vân Đồn,2334332,462783,2025,3,ALL,,,,,,,,,,,,,0.001308208447881,0.0022881652694195,0.0001038050686474,0.0066854795441031,0.0023067069705575,0.0001685166789684,0.02433742582798,0.0004463015357032,
NB29,Luồng Voi Lớn phía Tây xã Đoàn Kết- Vân Đồn,2334332,462783,2025,4,ALL,,,,,,,,,,,,,0.001308208447881,0.0015560924075543,0.0001038050686474,0.0002351668517803,0.0022510392591357,0.0001685166789684,0.0374119281768798,0.0003287153376732,
NB29,Luồng Voi Lớn phía Tây xã Đoàn Kết- Vân Đồn,2334332,462783,2026,1,ALL,,,,,,,,,,,,,0.0013424396747723,0.0013947031693533,0.0001038050686474,0.0002437640505377,0.0014047480653971,0.0001685166789684,0.0228788387030363,0.0004371411923784,
NB29,Luồng Voi Lớn phía Tây xã Đoàn Kết- Vân Đồn,2334332,462783,2026,2,ALL,,,,,,,,,,,,,0.0013036195887252,0.001559377182275,0.0001038050686474,0.0,0.0043728686869144,0.0001685166789684,0.004336095880717,0.0193667113780975,
NB29,Luồng Voi Lớn phía Tây xã Đoàn Kết- Vân Đồn,2334332,462783,2026,3,ALL,,,,,,,,,,,,,0.0013036195887252,0.0021608346141874,0.0001038050686474,0.0,0.0006708174478262,0.0001685166789684,0.0338620208203792,0.0002789957798086,
NB29,Luồng Voi Lớn phía Tây xã Đoàn Kết- Vân Đồn,2334332,462783,2026,4,ALL,,,,,,,,,,,,,0.001308208447881,0.0018551646498963,0.0001038050686474,0.0,0.0014155785320326,0.0001685166789684,0.0104240560904145,0.0001168955059256,
NB30,Ven bờ Đông Nam xã Đông Xá,2327079,463665,2025,1,ALL,,,,,,,,,,,,,0.0014855570625513,0.0013307593762874,0.0001038050686474,5.715754741686396e-05,0.000608634960372,0.0001685166789684,0.0196561068296432,0.0004420902405399,
NB30,Ven bờ Đông Nam xã Đông Xá,2327079,463665,2025,2,ALL,,,,,,,,,,,,,0.0013036195887252,0.0016247293679043,0.0001038050686474,0.0,0.001286904909648,0.0001685166789684,0.0187500864267349,0.0007430067053064,
NB30,Ven bờ Đông Nam xã Đông Xá,2327079,463665,2025,3,ALL,,,,,,,,,,,,,0.001308208447881,0.0018010977655649,0.0001038050686474,0.001616729539819,0.0016389345983043,0.0001685166789684,0.0205716341733932,0.0003634423192124,
NB30,Ven bờ Đông Nam xã Đông Xá,2327079,463665,2025,4,ALL,,,,,,,,,,,,,0.001308208447881,0.0014876468339934,0.0001038050686474,0.0,0.0004276008112356,0.0001685166789684,0.0167975947260856,0.0003514363779686,
NB30,Ven bờ Đông Nam xã Đông Xá,2327079,463665,2026,1,ALL,,,,,,,,,,,,,0.0013566978741437,0.0014292602427303,0.0001038050686474,0.0025512385182082,0.0006532815750688,0.0001685166789684,0.0137677174061536,0.0005953579675406,
NB30,Ven bờ Đông Nam xã Đông Xá,2327079,463665,2026,2,ALL,,,,,,,,,,,,,0.0013036195887252,0.0016794360708445,0.0001038050686474,0.0,0.0011106067104265,0.0001685166789684,0.0049738734960556,0.0005386660341173,
NB30,Ven bờ Đông Nam xã Đông Xá,2327079,463665,2026,3,ALL,,,,,,,,,,,,,0.001308208447881,0.0025063664652407,0.0001038050686474,0.0002995269605889,0.0007334594265557,0.0001685166789684,0.0335505902767181,0.0001698231790214,
NB30,Ven bờ Đông Nam xã Đông Xá,2327079,463665,2026,4,ALL,,,,,,,,,,,,,0.001308208447881,0.0020671810489147,0.0001038050686474,0.0010544948745518,0.0014972918434068,0.0001685166789684,0.0187958814203739,0.0005173590034246,
NB32,Cảng Vạn Hoa- xã Vạn Yên- Vân Đồn,2346140,480817,2025,1,cobia,6.289300441741943,22.39666175842285,8.13026237487793,30.410001754760746,0.0288860369473695,0.0206921566277742,31.87709045410156,63.05438995361328,1.1028578281402588,0.0,114.31446838378906,0.0,,,,,,,,,
NB32,Cảng Vạn Hoa- xã Vạn Yên- Vân Đồn,2346140,480817,2025,2,cobia,6.194173336029053,26.16512489318848,8.146281242370605,31.143535614013672,0.0384889543056488,0.0271703191101551,36.4139518737793,76.85871887207031,0.3725927472114563,57.82792282104492,128.0542755126953,0.3430682718753814,,,,,,,,,
NB32,Cảng Vạn Hoa- xã Vạn Yên- Vân Đồn,2346140,480817,2025,3,cobia,5.974194049835205,28.017093658447266,8.143622398376465,30.872907638549805,0.038066629320383,0.0360286273062229,40.797584533691406,127.0501708984375,0.0,590.0671997070312,103.23711395263672,0.0,,,,,,,,,
NB32,Cảng Vạn Hoa- xã Vạn Yên- Vân Đồn,2346140,480817,2025,4,cobia,6.377382278442383,24.680709838867188,8.2095947265625,31.01669883728028,0.0385596789419651,0.0244274195283651,36.65157699584961,126.2676010131836,0.2310553044080734,0.0,128.25457763671875,0.0,,,,,,,,,
NB32,Cảng Vạn Hoa- xã Vạn Yên- Vân Đồn,2346140,480817,2026,1,cobia,6.62730884552002,21.7418155670166,8.26234245300293,31.926654815673828,0.0380837991833686,0.0414597056806087,38.38804626464844,104.49544525146484,3.418543577194214,0.0,120.66580963134766,5.042701721191406,,,,,,,,,
NB32,Cảng Vạn Hoa- xã Vạn Yên- Vân Đồn,2346140,480817,2026,2,cobia,7.1863627433776855,27.271595001220703,8.11420726776123,31.726037979125977,0.0481665320694446,0.0616675652563571,37.62451553344727,136.666259765625,3.1709747314453125,0.0,125.26206970214844,8.194278717041016,,,,,,,,,
NB32,Cảng Vạn Hoa- xã Vạn Yên- Vân Đồn,2346140,480817,2026,3,cobia,7.926197528839111,28.08383750915528,8.123199462890625,32.197635650634766,0.0442963689565658,0.0700099095702171,37.2933235168457,113.84707641601562,1.6137269735336304,46.04971694946289,123.37003326416016,6.704968452453613,,,,,,,,,
NB32,Cảng Vạn Hoa- xã Vạn Yên- Vân Đồn,2346140,480817,2026,4,cobia,8.550220489501953,25.94050979614257,8.160770416259766,31.699932098388672,0.0538979284465312,0.0580241084098815,34.79264450073242,131.74673461914062,3.6622681617736816,0.0,109.44220733642578,6.170936584472656,,,,,,,,,
NB31,Ven bờ Đông xã Hạ Long- Vân Đồn,2331339,470234,2025,1,ALL,,,,,,,,,,,,,0.0014855570625513,0.0015449282946065,0.0001038050686474,0.0042087212204933,0.0013806881615892,0.0001685166789684,0.0144742699339985,0.0012935606064274,
NB31,Ven bờ Đông xã Hạ Long- Vân Đồn,2331339,470234,2025,2,ALL,,,,,,,,,,,,,0.0013036195887252,0.0017170837381854,0.0001038050686474,0.0018529389053583,0.001198005862534,0.0001685166789684,0.0096914004534482,0.0010542749660089,
NB31,Ven bờ Đông xã Hạ Long- Vân Đồn,2331339,470234,2025,3,ALL,,,,,,,,,,,,,0.001308208447881,0.0020898969378322,0.0001038050686474,0.000847787654493,0.0009172896970994,0.0001685166789684,0.0084514450281858,0.000383563543437,
NB31,Ven bờ Đông xã Hạ Long- Vân Đồn,2331339,470234,2025,4,ALL,,,,,,,,,,,,,0.001308208447881,0.0021310120355337,0.0001038050686474,0.0,8.517201786162332e-05,0.0001685166789684,0.0354205183684825,0.0011537037789821,
NB31,Ven bờ Đông xã Hạ Long- Vân Đồn,2331339,470234,2026,1,ALL,,,,,,,,,,,,,0.0013612867332994,0.001484447508119,0.0001038050686474,0.0006962070474401,0.000928382622078,0.0001685166789684,0.0174702815711498,0.0007067454280331,
NB31,Ven bờ Đông xã Hạ Long- Vân Đồn,2331339,470234,2026,2,ALL,,,,,,,,,,,,,0.0013036195887252,0.0016593228792771,0.0001038050686474,0.0057979454286396,0.0021318565122783,0.0001685166789684,0.0151091432198882,0.001360768219456,
NB31,Ven bờ Đông xã Hạ Long- Vân Đồn,2331339,470234,2026,3,ALL,,,,,,,,,,,,,0.001308208447881,0.0015430628554895,0.0001038050686474,0.0048682712949812,0.0010007009841501,0.0001685166789684,0.0157152656465768,0.0005285950610414,
NB31,Ven bờ Đông xã Hạ Long- Vân Đồn,2331339,470234,2026,4,ALL,,,,,,,,,,,,,0.0013036195887252,0.0019816078711301,0.0001038050686474,0.0011168003547936,0.0015642172656953,0.0001685166789684,0.0095313768833875,0.0,
NB32,Cảng Vạn Hoa- xã Vạn Yên- Vân Đồn,2346140,480817,2025,1,ALL,,,,,,,,,,,,,0.0014855570625513,0.0014973880024626,0.0001038050686474,0.0002223492629127,0.0004868669202551,0.0001685166789684,0.0082824518904089,0.0006288580480031,
NB32,Cảng Vạn Hoa- xã Vạn Yên- Vân Đồn,2346140,480817,2025,2,ALL,,,,,,,,,,,,,0.0013036195887252,0.0017853283789008,0.0001038050686474,0.0008974718512035,0.0006157797761261,0.0001685166789684,0.0161589030176401,0.0005727769457735,
NB32,Cảng Vạn Hoa- xã Vạn Yên- Vân Đồn,2346140,480817,2025,3,ALL,,,,,,,,,,,,,0.001308208447881,0.002133771078661,0.0001038050686474,0.0,0.0013261049753054,0.0001685166789684,0.0087407017126679,0.0,
NB32,Cảng Vạn Hoa- xã Vạn Yên- Vân Đồn,2346140,480817,2025,4,ALL,,,,,,,,,,,,,0.001308208447881,0.0017109273467212,0.0001038050686474,0.0001153741613961,0.0001561978860991,0.0001685166789684,0.0062358318828046,0.0002575946273282,
NB32,Cảng Vạn Hoa- xã Vạn Yên- Vân Đồn,2346140,480817,2026,1,ALL,,,,,,,,,,,,,0.0013612867332994,0.0016627148725092,0.0001038050686474,4.473718945519067e-06,0.0003971841651946,0.0001685166789684,0.0168220531195402,0.0006106961518526,
NB32,Cảng Vạn Hoa- xã Vạn Yên- Vân Đồn,2346140,480817,2026,2,ALL,,,,,,,,,,,,,0.001308208447881,0.0015589446993544,0.0001038050686474,0.0008062848355621,0.0003944125492125,0.0001685166789684,0.0144575042650103,0.0005957417888566,
NB32,Cảng Vạn Hoa- xã Vạn Yên- Vân Đồn,2346140,480817,2026,3,ALL,,,,,,,,,,,,,0.0013036195887252,0.0019351203227415,0.0001038050686474,0.0048125754110515,0.0012634241720661,0.0001685166789684,0.017379367724061,0.0005159371066838,
NB32,Cảng Vạn Hoa- xã Vạn Yên- Vân Đồn,2346140,480817,2026,4,ALL,,,,,,,,,,,,,0.001308208447881,0.0015230698045343,0.0001038050686474,0.0005446210270747,0.0025378870777785,0.0001685166789684,0.0239643845707178,0.0008621105807833,
NB33,Thiên Cung - Đầu Gỗ,2313396,423810,2025,1,cobia,6.647572994232178,19.51311111450196,8.124085426330566,31.420839309692383,0.0560979023575782,0.0165814813226461,34.19587707519531,89.7701416015625,5.614014148712158,0.0,153.16859436035156,0.0,,,,,,,,,
NB33,Thiên Cung - Đầu Gỗ,2313396,423810,2025,2,cobia,6.092066287994385,23.997690200805664,8.096611976623535,30.840234756469727,0.0660600513219833,0.0196291822940111,37.990814208984375,85.18524169921875,4.6990742683410645,0.0,113.6551284790039,2.242918014526367,,,,,,,,,
NB33,Thiên Cung - Đầu Gỗ,2313396,423810,2025,3,cobia,6.007669925689697,26.73527908325196,8.048267364501953,30.37134552001953,0.0614934526383876,0.0308312866836786,36.89510345458984,101.34387969970705,2.436663866043091,31.709379196166992,137.74900817871094,0.0,,,,,,,,,
NB33,Thiên Cung - Đầu Gỗ,2313396,423810,2025,4,cobia,6.044204711914063,24.373435974121094,8.106803894042969,30.520811080932617,0.0558748170733451,0.0269485395401716,36.44728088378906,80.47868347167969,0.7948721051216125,0.0,118.761474609375,0.0,,,,,,,,,
NB33,Thiên Cung - Đầu Gỗ,2313396,423810,2026,1,cobia,6.876131057739258,20.64460563659668,8.186431884765625,32.09344482421875,0.0568362437188625,0.0263147689402103,35.96244812011719,104.17413330078124,3.478432893753052,1770.519775390625,119.27839660644533,0.4386000633239746,,,,,,,,,
NB33,Thiên Cung - Đầu Gỗ,2313396,423810,2026,2,cobia,6.095789909362793,27.25345039367676,8.251177787780762,31.90758514404297,0.0626211762428283,0.0262200459837913,31.37894821166992,69.811767578125,1.9956305027008057,0.0,117.9700927734375,5.34848690032959,,,,,,,,,
NB33,Thiên Cung - Đầu Gỗ,2313396,423810,2026,3,cobia,6.458685398101807,29.363643646240234,8.16013240814209,31.20703315734864,0.0524591766297817,0.0373652204871177,40.86308670043945,138.5228271484375,0.0,550.9732055664062,131.1181640625,2.6994829177856445,,,,,,,,,
NB33,Thiên Cung - Đầu Gỗ,2313396,423810,2026,4,cobia,8.150590896606445,25.354293823242188,8.117234230041504,31.706371307373047,0.0544280000030994,0.0398414731025695,33.03227615356445,119.25929260253906,3.618397951126098,1285.055908203125,124.33174896240234,12.41594123840332,,,,,,,,,
NB34,Đảo TiTop,2307445,430246,2025,1,cobia,6.143435478210449,22.035200119018555,8.164688110351562,31.563644409179688,0.0506594963371753,0.0196211617439985,32.32788848876953,59.75211334228516,1.1031368970870972,0.0,120.77947235107422,0.0,,,,,,,,,
NB34,Đảo TiTop,2307445,430246,2025,2,cobia,5.895565032958984,25.48404312133789,8.19626522064209,31.107866287231445,0.0602697171270847,0.0192720331251621,33.25959777832031,54.686790466308594,0.7749055624008179,0.0,114.66655731201172,0.0,,,,,,,,,
NB34,Đảo TiTop,2307445,430246,2025,3,cobia,6.126774787902832,27.49603843688965,8.21133804321289,31.26038360595703,0.0424132198095321,0.026832815259695,42.54920196533203,89.02970123291016,0.0,406.01470947265625,142.66416931152344,0.0,,,,,,,,,
NB34,Đảo TiTop,2307445,430246,2025,4,cobia,6.071825981140137,25.022476196289062,8.207201957702637,31.25847053527832,0.0415669344365596,0.0237868446856737,33.23879623413086,115.91817474365234,0.7694989442825317,304.0297546386719,111.90447235107422,0.0,,,,,,,,,
NB34,Đảo TiTop,2307445,430246,2026,1,cobia,6.032890796661377,22.34296989440918,8.214930534362793,31.92122840881348,0.0445182360708713,0.0293998531997203,31.945018768310547,80.98306274414062,2.668503761291504,0.0,114.86279296875,0.0,,,,,,,,,
NB34,Đảo TiTop,2307445,430246,2026,2,cobia,5.838282585144043,26.458803176879883,8.159075736999512,32.39268493652344,0.0650789514183998,0.0335316732525825,35.32312774658203,69.0648193359375,4.028501987457275,0.0,132.429931640625,2.940086126327514,,,,,,,,,
NB34,Đảo TiTop,2307445,430246,2026,3,cobia,6.259031295776367,28.174659729003903,8.08010196685791,31.948406219482425,0.0530915893614292,0.0567664466798305,37.17243194580078,109.4149398803711,1.913569688796997,1075.029052734375,128.53932189941406,7.695396423339844,,,,,,,,,
NB34,Đảo TiTop,2307445,430246,2026,4,cobia,7.357362747192383,26.31789207458496,8.14107608795166,31.58907127380371,0.0709214434027671,0.0595169812440872,34.12237930297852,101.63270568847656,1.67095685005188,0.0,110.19683074951172,1.4077030420303345,,,,,,,,,
NB35,Khu nghỉ đêm - Cát Lán,2307219,430996,2025,1,cobia,6.405274868011475,22.333702087402344,8.137032508850098,31.260482788085938,0.0605214908719062,0.0225309822708368,32.93605041503906,64.35145568847656,0.9755569696426392,2.133819341659546,125.2070083618164,0.0,,,,,,,,,
NB35,Khu nghỉ đêm - Cát Lán,2307219,430996,2025,2,cobia,6.194979667663574,25.848711013793945,8.15234088897705,30.91589736938477,0.0643426999449729,0.0257411785423755,37.51034927368164,70.5191879272461,0.0,691.099609375,119.66529083251952,0.0,,,,,,,,,
NB35,Khu nghỉ đêm - Cát Lán,2307219,430996,2025,3,cobia,5.810823917388916,28.24250221252441,8.159825325012207,31.57865524291992,0.0597724243998527,0.0306394007056951,33.79146194458008,89.57554626464844,0.6542720794677734,383.2144470214844,111.1226806640625,0.0,,,,,,,,,
NB35,Khu nghỉ đêm - Cát Lán,2307219,430996,2025,4,cobia,5.915416717529297,25.100473403930664,8.16691780090332,30.743614196777344,0.0561343096196651,0.0254585836082696,32.6153450012207,111.15792083740234,0.0177524872124195,172.9706573486328,134.92791748046875,0.0,,,,,,,,,
NB35,Khu nghỉ đêm - Cát Lán,2307219,430996,2026,1,cobia,6.873947143554688,21.364233016967773,8.174842834472656,31.78270530700684,0.0646199285984039,0.028194235637784,34.78691482543945,101.68769073486328,0.0,0.0,105.55667114257812,4.460189342498779,,,,,,,,,
NB35,Khu nghỉ đêm - Cát Lán,2307219,430996,2026,2,cobia,7.081291198730469,26.883464813232425,8.10022258758545,32.33241271972656,0.075776495039463,0.0462914817035198,36.0590934753418,118.210205078125,4.237985134124756,0.0,125.1977081298828,9.70403289794922,,,,,,,,,
NB35,Khu nghỉ đêm - Cát Lán,2307219,430996,2026,3,cobia,6.090852737426758,27.5057430267334,8.102644920349121,32.71828079223633,0.0509780086576938,0.0664749220013618,36.00658416748047,108.2383804321289,3.283801794052124,876.3234252929688,147.0391387939453,5.277482986450195,,,,,,,,,
NB35,Khu nghỉ đêm - Cát Lán,2307219,430996,2026,4,cobia,7.810159206390381,26.21906280517578,8.111984252929688,31.69087219238281,0.0679509490728378,0.0438127294182777,31.81253433227539,105.59144592285156,1.920091271400452,755.409423828125,118.81047821044922,4.1333208084106445,,,,,,,,,
NB33,Thiên Cung - Đầu Gỗ,2313396,423810,2025,1,ALL,,,,,,,,,,,,,0.0014855570625513,0.001647170051001,0.0001038050686474,0.0,0.0010444575455039,0.0001735203550197,0.0046076606959104,0.000449987972388,
NB33,Thiên Cung - Đầu Gỗ,2313396,423810,2025,2,ALL,,,,,,,,,,,,,0.001308208447881,0.0016299639828503,0.0001038050686474,0.0,0.0008831300074234,0.0001685166789684,0.0268557053059339,0.0003261574311181,
NB33,Thiên Cung - Đầu Gỗ,2313396,423810,2025,3,ALL,,,,,,,,,,,,,0.001308208447881,0.0021228266414254,0.0001038050686474,0.0069044739939272,0.0025213423650711,0.0001685166789684,0.0243605598807334,0.000348648551153,
NB33,Thiên Cung - Đầu Gỗ,2313396,423810,2025,4,ALL,,,,,,,,,,,,,0.001308208447881,0.002222656039521,0.0001038050686474,0.0,0.0017726861406117,0.0001685166789684,0.0126647213473916,0.0,
NB33,Thiên Cung - Đầu Gỗ,2313396,423810,2026,1,ALL,,,,,,,,,,,,,0.001347028533928,0.0015616161981597,0.0001038050686474,0.0004111405287403,0.0014091548509895,0.0001685166789684,0.0074739828705787,0.000591168180108,
NB33,Thiên Cung - Đầu Gỗ,2313396,423810,2026,2,ALL,,,,,,,,,,,,,0.0013036195887252,0.0016029959078878,0.0001038050686474,0.0,0.0010334106627851,0.0001685166789684,0.0149635346606373,0.0003696866333484,
NB33,Thiên Cung - Đầu Gỗ,2313396,423810,2026,3,ALL,,,,,,,,,,,,,0.001308208447881,0.0018698131898418,0.0001038050686474,0.000719586154446,0.0009371585911139,0.0001685166789684,0.0134511459618806,0.0003070236125495,
NB33,Thiên Cung - Đầu Gỗ,2313396,423810,2026,4,ALL,,,,,,,,,,,,,0.001308208447881,0.0019948515109717,0.0001038050686474,0.0016239483375102,0.0012925693299621,0.0001685166789684,0.0186263136565685,0.0003032484673894,
NB34,Đảo TiTop,2307445,430246,2025,1,ALL,,,,,,,,,,,,,0.0014855570625513,0.0024939223658293,0.0001038050686474,0.0002123286394635,0.0031639814842492,0.0001685166789684,0.0363223031163215,0.0004614113713614,
NB34,Đảo TiTop,2307445,430246,2025,2,ALL,,,,,,,,,,,,,0.001308208447881,0.0016170254675671,0.0001038050686474,5.09597230120562e-05,0.0024250000715255,0.0001685166789684,0.0169550869613885,0.0005208167131058,
NB34,Đảo TiTop,2307445,430246,2025,3,ALL,,,,,,,,,,,,,0.001308208447881,0.0019163688411936,0.0001038050686474,0.0003063043986912,0.0013022457715123,0.0001685166789684,0.020338300615549,0.0003921347961295,
NB34,Đảo TiTop,2307445,430246,2025,4,ALL,,,,,,,,,,,,,0.001308208447881,0.0019054160220548,0.0001038050686474,0.0,0.0003774450160562,0.0001685166789684,0.0116420565173029,0.0003538179444149,
NB34,Đảo TiTop,2307445,430246,2026,1,ALL,,,,,,,,,,,,,0.0013905951054766,0.001898811198771,0.0001038050686474,0.0,0.000613204203546,0.0001685166789684,0.006737666670233,0.0001880361814983,
NB34,Đảo TiTop,2307445,430246,2026,2,ALL,,,,,,,,,,,,,0.001308208447881,0.0016026011435315,0.0001038050686474,0.0,0.0011569226626306,0.0001685166789684,0.0067991008982062,0.0004869647673331,
NB34,Đảo TiTop,2307445,430246,2026,3,ALL,,,,,,,,,,,,,0.001308208447881,0.0025756356772035,0.0001038050686474,0.0,0.0005374037427827,0.0001685166789684,0.0203374437987804,0.0003159765910822,
NB34,Đảo TiTop,2307445,430246,2026,4,ALL,,,,,,,,,,,,,0.001308208447881,0.0022147949784994,0.0001038050686474,0.0003446011687628,0.0010010363766923,0.0001685166789684,0.0187609978020191,0.0003978078020736,
NB36,Khu Nghỉ đêm - Hang Luồn,2306977,431601,2025,1,cobia,6.365601062774658,21.535266876220703,8.152057647705078,31.612457275390625,0.0678953304886818,0.0159641522914171,30.58585548400879,51.307918548583984,4.237527370452881,755.736328125,121.59966278076172,0.0,,,,,,,,,
NB36,Khu Nghỉ đêm - Hang Luồn,2306977,431601,2025,2,cobia,6.110291957855225,26.181385040283203,8.178661346435547,31.13797187805176,0.0725085064768791,0.0155303543433547,29.505290985107425,70.44379425048828,2.8261685371398926,0.0,111.7270965576172,3.1916258335113525,,,,,,,,,
NB36,Khu Nghỉ đêm - Hang Luồn,2306977,431601,2025,3,cobia,6.2326436042785645,27.256244659423828,8.148807525634766,30.27592658996582,0.0607529059052467,0.0220807325094938,40.66087341308594,120.31230926513672,3.3615522384643555,0.0,134.64024353027344,0.0,,,,,,,,,
NB36,Khu Nghỉ đêm - Hang Luồn,2306977,431601,2025,4,cobia,5.9702982902526855,24.631290435791016,8.10274600982666,30.132753372192383,0.0464018210768699,0.0205602571368217,33.31198501586914,75.17522430419922,1.2707505226135254,0.0,120.46044158935548,2.46326756477356,,,,,,,,,
NB36,Khu Nghỉ đêm - Hang Luồn,2306977,431601,2026,1,cobia,6.567798614501953,22.364391326904297,8.103923797607422,31.667604446411133,0.0587059669196605,0.0342235751450061,35.354644775390625,76.64482116699219,1.761961579322815,869.8031616210938,120.30264282226562,0.1614017635583877,,,,,,,,,
NB36,Khu Nghỉ đêm - Hang Luồn,2306977,431601,2026,2,cobia,5.941396236419678,25.742923736572266,8.0993070602417,31.999988555908203,0.0637454688549041,0.0428402237594127,28.95703315734864,66.74942016601562,3.22200345993042,0.0,115.39389038085938,3.072140693664551,,,,,,,,,
NB36,Khu Nghỉ đêm - Hang Luồn,2306977,431601,2026,3,cobia,6.127312183380127,28.738977432250977,8.103388786315918,31.645038604736328,0.0543499179184436,0.0548445470631122,38.20638656616211,91.49037170410156,1.71432363986969,0.0,121.8653793334961,2.423015832901001,,,,,,,,,
NB36,Khu Nghỉ đêm - Hang Luồn,2306977,431601,2026,4,cobia,5.959801197052002,25.040063858032227,8.152844429016113,31.30464553833008,0.0448011718690395,0.0387963503599166,35.131309509277344,100.9068603515625,2.308456420898437,841.590576171875,119.93628692626952,1.002800226211548,,,,,,,,,
NB35,Khu nghỉ đêm - Cát Lán,2307219,430996,2025,1,ALL,,,,,,,,,,,,,0.0014855570625513,0.0022400559391826,0.0001038050686474,0.0001603522541699,0.0007784180925227,0.0001685166789684,0.0215252730995416,0.0005121752619743,
NB35,Khu nghỉ đêm - Cát Lán,2307219,430996,2025,2,ALL,,,,,,,,,,,,,0.001308208447881,0.0016263081924989,0.0001038050686474,0.0,0.0020768376998603,0.0001685166789684,0.0170519314706325,0.0007881979690864,
NB35,Khu nghỉ đêm - Cát Lán,2307219,430996,2025,3,ALL,,,,,,,,,,,,,0.001308208447881,0.0018556554568931,0.0001038050686474,0.00221708137542,0.0013625134015455,0.0001685166789684,0.0202804580330848,0.0004195672518108,
NB35,Khu nghỉ đêm - Cát Lán,2307219,430996,2025,4,ALL,,,,,,,,,,,,,0.001308208447881,0.0020521245896816,0.0001038050686474,0.0,0.0004499780479818,0.0001685166789684,0.0107341334223747,0.0003884617472067,
NB35,Khu nghỉ đêm - Cát Lán,2307219,430996,2026,1,ALL,,,,,,,,,,,,,0.0013905951054766,0.0018509430810809,0.0001038050686474,0.0001182316700578,0.0011831359006464,0.0001685166789684,0.0059568961150944,0.0006275183986872,
NB35,Khu nghỉ đêm - Cát Lán,2307219,430996,2026,2,ALL,,,,,,,,,,,,,0.001308208447881,0.0019205762073397,0.0001038050686474,0.0001826086227083,0.0011236874852329,0.0001685166789684,0.0127251641824841,0.00040666849236,
NB35,Khu nghỉ đêm - Cát Lán,2307219,430996,2026,3,ALL,,,,,,,,,,,,,0.001308208447881,0.0022853065747767,0.0001038050686474,0.0001212549686897,0.0007592909387312,0.0001685166789684,0.0140143120661377,0.0003467493224889,
NB35,Khu nghỉ đêm - Cát Lán,2307219,430996,2026,4,ALL,,,,,,,,,,,,,0.001308208447881,0.0019141245866194,0.0001038050686474,0.00233656889759,0.0013363743200898,0.0001685166789684,0.0117774987593293,0.0003325221769046,
NB37,Bồ Nâu - Sửng Sốt,2305988,431059,2025,1,cobia,6.185859680175781,21.259763717651367,8.094522476196289,31.27029800415039,0.0205955244600772,0.0240235142409801,32.549591064453125,50.27570343017578,2.037062406539917,0.0,135.3827362060547,0.0,,,,,,,,,
NB37,Bồ Nâu - Sửng Sốt,2305988,431059,2025,2,cobia,6.5028252601623535,25.51561737060547,8.100452423095703,30.4517822265625,0.0310948900878429,0.0245589073747396,35.66490936279297,60.62788009643555,2.7524220943450928,0.0,127.9257583618164,1.4219075441360474,,,,,,,,,
NB37,Bồ Nâu - Sửng Sốt,2305988,431059,2025,3,cobia,6.485028266906738,28.61048698425293,8.155915260314941,30.83102798461914,0.0184834264218807,0.0320803113281726,37.98096084594727,85.91553497314453,1.0598927736282349,193.8836975097656,124.5959701538086,0.0,,,,,,,,,
NB37,Bồ Nâu - Sửng Sốt,2305988,431059,2025,4,cobia,6.425137996673584,25.3887996673584,8.241922378540039,31.574106216430664,0.0285672154277563,0.0239185281097888,35.783447265625,123.56209564208984,0.5032369494438171,0.0,107.97997283935548,0.0,,,,,,,,,
NB37,Bồ Nâu - Sửng Sốt,2305988,431059,2026,1,cobia,6.5488152503967285,22.34109878540039,8.22693920135498,32.43894577026367,0.0321990549564361,0.0352316722273826,36.75452423095703,92.77802276611328,4.310009002685547,0.0,129.71875,4.015326499938965,,,,,,,,,
NB37,Bồ Nâu - Sửng Sốt,2305988,431059,2026,2,cobia,6.274999618530273,26.746448516845703,8.171144485473633,30.50946998596192,0.0311302058398723,0.0549835674464702,36.32147216796875,101.2073211669922,3.1352484226226807,0.0,125.7503662109375,5.459717750549316,,,,,,,,,
NB37,Bồ Nâu - Sửng Sốt,2305988,431059,2026,3,cobia,6.02825927734375,28.66581916809082,8.198295593261719,31.099628448486328,0.0298207849264144,0.0592696666717529,40.8828010559082,114.4751434326172,1.9901447296142576,0.0,135.16612243652344,4.025542259216309,,,,,,,,,
NB37,Bồ Nâu - Sửng Sốt,2305988,431059,2026,4,cobia,8.537979125976562,24.451704025268555,8.03964900970459,32.07257843017578,0.0399333722889423,0.0411240383982658,39.50701522827149,124.4472427368164,4.003711700439453,0.0,128.90347290039062,9.99834442138672,,,,,,,,,
NB38,Khu nghỉ đêm - Lờm bò,2304145,430616,2025,1,cobia,7.342114448547363,20.19251251220703,8.130006790161133,31.813644409179688,0.0289036482572555,0.0213142912834882,33.75312042236328,69.14759826660156,1.973759770393372,0.0,134.8597412109375,0.0,,,,,,,,,
NB38,Khu nghỉ đêm - Lờm bò,2304145,430616,2025,2,cobia,6.344849586486816,26.22407341003418,8.113003730773926,30.855365753173828,0.0397607646882534,0.0202542152255773,32.78696060180664,74.17201232910156,1.330464243888855,877.4649047851562,111.75276947021484,5.341441631317139,,,,,,,,,
NB38,Khu nghỉ đêm - Lờm bò,2304145,430616,2025,3,cobia,5.744891166687012,28.10280418395996,8.142379760742188,31.55826187133789,0.0360888019204139,0.0283838994801044,30.328237533569336,60.2320556640625,0.7230356335639954,2107.3984375,115.455322265625,3.2383153438568115,,,,,,,,,
NB38,Khu nghỉ đêm - Lờm bò,2304145,430616,2025,4,cobia,5.862690448760986,25.44021797180176,8.251964569091797,30.737564086914062,0.038447830826044,0.0292489137500524,32.202911376953125,94.02137756347656,0.3059903979301452,1966.5311279296875,121.69419860839844,3.926514387130737,,,,,,,,,
NB38,Khu nghỉ đêm - Lờm bò,2304145,430616,2026,1,cobia,6.580024242401123,22.33576774597168,8.215008735656738,31.43060874938965,0.0373964421451091,0.0462220720946788,36.49335479736328,129.51144409179688,4.171736717224121,1017.4614868164062,118.88874816894533,0.0,,,,,,,,,
NB38,Khu nghỉ đêm - Lờm bò,2304145,430616,2026,2,cobia,6.038361549377441,26.064159393310547,8.16667366027832,31.999330520629883,0.0412775203585624,0.0516930967569351,34.733985900878906,103.38180541992188,2.085814952850342,0.0,112.15015411376952,5.591160774230957,,,,,,,,,
NB38,Khu nghỉ đêm - Lờm bò,2304145,430616,2026,3,cobia,5.605275630950928,28.40090560913086,8.07107925415039,32.432559967041016,0.0394492633640766,0.0780358985066413,35.878910064697266,103.60575103759766,0.8479790091514587,0.0,131.5961456298828,2.5061397552490234,,,,,,,,,
NB38,Khu nghỉ đêm - Lờm bò,2304145,430616,2026,4,cobia,6.2671732902526855,24.846548080444336,8.045476913452148,30.91171646118164,0.0549379922449588,0.0572898723185062,31.69226837158203,133.05413818359375,1.397019624710083,68.0682144165039,115.16075134277344,4.768610954284668,,,,,,,,,
NB36,Khu Nghỉ đêm - Hang Luồn,2306977,431601,2025,1,ALL,,,,,,,,,,,,,0.0014855570625513,0.0016258031828328,0.0001038050686474,0.0001819461322156,0.0009779962711036,0.0001685166789684,0.0200182516127824,0.0004614113713614,
NB36,Khu Nghỉ đêm - Hang Luồn,2306977,431601,2025,2,ALL,,,,,,,,,,,,,0.001308208447881,0.0016620078822597,0.0001038050686474,0.0,0.0014259869931265,0.0001685166789684,0.0145424520596861,0.0005069579347036,
NB36,Khu Nghỉ đêm - Hang Luồn,2306977,431601,2025,3,ALL,,,,,,,,,,,,,0.001308208447881,0.0018933084793388,0.0001038050686474,0.0011722611961886,0.0018834372749552,0.0001685166789684,0.0223327316343784,0.0005630716332234,
NB36,Khu Nghỉ đêm - Hang Luồn,2306977,431601,2025,4,ALL,,,,,,,,,,,,,0.001308208447881,0.0021405424922704,0.0001038050686474,0.0,0.0010691669303923,0.0001685166789684,0.0135762365534901,0.0002196138229919,
NB36,Khu Nghỉ đêm - Hang Luồn,2306977,431601,2026,1,ALL,,,,,,,,,,,,,0.0013612867332994,0.0015129845123738,0.0001038050686474,3.245213156333193e-05,0.0011315045412629,0.0001685166789684,0.0056914519518613,0.0004931557341478,
NB36,Khu Nghỉ đêm - Hang Luồn,2306977,431601,2026,2,ALL,,,,,,,,,,,,,0.0013036195887252,0.0017280555330216,0.0001038050686474,0.0,0.0010394803248345,0.0001685166789684,0.014770614914596,0.0004743084718938,
NB36,Khu Nghỉ đêm - Hang Luồn,2306977,431601,2026,3,ALL,,,,,,,,,,,,,0.001308208447881,0.0020652317907661,0.0001038050686474,0.000337490811944,0.0014717964222654,0.0001685166789684,0.0151741495355963,0.0004450787673704,
NB36,Khu Nghỉ đêm - Hang Luồn,2306977,431601,2026,4,ALL,,,,,,,,,,,,,0.001308208447881,0.0019740487914532,0.0001038050686474,0.0,0.0006969827809371,0.0001685166789684,0.014724425971508,0.000383071223041,
NB39,Khu nghỉ đêm Cống Đỏ,2309402,433983,2025,1,cobia,6.913158893585205,19.352022171020508,8.077507972717285,32.24323272705078,0.0275956615805625,0.0217368341982364,34.77827072143555,77.41122436523438,1.3144865036010742,0.0,144.49935913085938,0.0,,,,,,,,,
NB39,Khu nghỉ đêm Cống Đỏ,2309402,433983,2025,2,cobia,6.037747383117676,25.55234909057617,8.179978370666504,31.76513671875,0.0395646877586841,0.0209414735436439,34.06245422363281,73.16846466064453,1.513877034187317,190.84231567382807,125.6875,2.7889151573181152,,,,,,,,,
NB39,Khu nghỉ đêm Cống Đỏ,2309402,433983,2025,3,cobia,6.0783233642578125,28.15370750427246,8.223976135253906,32.03852844238281,0.033571470528841,0.0259618740528821,38.16124725341797,92.26016235351562,1.5261399745941162,0.0,120.18795776367188,0.0,,,,,,,,,
NB39,Khu nghỉ đêm Cống Đỏ,2309402,433983,2025,4,cobia,6.379185199737549,25.541418075561523,8.189270973205566,31.732526779174805,0.0328881591558456,0.0160542819648981,36.966304779052734,106.90921783447266,0.4884729087352752,0.0,115.65914916992188,0.0,,,,,,,,,
NB39,Khu nghỉ đêm Cống Đỏ,2309402,433983,2026,1,cobia,6.535181522369385,21.222639083862305,8.235587120056152,32.980018615722656,0.0300130490213632,0.0214278381317853,35.24864196777344,92.5842514038086,4.454159259796143,0.0,131.73927307128906,2.8657922744750977,,,,,,,,,
NB39,Khu nghỉ đêm Cống Đỏ,2309402,433983,2026,2,cobia,6.563311576843262,26.53462600708008,8.248787879943848,31.950437545776367,0.0425324812531471,0.0309740826487541,35.84735107421875,88.02601623535156,1.942041516304016,0.0,120.46212768554688,10.430341720581056,,,,,,,,,
NB39,Khu nghỉ đêm Cống Đỏ,2309402,433983,2026,3,cobia,6.197623252868652,28.23713493347168,8.095131874084473,32.02516555786133,0.0412374809384346,0.0506757050752639,39.99595642089844,114.7108383178711,2.5575480461120605,0.0,129.68748474121094,3.987003326416016,,,,,,,,,
NB39,Khu nghỉ đêm Cống Đỏ,2309402,433983,2026,4,cobia,7.026848316192627,24.15250396728516,8.082900047302246,31.877201080322266,0.051657598465681,0.0453398413956165,33.69316482543945,102.7081069946289,4.131778717041016,0.0,126.7296142578125,1.341325283050537,,,,,,,,,
NB37,Bồ Nâu - Sửng Sốt,2305988,431059,2025,1,ALL,,,,,,,,,,,,,0.0014855570625513,0.0020419445354491,0.0001038050686474,2.374847099417821e-05,0.0010500580538064,0.0001685166789684,0.0282113291323184,0.0004094686883036,
NB37,Bồ Nâu - Sửng Sốt,2305988,431059,2025,2,ALL,,,,,,,,,,,,,0.001308208447881,0.0016175428172573,0.0001038050686474,0.0,0.0012557442532852,0.0001685166789684,0.0172271728515625,0.0003746192087419,
NB37,Bồ Nâu - Sửng Sốt,2305988,431059,2025,3,ALL,,,,,,,,,,,,,0.001308208447881,0.0019409656524658,0.0001038050686474,0.0008762085926719,0.0013287981273606,0.0001685166789684,0.0403066389262676,0.0003724709386005,
NB37,Bồ Nâu - Sửng Sốt,2305988,431059,2025,4,ALL,,,,,,,,,,,,,0.001308208447881,0.0021917875856161,0.0001038050686474,0.0,0.0011762472568079,0.0001685166789684,0.0100043909624218,0.0,
NB37,Bồ Nâu - Sửng Sốt,2305988,431059,2026,1,ALL,,,,,,,,,,,,,0.0013905951054766,0.001586833037436,0.0001038050686474,0.0,0.0012394527439028,0.0001685166789684,0.0035817460156977,0.0003848244377877,
NB37,Bồ Nâu - Sửng Sốt,2305988,431059,2026,2,ALL,,,,,,,,,,,,,0.0013036195887252,0.0017430251464247,0.0001038050686474,0.0,0.0007719303830526,0.0001685166789684,0.022150445729494,0.0003423708549235,
NB37,Bồ Nâu - Sửng Sốt,2305988,431059,2026,3,ALL,,,,,,,,,,,,,0.001308208447881,0.0023106075823307,0.0001038050686474,0.0002092252252623,0.0009384633158333,0.0001685166789684,0.011834405362606,0.0,
NB37,Bồ Nâu - Sửng Sốt,2305988,431059,2026,4,ALL,,,,,,,,,,,,,0.001308208447881,0.0019542211666703,0.0001038050686474,0.0,0.0007155447965487,0.0001685166789684,0.0179954208433628,0.000184571777936,
NB38,Khu nghỉ đêm - Lờm bò,2304145,430616,2025,1,ALL,,,,,,,,,,,,,0.0014855570625513,0.0019803557079285,0.0001038050686474,0.0,0.000952856556978,0.0001685166789684,0.0,0.0004094686883036,
NB38,Khu nghỉ đêm - Lờm bò,2304145,430616,2025,2,ALL,,,,,,,,,,,,,0.001308208447881,0.0019758732523769,0.0001038050686474,0.0,0.0007584766717627,0.0001685166789684,0.0171959474682807,0.000185177908861,
NB38,Khu nghỉ đêm - Lờm bò,2304145,430616,2025,3,ALL,,,,,,,,,,,,,0.001308208447881,0.0018715804908424,0.0001038050686474,0.0041715526022017,0.002203355776146,0.0001685166789684,0.0236328169703483,0.0008376630721613,
NB38,Khu nghỉ đêm - Lờm bò,2304145,430616,2025,4,ALL,,,,,,,,,,,,,0.001308208447881,0.002093237126246,0.0001038050686474,0.0003646971308626,0.0022233636118471,0.0001685166789684,0.0141606340184807,0.0,
NB38,Khu nghỉ đêm - Lờm bò,2304145,430616,2026,1,ALL,,,,,,,,,,,,,0.0013377498835325,0.001537119038403,0.0001038050686474,0.0,0.0014167602639645,0.0001685166789684,0.0124081689864397,0.0005275040748529,
NB38,Khu nghỉ đêm - Lờm bò,2304145,430616,2026,2,ALL,,,,,,,,,,,,,0.0013036195887252,0.0015877606347203,0.0001038050686474,0.0,0.0010868452955037,0.0001685166789684,0.0051981364376842,0.0005562480073422,
NB38,Khu nghỉ đêm - Lờm bò,2304145,430616,2026,3,ALL,,,,,,,,,,,,,0.0013036195887252,0.0024522847961634,0.0001038050686474,0.0011561948340386,0.000827684008982,0.0001685166789684,0.0342937372624874,0.0001186472654808,
NB38,Khu nghỉ đêm - Lờm bò,2304145,430616,2026,4,ALL,,,,,,,,,,,,,0.001308208447881,0.0020183844026178,0.0001038050686474,0.0011509926989674,0.0015107684303075,0.0001685166789684,0.0221636239439249,0.0002769757120404,
NB39,Khu nghỉ đêm Cống Đỏ,2309402,433983,2025,1,ALL,,,,,,,,,,,,,0.0014855570625513,0.0025164468679577,0.0001038050686474,0.0011228277580812,0.0066218366846442,0.0001685166789684,0.0582307092845439,0.0361087918281555,
NB39,Khu nghỉ đêm Cống Đỏ,2309402,433983,2025,2,ALL,,,,,,,,,,,,,0.001308208447881,0.001542970072478,0.0001038050686474,0.0003425058093853,0.0009827162139117,0.0001685166789684,0.0160680934786796,0.0004834155843127,
NB39,Khu nghỉ đêm Cống Đỏ,2309402,433983,2025,3,ALL,,,,,,,,,,,,,0.0013036195887252,0.0022527745459228,0.0001038050686474,0.0035885192919522,0.0017613453092053,0.0001685166789684,0.0197452288120985,0.0003594580630306,
NB39,Khu nghỉ đêm Cống Đỏ,2309402,433983,2025,4,ALL,,,,,,,,,,,,,0.001308208447881,0.0022170206066221,0.0001038050686474,0.0,0.0004630085895769,0.0001685166789684,0.0088495500385761,0.0,
NB39,Khu nghỉ đêm Cống Đỏ,2309402,433983,2026,1,ALL,,,,,,,,,,,,,0.001353399362415,0.0017504291608929,0.0001038050686474,0.0,0.0012349461903795,0.0001685166789684,0.004133281763643,0.0003585242957342,
NB39,Khu nghỉ đêm Cống Đỏ,2309402,433983,2026,2,ALL,,,,,,,,,,,,,0.001308208447881,0.0018471806542947,0.0001038050686474,0.0009613744914531,0.0008757431642152,0.0001685166789684,0.0310853961855173,0.0006289191660471,
NB39,Khu nghỉ đêm Cống Đỏ,2309402,433983,2026,3,ALL,,,,,,,,,,,,,0.001308208447881,0.0020882748067378,0.0001038050686474,0.0035434982273727,0.0020988970063626,0.0001685166789684,0.0176556557416915,0.0002295744488947,
NB39,Khu nghỉ đêm Cống Đỏ,2309402,433983,2026,4,ALL,,,,,,,,,,,,,0.001308208447881,0.0017316542798653,0.0001038050686474,0.0001433617580914,0.0009562795748934,0.0001685166789684,0.0112738525494933,0.000428419210948,
NB40,Làng chài Ba Hang,2312233,423638,2025,1,cobia,6.152969837188721,19.89214134216309,8.090024948120117,31.87275123596192,0.071966253221035,0.0199258476495742,31.73426818847656,55.3266716003418,2.7525007724761963,0.0,123.0417938232422,0.0,,,,,,,,,
NB40,Làng chài Ba Hang,2312233,423638,2025,2,cobia,5.892199516296387,25.817365646362305,8.132810592651367,30.64191246032715,0.0742602720856666,0.0183444637805223,32.67176818847656,59.7673225402832,2.263479471206665,417.075927734375,120.31788635253906,0.0,,,,,,,,,
NB40,Làng chài Ba Hang,2312233,423638,2025,3,cobia,5.33692741394043,26.35123443603516,8.088159561157227,31.03961944580078,0.0697603821754455,0.0193931274116039,36.08538818359375,86.8810806274414,1.3005999326705933,508.373046875,109.4451904296875,2.379669189453125,,,,,,,,,
NB40,Làng chài Ba Hang,2312233,423638,2025,4,cobia,6.024706840515137,24.374391555786133,8.156553268432617,31.213489532470703,0.0687442794442176,0.0224214904010295,33.10774230957031,90.47708892822266,0.4304407835006714,408.0323486328125,116.39307403564452,0.358607679605484,,,,,,,,,
NB40,Làng chài Ba Hang,2312233,423638,2026,1,cobia,6.494942665100098,21.13214683532715,8.151888847351074,32.348541259765625,0.0722461640834808,0.0271147824823856,30.361745834350582,89.3385238647461,2.675591468811035,280.0052795410156,100.72517395019533,0.1901473104953766,,,,,,,,,
NB40,Làng chài Ba Hang,2312233,423638,2026,2,cobia,5.826879501342773,26.46524238586425,8.183417320251465,32.19175338745117,0.0813567042350769,0.0319682881236076,29.83848571777344,72.72959899902344,3.0269041061401367,503.8784790039063,108.58171844482422,0.1792921870946884,,,,,,,,,
NB40,Làng chài Ba Hang,2312233,423638,2026,3,cobia,5.010202884674072,27.699636459350582,8.20184326171875,31.99735641479492,0.0667453333735466,0.0403245948255062,29.09475517272949,55.37165069580078,1.1782302856445312,961.1289672851562,124.46905517578124,2.175219774246216,,,,,,,,,
NB40,Làng chài Ba Hang,2312233,423638,2026,4,cobia,7.658082485198975,26.215240478515625,8.184998512268066,31.611661911010746,0.0714412555098533,0.0590563490986824,36.1510124206543,130.46768188476562,1.1357924938201904,913.6847534179688,116.5091781616211,4.73891544342041,,,,,,,,,
NB42,Làng chài Cửa Vạn,2301526,434156,2025,1,cobia,7.049867630004883,19.093475341796875,8.1284761428833,31.9112491607666,0.0631818994879722,0.0173219740390777,32.22433853149414,41.11138534545898,6.147116184234619,580.3815307617188,129.15505981445312,0.0,,,,,,,,,
NB42,Làng chài Cửa Vạn,2301526,434156,2025,2,cobia,6.366099834442139,26.26585960388184,8.173027038574219,31.45061492919922,0.0805311501026153,0.021134303882718,29.20367813110352,64.8524169921875,6.280472755432129,0.0,95.06034088134766,0.8443396091461182,,,,,,,,,
NB42,Làng chài Cửa Vạn,2301526,434156,2025,3,cobia,5.947436332702637,28.644460678100582,8.195138931274414,31.54975128173828,0.0432346798479557,0.0277245342731475,33.22956466674805,67.21559143066406,3.299290180206299,0.0,123.53485870361328,1.967872858047485,,,,,,,,,
NB42,Làng chài Cửa Vạn,2301526,434156,2025,4,cobia,5.8565287590026855,25.756690979003903,8.190546989440918,30.47743034362793,0.0366958752274513,0.0206652339547872,33.404624938964844,95.3878936767578,1.60978102684021,0.0,115.58781433105467,0.0,,,,,,,,,
NB42,Làng chài Cửa Vạn,2301526,434156,2026,1,cobia,7.625716209411621,21.096900939941406,8.212333679199219,31.85155296325684,0.0531699694693088,0.0249591246247291,38.24288177490234,92.08438873291016,1.4480875730514526,0.0,129.0966339111328,0.0,,,,,,,,,
NB42,Làng chài Cửa Vạn,2301526,434156,2026,2,cobia,6.664021968841553,26.869606018066406,8.182466506958008,32.226829528808594,0.0617729090154171,0.0342956818640232,39.09312057495117,110.29828643798828,1.423418641090393,0.0,122.02843475341795,3.144206523895264,,,,,,,,,
NB42,Làng chài Cửa Vạn,2301526,434156,2026,3,cobia,6.16972541809082,28.63834571838379,8.118115425109863,32.053768157958984,0.0398564077913761,0.0556803345680236,34.80789566040039,99.33903503417967,1.873288869857788,249.20855712890625,112.99581909179688,0.0,,,,,,,,,
NB42,Làng chài Cửa Vạn,2301526,434156,2026,4,cobia,8.524608612060547,24.705198287963867,8.225969314575195,31.4157772064209,0.0572432503104209,0.0498311109840869,34.405303955078125,89.30123901367188,3.394157886505127,0.0,125.3354263305664,0.0,,,,,,,,,
NB40,Làng chài Ba Hang,2312233,423638,2025,1,ALL,,,,,,,,,,,,,0.0014855570625513,0.002079960424453,0.0001038050686474,0.0,0.0017479761736467,0.0001685166789684,0.0305129308253526,0.0010142787359654,
NB40,Làng chài Ba Hang,2312233,423638,2025,2,ALL,,,,,,,,,,,,,0.001308208447881,0.0015600963961333,0.0001038050686474,0.0002076297969324,0.0017597068799659,0.0001685166789684,0.0164797790348529,0.000601855572313,
NB40,Làng chài Ba Hang,2312233,423638,2025,3,ALL,,,,,,,,,,,,,0.0013036195887252,0.0022494897712022,0.0001038050686474,0.0,0.0010601137764751,0.0001685166789684,0.0089704217389225,0.0,
NB40,Làng chài Ba Hang,2312233,423638,2025,4,ALL,,,,,,,,,,,,,0.001308208447881,0.0026305941864848,0.0001038050686474,0.0,0.0003306987055111,0.0001685166789684,0.0113676860928535,0.0,
NB40,Làng chài Ba Hang,2312233,423638,2026,1,ALL,,,,,,,,,,,,,0.0013905951054766,0.0015775895444676,0.0001038050686474,0.0001740167354,0.0011864617699757,0.0001685166789684,0.0156065793707966,0.0006275183986872,
NB40,Làng chài Ba Hang,2312233,423638,2026,2,ALL,,,,,,,,,,,,,0.0013036195887252,0.0016123035456985,0.0001038050686474,8.169059583451599e-05,0.0016308223130181,0.0001685166789684,0.0092209493741393,0.0008344363886862,
NB40,Làng chài Ba Hang,2312233,423638,2026,3,ALL,,,,,,,,,,,,,0.001308208447881,0.0021002471912652,0.0001038050686474,0.0077140051871538,0.00084062066162,0.0001685166789684,0.0190167129039764,0.0008835291373543,
NB40,Làng chài Ba Hang,2312233,423638,2026,4,ALL,,,,,,,,,,,,,0.001308208447881,0.0019584875553846,0.0001038050686474,0.0050247451290488,0.0017844823887571,0.0001685166789684,0.0198653992265462,0.0004640511178877,
NB41,Làng chài Hoa Cương,2309195,425079,2025,1,cobia,6.210117340087891,21.624834060668945,8.160531997680664,31.535415649414062,0.0570213571190834,0.0168697610497474,34.54608917236328,69.31922912597656,1.0176185369491575,0.0,132.61573791503906,0.0,,,,,,,,,
NB41,Làng chài Hoa Cương,2309195,425079,2025,2,cobia,6.000608444213867,25.68410301208496,8.249004364013672,31.039974212646484,0.0638502910733223,0.0172420851886272,35.97413635253906,56.12426376342773,0.3069578111171722,45.56475830078125,118.81190490722656,0.0,,,,,,,,,
NB41,Làng chài Hoa Cương,2309195,425079,2025,3,cobia,5.605924606323242,26.306840896606445,8.153407096862793,31.23787498474121,0.0688050463795661,0.0196543578058481,40.48344421386719,134.9473876953125,0.5653203725814819,0.0,117.27859497070312,0.0,,,,,,,,,
NB41,Làng chài Hoa Cương,2309195,425079,2025,4,cobia,6.417953968048096,23.85200881958008,8.138240814208984,31.165422439575195,0.0516563355922699,0.0161015707999467,33.702056884765625,73.9525146484375,0.1664377599954605,0.0,117.81765747070312,2.4143550395965576,,,,,,,,,
NB41,Làng chài Hoa Cương,2309195,425079,2026,1,cobia,6.378638744354248,20.8440170288086,8.179656028747559,32.59321594238281,0.0531683452427387,0.0272614266723394,32.81789016723633,91.4195556640625,3.792262554168701,119.3772201538086,105.44947052001952,3.2461860179901123,,,,,,,,,
NB41,Làng chài Hoa Cương,2309195,425079,2026,2,cobia,6.79759407043457,26.748092651367188,8.165614128112793,32.66938400268555,0.0713161751627922,0.0361111126840114,30.30240821838379,107.62484741210938,3.5323169231414795,0.0,96.91895294189452,9.611968994140623,,,,,,,,,
NB41,Làng chài Hoa Cương,2309195,425079,2026,3,cobia,5.538390636444092,27.679630279541016,8.143742561340332,32.72284698486328,0.060018952935934,0.0515442937612533,33.23921203613281,74.07803344726562,4.220826625823975,130.1283416748047,123.17871856689452,6.848843574523926,,,,,,,,,
NB41,Làng chài Hoa Cương,2309195,425079,2026,4,cobia,6.660426616668701,25.81015968322754,8.156983375549316,31.619813919067383,0.0498306192457675,0.0455166660249233,30.497636795043945,96.92406463623048,3.937305450439453,109.43014526367188,117.3320541381836,6.508198261260986,,,,,,,,,
NB43,Làng chài Cống Tầu,2296143,437139,2025,1,cobia,6.467378616333008,21.119712829589844,8.203934669494629,31.710838317871094,0.0547437816858291,0.0142566813156008,32.84845352172852,62.67334365844727,4.626688480377197,0.0,127.3996124267578,0.725689709186554,,,,,,,,,
NB43,Làng chài Cống Tầu,2296143,437139,2025,2,cobia,6.162587642669678,24.85293960571289,8.137234687805176,30.55392837524414,0.0623731352388858,0.014011338353157,42.17797088623047,112.90845489501952,4.81887149810791,0.0,127.1578140258789,2.079170227050781,,,,,,,,,
NB43,Làng chài Cống Tầu,2296143,437139,2025,3,cobia,6.395544528961182,27.90056800842285,8.125602722167969,30.59259414672852,0.032805398106575,0.0362287983298301,41.136940002441406,100.01058197021484,2.6728343963623047,323.82763671875,140.5242919921875,0.0,,,,,,,,,
NB43,Làng chài Cống Tầu,2296143,437139,2025,4,cobia,6.24091911315918,25.01076316833496,8.155644416809082,31.83905792236328,0.0315818525850772,0.0280283968895673,33.46210861206055,77.26265716552734,0.7717880010604858,0.0,110.69886779785156,0.0,,,,,,,,,
NB43,Làng chài Cống Tầu,2296143,437139,2026,1,cobia,6.210971355438232,22.00253295898437,8.126174926757812,32.650367736816406,0.0418027974665164,0.0308976005762815,32.16380310058594,75.8274917602539,1.1036237478256226,0.0,134.85250854492188,0.0,,,,,,,,,
NB43,Làng chài Cống Tầu,2296143,437139,2026,2,cobia,5.861043453216553,27.315303802490234,8.184666633605957,31.16172790527344,0.0432868711650371,0.038239236921072,30.87397575378418,56.83674240112305,1.7607086896896362,0.0,119.80867767333984,1.9190226793289185,,,,,,,,,
NB43,Làng chài Cống Tầu,2296143,437139,2026,3,cobia,6.9264326095581055,29.01505851745605,8.157291412353516,31.0262451171875,0.0398310981690883,0.0506273806095123,39.951168060302734,112.5509262084961,0.7102766036987305,0.0,133.41485595703125,5.718619346618652,,,,,,,,,
NB43,Làng chài Cống Tầu,2296143,437139,2026,4,cobia,8.227015495300293,24.643972396850582,8.064922332763672,31.21438980102539,0.0414475835859775,0.0520541109144687,37.20298767089844,112.86190795898438,3.9238569736480713,0.0,122.5412368774414,4.999425411224365,,,,,,,,,
NB41,Làng chài Hoa Cương,2309195,425079,2025,1,ALL,,,,,,,,,,,,,0.0014855570625513,0.0015581814805045,0.0001038050686474,0.0002602547174319,0.0010115625336766,0.0001735203550197,0.0075910054147243,0.0004542013339232,
NB41,Làng chài Hoa Cương,2309195,425079,2025,2,ALL,,,,,,,,,,,,,0.0013036195887252,0.0016392847755923,0.0001038050686474,0.0006640057545155,0.0018852249486371,0.0001685166789684,0.0190646182745695,0.0010763558093458,
NB41,Làng chài Hoa Cương,2309195,425079,2025,3,ALL,,,,,,,,,,,,,0.001308208447881,0.0019138534553349,0.0001038050686474,0.0020336748566478,0.0024746316485106,0.0001685166789684,0.0311705972999334,0.0008556463872082,
NB41,Làng chài Hoa Cương,2309195,425079,2025,4,ALL,,,,,,,,,,,,,0.001308208447881,0.0019514320883899,0.0001038050686474,0.000823214824777,0.0016085002571344,0.0001685166789684,0.015073599293828,0.0002792792511172,
NB41,Làng chài Hoa Cương,2309195,425079,2026,1,ALL,,,,,,,,,,,,,0.0013612867332994,0.0014985573943704,0.0001038050686474,0.0003729200398083,0.0024216286838054,0.0001685166789684,0.0145633798092603,0.0007684181910008,
NB41,Làng chài Hoa Cương,2309195,425079,2026,2,ALL,,,,,,,,,,,,,0.0013036195887252,0.0015020589344203,0.0001038050686474,0.0,0.0017684210324659,0.0001685166789684,0.0083644483238458,0.0003114366263616,
NB41,Làng chài Hoa Cương,2309195,425079,2026,3,ALL,,,,,,,,,,,,,0.0013036195887252,0.0021897957194596,0.0001038050686474,0.0,0.0003294213674962,0.0001685166789684,0.0161998309195041,0.0002594339603092,
NB41,Làng chài Hoa Cương,2309195,425079,2026,4,ALL,,,,,,,,,,,,,0.001308208447881,0.0016361642628908,0.0001038050686474,0.0002784554963,0.0009418237023055,0.0001685166789684,0.0275643710047006,0.0004107059212401,
NB42,Làng chài Cửa Vạn,2301526,434156,2025,1,ALL,,,,,,,,,,,,,0.0014855570625513,0.0022879531607031,0.0001038050686474,0.0,0.0017553213983774,0.0001685166789684,0.048902615904808,0.0,
NB42,Làng chài Cửa Vạn,2301526,434156,2025,2,ALL,,,,,,,,,,,,,0.001308208447881,0.0014695374993607,0.0001038050686474,7.186183938756585e-05,0.0010512885637581,0.0001685166789684,0.0106136435642838,0.0004357805883046,
NB42,Làng chài Cửa Vạn,2301526,434156,2025,3,ALL,,,,,,,,,,,,,0.0013036195887252,0.002433732850477,0.0001038050686474,0.0017307248199358,0.0014184836763888,0.0001685166789684,0.0191867146641016,7.371546234935522e-05,
NB42,Làng chài Cửa Vạn,2301526,434156,2025,4,ALL,,,,,,,,,,,,,0.001308208447881,0.0020178055856376,0.0001038050686474,0.0,0.0007914876332506,0.0001685166789684,0.0080292103812098,0.0,
NB42,Làng chài Cửa Vạn,2301526,434156,2026,1,ALL,,,,,,,,,,,,,0.0013905951054766,0.001832045498304,0.0001038050686474,0.0,0.0019677649252116,0.0001685166789684,0.0085124932229518,0.0,
NB42,Làng chài Cửa Vạn,2301526,434156,2026,2,ALL,,,,,,,,,,,,,0.001308208447881,0.0014484308194369,0.0001038050686474,6.545793439727277e-05,0.0009690062724985,0.0001685166789684,0.0020634313113987,0.000473544379929,
NB42,Làng chài Cửa Vạn,2301526,434156,2026,3,ALL,,,,,,,,,,,,,0.0013036195887252,0.0026222476735711,0.0001038050686474,0.0027423102874308,0.0016471619019284,0.0001685166789684,0.0315964557230472,0.0016657978994771,
NB42,Làng chài Cửa Vạn,2301526,434156,2026,4,ALL,,,,,,,,,,,,,0.001308208447881,0.001936585525982,0.0001038050686474,0.0002783164964057,0.0008838235517032,0.0001685166789684,0.016366409137845,0.0003829626075457,
NB43,Làng chài Cống Tầu,2296143,437139,2025,1,ALL,,,,,,,,,,,,,0.0014855570625513,0.0035808614920824,0.0001038050686474,0.0002058688696706,0.0066512702032923,0.0001685166789684,0.0553933940827846,0.0341262072324752,
NB43,Làng chài Cống Tầu,2296143,437139,2025,2,ALL,,,,,,,,,,,,,0.001308208447881,0.0021127166692167,0.0001038050686474,0.0001220691847265,0.0012373670469969,0.0001685166789684,0.0332785360515117,0.0006151400739327,
NB43,Làng chài Cống Tầu,2296143,437139,2025,3,ALL,,,,,,,,,,,,,0.001308208447881,0.0023533161729574,0.0001038050686474,0.0004159594827797,0.0025531316641718,0.0001685166789684,0.0195816028863191,0.0,
NB43,Làng chài Cống Tầu,2296143,437139,2025,4,ALL,,,,,,,,,,,,,0.001308208447881,0.0021877454128116,0.0001038050686474,0.0,0.0007022068602964,0.0001685166789684,0.0162536930292844,0.0,
NB43,Làng chài Cống Tầu,2296143,437139,2026,1,ALL,,,,,,,,,,,,,0.0013905951054766,0.0016979265492409,0.0001038050686474,0.0,0.001448412425816,0.0001685166789684,0.0114718349650502,0.0,
NB43,Làng chài Cống Tầu,2296143,437139,2026,2,ALL,,,,,,,,,,,,,0.001308208447881,0.0016578517388552,0.0001038050686474,0.0,0.0007807096699252,0.0001685166789684,0.0046880571171641,0.000334453798132,
NB43,Làng chài Cống Tầu,2296143,437139,2026,3,ALL,,,,,,,,,,,,,0.001308208447881,0.0024257155600935,0.0001038050686474,0.0044778133742511,0.0006434195092879,0.0001685166789684,0.0309781115502119,0.0004333315591793,
NB43,Làng chài Cống Tầu,2296143,437139,2026,4,ALL,,,,,,,,,,,,,0.001308208447881,0.0020282117184251,0.0001038050686474,0.0,0.0010058711050078,0.0001685166789684,0.0159765910357236,0.0003594944428186,
NB44,Làng chài Vông Viêng,2305622,438613,2025,1,cobia,6.486451148986816,20.802669525146484,8.130309104919434,31.932537078857425,0.0574942827224731,0.0168758742511272,32.282623291015625,55.67922592163086,3.474292755126953,102.9126968383789,113.07948303222656,0.0,,,,,,,,,
NB44,Làng chài Vông Viêng,2305622,438613,2025,2,cobia,6.119514465332031,26.25582695007324,8.090519905090332,32.11627197265625,0.0625626593828201,0.0164313316345214,29.52293586730957,66.59028625488281,2.427607536315918,0.0,99.03763580322266,2.8866400718688965,,,,,,,,,
NB44,Làng chài Vông Viêng,2305622,438613,2025,3,cobia,5.959751129150391,28.28990364074707,8.144400596618652,31.150066375732425,0.033963743597269,0.0401609502732753,34.59870147705078,92.24585723876952,1.9405275583267207,339.7484741210937,107.61215209960938,0.0,,,,,,,,,
NB44,Làng chài Vông Viêng,2305622,438613,2025,4,cobia,6.000816822052002,25.179271697998047,8.219562530517578,31.26132583618164,0.0388634167611599,0.0255372542887926,32.87761306762695,79.88792419433594,1.948675513267517,3198.1845703125,117.3543930053711,1.3596349954605105,,,,,,,,,
NB44,Làng chài Vông Viêng,2305622,438613,2026,1,cobia,6.523873805999756,22.33363151550293,8.158409118652344,31.471399307250977,0.0534431971609592,0.0289278402924537,35.00168228149414,88.44834899902344,0.3997591435909271,2693.26513671875,112.8154296875,0.0,,,,,,,,,
NB44,Làng chài Vông Viêng,2305622,438613,2026,2,cobia,5.958333015441895,25.986167907714844,8.0960054397583,32.87351989746094,0.0601317808032035,0.0372672341763973,32.58888244628906,100.03983306884766,3.102046251296997,2023.7978515625,115.48937225341795,0.0,,,,,,,,,
NB44,Làng chài Vông Viêng,2305622,438613,2026,3,cobia,6.095765590667725,28.267709732055664,8.092608451843262,31.8879623413086,0.055464468896389,0.0589693710207939,33.97364044189453,50.77679443359375,2.919687271118164,1665.7242431640625,122.08583068847656,0.0,,,,,,,,,
NB44,Làng chài Vông Viêng,2305622,438613,2026,4,cobia,5.781342506408691,26.317981719970703,8.158333778381348,30.99078750610352,0.0707163140177726,0.0489587672054767,30.72077751159668,77.61193084716797,0.7297978401184082,0.0,94.93757629394533,0.0,,,,,,,,,
NB45,Làng chài Cống Đầm,2306077,451136,2025,1,cobia,6.699893951416016,19.81070709228516,8.11677074432373,31.35848045349121,0.0517156794667243,0.0125263044610619,33.174049377441406,62.4667854309082,5.943260192871094,0.0,133.08790588378906,0.0,,,,,,,,,
NB45,Làng chài Cống Đầm,2306077,451136,2025,2,cobia,6.274947166442871,24.77204704284668,8.136699676513672,30.081148147583008,0.0609669983386993,0.0127896135672926,30.78372001647949,46.07481384277344,2.993292808532715,0.0,120.20984649658205,1.2897411584854126,,,,,,,,,
NB45,Làng chài Cống Đầm,2306077,451136,2025,3,cobia,6.119733810424805,26.659744262695312,8.148428916931152,30.575489044189453,0.0388930700719356,0.0244015995413064,42.36681365966797,114.09140014648438,4.213502883911133,0.0,143.94805908203125,0.9807594418525696,,,,,,,,,
NB45,Làng chài Cống Đầm,2306077,451136,2025,4,cobia,6.321866989135742,24.742530822753903,8.14656925201416,31.36424827575684,0.0249832849949598,0.0199478715658187,33.92756652832031,69.9035873413086,3.165337085723877,0.0,127.63580322265624,2.669987916946411,,,,,,,,,
NB45,Làng chài Cống Đầm,2306077,451136,2026,1,cobia,6.733551502227783,21.24941635131836,8.186912536621094,32.08380889892578,0.0384976938366889,0.0215910505503416,38.29453659057617,88.77288055419922,3.613306999206543,1585.7615966796875,114.6948699951172,0.3461238443851471,,,,,,,,,
NB45,Làng chài Cống Đầm,2306077,451136,2026,2,cobia,6.109577655792236,26.730392456054688,8.272656440734863,30.755098342895508,0.0476108230650424,0.0249929819256067,31.423933029174805,75.12970733642578,3.543139696121216,0.0,113.74867248535156,3.2756803035736084,,,,,,,,,
NB45,Làng chài Cống Đầm,2306077,451136,2026,3,cobia,6.194859981536865,28.23970413208008,8.198524475097656,30.23814582824707,0.0328332483768463,0.0427331216633319,39.12688446044922,93.1080551147461,2.668829679489136,0.0,134.8997039794922,0.0,,,,,,,,,
NB45,Làng chài Cống Đầm,2306077,451136,2026,4,cobia,5.641941547393799,25.37457275390625,8.105742454528809,31.451997756958008,0.0385529622435569,0.0310005620121955,37.300079345703125,89.3370361328125,1.8062533140182493,0.0,125.45526123046876,0.0,,,,,,,,,
NB44,Làng chài Vông Viêng,2305622,438613,2025,1,ALL,,,,,,,,,,,,,0.0014855570625513,0.0020980350673198,0.0001038050686474,0.0001363823685096,0.0007569693843834,0.0001735203550197,0.0067220162600278,0.0006517774309031,
NB44,Làng chài Vông Viêng,2305622,438613,2025,2,ALL,,,,,,,,,,,,,0.001308208447881,0.0018782310653477,0.0001038050686474,0.0,0.0012063536560162,0.0001685166789684,0.0103247594088315,0.0005670426762662,
NB44,Làng chài Vông Viêng,2305622,438613,2025,3,ALL,,,,,,,,,,,,,0.001308208447881,0.0021203693468123,0.0001038050686474,0.0002745105884969,0.0018723112298175,0.0001685166789684,0.0274257529526948,0.00018194023869,
NB44,Làng chài Vông Viêng,2305622,438613,2025,4,ALL,,,,,,,,,,,,,0.001308208447881,0.0022036947775632,0.0001038050686474,0.0,0.0026739879976958,0.0001685166789684,0.0247451607137918,0.0,
NB44,Làng chài Vông Viêng,2305622,438613,2026,1,ALL,,,,,,,,,,,,,0.0013905951054766,0.0015298546059057,0.0001038050686474,0.0057341149076819,0.0052467272616922,0.0001685166789684,0.021745927631855,0.0008597490377724,
NB44,Làng chài Vông Viêng,2305622,438613,2026,2,ALL,,,,,,,,,,,,,0.0013036195887252,0.0014847280690446,0.0001038050686474,0.000246530980803,0.0019088523695245,0.0001685166789684,0.0113123031333088,0.0006157479365356,
NB44,Làng chài Vông Viêng,2305622,438613,2026,3,ALL,,,,,,,,,,,,,0.0013036195887252,0.0023087498266249,0.0001038050686474,0.000516970816534,0.0009527148795314,0.0001685166789684,0.0224927011877298,0.0001637270470382,
NB44,Làng chài Vông Viêng,2305622,438613,2026,4,ALL,,,,,,,,,,,,,0.001308208447881,0.0020645437762141,0.0001038050686474,0.0016562286764383,0.0023447722196578,0.0001685166789684,0.0196930840611457,0.0020174742676317,
NB46,Bãi Dài - Vân Đồn,2334825,472577,2025,1,cobia,6.243210315704346,21.261369705200195,8.158295631408691,31.3658504486084,0.0604426376521587,0.0169321242719888,33.148860931396484,74.01432800292969,1.7535791397094729,0.0,118.88575744628906,0.0,,,,,,,,,
NB46,Bãi Dài - Vân Đồn,2334825,472577,2025,2,cobia,6.1730828285217285,25.199785232543945,8.140998840332031,31.568925857543945,0.0647684559226036,0.013084527105093,34.97073745727539,74.11225128173828,1.1507725715637207,0.0,116.60345458984376,0.0,,,,,,,,,
NB46,Bãi Dài - Vân Đồn,2334825,472577,2025,3,cobia,6.41553258895874,27.558225631713867,8.134424209594727,31.52466583251953,0.0389737710356712,0.0338678136467933,39.15032196044922,93.0216293334961,1.7813317775726318,0.0,115.54359436035156,0.0,,,,,,,,,
NB46,Bãi Dài - Vân Đồn,2334825,472577,2025,4,cobia,6.094969749450684,25.0258731842041,8.136435508728027,30.777374267578125,0.0316204763948917,0.0179673861712217,34.0173454284668,87.87141418457031,0.6940847039222717,0.0,115.83380126953124,0.0,,,,,,,,,
NB46,Bãi Dài - Vân Đồn,2334825,472577,2026,1,cobia,6.219795227050781,21.347801208496094,8.162678718566895,31.99672508239746,0.048799280077219,0.025534825399518,34.83108901977539,59.10853576660156,2.753638744354248,136.71310424804688,128.21026611328125,1.6286603212356567,,,,,,,,,
NB46,Bãi Dài - Vân Đồn,2334825,472577,2026,2,cobia,6.135104656219482,26.653684616088867,8.219054222106934,31.9642333984375,0.0637345239520073,0.0306226387619972,30.22102165222168,57.74047088623047,3.2809643745422363,0.0,111.99917602539062,0.7430452704429626,,,,,,,,,
NB46,Bãi Dài - Vân Đồn,2334825,472577,2026,3,cobia,6.208278656005859,28.5299015045166,8.09628963470459,32.093990325927734,0.0364300161600112,0.0469882823526859,37.90398025512695,90.49693298339844,3.1129307746887207,874.7947998046875,143.05377197265625,4.265574932098389,,,,,,,,,
NB46,Bãi Dài - Vân Đồn,2334825,472577,2026,4,cobia,8.267691612243652,25.867084503173828,8.195735931396484,31.01865768432617,0.0486660189926624,0.0461698286235332,30.285385131835938,62.96229553222656,3.460743904113769,0.0,124.6473159790039,6.78469705581665,,,,,,,,,
NB47,"Bãi tắm Minh Châu- xã Minh Châu, Vân Đồn",2316823,479287,2025,1,cobia,6.140483379364014,20.53234100341797,8.112717628479004,31.54604721069336,0.0668667256832122,0.0172537080943584,33.03377914428711,64.2964096069336,3.2596588134765625,188.77088928222656,123.92033386230467,0.0,,,,,,,,,
NB47,"Bãi tắm Minh Châu- xã Minh Châu, Vân Đồn",2316823,479287,2025,2,cobia,5.827423095703125,25.476947784423828,8.125913619995117,30.7211971282959,0.076430469751358,0.0116020431742072,32.23454284667969,55.950157165527344,2.7201781272888184,308.8725280761719,107.9303741455078,1.4295536279678345,,,,,,,,,
NB47,"Bãi tắm Minh Châu- xã Minh Châu, Vân Đồn",2316823,479287,2025,3,cobia,5.603298664093018,27.142059326171875,8.192901611328125,31.21876335144043,0.0701208189129829,0.017245402559638,31.581375122070312,62.11248779296875,1.660483717918396,54.48378753662109,109.46503448486328,0.0,,,,,,,,,
NB47,"Bãi tắm Minh Châu- xã Minh Châu, Vân Đồn",2316823,479287,2025,4,cobia,5.991423606872559,25.019100189208984,8.204277992248535,31.436607360839844,0.0649710446596145,0.0164941418915987,38.08495330810547,89.05500793457031,0.5847232937812805,0.0,124.63573455810548,0.0,,,,,,,,,
NB47,"Bãi tắm Minh Châu- xã Minh Châu, Vân Đồn",2316823,479287,2026,1,cobia,6.944446563720703,22.12140464782715,8.159065246582031,32.39877700805664,0.0668965280055999,0.0188670046627521,35.95783233642578,66.2808609008789,0.9720351696014404,359.72772216796875,117.40235137939452,0.0,,,,,,,,,
NB47,"Bãi tắm Minh Châu- xã Minh Châu, Vân Đồn",2316823,479287,2026,2,cobia,5.422059059143066,26.30306053161621,8.239428520202637,32.10464096069336,0.078783132135868,0.0249266438186168,32.10641098022461,72.1208267211914,2.9789133071899414,0.0,108.38919067382812,2.0237367153167725,,,,,,,,,
NB47,"Bãi tắm Minh Châu- xã Minh Châu, Vân Đồn",2316823,479287,2026,3,cobia,6.254004955291748,28.44212532043457,8.245675086975098,32.21100997924805,0.069113090634346,0.0406486503779888,37.12265396118164,82.50531768798828,1.0481711626052856,0.0,145.93699645996094,2.678245782852173,,,,,,,,,
NB47,"Bãi tắm Minh Châu- xã Minh Châu, Vân Đồn",2316823,479287,2026,4,cobia,8.084914207458496,25.0253849029541,8.105339050292969,32.24519729614258,0.0646834000945091,0.0382435843348503,35.64545440673828,132.58172607421875,4.403234481811523,84.9551010131836,124.522216796875,4.90831184387207,,,,,,,,,
NB45,Làng chài Cống Đầm,2306077,451136,2025,1,ALL,,,,,,,,,,,,,0.0014855570625513,0.0020489362068474,0.0001038050686474,3.848911001114175e-05,0.0038332513067871,0.0001685166789684,0.0425803139805793,0.000449987972388,
NB45,Làng chài Cống Đầm,2306077,451136,2025,2,ALL,,,,,,,,,,,,,0.001308208447881,0.0015515584964305,0.0001038050686474,0.0,0.0014211481902748,0.0001685166789684,0.0167476907372474,0.0004380503378342,
NB45,Làng chài Cống Đầm,2306077,451136,2025,3,ALL,,,,,,,,,,,,,0.0013036195887252,0.0021149490494281,0.0001038050686474,0.0,0.000457751302747,0.0001685166789684,0.0124838715419173,0.0003768332826439,
NB45,Làng chài Cống Đầm,2306077,451136,2025,4,ALL,,,,,,,,,,,,,0.001308208447881,0.0021353291813284,0.0001038050686474,0.0002374568866798,0.000937033444643,0.0001685166789684,0.0170237440615892,0.0004107059212401,
NB45,Làng chài Cống Đầm,2306077,451136,2026,1,ALL,,,,,,,,,,,,,0.0013905951054766,0.001619606046006,0.0001038050686474,0.0,0.0019080680795013,0.0001685166789684,0.0114826774224638,0.0,
NB45,Làng chài Cống Đầm,2306077,451136,2026,2,ALL,,,,,,,,,,,,,0.001308208447881,0.001505370484665,0.0001038050686474,1.928472556755878e-05,0.0008203575853258,0.0001685166789684,0.0047206450253725,0.0005601141019724,
NB45,Làng chài Cống Đầm,2306077,451136,2026,3,ALL,,,,,,,,,,,,,0.0013036195887252,0.0024858890101313,0.0001038050686474,0.0055203177034854,0.0010476710740476,0.0001685166789684,0.0346734821796417,0.0004188707389403,
NB45,Làng chài Cống Đầm,2306077,451136,2026,4,ALL,,,,,,,,,,,,,0.001308208447881,0.0020629768259823,0.0001038050686474,0.0002011577307712,0.0010763364844024,0.0001685166789684,0.0154178412631154,0.0002849125885404,
NB46,Bãi Dài - Vân Đồn,2334825,472577,2025,1,ALL,,,,,,,,,,,,,0.0014855570625513,0.0013629184104502,0.0001038050686474,9.80804252321832e-05,0.0003542999038472,0.0001735203550197,0.0005429974989965,0.0004913000157102,
NB46,Bãi Dài - Vân Đồn,2334825,472577,2025,2,ALL,,,,,,,,,,,,,0.0013036195887252,0.0017642428865656,0.0001038050686474,0.0,0.0005137468688189,0.0001685166789684,0.0153450919315218,0.0007205328438431,
NB46,Bãi Dài - Vân Đồn,2334825,472577,2025,3,ALL,,,,,,,,,,,,,0.001308208447881,0.002503927797079,0.0001038050686474,0.0024747205898165,0.0008368913549929,0.0001685166789684,0.0329463705420494,0.0004494914610404,
NB46,Bãi Dài - Vân Đồn,2334825,472577,2025,4,ALL,,,,,,,,,,,,,0.001308208447881,0.0019085981184616,0.0001038050686474,0.0028090898413211,0.0004557773354463,0.0001685166789684,0.0396946482360363,0.0014759312616661,
NB46,Bãi Dài - Vân Đồn,2334825,472577,2026,1,ALL,,,,,,,,,,,,,0.001347028533928,0.0015970716485753,0.0001038050686474,0.0015336665092036,0.0008712069829925,0.0001685166789684,0.0205998234450817,0.0007307030027732,
NB46,Bãi Dài - Vân Đồn,2334825,472577,2026,2,ALL,,,,,,,,,,,,,0.0013036195887252,0.0015556163853034,0.0001038050686474,0.0,0.0010849288664758,0.0001685166789684,0.0127282990142703,0.00036779398215,
NB46,Bãi Dài - Vân Đồn,2334825,472577,2026,3,ALL,,,,,,,,,,,,,0.0013036195887252,0.0021657512988895,0.0001038050686474,0.0007318909629248,0.00067011162173,0.0001685166789684,0.0171782616525888,0.0002582735323812,
NB46,Bãi Dài - Vân Đồn,2334825,472577,2026,4,ALL,,,,,,,,,,,,,0.001308208447881,0.0020478419028222,0.0001038050686474,0.0,0.0011844836408272,0.0001685166789684,0.0150740602985024,0.0,
NB47,"Bãi tắm Minh Châu- xã Minh Châu, Vân Đồn",2316823,479287,2025,1,ALL,,,,,,,,,,,,,0.0014855570625513,0.001341329421848,0.0001038050686474,0.0001529569417471,0.0008943735738284,0.0001685166789684,0.0034234074410051,0.000459886417957,
NB47,"Bãi tắm Minh Châu- xã Minh Châu, Vân Đồn",2316823,479287,2025,2,ALL,,,,,,,,,,,,,0.0013036195887252,0.0016937422333285,0.0001038050686474,0.0033272278960794,0.0025391394738107,0.0001685166789684,0.0180866234004497,0.0027488879859447,
NB47,"Bãi tắm Minh Châu- xã Minh Châu, Vân Đồn",2316823,479287,2025,3,ALL,,,,,,,,,,,,,0.001308208447881,0.0018633943982422,0.0001038050686474,0.0,0.0007544475956819,0.0001685166789684,0.0094481743872165,0.0,
NB47,"Bãi tắm Minh Châu- xã Minh Châu, Vân Đồn",2316823,479287,2025,4,ALL,,,,,,,,,,,,,0.001308208447881,0.0017892929026857,0.0001038050686474,0.0033419844694435,0.0,0.0001685166789684,0.0287596266716718,0.0029082524124532,
NB47,"Bãi tắm Minh Châu- xã Minh Châu, Vân Đồn",2316823,479287,2026,1,ALL,,,,,,,,,,,,,0.001347028533928,0.0015528002986684,0.0001038050686474,0.0025242033880203,0.0007615668582729,0.0001685166789684,0.0150117045268416,0.0006913406541571,
NB47,"Bãi tắm Minh Châu- xã Minh Châu, Vân Đồn",2316823,479287,2026,2,ALL,,,,,,,,,,,,,0.0013036195887252,0.0017094095237553,0.0001038050686474,0.0008966433815658,0.0015522425528615,0.0001685166789684,0.0105493264272809,0.0004077155608683,
NB47,"Bãi tắm Minh Châu- xã Minh Châu, Vân Đồn",2316823,479287,2026,3,ALL,,,,,,,,,,,,,0.001308208447881,0.0018988280789926,0.0001038050686474,0.0002717029710765,0.0006077263969928,0.0001685166789684,0.0129075245931744,0.0003215196193195,
NB47,"Bãi tắm Minh Châu- xã Minh Châu, Vân Đồn",2316823,479287,2026,4,ALL,,,,,,,,,,,,,0.001308208447881,0.0018445048481225,0.0001038050686474,0.0,0.0007502433145418,0.0001685166789684,0.0091298287734389,0.0003834828967228,
NB48,"Bãi tắm Sơn Hào- xã Quan Lạn, Vân Đồn",2311631,475997,2025,1,cobia,6.305184841156006,21.53661155700684,8.160614013671875,31.81816673278809,0.0705501139163971,0.0180286932736635,33.298805236816406,72.4593276977539,2.6860616207122803,306.1877746582031,120.07136535644533,0.0,,,,,,,,,
NB48,"Bãi tắm Sơn Hào- xã Quan Lạn, Vân Đồn",2311631,475997,2025,2,cobia,6.033468723297119,26.79258346557617,8.248249053955078,31.48204040527344,0.0802640318870544,0.0142440851777791,32.4000244140625,51.978790283203125,1.3997968435287476,91.5417251586914,105.9261245727539,0.0,,,,,,,,,
NB48,"Bãi tắm Sơn Hào- xã Quan Lạn, Vân Đồn",2311631,475997,2025,3,cobia,5.6419758796691895,27.711488723754883,8.2386474609375,32.270748138427734,0.0673227086663246,0.0149310929700732,35.98717498779297,101.9422378540039,1.4096077680587769,0.0,120.90453338623048,1.0694595575332642,,,,,,,,,
NB48,"Bãi tắm Sơn Hào- xã Quan Lạn, Vân Đồn",2311631,475997,2025,4,cobia,6.058891773223877,25.179555892944336,8.167159080505371,30.940427780151367,0.0550739802420139,0.0213539190590381,36.552345275878906,84.27188110351562,0.0,0.0,126.72130584716795,0.0,,,,,,,,,
NB48,"Bãi tắm Sơn Hào- xã Quan Lạn, Vân Đồn",2311631,475997,2026,1,cobia,6.102726936340332,21.88203239440918,8.116602897644043,32.42023468017578,0.0622529126703739,0.0291011594235897,33.218265533447266,70.14920043945312,0.714709997177124,0.0,111.08914947509766,0.0,,,,,,,,,
NB48,"Bãi tắm Sơn Hào- xã Quan Lạn, Vân Đồn",2311631,475997,2026,2,cobia,6.18447208404541,27.98874282836914,8.204110145568848,32.505863189697266,0.0722465813159942,0.0347877889871597,32.216270446777344,64.66043090820312,1.3285003900527954,0.0,129.88162231445312,1.5228103399276731,,,,,,,,,
NB48,"Bãi tắm Sơn Hào- xã Quan Lạn, Vân Đồn",2311631,475997,2026,3,cobia,5.111802577972412,28.19119453430176,8.160099029541016,32.81752014160156,0.0570441968739032,0.0476825013756752,34.640472412109375,83.9236068725586,3.1444613933563232,288.0842590332031,121.66118621826172,6.450645923614502,,,,,,,,,
NB48,"Bãi tắm Sơn Hào- xã Quan Lạn, Vân Đồn",2311631,475997,2026,4,cobia,7.869525909423828,25.57496452331543,8.115218162536621,31.561128616333008,0.0652766153216362,0.0471716523170471,33.86712646484375,98.6999969482422,4.150806427001953,370.28564453125,107.47411346435548,6.675009250640869,,,,,,,,,
NB49,"Bãi tắm Quan Lạn- xã Quan Lạn, Vân Đồn",2308150,473396,2025,1,cobia,6.384135723114014,20.62133026123047,8.1295166015625,31.838348388671875,0.0590474717319011,0.017101677134633,32.13692092895508,40.97161483764648,6.792324066162109,0.0,106.4766845703125,0.0,,,,,,,,,
NB49,"Bãi tắm Quan Lạn- xã Quan Lạn, Vân Đồn",2308150,473396,2025,2,cobia,6.0238118171691895,26.17116355895996,8.175098419189453,31.149452209472656,0.0638901069760322,0.0135186566039919,30.457666397094727,58.17466354370117,6.160958290100098,0.0,121.39404296875,0.9523928165435792,,,,,,,,,
NB49,"Bãi tắm Quan Lạn- xã Quan Lạn, Vân Đồn",2308150,473396,2025,3,cobia,5.849024295806885,27.103492736816406,8.19787883758545,31.24685859680176,0.0548549219965934,0.0272321160882711,32.061607360839844,66.35598754882812,5.574053287506104,0.0,135.9497528076172,1.6490029096603394,,,,,,,,,
NB49,"Bãi tắm Quan Lạn- xã Quan Lạn, Vân Đồn",2308150,473396,2025,4,cobia,5.902878284454346,24.75652503967285,8.236597061157227,30.50545310974121,0.0450993552803993,0.0172568913549184,33.65330505371094,75.98239135742188,4.612064838409424,0.0,122.79022216796876,0.4297305643558502,,,,,,,,,
NB49,"Bãi tắm Quan Lạn- xã Quan Lạn, Vân Đồn",2308150,473396,2026,1,cobia,6.6330342292785645,20.474180221557617,8.199822425842285,32.18082427978516,0.0558798946440219,0.0220760740339756,37.57664108276367,93.3596649169922,3.4935402870178223,0.0,131.02149963378906,1.9914239645004272,,,,,,,,,
NB49,"Bãi tắm Quan Lạn- xã Quan Lạn, Vân Đồn",2308150,473396,2026,2,cobia,5.941619873046875,26.726043701171875,8.257140159606934,32.051795959472656,0.063437707722187,0.0323942862451076,35.93564224243164,91.31836700439452,3.4342257976531982,0.0,126.8425064086914,4.065884590148926,,,,,,,,,
NB49,"Bãi tắm Quan Lạn- xã Quan Lạn, Vân Đồn",2308150,473396,2026,3,cobia,5.841143131256104,28.39512634277344,8.177534103393555,31.82990264892578,0.0424130819737911,0.0474140271544456,36.78176498413086,92.87877655029295,3.970723390579224,544.9795532226562,138.11614990234375,0.0,,,,,,,,,
NB49,"Bãi tắm Quan Lạn- xã Quan Lạn, Vân Đồn",2308150,473396,2026,4,cobia,8.536175727844238,25.873289108276367,8.24654769897461,31.26253700256348,0.0655102729797363,0.0300117712467908,29.15752601623535,71.52883911132812,2.1026737689971924,0.0,124.13349151611328,2.369357109069824,,,,,,,,,
NB50,"Bãi tắm Ngọc Vừng- xã Ngọc Vừng, Vân Đồn",2301554,459059,2025,1,cobia,6.542196750640869,20.27947425842285,8.151827812194824,32.476558685302734,0.0338545143604278,0.0214645136147737,34.70026779174805,50.36234664916992,3.0500824451446533,0.0,137.19700622558594,0.0,,,,,,,,,
NB50,"Bãi tắm Ngọc Vừng- xã Ngọc Vừng, Vân Đồn",2301554,459059,2025,2,cobia,6.284034252166748,26.53849983215332,8.170011520385742,31.41907501220703,0.0403568148612976,0.0222089253365993,31.195077896118164,55.62793731689453,4.240456581115723,2485.0712890625,123.8255615234375,2.215161085128784,,,,,,,,,
NB50,"Bãi tắm Ngọc Vừng- xã Ngọc Vừng, Vân Đồn",2301554,459059,2025,3,cobia,6.206593990325928,28.79790306091309,8.23869514465332,31.99774742126465,0.0339428670704364,0.0283588413149118,31.526416778564453,72.02717590332031,2.23979926109314,2518.38671875,112.95565032958984,2.9795520305633545,,,,,,,,,
NB50,"Bãi tắm Ngọc Vừng- xã Ngọc Vừng, Vân Đồn",2301554,459059,2025,4,cobia,6.601551055908203,26.21813201904297,8.231605529785156,31.9614315032959,0.037229485809803,0.0278913173824548,35.46177673339844,120.61058807373048,2.9255332946777344,3751.566650390625,118.01237487792967,0.0,,,,,,,,,
NB50,"Bãi tắm Ngọc Vừng- xã Ngọc Vừng, Vân Đồn",2301554,459059,2026,1,cobia,6.384006500244141,22.743406295776367,8.172798156738281,31.470577239990234,0.0401371717453002,0.032832633703947,31.26373672485352,121.73340606689452,2.3230631351470947,831.7111206054688,106.76504516601562,3.6018316745758057,,,,,,,,,
NB50,"Bãi tắm Ngọc Vừng- xã Ngọc Vừng, Vân Đồn",2301554,459059,2026,2,cobia,5.652193546295166,26.28352165222168,8.108792304992676,31.517305374145508,0.0407133102416992,0.0586184635758399,34.14409637451172,75.12886047363281,2.24465560913086,0.0,111.3060531616211,2.624436378479004,,,,,,,,,
NB50,"Bãi tắm Ngọc Vừng- xã Ngọc Vừng, Vân Đồn",2301554,459059,2026,3,cobia,6.382142543792725,29.155113220214844,8.101573944091797,30.48011016845703,0.0380979627370834,0.0690371543169021,36.0595703125,92.88695526123048,0.4563956260681152,0.0,100.39820861816406,2.7881407737731934,,,,,,,,,
NB50,"Bãi tắm Ngọc Vừng- xã Ngọc Vừng, Vân Đồn",2301554,459059,2026,4,cobia,8.341089248657227,25.85719490051269,7.967883110046387,31.000200271606445,0.0417333729565143,0.0608659796416759,38.76866149902344,163.6499786376953,1.7506663799285889,107.51072692871094,106.17281341552734,2.666870594024658,,,,,,,,,
NB48,"Bãi tắm Sơn Hào- xã Quan Lạn, Vân Đồn",2311631,475997,2025,1,ALL,,,,,,,,,,,,,0.0014855570625513,0.0013305196771398,0.0001038050686474,5.715754741686396e-05,0.0009024005266837,0.0001685166789684,0.020768791437149,0.0004420902405399,
NB48,"Bãi tắm Sơn Hào- xã Quan Lạn, Vân Đồn",2311631,475997,2025,2,ALL,,,,,,,,,,,,,0.0013036195887252,0.0016594547778367,0.0001038050686474,0.0048099840059876,0.0020281469915062,0.0001685166789684,0.012809831649065,0.003723168047145,
NB48,"Bãi tắm Sơn Hào- xã Quan Lạn, Vân Đồn",2311631,475997,2025,3,ALL,,,,,,,,,,,,,0.001308208447881,0.0018193472642451,0.0001038050686474,0.0053817643783986,0.0007649019244126,0.0001685166789684,0.0254072491079568,0.0004712764930445,
NB48,"Bãi tắm Sơn Hào- xã Quan Lạn, Vân Đồn",2311631,475997,2025,4,ALL,,,,,,,,,,,,,0.001308208447881,0.0016839323798194,0.0001038050686474,0.0037043043412268,0.0015797984087839,0.0001685166789684,0.0333106853067874,0.0016564632533118,
NB48,"Bãi tắm Sơn Hào- xã Quan Lạn, Vân Đồn",2311631,475997,2026,1,ALL,,,,,,,,,,,,,0.0013612867332994,0.0014352828729897,0.0001038050686474,0.0,0.0011611360823735,0.0001685166789684,0.009327009320259,0.0006819714908488,
NB48,"Bãi tắm Sơn Hào- xã Quan Lạn, Vân Đồn",2311631,475997,2026,2,ALL,,,,,,,,,,,,,0.0013036195887252,0.0017898698570206,0.0001038050686474,0.0,0.00110482389573,0.0001685166789684,0.0054163839668035,0.0001521317026345,
NB48,"Bãi tắm Sơn Hào- xã Quan Lạn, Vân Đồn",2311631,475997,2026,3,ALL,,,,,,,,,,,,,0.001308208447881,0.0021205865778028,0.0001038050686474,0.0001167444279417,0.0004766751371789,0.0001685166789684,0.0341336280107498,0.0001884890807559,
NB48,"Bãi tắm Sơn Hào- xã Quan Lạn, Vân Đồn",2311631,475997,2026,4,ALL,,,,,,,,,,,,,0.001308208447881,0.0018703689565882,0.0001038050686474,0.0002985558239743,0.0011984241427853,0.0001685166789684,0.0130865015089511,0.0002806330739986,
NB51,Luồng giữa Cửa Lục,2306441,428888,2025,1,cobia,6.144393444061279,21.017751693725582,8.210886001586914,31.88451385498047,0.0466851219534873,0.0180456228554248,30.629867553710938,55.36231231689453,1.01599383354187,0.0,122.29458618164062,0.0,,,,,,,,,
NB51,Luồng giữa Cửa Lục,2306441,428888,2025,2,cobia,5.985922813415527,26.43745231628418,8.225763320922852,31.123231887817383,0.0568065047264099,0.0148140843957662,34.85953140258789,83.63451385498047,0.7941165566444397,0.0,112.18968963623048,0.0,,,,,,,,,
NB51,Luồng giữa Cửa Lục,2306441,428888,2025,3,cobia,5.9991230964660645,26.71230125427246,8.168388366699219,31.2749080657959,0.0324219577014446,0.0337097346782684,42.30818557739258,118.2373275756836,0.0,0.0,134.66258239746094,1.733231782913208,,,,,,,,,
NB51,Luồng giữa Cửa Lục,2306441,428888,2025,4,cobia,6.224277496337891,24.331275939941406,8.191024780273438,30.70759963989257,0.0242091659456491,0.0171819608658552,34.378055572509766,64.60074615478516,1.4592876434326172,0.0,102.53147888183594,0.0,,,,,,,,,
NB51,Luồng giữa Cửa Lục,2306441,428888,2026,1,cobia,6.067412853240967,20.90910720825196,8.17202091217041,32.774593353271484,0.0472090132534503,0.0238860286772251,38.46441268920898,102.8288345336914,3.428761959075928,0.0,116.46820068359376,0.0,,,,,,,,,
NB51,Luồng giữa Cửa Lục,2306441,428888,2026,2,cobia,5.871851921081543,26.03739356994629,8.163469314575195,32.61114501953125,0.0636855289340019,0.0267087277024984,30.731348037719727,49.28664016723633,4.881202220916748,0.0,125.53256225585938,4.122199535369873,,,,,,,,,
NB51,Luồng giữa Cửa Lục,2306441,428888,2026,3,cobia,5.889559268951416,27.439815521240234,8.089146614074707,31.97695541381836,0.0468855649232864,0.0539290234446525,35.0782585144043,95.42208099365234,3.956804037094116,1081.4285888671875,132.44715881347656,4.363005638122559,,,,,,,,,
NB51,Luồng giữa Cửa Lục,2306441,428888,2026,4,cobia,7.389216899871826,26.182201385498047,8.225244522094727,31.47368621826172,0.0580124892294406,0.0494112782180309,32.65583801269531,69.8498306274414,2.350292921066284,0.0,141.10154724121094,4.031295299530029,,,,,,,,,
NB49,"Bãi tắm Quan Lạn- xã Quan Lạn, Vân Đồn",2308150,473396,2025,1,ALL,,,,,,,,,,,,,0.0014855570625513,0.0012724250555038,0.0001038050686474,0.000171086154296,0.0004259016131982,0.0001685166789684,0.0,0.0004978237557224,
NB49,"Bãi tắm Quan Lạn- xã Quan Lạn, Vân Đồn",2308150,473396,2025,2,ALL,,,,,,,,,,,,,0.0013036195887252,0.0018040590221062,0.0001038050686474,0.0014387811534106,0.0007278264383785,0.0001685166789684,0.0192063022404909,0.0007140091038309,
NB49,"Bãi tắm Quan Lạn- xã Quan Lạn, Vân Đồn",2308150,473396,2025,3,ALL,,,,,,,,,,,,,0.001308208447881,0.0019578132778406,0.0001038050686474,0.0060592843219637,0.0025269801262766,0.0001685166789684,0.0201434604823589,0.001161998254247,
NB49,"Bãi tắm Quan Lạn- xã Quan Lạn, Vân Đồn",2308150,473396,2025,4,ALL,,,,,,,,,,,,,0.001308208447881,0.0015270243166014,0.0001038050686474,0.001612740335986,0.0008641381864435,0.0001685166789684,0.012353372760117,0.0006373874493874,
NB49,"Bãi tắm Quan Lạn- xã Quan Lạn, Vân Đồn",2308150,473396,2026,1,ALL,,,,,,,,,,,,,0.0013424396747723,0.0016141167143359,0.0001038050686474,0.0105090187862515,0.0014197719283401,0.0001685166789684,0.0308920554816722,0.0027226251550018,
NB49,"Bãi tắm Quan Lạn- xã Quan Lạn, Vân Đồn",2308150,473396,2026,2,ALL,,,,,,,,,,,,,0.001308208447881,0.0014354919549077,0.0001038050686474,0.0,0.0008903137641027,0.0001685166789684,0.0131899239495396,0.000573864672333,
NB49,"Bãi tắm Quan Lạn- xã Quan Lạn, Vân Đồn",2308150,473396,2026,3,ALL,,,,,,,,,,,,,0.0013036195887252,0.0021180987823754,0.0001038050686474,0.0128242066130042,0.0028712470084428,0.0001685166789684,0.0182984471321105,0.0016090233111754,
NB49,"Bãi tắm Quan Lạn- xã Quan Lạn, Vân Đồn",2308150,473396,2026,4,ALL,,,,,,,,,,,,,0.001308208447881,0.0014860582305118,0.0001038050686474,0.0006011961959302,0.0008644599001854,0.0001685166789684,0.0130186416208744,0.0005360300419852,
NB50,"Bãi tắm Ngọc Vừng- xã Ngọc Vừng, Vân Đồn",2301554,459059,2025,1,ALL,,,,,,,,,,,,,0.0014855570625513,0.0011921155964955,0.0001038050686474,5.480667823576368e-05,0.0002346728288102,0.0001685166789684,0.0,0.0005629941006191,
NB50,"Bãi tắm Ngọc Vừng- xã Ngọc Vừng, Vân Đồn",2301554,459059,2025,2,ALL,,,,,,,,,,,,,0.0013036195887252,0.0018309650477021,0.0001038050686474,0.0020818875636905,0.0011722040362656,0.0001685166789684,0.0294769257307052,0.0024496193509548,
NB50,"Bãi tắm Ngọc Vừng- xã Ngọc Vừng, Vân Đồn",2301554,459059,2025,3,ALL,,,,,,,,,,,,,0.001308208447881,0.0019133676541969,0.0001038050686474,0.0012073836987838,0.0017801795620471,0.0001685166789684,0.0128543386235833,0.0003175724123138,
NB50,"Bãi tắm Ngọc Vừng- xã Ngọc Vừng, Vân Đồn",2301554,459059,2025,4,ALL,,,,,,,,,,,,,0.001308208447881,0.001556594739668,0.0001038050686474,0.0,0.0007190807373262,0.0001685166789684,0.022680576890707,0.0004593256162479,
NB50,"Bãi tắm Ngọc Vừng- xã Ngọc Vừng, Vân Đồn",2301554,459059,2026,1,ALL,,,,,,,,,,,,,0.0013236970407888,0.0015381667762994,0.0001038050686474,0.0069192582741379,0.0024657102767378,0.0001685166789684,0.0331495739519596,0.0036647007800638,
NB50,"Bãi tắm Ngọc Vừng- xã Ngọc Vừng, Vân Đồn",2301554,459059,2026,2,ALL,,,,,,,,,,,,,0.0013036195887252,0.0014527686871588,0.0001038050686474,0.0,0.0011903191916644,0.0001685166789684,0.0124298157170414,0.0005729483673349,
NB50,"Bãi tắm Ngọc Vừng- xã Ngọc Vừng, Vân Đồn",2301554,459059,2026,3,ALL,,,,,,,,,,,,,0.0013036195887252,0.0020150851923972,0.0001038050686474,0.0008643339970149,0.0016661947593092,0.0001685166789684,0.0197226237505674,0.0001290793734369,
NB50,"Bãi tắm Ngọc Vừng- xã Ngọc Vừng, Vân Đồn",2301554,459059,2026,4,ALL,,,,,,,,,,,,,0.001308208447881,0.0016208493616431,0.0001038050686474,2.62227185885422e-05,0.0004261651192791,0.0001685166789684,0.0038007032126188,0.0004656577657442,
NB51,Luồng giữa Cửa Lục,2306441,428888,2025,1,ALL,,,,,,,,,,,,,0.0014855570625513,0.0026334526482969,0.0001038050686474,0.0,0.0019388964865356,0.0001685166789684,0.0258208960294723,0.0006817540270276,
NB51,Luồng giữa Cửa Lục,2306441,428888,2025,2,ALL,,,,,,,,,,,,,0.001308208447881,0.001675970503129,0.0001038050686474,0.0,0.0031425417400896,0.0001685166789684,0.0156470406800508,0.0004530083097051,
NB51,Luồng giữa Cửa Lục,2306441,428888,2025,3,ALL,,,,,,,,,,,,,0.001308208447881,0.002019410720095,0.0001038050686474,0.0,0.0014204934705048,0.0001685166789684,0.0114257838577032,3.293705958640203e-05,
NB51,Luồng giữa Cửa Lục,2306441,428888,2025,4,ALL,,,,,,,,,,,,,0.001308208447881,0.0021850694902241,0.0001038050686474,0.0,0.0003541875339578,0.0001685166789684,0.011171406134963,0.0,
NB51,Luồng giữa Cửa Lục,2306441,428888,2026,1,ALL,,,,,,,,,,,,,0.0013905951054766,0.0016187764704227,0.0001038050686474,0.0001740167354,0.0008298833272419,0.0001685166789684,0.0124413836747407,0.0006275183986872,
NB51,Luồng giữa Cửa Lục,2306441,428888,2026,2,ALL,,,,,,,,,,,,,0.001308208447881,0.0015084865735843,0.0001038050686474,0.0,0.0010635185753926,0.0001685166789684,0.0113106500357389,0.0002881996624637,
NB51,Luồng giữa Cửa Lục,2306441,428888,2026,3,ALL,,,,,,,,,,,,,0.0013036195887252,0.0021116912830621,0.0001038050686474,0.0007945457473397,0.0007440848276019,0.0001685166789684,0.0196034554392099,0.0002024949644692,
NB51,Luồng giữa Cửa Lục,2306441,428888,2026,4,ALL,,,,,,,,,,,,,0.001308208447881,0.0017904875567182,0.0001038050686474,0.0025655787903815,0.0013868316309526,0.0001685166789684,0.0170490853488445,0.0002930973714683,
NB52,Luồng khu Hòn Một,2308114,431758,2025,1,cobia,6.111955642700195,21.780420303344727,8.183557510375977,30.749038696289062,0.0240273438394069,0.0225127134472131,31.55725860595703,49.20684814453125,1.4119367599487305,0.0,129.85398864746094,0.0,,,,,,,,,
NB52,Luồng khu Hòn Một,2308114,431758,2025,2,cobia,5.612102508544922,26.68271255493164,8.152122497558594,31.348588943481445,0.0363707579672336,0.0247207451611757,35.101165771484375,79.10979461669922,2.029151678085327,0.0,125.850341796875,0.0,,,,,,,,,
NB52,Luồng khu Hòn Một,2308114,431758,2025,3,cobia,6.281226634979248,28.18100357055664,8.20314884185791,31.319833755493164,0.023310113698244,0.035826425999403,42.30440902709961,105.63753509521484,1.63102126121521,0.0,142.072265625,0.3077406883239746,,,,,,,,,
NB52,Luồng khu Hòn Một,2308114,431758,2025,4,cobia,6.57512092590332,25.097579956054688,8.17652416229248,31.25438117980957,0.0267395935952663,0.0142351491376757,38.94548034667969,94.33206176757812,1.6645643711090088,0.0,109.635009765625,0.0,,,,,,,,,
NB52,Luồng khu Hòn Một,2308114,431758,2026,1,cobia,6.249166965484619,21.86229705810547,8.225127220153809,32.20014190673828,0.0408902764320373,0.0225157234817743,34.55462646484375,84.36491394042969,3.886991262435913,0.0,132.39988708496094,2.4198877811431885,,,,,,,,,
NB52,Luồng khu Hòn Một,2308114,431758,2026,2,cobia,6.153857707977295,26.913558959960938,8.203585624694824,31.39565086364746,0.0525886379182338,0.04640968516469,37.20512771606445,91.26483154296876,3.534512996673584,0.0,141.9824676513672,1.2806785106658936,,,,,,,,,
NB52,Luồng khu Hòn Một,2308114,431758,2026,3,cobia,5.794277191162109,27.800342559814453,8.174323081970215,31.88074111938477,0.0432108789682388,0.0521187484264373,40.61436080932617,79.7054672241211,3.07897686958313,0.0,141.80931091308594,7.104422569274902,,,,,,,,,
NB52,Luồng khu Hòn Một,2308114,431758,2026,4,cobia,7.240678787231445,24.92644691467285,8.183517456054688,31.194583892822266,0.0374645702540874,0.0423372313380241,31.539276123046875,72.57019805908203,2.0295250415802,0.0,125.57413482666016,4.974001884460449,,,,,,,,,
NB53,Luồng khu Áng Dù,2299562,437380,2025,1,cobia,7.058263301849365,19.87168312072754,8.1322660446167,32.18452453613281,0.0296555962413549,0.0190929193049669,32.10808563232422,56.678897857666016,2.573069334030152,0.0,140.96438598632812,0.0,,,,,,,,,
NB53,Luồng khu Áng Dù,2299562,437380,2025,2,cobia,6.033305168151856,25.94161605834961,8.152276992797852,31.605297088623047,0.0372991487383842,0.0180056858807802,32.92249298095703,72.52190399169922,3.584370851516724,1653.671630859375,113.1987075805664,3.2928950786590576,,,,,,,,,
NB53,Luồng khu Áng Dù,2299562,437380,2025,3,cobia,5.972545623779297,28.14680862426757,8.203886985778809,32.624290466308594,0.0287014506757259,0.0162803940474987,34.426326751708984,94.85252380371094,1.2322509288787842,204.18923950195312,125.7069091796875,2.089200735092163,,,,,,,,,
NB53,Luồng khu Áng Dù,2299562,437380,2025,4,cobia,6.258071899414063,25.283531188964844,8.244487762451172,32.22740936279297,0.0332327298820018,0.011438357643783,38.05240631103516,100.05902099609376,1.16461181640625,0.0,122.04776763916016,1.8286038637161253,,,,,,,,,
NB53,Luồng khu Áng Dù,2299562,437380,2026,1,cobia,6.114985942840576,22.34245681762696,8.231231689453125,32.79193878173828,0.0314188823103904,0.0262527596205472,37.9203987121582,86.80498504638672,3.58328628540039,0.0,120.49724578857422,0.0,,,,,,,,,
NB53,Luồng khu Áng Dù,2299562,437380,2026,2,cobia,5.759030818939209,27.264652252197266,8.230952262878418,31.32207489013672,0.0415975749492645,0.0395917296409606,33.85890579223633,96.39286041259766,2.964823007583618,0.0,121.69210815429688,0.9359960556030272,,,,,,,,,
NB53,Luồng khu Áng Dù,2299562,437380,2026,3,cobia,5.6416730880737305,27.861236572265625,8.167304992675781,32.3232307434082,0.0443258844316005,0.0407948829233646,37.589786529541016,90.1581802368164,0.5641686320304871,0.0,122.26473236083984,5.4748077392578125,,,,,,,,,
NB53,Luồng khu Áng Dù,2299562,437380,2026,4,cobia,5.696334362030029,24.59943389892578,8.144158363342285,31.299468994140625,0.0419381335377693,0.0331365242600441,32.48478698730469,85.31153869628906,3.321252584457397,0.0,130.80010986328125,6.41609001159668,,,,,,,,,
NB54,Luồng Hang Trống,2299151,443343,2025,1,cobia,6.38912296295166,21.608850479125977,8.129145622253418,32.148155212402344,0.0289729814976453,0.0185469668358564,32.99209976196289,68.6159439086914,1.1334295272827148,0.0,130.1453857421875,0.0,,,,,,,,,
NB54,Luồng Hang Trống,2299151,443343,2025,2,cobia,6.279201984405518,25.845909118652344,8.174348831176758,32.10143280029297,0.0345901474356651,0.022151656448841,30.363433837890625,51.19248580932617,0.042040042579174,249.40264892578125,102.14424896240234,0.0,,,,,,,,,
NB54,Luồng Hang Trống,2299151,443343,2025,3,cobia,5.8403000831604,28.735170364379883,8.161572456359863,32.28717041015625,0.0356154143810272,0.0347159765660762,30.16488075256348,84.07523345947266,1.1047440767288208,0.0,112.96694946289062,0.0141957942396402,,,,,,,,,
NB54,Luồng Hang Trống,2299151,443343,2025,4,cobia,5.920814037322998,24.91783142089844,8.139333724975586,32.195735931396484,0.0311779826879501,0.018971849232912,32.279335021972656,92.44612121582033,0.8254567384719849,0.0,115.52513885498048,0.0,,,,,,,,,
NB54,Luồng Hang Trống,2299151,443343,2026,1,cobia,6.671181678771973,21.700115203857425,8.188797950744629,32.92807388305664,0.0322239585220813,0.0289904288947582,31.40606117248535,46.592567443847656,2.9408416748046875,0.0,120.44872283935548,0.0,,,,,,,,,
NB54,Luồng Hang Trống,2299151,443343,2026,2,cobia,6.6055402755737305,26.5615291595459,8.081535339355469,31.823266983032227,0.0422472991049289,0.0428231582045555,34.65700912475586,148.58035278320312,3.478867769241333,0.0,124.2376708984375,7.240238189697266,,,,,,,,,
NB54,Luồng Hang Trống,2299151,443343,2026,3,cobia,6.18904447555542,27.942920684814453,8.12948989868164,32.13544464111328,0.0376636832952499,0.0492718555033206,35.95859909057617,84.7250747680664,2.8553731441497803,0.0,124.57335662841795,3.153878688812256,,,,,,,,,
NB54,Luồng Hang Trống,2299151,443343,2026,4,cobia,6.6245551109313965,24.408815383911133,8.096230506896973,31.43766212463379,0.0417811200022697,0.0410431921482086,33.14531707763672,97.38218688964844,3.286189079284668,0.0,126.68500518798828,3.420513868331909,,,,,,,,,
NB52,Luồng khu Hòn Một,2308114,431758,2025,1,ALL,,,,,,,,,,,,,0.0014855570625513,0.0019386641215533,0.0001038050686474,6.985710933804512e-05,0.0028989946004003,0.0001685166789684,0.0177839044481515,0.0005164056783542,
NB52,Luồng khu Hòn Một,2308114,431758,2025,2,ALL,,,,,,,,,,,,,0.001308208447881,0.001466206042096,0.0001038050686474,9.827862959355116e-05,0.0017717274604365,0.0001685166789684,0.0098328562453389,0.0007658497197553,
NB52,Luồng khu Hòn Một,2308114,431758,2025,3,ALL,,,,,,,,,,,,,0.0013036195887252,0.0024131608661264,0.0001038050686474,0.0007466657552868,0.0008733454742468,0.0001685166789684,0.0200443696230649,1.4096397535467986e-05,
NB52,Luồng khu Hòn Một,2308114,431758,2025,4,ALL,,,,,,,,,,,,,0.001308208447881,0.0020341721829026,0.0001038050686474,0.0011988775804638,0.0015451074577867,0.0001685166789684,0.0191295109689235,0.0,
NB52,Luồng khu Hòn Một,2308114,431758,2026,1,ALL,,,,,,,,,,,,,0.0013905951054766,0.0015135289868339,0.0001038050686474,8.429514127783477e-05,0.0015874806558713,0.0001685166789684,0.0093323923647403,0.0005720760673284,
NB52,Luồng khu Hòn Một,2308114,431758,2026,2,ALL,,,,,,,,,,,,,0.0013036195887252,0.0016662994166836,0.0001038050686474,0.0,0.0012591971317306,0.0001685166789684,0.0072160065174102,0.0005144501337781,
NB52,Luồng khu Hòn Một,2308114,431758,2026,3,ALL,,,,,,,,,,,,,0.001308208447881,0.0022213452029973,0.0001038050686474,0.0004348148941062,0.0006911042728461,0.0001685166789684,0.0182907190173864,0.0001890142448246,
NB52,Luồng khu Hòn Một,2308114,431758,2026,4,ALL,,,,,,,,,,,,,0.001308208447881,0.0017479138914495,0.0001038050686474,0.0,0.0016723888693377,0.0001685166789684,0.0137819945812225,0.0003834828967228,
NB55,Luồng khu Trà Giới,2306115,446899,2025,1,cobia,7.076516151428223,19.882429122924805,8.12452220916748,31.776620864868164,0.028614243492484,0.0152452327311038,32.47651672363281,75.34256744384766,1.514702558517456,0.0,140.16287231445312,0.0,,,,,,,,,
NB55,Luồng khu Trà Giới,2306115,446899,2025,2,cobia,6.173287868499756,25.24787712097168,8.145358085632324,31.380184173583984,0.0420600809156894,0.0168540608137846,36.19151306152344,72.97674560546875,1.2909953594207764,0.0,111.89205932617188,0.946277678012848,,,,,,,,,
NB55,Luồng khu Trà Giới,2306115,446899,2025,3,cobia,5.591835021972656,27.251583099365234,8.17143440246582,32.05302810668945,0.031566496938467,0.0274973362684249,35.493892669677734,74.5969467163086,1.742026686668396,0.0,136.2717742919922,0.4506881833076477,,,,,,,,,
NB55,Luồng khu Trà Giới,2306115,446899,2025,4,cobia,6.232488632202148,24.89798164367676,8.156264305114746,31.72091484069824,0.0237723775207996,0.0166668649762868,33.58427810668945,90.868408203125,1.862128734588623,0.0,132.8072967529297,0.3766516745090484,,,,,,,,,
NB55,Luồng khu Trà Giới,2306115,446899,2026,1,cobia,6.669668674468994,21.306612014770508,8.15746784210205,32.68079376220703,0.0271150581538677,0.0287545882165431,35.01264953613281,60.97289276123047,4.130619049072266,0.0,125.89933013916016,1.36243736743927,,,,,,,,,
NB55,Luồng khu Trà Giới,2306115,446899,2026,2,cobia,6.339619159698486,26.79087448120117,8.148125648498535,31.29874610900879,0.0382682532072067,0.0339732468128204,31.40398406982422,61.70560836791992,3.3098368644714355,0.0,122.77587890625,3.4786837100982666,,,,,,,,,
NB55,Luồng khu Trà Giới,2306115,446899,2026,3,cobia,6.133019924163818,28.10232162475586,8.140006065368652,30.928821563720703,0.0409886017441749,0.0512950494885444,38.10654067993164,95.9437255859375,3.5529208183288574,180.16946411132807,141.48928833007812,2.1863667964935303,,,,,,,,,
NB55,Luồng khu Trà Giới,2306115,446899,2026,4,cobia,6.570022106170654,25.265071868896484,8.240114212036133,31.722869873046875,0.05029022321105,0.0477644465863704,32.74095153808594,71.45770263671875,2.3291518688201904,22.24347686767578,116.91891479492188,1.1565768718719482,,,,,,,,,
NB53,Luồng khu Áng Dù,2299562,437380,2025,1,ALL,,,,,,,,,,,,,0.0014855570625513,0.0033918991684913,0.0001038050686474,0.0,0.0018394815269857,0.0001685166789684,0.0463098883628845,0.0006183683290146,
NB53,Luồng khu Áng Dù,2299562,437380,2025,2,ALL,,,,,,,,,,,,,0.001308208447881,0.0027836463414132,0.0001038050686474,0.0,0.0012013417435809,0.0001685166789684,0.0304425675421953,0.0004775834677275,
NB53,Luồng khu Áng Dù,2299562,437380,2025,3,ALL,,,,,,,,,,,,,0.001308208447881,0.002594982041046,0.0001038050686474,0.0006326161092147,0.0034805792383849,0.0001685166789684,0.0341504998505115,0.0004171122272964,
NB53,Luồng khu Áng Dù,2299562,437380,2025,4,ALL,,,,,,,,,,,,,0.001308208447881,0.0022148839198052,0.0001038050686474,0.0,0.0018650284036993,0.0001685166789684,0.0151415420696139,0.0,
NB53,Luồng khu Áng Dù,2299562,437380,2026,1,ALL,,,,,,,,,,,,,0.0013905951054766,0.002023602137342,0.0001038050686474,0.0,0.0018426504684612,0.0001685166789684,0.0117067079991102,0.0001023792938212,
NB53,Luồng khu Áng Dù,2299562,437380,2026,2,ALL,,,,,,,,,,,,,0.001308208447881,0.0019104675156995,0.0001038050686474,0.0,0.0008660756284371,0.0001685166789684,0.0150666553527116,0.0004359733429737,
NB53,Luồng khu Áng Dù,2299562,437380,2026,3,ALL,,,,,,,,,,,,,0.001308208447881,0.0022538851480931,0.0001038050686474,0.0016396336723119,0.0016483848448842,0.0001685166789684,0.0137198418378829,0.0002181933959946,
NB53,Luồng khu Áng Dù,2299562,437380,2026,4,ALL,,,,,,,,,,,,,0.001308208447881,0.0019000272732228,0.0001038050686474,5.4909989557927474e-05,0.0009035686380229,0.0001685166789684,0.0061155031435191,0.0004096619668416,
NB54,Luồng Hang Trống,2299151,443343,2025,1,ALL,,,,,,,,,,,,,0.0014855570625513,0.0038992213085293,0.0001038050686474,0.0,0.0028451229445636,0.0001685166789684,0.0600754432380199,0.0024398837704211,
NB54,Luồng Hang Trống,2299151,443343,2025,2,ALL,,,,,,,,,,,,,0.001308208447881,0.0027762544341385,0.0001038050686474,0.0001942287344718,0.0040025366470217,0.0001685166789684,0.0596194006502628,0.0007891389541327,
NB54,Luồng Hang Trống,2299151,443343,2025,3,ALL,,,,,,,,,,,,,0.001308208447881,0.0025512643624097,0.0001038050686474,0.0010924722300842,0.0012011162471026,0.0001685166789684,0.0232750363647937,0.0003227509150747,
NB54,Luồng Hang Trống,2299151,443343,2025,4,ALL,,,,,,,,,,,,,0.001308208447881,0.002218046458438,0.0001038050686474,0.0,0.0026144785806536,0.0001685166789684,0.0145702408626675,0.0,
NB54,Luồng Hang Trống,2299151,443343,2026,1,ALL,,,,,,,,,,,,,0.0013905951054766,0.0018895140383392,0.0001038050686474,0.0,0.0017637215787544,0.0001685166789684,0.0078192800283432,0.0001023792938212,
NB54,Luồng Hang Trống,2299151,443343,2026,2,ALL,,,,,,,,,,,,,0.001308208447881,0.0021048015914857,0.0001038050686474,0.0,0.0012755253119394,0.0001685166789684,0.0129950735718011,0.0,
NB54,Luồng Hang Trống,2299151,443343,2026,3,ALL,,,,,,,,,,,,,0.001308208447881,0.0018289593281224,0.0001038050686474,0.0002365474647376,0.0007377490983344,0.0001685166789684,0.0120824361220002,0.0003486490750219,
NB54,Luồng Hang Trống,2299151,443343,2026,4,ALL,,,,,,,,,,,,,0.001308208447881,0.0021138431038707,0.0001038050686474,0.0,0.0011120608542114,0.0001685166789684,0.0211625397205352,0.0005482080159708,
NB55,Luồng khu Trà Giới,2306115,446899,2025,1,ALL,,,,,,,,,,,,,0.0014855570625513,0.001528616878204,0.0001038050686474,0.0,0.0013189073652029,0.0001735203550197,0.0069147148169577,0.0005909305182285,
NB55,Luồng khu Trà Giới,2306115,446899,2025,2,ALL,,,,,,,,,,,,,0.0013036195887252,0.0015990618849173,0.0001038050686474,0.0,0.0010022204369306,0.0001685166789684,0.006249432452023,0.0004644558648578,
NB55,Luồng khu Trà Giới,2306115,446899,2025,3,ALL,,,,,,,,,,,,,0.0013036195887252,0.0028633866459131,0.0001038050686474,0.0,0.0005171461962163,0.0001685166789684,0.024939065799117,0.0,
NB55,Luồng khu Trà Giới,2306115,446899,2025,4,ALL,,,,,,,,,,,,,0.001308208447881,0.0030506299808621,0.0001038050686474,0.0,0.0029818147886544,0.0001685166789684,0.0388035625219345,4.279243148630485e-05,
NB55,Luồng khu Trà Giới,2306115,446899,2026,1,ALL,,,,,,,,,,,,,0.0013326467014849,0.0019231369951739,0.0001038050686474,0.0004559011722449,0.0025513593573123,0.0001685166789684,0.0325752161443233,0.0006889390060678,
NB55,Luồng khu Trà Giới,2306115,446899,2026,2,ALL,,,,,,,,,,,,,0.001308208447881,0.0015324598643928,0.0001038050686474,0.0014852256281301,0.0021421597339212,0.0001685166789684,0.0150332003831863,0.0006604841910302,
NB55,Luồng khu Trà Giới,2306115,446899,2026,3,ALL,,,,,,,,,,,,,0.0013036195887252,0.0017817292828112,0.0001038050686474,0.0005790902068838,0.0012020613066852,0.0001685166789684,0.0176541712135076,0.0003247089625801,
NB55,Luồng khu Trà Giới,2306115,446899,2026,4,ALL,,,,,,,,,,,,,0.001308208447881,0.0020397421903908,0.0001038050686474,0.0002434045600239,0.0009553435957059,0.0001685166789684,0.0107236774638295,0.0,
NB56,Luồng khu Đông Tráng,2305453,452834,2025,1,cobia,7.465847015380859,19.72871780395508,8.093908309936523,31.94180488586425,0.0411676578223705,0.0121504198759794,32.42643737792969,73.15636444091797,1.6493775844573977,0.0,147.36708068847656,0.6341012120246887,,,,,,,,,
NB56,Luồng khu Đông Tráng,2305453,452834,2025,2,cobia,5.886985301971436,26.11546516418457,8.121796607971191,29.750019073486328,0.048920776695013,0.01254094671458,37.95195007324219,104.62828826904295,5.037064075469971,0.0,118.74964904785156,4.576652050018311,,,,,,,,,
NB56,Luồng khu Đông Tráng,2305453,452834,2025,3,cobia,6.453662872314453,26.967947006225582,8.195104598999023,30.39679718017578,0.030474679544568,0.0209822468459606,41.9255256652832,103.6826171875,2.935631036758423,0.0,139.7078857421875,0.0,,,,,,,,,
NB56,Luồng khu Đông Tráng,2305453,452834,2025,4,cobia,6.6810479164123535,24.84560775756836,8.145301818847656,31.97441864013672,0.022633634507656,0.0140024600550532,38.90901184082031,63.94336700439453,0.7997571229934692,0.0,113.1019515991211,0.0,,,,,,,,,
NB56,Luồng khu Đông Tráng,2305453,452834,2026,1,cobia,6.7547221183776855,21.782974243164062,8.220292091369629,32.14788055419922,0.0355244725942611,0.0181643459945917,35.481197357177734,71.61578369140625,4.90673828125,0.0,133.97503662109375,1.716189742088318,,,,,,,,,
NB56,Luồng khu Đông Tráng,2305453,452834,2026,2,cobia,6.058711528778076,25.73483657836914,8.275602340698242,31.080955505371094,0.0423874668776989,0.0236430168151855,32.96383285522461,86.41909790039062,5.051783084869385,0.0,114.02539825439452,0.0,,,,,,,,,
NB56,Luồng khu Đông Tráng,2305453,452834,2026,3,cobia,6.363526821136475,28.245304107666016,8.189476013183594,31.48897171020508,0.0349312163889408,0.0412829294800758,39.22206115722656,96.6396713256836,3.961201667785645,0.0,130.32655334472656,0.0,,,,,,,,,
NB56,Luồng khu Đông Tráng,2305453,452834,2026,4,cobia,7.127997398376465,24.86980438232422,8.060933113098145,32.21385955810547,0.0394891239702701,0.035098023712635,35.33749771118164,110.13356018066406,3.5360825061798096,0.0,134.35791015625,6.5514092445373535,,,,,,,,,
NB57,Cảng Hòn Nét,2313052,449812,2025,1,cobia,6.496682643890381,21.20032501220703,8.188005447387695,31.49405860900879,0.0260807145386934,0.0217548944056034,37.0892333984375,79.66947937011719,1.809828758239746,0.0,132.25384521484375,0.0,,,,,,,,,
NB57,Cảng Hòn Nét,2313052,449812,2025,2,cobia,6.099743843078613,25.76167678833008,8.20656681060791,31.45779609680176,0.0402045361697673,0.0230900458991527,37.51419448852539,97.17473602294922,1.0254029035568235,0.0,123.71794128417967,1.2582858800888062,,,,,,,,,
NB57,Cảng Hòn Nét,2313052,449812,2025,3,cobia,6.342010021209717,28.58323860168457,8.26001262664795,32.11660385131836,0.022309286519885,0.0305690411478281,41.3980712890625,84.31902313232422,0.6596187949180603,0.0,121.640869140625,0.0,,,,,,,,,
NB57,Cảng Hòn Nét,2313052,449812,2025,4,cobia,6.215291976928711,25.405139923095703,8.26694107055664,31.13583946228028,0.0234095156192779,0.0188636742532253,36.91352844238281,136.3921661376953,0.6501447558403015,0.0,133.8587188720703,0.9208064675331116,,,,,,,,,
NB57,Cảng Hòn Nét,2313052,449812,2026,1,cobia,6.592030048370361,21.62238311767578,8.218639373779297,32.624298095703125,0.025830790400505,0.0257194675505161,37.87975692749024,108.92898559570312,3.80809497833252,0.0,125.21761322021484,1.8901574611663816,,,,,,,,,
NB57,Cảng Hòn Nét,2313052,449812,2026,2,cobia,5.973495006561279,26.461240768432617,8.12895679473877,32.10383224487305,0.0438073575496673,0.0400191657245159,40.04574203491211,101.9885025024414,3.024564981460572,747.0621337890625,142.19210815429688,6.125507354736328,,,,,,,,,
NB57,Cảng Hòn Nét,2313052,449812,2026,3,cobia,5.953554630279541,28.31238174438477,8.022923469543457,32.81340026855469,0.0468605831265449,0.0585740059614181,33.77126693725586,114.30492401123048,3.4489898681640625,5.42170524597168,125.75773620605467,7.369868278503418,,,,,,,,,
NB57,Cảng Hòn Nét,2313052,449812,2026,4,cobia,5.842447280883789,25.213218688964844,8.191329956054688,32.17158508300781,0.060624860227108,0.0447019375860691,33.892452239990234,65.28140258789062,3.378012180328369,0.0,122.91605377197266,6.937234401702881,,,,,,,,,
NB58,Luồng Cửa Ông,2319421,458021,2025,1,cobia,6.136673927307129,21.782041549682617,8.174426078796387,32.46670150756836,0.024051759392023,0.0220702197402715,32.72639083862305,54.16091537475586,0.0,0.0,119.68883514404295,0.0,,,,,,,,,
NB58,Luồng Cửa Ông,2319421,458021,2025,2,cobia,6.24429988861084,26.745615005493164,8.235429763793945,30.60549736022949,0.0303417854011058,0.0353040397167205,32.53753662109375,76.04786682128906,4.278863906860352,0.0,125.84425354003906,3.3852577209472656,,,,,,,,,
NB58,Luồng Cửa Ông,2319421,458021,2025,3,cobia,6.615748405456543,28.83382606506348,8.269744873046875,30.83208274841309,0.0207340214401483,0.0264555346220731,40.16619491577149,102.21775817871094,2.870139837265014,0.0,133.59974670410156,1.466541051864624,,,,,,,,,
NB58,Luồng Cửa Ông,2319421,458021,2025,4,cobia,6.252861022949219,25.03419303894043,8.265565872192383,31.34978103637696,0.0271675381809473,0.0186590049415826,39.57886505126953,110.76752471923828,0.0,0.0,125.31344604492188,3.836196899414064,,,,,,,,,
NB58,Luồng Cửa Ông,2319421,458021,2026,1,cobia,6.496288299560547,22.02995681762696,8.12425422668457,33.38846969604492,0.0350853390991687,0.0294778607785701,36.46416473388672,132.8922119140625,3.6395342350006095,0.0,111.78309631347656,4.717190742492676,,,,,,,,,
NB58,Luồng Cửa Ông,2319421,458021,2026,2,cobia,6.466397762298584,26.704561233520508,8.131147384643555,31.35651397705078,0.0408350527286529,0.0555186942219734,31.814546585083008,79.23706817626953,3.33013129234314,370.6921997070313,136.65921020507812,3.549666404724121,,,,,,,,,
NB58,Luồng Cửa Ông,2319421,458021,2026,3,cobia,5.523410320281982,28.854124069213867,8.193254470825195,31.558025360107425,0.0326396077871322,0.0610840618610382,39.49335861206055,99.11248016357422,1.6036452054977417,0.0,123.45144653320312,4.025181293487549,,,,,,,,,
NB58,Luồng Cửa Ông,2319421,458021,2026,4,cobia,5.749100208282471,24.67157936096192,8.04312515258789,32.19513320922852,0.0521776974201202,0.0430524908006191,35.22954177856445,113.52574157714844,3.877305746078491,0.0,120.77279663085938,1.8960007429122925,,,,,,,,,
NB59,Lạch Vông Vang - Cống Thẻ,2322828,469833,2025,1,cobia,6.297770023345947,21.55392074584961,8.187861442565918,32.043609619140625,0.0596159473061561,0.0161126609891653,31.64507293701172,65.88360595703125,1.9349236488342283,0.0,114.46257019042967,0.0,,,,,,,,,
NB59,Lạch Vông Vang - Cống Thẻ,2322828,469833,2025,2,cobia,5.927767276763916,26.4467830657959,8.192139625549316,31.207149505615234,0.0676818192005157,0.0168292839080095,32.87619400024414,58.61560821533203,1.185356855392456,0.0,130.0184326171875,2.242269277572632,,,,,,,,,
NB59,Lạch Vông Vang - Cống Thẻ,2322828,469833,2025,3,cobia,5.765542984008789,27.23273277282715,8.204120635986328,32.18061828613281,0.0433755442500114,0.0319049805402755,38.32547378540039,80.6074447631836,0.0153507199138402,0.0,120.83375549316406,2.733661413192749,,,,,,,,,
NB59,Lạch Vông Vang - Cống Thẻ,2322828,469833,2025,4,cobia,6.24435567855835,25.080848693847656,8.20747184753418,30.735673904418945,0.0344127714633941,0.024640467017889,34.80623245239258,108.04269409179688,0.0,14.729649543762209,137.87692260742188,0.0,,,,,,,,,
NB59,Lạch Vông Vang - Cống Thẻ,2322828,469833,2026,1,cobia,6.192144870758057,21.53571319580078,8.189319610595703,31.765003204345703,0.0553514659404754,0.0271556675434112,36.31771087646485,83.79869079589844,1.5296385288238523,0.0,116.97710418701172,0.056616436690092,,,,,,,,,
NB59,Lạch Vông Vang - Cống Thẻ,2322828,469833,2026,2,cobia,5.577838897705078,26.25183868408203,8.223630905151367,32.73095703125,0.0633453950285911,0.0299970228224992,29.34982681274414,66.3433609008789,3.840507030487061,0.0,118.18572998046876,2.995121955871582,,,,,,,,,
NB59,Lạch Vông Vang - Cống Thẻ,2322828,469833,2026,3,cobia,5.946423053741455,27.183198928833008,8.070746421813965,32.60895919799805,0.0449595376849174,0.0508822202682495,37.39640426635742,129.18222045898438,3.3802456855773926,908.1007080078124,133.64266967773438,10.476564407348633,,,,,,,,,
NB59,Lạch Vông Vang - Cống Thẻ,2322828,469833,2026,4,cobia,8.096794128417969,26.1606674194336,8.132220268249512,31.721904754638672,0.0596649348735809,0.0519472956657409,34.383445739746094,100.792236328125,2.380204200744629,465.5783386230469,113.91741943359376,7.482944011688232,,,,,,,,,
NB56,Luồng khu Đông Tráng,2305453,452834,2025,1,ALL,,,,,,,,,,,,,0.0014855570625513,0.0013528501149266,0.0001038050686474,0.000159230097779,0.0008005049894563,0.0001685166789684,0.0079390527680516,0.0004542013339232,
NB56,Luồng khu Đông Tráng,2305453,452834,2025,2,ALL,,,,,,,,,,,,,0.0013036195887252,0.0018664029194042,0.0001038050686474,0.0044177169911563,0.0031183732207864,0.0001685166789684,0.0167054068297147,0.0045585096813738,
NB56,Luồng khu Đông Tráng,2305453,452834,2025,3,ALL,,,,,,,,,,,,,0.001308208447881,0.0017094033537432,0.0001038050686474,0.0010603022528812,0.0014907224103808,0.0001685166789684,0.0228941179811954,0.0007612155168317,
NB56,Luồng khu Đông Tráng,2305453,452834,2025,4,ALL,,,,,,,,,,,,,0.001308208447881,0.0020189983770251,0.0001038050686474,0.000953723618295,0.0038390376139432,0.0001685166789684,0.0107068670913577,0.0193697363138198,
NB56,Luồng khu Đông Tráng,2305453,452834,2026,1,ALL,,,,,,,,,,,,,0.0013612867332994,0.0016958130290731,0.0001038050686474,0.0006247659912332,0.0016571732703596,0.0001685166789684,0.026567468419671,0.0006735800998285,
NB56,Luồng khu Đông Tráng,2305453,452834,2026,2,ALL,,,,,,,,,,,,,0.001308208447881,0.0016349840443581,0.0001038050686474,0.0,0.0016604351112619,0.0001685166789684,0.0100641408935189,0.0004711375222541,
NB56,Luồng khu Đông Tráng,2305453,452834,2026,3,ALL,,,,,,,,,,,,,0.001308208447881,0.0022797463461756,0.0001038050686474,0.0,0.0006498664151877,0.0001685166789684,0.0092234285548329,0.0004035056626889,
NB56,Luồng khu Đông Tráng,2305453,452834,2026,4,ALL,,,,,,,,,,,,,0.001308208447881,0.0022511330898851,0.0001038050686474,0.0,0.0016224232967942,0.0001685166789684,0.0104528190568089,0.0004365183995105,
NB57,Cảng Hòn Nét,2313052,449812,2025,1,ALL,,,,,,,,,,,,,0.0014855570625513,0.0014972833450883,0.0001038050686474,5.925758887315169e-05,0.0003512382681947,0.0001685166789684,0.0170388184487819,0.00052091589896,
NB57,Cảng Hòn Nét,2313052,449812,2025,2,ALL,,,,,,,,,,,,,0.0013036195887252,0.0017135487869381,0.0001038050686474,0.0027897236868739,0.0004820615286007,0.0001685166789684,0.0081859808415174,0.0015476203989237,
NB57,Cảng Hòn Nét,2313052,449812,2025,3,ALL,,,,,,,,,,,,,0.001308208447881,0.0024999442975968,0.0001038050686474,0.0,0.0006535662687383,0.0001685166789684,0.0128769893199205,0.0003865709586534,
NB57,Cảng Hòn Nét,2313052,449812,2025,4,ALL,,,,,,,,,,,,,0.001308208447881,0.0019704571459442,0.0001038050686474,0.0,0.0008974091033451,0.0001685166789684,0.0141122974455356,0.000312569871312,
NB57,Cảng Hòn Nét,2313052,449812,2026,1,ALL,,,,,,,,,,,,,0.0013612867332994,0.0015963491750881,0.0001038050686474,0.0,0.0008675942081026,0.0001685166789684,0.0068002785556018,0.0004905552486889,
NB57,Cảng Hòn Nét,2313052,449812,2026,2,ALL,,,,,,,,,,,,,0.0013036195887252,0.0018393478821963,0.0001038050686474,0.0004803358460776,0.0011177931446582,0.0001685166789684,0.013445496559143,0.0008207031642086,
NB57,Cảng Hòn Nét,2313052,449812,2026,3,ALL,,,,,,,,,,,,,0.001308208447881,0.0020752395503222,0.0001038050686474,0.0012922207824885,0.0014238265575841,0.0001685166789684,0.0170272011309862,0.0003407919430173,
NB57,Cảng Hòn Nét,2313052,449812,2026,4,ALL,,,,,,,,,,,,,0.001308208447881,0.0017753426218405,0.0001038050686474,0.0,0.0003994879079982,0.0001685166789684,0.0121658593416213,0.0003884617472067,
NB58,Luồng Cửa Ông,2319421,458021,2025,1,ALL,,,,,,,,,,,,,0.0014855570625513,0.0013431990519165,0.0001038050686474,0.0,0.0006675585755147,0.0001685166789684,0.0160583537071943,0.0005097731482237,
NB58,Luồng Cửa Ông,2319421,458021,2025,2,ALL,,,,,,,,,,,,,0.0013036195887252,0.001630064100027,0.0001038050686474,0.0001832492271205,0.0012275126064196,0.0001685166789684,0.0093990880995988,0.0009740769746713,
NB58,Luồng Cửa Ông,2319421,458021,2025,3,ALL,,,,,,,,,,,,,0.001308208447881,0.002060409868136,0.0001038050686474,0.0037730084732174,0.0017402711091563,0.0001685166789684,0.0298645608127117,0.0007133323233574,
NB58,Luồng Cửa Ông,2319421,458021,2025,4,ALL,,,,,,,,,,,,,0.001308208447881,0.0016005663201212,0.0001038050686474,0.001154312165454,0.0013691128697246,0.0001685166789684,0.0127856405451893,0.000427901482908,
NB58,Luồng Cửa Ông,2319421,458021,2026,1,ALL,,,,,,,,,,,,,0.0013612867332994,0.0014510812470689,0.0001038050686474,0.0,0.0011130935745313,0.0001685166789684,0.0073917331174016,0.0005717028980143,
NB58,Luồng Cửa Ông,2319421,458021,2026,2,ALL,,,,,,,,,,,,,0.0013036195887252,0.0016760099679231,0.0001038050686474,0.0,0.0013075852766633,0.0001685166789684,0.0106235248968005,0.0005094608059152,
NB58,Luồng Cửa Ông,2319421,458021,2026,3,ALL,,,,,,,,,,,,,0.001308208447881,0.0023640922736376,0.0001038050686474,0.0,0.0009312878246419,0.0001685166789684,0.0085104433819651,0.000389496126445,
NB58,Luồng Cửa Ông,2319421,458021,2026,4,ALL,,,,,,,,,,,,,0.001308208447881,0.0022795279510319,0.0001038050686474,9.829196642385796e-06,0.000427061371738,0.0001685166789684,0.0134070599451661,0.0002572750963736,
NB59,Lạch Vông Vang - Cống Thẻ,2322828,469833,2025,1,ALL,,,,,,,,,,,,,0.0014855570625513,0.001392375328578,0.0001038050686474,2.301072527188808e-05,0.0012010211357846,0.0001685166789684,0.0121333338320255,0.0004551919118966,
NB59,Lạch Vông Vang - Cống Thẻ,2322828,469833,2025,2,ALL,,,,,,,,,,,,,0.0013036195887252,0.0017034702468663,0.0001038050686474,0.001858057687059,0.0036311498843133,0.0001685166789684,0.0164169427007436,0.0016568636056035,
NB59,Lạch Vông Vang - Cống Thẻ,2322828,469833,2025,3,ALL,,,,,,,,,,,,,0.001308208447881,0.001937604160048,0.0001038050686474,0.0,0.0008706283988431,0.0001685166789684,0.0092999497428536,0.0,
NB59,Lạch Vông Vang - Cống Thẻ,2322828,469833,2025,4,ALL,,,,,,,,,,,,,0.001308208447881,0.0021293552126735,0.0001038050686474,0.0,0.0,0.0001685166789684,0.0085973842069506,0.0015546344220638,
NB59,Lạch Vông Vang - Cống Thẻ,2322828,469833,2026,1,ALL,,,,,,,,,,,,,0.0013612867332994,0.0017515827203169,0.0001038050686474,6.628421397181228e-05,0.0007609733147546,0.0001685166789684,0.013166069984436,0.0007906826795078,
NB59,Lạch Vông Vang - Cống Thẻ,2322828,469833,2026,2,ALL,,,,,,,,,,,,,0.001308208447881,0.0016132877208292,0.0001038050686474,0.0,0.0015321912942454,0.0001685166789684,0.0104018775746226,0.0004035591264255,
NB59,Lạch Vông Vang - Cống Thẻ,2322828,469833,2026,3,ALL,,,,,,,,,,,,,0.001308208447881,0.0021552375983446,0.0001038050686474,0.0008356032776646,0.0005672535044141,0.0001685166789684,0.0280583035200834,0.000397044874262,
NB59,Lạch Vông Vang - Cống Thẻ,2322828,469833,2026,4,ALL,,,,,,,,,,,,,0.001308208447881,0.0022186669521033,0.0001038050686474,0.0002957625547423,0.0017518751556053,0.0001685166789684,0.0195754803717136,0.0003752533229999,
NB61,Lạch giữa đảo Thẻ Vàng- đảo Vạn Đuôi,2314890,456306,2025,1,cobia,6.547243595123291,21.95096778869629,8.15628719329834,31.74164581298828,0.0173208061605691,0.0221680644899606,32.44823455810547,45.74662399291992,1.063456892967224,0.0,112.9304428100586,0.0,,,,,,,,,
NB61,Lạch giữa đảo Thẻ Vàng- đảo Vạn Đuôi,2314890,456306,2025,2,cobia,6.293154716491699,27.17578887939453,8.154292106628418,31.400196075439453,0.0328742563724517,0.0330515392124652,32.89509582519531,79.61798858642578,1.4273767471313477,0.0,117.91351318359376,0.0,,,,,,,,,
NB61,Lạch giữa đảo Thẻ Vàng- đảo Vạn Đuôi,2314890,456306,2025,3,cobia,6.292072772979736,28.62592887878418,8.21254825592041,32.00259780883789,0.0216832235455513,0.0242352280765771,40.01324462890625,85.48410034179688,0.2344748824834823,0.0,115.0508270263672,0.0,,,,,,,,,
NB61,Lạch giữa đảo Thẻ Vàng- đảo Vạn Đuôi,2314890,456306,2025,4,cobia,6.214883327484131,25.34208869934082,8.249513626098633,31.56761932373047,0.022407429292798,0.0117172570899128,36.75080108642578,112.67510986328124,0.0,0.0,130.86135864257812,0.0,,,,,,,,,
NB61,Lạch giữa đảo Thẻ Vàng- đảo Vạn Đuôi,2314890,456306,2026,1,cobia,6.638932704925537,21.922792434692383,8.216047286987305,32.873477935791016,0.0249181818217039,0.0195941515266895,35.76007843017578,104.51727294921876,3.102532148361206,0.0,126.44935607910156,2.838729858398437,,,,,,,,,
NB61,Lạch giữa đảo Thẻ Vàng- đảo Vạn Đuôi,2314890,456306,2026,2,cobia,6.668160915374756,26.341800689697266,8.169665336608887,31.687088012695312,0.0383700840175151,0.0309560503810644,36.04170227050781,85.77655029296875,4.111254692077637,770.508056640625,137.89268493652344,9.668006896972656,,,,,,,,,
NB61,Lạch giữa đảo Thẻ Vàng- đảo Vạn Đuôi,2314890,456306,2026,3,cobia,6.1473588943481445,28.14552879333496,7.9628682136535645,32.25532531738281,0.0382536500692367,0.0598792061209678,36.76144027709961,130.93502807617188,3.1353402137756348,599.2660522460938,120.66224670410156,8.475500106811523,,,,,,,,,
NB61,Lạch giữa đảo Thẻ Vàng- đảo Vạn Đuôi,2314890,456306,2026,4,cobia,6.759570121765137,24.600509643554688,8.137533187866211,31.928443908691406,0.0605063699185848,0.0392238572239875,31.106809616088867,91.98739624023438,5.822271823883057,0.0,107.67086791992188,6.70892333984375,,,,,,,,,
NB62,Lạch Đẳng Chén phía Tây đảo Đống Chén,2316094,465215,2025,1,cobia,6.190247535705566,21.14102554321289,8.147911071777344,30.804208755493164,0.0681159943342208,0.0193522218614816,31.093692779541016,45.4131965637207,0.0,0.0,117.99449157714844,0.0,,,,,,,,,
NB62,Lạch Đẳng Chén phía Tây đảo Đống Chén,2316094,465215,2025,2,cobia,6.237053394317627,25.271203994750977,8.179916381835938,31.16619682312012,0.0749201327562332,0.0136542143300175,36.94506454467773,112.31285095214844,0.6203076243400574,0.0,119.26775360107422,0.0,,,,,,,,,
NB62,Lạch Đẳng Chén phía Tây đảo Đống Chén,2316094,465215,2025,3,cobia,6.45407247543335,26.8309383392334,8.199122428894043,32.32994079589844,0.0615162327885627,0.0328769721090793,39.96024703979492,101.47003173828124,0.4390150308609009,0.0,144.71836853027344,3.903604745864868,,,,,,,,,
NB62,Lạch Đẳng Chén phía Tây đảo Đống Chén,2316094,465215,2025,4,cobia,5.8153910636901855,25.336889266967773,8.207246780395508,31.168092727661133,0.0477171726524829,0.0226914826780557,36.14366149902344,87.74215698242188,2.2474825382232666,0.0,134.6461944580078,2.3791520595550537,,,,,,,,,
NB62,Lạch Đẳng Chén phía Tây đảo Đống Chén,2316094,465215,2026,1,cobia,7.308418273925781,21.585752487182617,8.148438453674316,32.2273063659668,0.0618040412664413,0.0321231223642826,38.02299499511719,82.50359344482422,3.4411067962646484,48.37300491333008,120.29412841796876,4.279428482055664,,,,,,,,,
NB62,Lạch Đẳng Chén phía Tây đảo Đống Chén,2316094,465215,2026,2,cobia,6.431559085845947,27.034242630004883,8.112299919128418,32.186424255371094,0.07391919195652,0.0422968491911888,34.79790496826172,95.910400390625,4.932979106903076,0.0,111.75012969970705,4.931944847106934,,,,,,,,,
NB62,Lạch Đẳng Chén phía Tây đảo Đống Chén,2316094,465215,2026,3,cobia,5.628077983856201,27.406862258911133,8.042983055114746,32.74790573120117,0.0485019721090793,0.0547843463718891,38.64990234375,141.215576171875,3.935574769973755,640.444091796875,150.34442138671875,8.13404655456543,,,,,,,,,
NB62,Lạch Đẳng Chén phía Tây đảo Đống Chén,2316094,465215,2026,4,cobia,5.864052772521973,25.29056930541992,8.183218955993652,31.77519416809082,0.060723029077053,0.0473935082554817,29.139562606811523,73.87065887451172,4.012157440185547,1912.424560546875,110.89542388916016,3.2137959003448486,,,,,,,,,
NB60,Cửa Đối,2319552,480158,2025,1,cobia,6.4574384689331055,21.53750801086425,8.205535888671875,32.30821228027344,0.0376822501420974,0.02066539414227,35.79481506347656,64.9936752319336,0.0,0.0,125.50326538085938,0.0,,,,,,,,,
NB60,Cửa Đối,2319552,480158,2025,2,cobia,6.28637170791626,26.51184463500977,8.251368522644043,31.785245895385746,0.0424223542213439,0.0223915744572877,34.49579620361328,95.01025390625,1.3285887241363523,0.0,127.867919921875,0.0,,,,,,,,,
NB60,Cửa Đối,2319552,480158,2025,3,cobia,6.535628795623779,28.215740203857425,8.229120254516602,32.167808532714844,0.0284816063940525,0.0227058585733175,41.91438674926758,121.81845092773438,0.0,0.0,140.88209533691406,2.1161890029907227,,,,,,,,,
NB60,Cửa Đối,2319552,480158,2025,4,cobia,6.292632102966309,25.491886138916016,8.334412574768066,31.94797134399414,0.032665766775608,0.0208961889147758,38.7050895690918,109.49571228027344,0.0,0.0,133.52462768554688,7.93314790725708,,,,,,,,,
NB60,Cửa Đối,2319552,480158,2026,1,cobia,6.708779811859131,22.007930755615234,8.118423461914062,32.875999450683594,0.0418531559407711,0.0326954908668994,35.91147994995117,163.84584045410156,3.887420654296875,0.0,118.93927001953124,1.512260913848877,,,,,,,,,
NB60,Cửa Đối,2319552,480158,2026,2,cobia,6.36960506439209,25.98886489868164,8.09210205078125,31.784074783325195,0.0456187576055526,0.0470087528228759,34.756813049316406,95.31974029541016,3.838221311569214,749.3113403320312,133.14703369140625,8.010358810424805,,,,,,,,,
NB60,Cửa Đối,2319552,480158,2026,3,cobia,5.347143173217773,27.55574989318848,7.999460220336914,32.944026947021484,0.0360066518187522,0.0635008215904235,33.73734664916992,128.0394744873047,3.4434757232666016,0.0,117.47559356689452,9.938801765441896,,,,,,,,,
NB60,Cửa Đối,2319552,480158,2026,4,cobia,6.33266544342041,24.109554290771484,8.120630264282227,31.902231216430664,0.0429695583879947,0.0391426980495452,35.53489303588867,116.18016815185548,2.6969645023345947,0.0,122.13584899902344,9.44565200805664,,,,,,,,,
NB63,Lạch Đầu Gỗ phía Đông đảo Đống Chén,2316643,468221,2025,1,cobia,6.274960994720459,21.32714462280273,8.180806159973145,32.11943054199219,0.0253352802246809,0.0169646609574556,28.7282943725586,57.29113006591797,0.0,0.0,104.10183715820312,0.0,,,,,,,,,
NB63,Lạch Đầu Gỗ phía Đông đảo Đống Chén,2316643,468221,2025,2,cobia,6.0060319900512695,26.022216796875,8.25483512878418,32.01521682739258,0.0404515750706195,0.0159890707582235,31.463722229003903,78.54237365722656,0.7678497433662415,692.87939453125,114.61489868164062,1.2163597345352173,,,,,,,,,
NB63,Lạch Đầu Gỗ phía Đông đảo Đống Chén,2316643,468221,2025,3,cobia,5.849603652954102,27.257810592651367,8.193727493286133,32.093963623046875,0.0337163843214511,0.0194828975945711,36.59124755859375,96.53578186035156,0.0,342.6559753417969,137.82997131347656,0.0,,,,,,,,,
NB63,Lạch Đầu Gỗ phía Đông đảo Đống Chén,2316643,468221,2025,4,cobia,6.428134441375732,24.872541427612305,8.311826705932617,31.921735763549805,0.0335661545395851,0.0122463768348097,35.09036636352539,92.24159240722656,0.0,2200.672119140625,131.3383331298828,1.8675565719604488,,,,,,,,,
NB63,Lạch Đầu Gỗ phía Đông đảo Đống Chén,2316643,468221,2026,1,cobia,6.523451328277588,22.96968650817871,8.049660682678223,32.47022247314453,0.0360940769314765,0.0275459662079811,36.24751663208008,146.5914764404297,4.345253944396973,0.0,138.8923797607422,2.4415152072906494,,,,,,,,,
NB63,Lạch Đầu Gỗ phía Đông đảo Đống Chén,2316643,468221,2026,2,cobia,5.785858631134033,26.152273178100582,8.080889701843262,31.81243896484375,0.0508509837090969,0.0378746651113033,32.67872619628906,94.65225219726562,3.123930215835572,1410.801025390625,116.57981872558594,7.85203218460083,,,,,,,,,
NB63,Lạch Đầu Gỗ phía Đông đảo Đống Chén,2316643,468221,2026,3,cobia,5.7499213218688965,27.896852493286133,8.053034782409668,32.32954406738281,0.062518261373043,0.0577962920069694,31.07047843933105,95.65029907226562,2.635171413421631,1089.6636962890625,118.9888916015625,7.012246608734131,,,,,,,,,
NB63,Lạch Đầu Gỗ phía Đông đảo Đống Chén,2316643,468221,2026,4,cobia,6.408235549926758,25.59942626953125,8.147909164428711,31.681859970092773,0.0538606718182563,0.056936290115118,28.150245666503903,97.97482299804688,1.4287033081054688,0.0,108.50756072998048,0.9671484231948853,,,,,,,,,
NB61,Lạch giữa đảo Thẻ Vàng- đảo Vạn Đuôi,2314890,456306,2025,1,ALL,,,,,,,,,,,,,0.0014855570625513,0.0014474063646048,0.0001038050686474,0.0001263026060769,0.0009769598254933,0.0001685166789684,0.0255890004336833,0.0004800281312782,
NB61,Lạch giữa đảo Thẻ Vàng- đảo Vạn Đuôi,2314890,456306,2025,2,ALL,,,,,,,,,,,,,0.0013036195887252,0.0016537189949303,0.0001038050686474,0.0004638548998627,0.0027865692973136,0.0001685166789684,0.0183584913611412,0.0010048339609056,
NB61,Lạch giữa đảo Thẻ Vàng- đảo Vạn Đuôi,2314890,456306,2025,3,ALL,,,,,,,,,,,,,0.001308208447881,0.0017489176243543,0.0001038050686474,0.0056633302010595,0.0026981190312653,0.0001685166789684,0.0264947358518838,0.0008240246679633,
NB61,Lạch giữa đảo Thẻ Vàng- đảo Vạn Đuôi,2314890,456306,2025,4,ALL,,,,,,,,,,,,,0.001308208447881,0.0014507470186799,0.0001038050686474,0.0045979744754731,0.0016284197336062,0.0001685166789684,0.0177311021834611,0.0002763178199529,
NB61,Lạch giữa đảo Thẻ Vàng- đảo Vạn Đuôi,2314890,456306,2026,1,ALL,,,,,,,,,,,,,0.0013566978741437,0.0012674188474193,0.0001038050686474,0.0,0.0010987067362293,0.0001685166789684,0.0058183618821203,0.0003868794883601,
NB61,Lạch giữa đảo Thẻ Vàng- đảo Vạn Đuôi,2314890,456306,2026,2,ALL,,,,,,,,,,,,,0.0013036195887252,0.0017533714417368,0.0001038050686474,0.0071357530541718,0.0024822691921144,0.0001685166789684,0.0104019390419125,0.0002066307060886,
NB61,Lạch giữa đảo Thẻ Vàng- đảo Vạn Đuôi,2314890,456306,2026,3,ALL,,,,,,,,,,,,,0.001308208447881,0.0018552625551819,0.0001038050686474,0.0004241800343152,0.0005917603266425,0.0001685166789684,0.0067889746278524,0.000281923363218,
NB61,Lạch giữa đảo Thẻ Vàng- đảo Vạn Đuôi,2314890,456306,2026,4,ALL,,,,,,,,,,,,,0.001308208447881,0.0021847013849765,0.0001038050686474,0.0004598728846758,0.0010649017058312,0.0001685166789684,0.0159812420606613,0.0003786158922594,
NB62,Lạch Đẳng Chén phía Tây đảo Đống Chén,2316094,465215,2025,1,ALL,,,,,,,,,,,,,0.0014855570625513,0.0012816195376217,0.0001038050686474,0.0001440692140022,0.0007089077844284,0.0001735203550197,0.0064389584586024,0.0005213313852436,
NB62,Lạch Đẳng Chén phía Tây đảo Đống Chén,2316094,465215,2025,2,ALL,,,,,,,,,,,,,0.0013036195887252,0.0017615038668736,0.0001038050686474,0.0016932996222749,0.0020036846399307,0.0001685166789684,0.0124959256500005,0.0024010469205677,
NB62,Lạch Đẳng Chén phía Tây đảo Đống Chén,2316094,465215,2025,3,ALL,,,,,,,,,,,,,0.001308208447881,0.0018159912433475,0.0001038050686474,0.0016690073534846,0.0006690036389045,0.0001685166789684,0.0160309299826622,0.0005285950610414,
NB62,Lạch Đẳng Chén phía Tây đảo Đống Chén,2316094,465215,2025,4,ALL,,,,,,,,,,,,,0.001308208447881,0.0017857173224911,0.0001038050686474,0.0,0.0014607857447117,0.0001685166789684,0.0107060130685567,0.000501966685988,
NB62,Lạch Đẳng Chén phía Tây đảo Đống Chén,2316094,465215,2026,1,ALL,,,,,,,,,,,,,0.001347028533928,0.0016549124848097,0.0001038050686474,0.0018046783516183,0.0018841940909624,0.0001685166789684,0.028703412041068,0.0010178965749219,
NB62,Lạch Đẳng Chén phía Tây đảo Đống Chén,2316094,465215,2026,2,ALL,,,,,,,,,,,,,0.001308208447881,0.0016392971156165,0.0001038050686474,0.0,0.0015540781896561,0.0001685166789684,0.0090071260929107,0.0005990716163069,
NB62,Lạch Đẳng Chén phía Tây đảo Đống Chén,2316094,465215,2026,3,ALL,,,,,,,,,,,,,0.001308208447881,0.0023264926858246,0.0001038050686474,0.0002773952728603,0.0004988947766833,0.0001685166789684,0.0073902392759919,0.0002573523088358,
NB62,Lạch Đẳng Chén phía Tây đảo Đống Chén,2316094,465215,2026,4,ALL,,,,,,,,,,,,,0.001308208447881,0.002104885643348,0.0001038050686474,0.000227548109251,0.0011505912989377,0.0001685166789684,0.0100524397566914,0.0004363293992355,
NB60,Cửa Đối,2319552,480158,2025,1,ALL,,,,,,,,,,,,,0.0014855570625513,0.0013938968768343,0.0001038050686474,0.0,0.000617187062744,0.0001685166789684,0.0194425899535417,0.0005035352660343,
NB60,Cửa Đối,2319552,480158,2025,2,ALL,,,,,,,,,,,,,0.0013036195887252,0.0015648453263565,0.0001038050686474,0.0,0.0010701376013457,0.0001685166789684,0.009342361241579,0.0007834149873815,
NB60,Cửa Đối,2319552,480158,2025,3,ALL,,,,,,,,,,,,,0.0013036195887252,0.0021478715352714,0.0001038050686474,0.0008810582221485,0.0005555703537538,0.0001685166789684,0.0117706377059221,0.0001216810633195,
NB60,Cửa Đối,2319552,480158,2025,4,ALL,,,,,,,,,,,,,0.001308208447881,0.0019022208871319,0.0001038050686474,0.0006069521768949,0.0008418192737735,0.0001685166789684,0.0166643299162387,0.0003392412909306,
NB60,Cửa Đối,2319552,480158,2026,1,ALL,,,,,,,,,,,,,0.0013612867332994,0.0015506107592955,0.0001038050686474,0.0,0.0008975231321528,0.0001685166789684,0.0118882916867733,0.0004959458019584,
NB60,Cửa Đối,2319552,480158,2026,2,ALL,,,,,,,,,,,,,0.0013036195887252,0.0017395288450643,0.0001038050686474,0.0021698491182178,0.0012908126227557,0.0001685166789684,0.019242949783802,0.0012347062584012,
NB60,Cửa Đối,2319552,480158,2026,3,ALL,,,,,,,,,,,,,0.001308208447881,0.0016700924606993,0.0001038050686474,0.0016193658811971,0.0013832193799316,0.0001685166789684,0.0106193711981177,0.0005408755387179,
NB60,Cửa Đối,2319552,480158,2026,4,ALL,,,,,,,,,,,,,0.001308208447881,0.0019769645296037,0.0001038050686474,0.000162279990036,0.0008270139223895,0.0001685166789684,0.0081058833748102,0.0004586658906191,
NB63,Lạch Đầu Gỗ phía Đông đảo Đống Chén,2316643,468221,2025,1,ALL,,,,,,,,,,,,,0.0014855570625513,0.0013155551860108,0.0001038050686474,2.159948053304106e-05,8.867726137395948e-05,0.0001735203550197,0.0003494290285743,0.0004913000157102,
NB63,Lạch Đầu Gỗ phía Đông đảo Đống Chén,2316643,468221,2025,2,ALL,,,,,,,,,,,,,0.0013036195887252,0.0017551674973219,0.0001038050686474,2.118184056598693e-05,0.0005082847783342,0.0001685166789684,0.0320709086954593,0.0007998915971256,
NB63,Lạch Đầu Gỗ phía Đông đảo Đống Chén,2316643,468221,2025,3,ALL,,,,,,,,,,,,,0.001308208447881,0.0022669823374599,0.0001038050686474,0.001457720180042,0.0017511469777673,0.0001685166789684,0.0257286541163921,0.0003545741783455,
NB63,Lạch Đầu Gỗ phía Đông đảo Đống Chén,2316643,468221,2025,4,ALL,,,,,,,,,,,,,0.001308208447881,0.0016541009536013,0.0001038050686474,0.0,0.0012790018226951,0.0001685166789684,0.020416060462594,0.0002830051816999,
NB63,Lạch Đầu Gỗ phía Đông đảo Đống Chén,2316643,468221,2026,1,ALL,,,,,,,,,,,,,0.001347028533928,0.0013948264531791,0.0001038050686474,0.0009364103316329,0.0010635238140821,0.0001685166789684,0.0268126521259546,0.0005240410682745,
NB63,Lạch Đầu Gỗ phía Đông đảo Đống Chén,2316643,468221,2026,2,ALL,,,,,,,,,,,,,0.0013036195887252,0.0016840640455484,0.0001038050686474,0.001730155898258,0.0024277851916849,0.0001685166789684,0.0137903178110718,0.000238759239437,
NB63,Lạch Đầu Gỗ phía Đông đảo Đống Chén,2316643,468221,2026,3,ALL,,,,,,,,,,,,,0.001308208447881,0.0016716549871489,0.0001038050686474,0.0,0.0008666047360748,0.0001685166789684,0.0097861355170607,0.0003804086882155,
NB63,Lạch Đầu Gỗ phía Đông đảo Đống Chén,2316643,468221,2026,4,ALL,,,,,,,,,,,,,0.001308208447881,0.0020954431965947,0.0001038050686474,0.0032250189688056,0.0001747509813867,0.0001685166789684,0.0165702030062675,0.0003333034692332,
NB64,Lạch Cống Nứa phía Đông đảo Cống Nứa,2317955,471418,2025,1,cobia,6.151520252227783,21.63813018798828,8.190340042114258,32.05904769897461,0.0223057903349399,0.0248335655778646,33.808433532714844,50.677040100097656,0.0,0.0,130.571044921875,0.0,,,,,,,,,
NB64,Lạch Cống Nứa phía Đông đảo Cống Nứa,2317955,471418,2025,2,cobia,6.0470476150512695,26.14293098449707,8.301071166992188,31.391721725463867,0.0325945280492305,0.0278187040239572,33.778751373291016,85.23283386230469,0.9821274876594543,0.0,116.20848083496094,0.0,,,,,,,,,
NB64,Lạch Cống Nứa phía Đông đảo Cống Nứa,2317955,471418,2025,3,cobia,6.017594814300537,28.43203353881836,8.286008834838867,31.62869453430176,0.0235232766717672,0.0274994820356369,40.37166595458984,107.42981719970705,0.016255933791399,0.0,130.63534545898438,0.0,,,,,,,,,
NB64,Lạch Cống Nứa phía Đông đảo Cống Nứa,2317955,471418,2025,4,cobia,6.274917125701904,25.183639526367188,8.294901847839355,31.625072479248047,0.0253699272871017,0.0154903726652264,36.61653900146485,106.04753112792967,0.0,0.0,119.22059631347656,0.0,,,,,,,,,
NB64,Lạch Cống Nứa phía Đông đảo Cống Nứa,2317955,471418,2026,1,cobia,6.536471366882324,22.00460624694824,8.0877103805542,33.33256530761719,0.04264947026968,0.0238322932273149,36.262508392333984,135.21441650390625,4.572873592376709,90.06890106201172,112.8081512451172,5.036064624786377,,,,,,,,,
NB64,Lạch Cống Nứa phía Đông đảo Cống Nứa,2317955,471418,2026,2,cobia,6.432925701141357,25.713247299194336,8.161771774291992,32.057525634765625,0.0631578117609024,0.056963738054037,31.21661949157715,69.98484802246094,4.226649761199951,267.7438659667969,125.82923889160156,6.301506042480469,,,,,,,,,
NB64,Lạch Cống Nứa phía Đông đảo Cống Nứa,2317955,471418,2026,3,cobia,6.088362693786621,27.785757064819336,8.03726863861084,33.23588943481445,0.0672074407339096,0.0792557820677757,35.63557815551758,111.26082611083984,3.8359549045562735,0.0,139.81991577148438,3.7300846576690674,,,,,,,,,
NB64,Lạch Cống Nứa phía Đông đảo Cống Nứa,2317955,471418,2026,4,cobia,6.922617435455322,24.85944938659668,8.098260879516602,32.26987075805664,0.0614527948200702,0.0447374694049358,32.4896125793457,84.12999725341797,3.749578475952149,0.0,116.04279327392578,12.979214668273926,,,,,,,,,
NB65,Vụng Đá Bạc phía Đông đảo Trà Bản,2314090,474853,2025,1,cobia,6.325222492218018,21.59612274169922,8.191609382629395,31.9451847076416,0.0547128729522228,0.0164536982774734,33.16215515136719,53.51105117797852,0.0,24.0539608001709,120.29273223876952,0.0,,,,,,,,,
NB65,Vụng Đá Bạc phía Đông đảo Trà Bản,2314090,474853,2025,2,cobia,5.765283107757568,25.866607666015625,8.227357864379883,32.40973663330078,0.0643826574087143,0.0160650480538606,35.09122085571289,111.28716278076172,0.288369208574295,0.0,116.06085205078124,0.0,,,,,,,,,
NB65,Vụng Đá Bạc phía Đông đảo Trà Bản,2314090,474853,2025,3,cobia,5.549446105957031,26.779815673828125,8.281183242797852,33.58403015136719,0.0358197279274463,0.0282833594828844,34.3311882019043,94.0830535888672,0.7185404896736145,0.0,142.18614196777344,6.397286415100098,,,,,,,,,
NB65,Vụng Đá Bạc phía Đông đảo Trà Bản,2314090,474853,2025,4,cobia,6.132462978363037,25.468982696533203,8.214768409729004,31.7774600982666,0.0291607156395912,0.0218247473239898,35.10479736328125,96.2061996459961,1.000823140144348,0.0,135.76065063476562,7.865628719329834,,,,,,,,,
NB65,Vụng Đá Bạc phía Đông đảo Trà Bản,2314090,474853,2026,1,cobia,7.078782081604004,22.632930755615234,8.113423347473145,33.01907730102539,0.0455279275774955,0.0301020499318838,35.02579498291016,128.1265106201172,0.0,0.0,109.80587005615234,0.52716064453125,,,,,,,,,
NB65,Vụng Đá Bạc phía Đông đảo Trà Bản,2314090,474853,2026,2,cobia,6.297525405883789,26.062196731567383,8.045467376708984,32.96138000488281,0.061135496944189,0.0395489484071731,33.53981018066406,129.51341247558594,4.947415351867676,672.552978515625,128.3116455078125,3.8913357257843018,,,,,,,,,
NB65,Vụng Đá Bạc phía Đông đảo Trà Bản,2314090,474853,2026,3,cobia,5.605982780456543,27.562450408935547,8.131036758422852,32.419612884521484,0.0599569007754325,0.0574568025767803,31.132200241088867,96.7220687866211,4.092373371124268,2714.5390625,117.27247619628906,17.71088409423828,,,,,,,,,
NB65,Vụng Đá Bạc phía Đông đảo Trà Bản,2314090,474853,2026,4,cobia,5.881528377532959,24.96999931335449,8.100815773010254,32.12973403930664,0.0605178698897361,0.056514099240303,31.778526306152344,82.17105102539062,3.6946632862091056,260.20098876953125,128.99525451660156,2.8097853660583496,,,,,,,,,
NB66,Luồng Con Quýt phía Tây Bắc đảo Trà Bản,2323246,478861,2025,1,cobia,6.3702239990234375,21.84102439880371,8.169310569763184,31.80879783630371,0.054592378437519,0.0195998232811689,31.803543090820312,40.33127975463867,0.0,0.0,112.35572052001952,4.983739376068115,,,,,,,,,
NB66,Luồng Con Quýt phía Tây Bắc đảo Trà Bản,2323246,478861,2025,2,cobia,6.13588285446167,26.394088745117188,8.223340034484863,33.0938606262207,0.0758367478847503,0.0261462219059467,29.382951736450195,76.39921569824219,1.406886339187622,0.0,120.98054504394533,7.363188743591309,,,,,,,,,
NB66,Luồng Con Quýt phía Tây Bắc đảo Trà Bản,2323246,478861,2025,3,cobia,6.164648532867432,28.72671699523925,8.176207542419434,31.509700775146484,0.0544324107468128,0.0406579226255416,41.09537506103516,102.33319091796876,0.0338140428066253,237.5775604248047,122.6343231201172,4.05521297454834,,,,,,,,,
NB66,Luồng Con Quýt phía Tây Bắc đảo Trà Bản,2323246,478861,2025,4,cobia,5.8393425941467285,25.308612823486328,8.234099388122559,31.508256912231445,0.052034318447113,0.0293392483144998,30.88477897644043,108.3356704711914,1.1085529327392578,38.11903762817383,114.97623443603516,1.1934977769851685,,,,,,,,,
NB66,Luồng Con Quýt phía Tây Bắc đảo Trà Bản,2323246,478861,2026,1,cobia,6.64823579788208,22.371522903442383,8.114699363708496,31.965932846069336,0.0539708212018013,0.0324110314249992,32.785335540771484,110.38948822021484,1.5938206911087036,0.0,118.8700942993164,0.9730513095855712,,,,,,,,,
NB66,Luồng Con Quýt phía Tây Bắc đảo Trà Bản,2323246,478861,2026,2,cobia,6.097858905792236,26.29900550842285,8.102532386779785,31.337173461914062,0.0581347867846488,0.0406423062086105,34.06774139404297,111.68090057373048,2.6246767044067383,1052.1121826171875,125.84021759033205,6.024363994598389,,,,,,,,,
NB66,Luồng Con Quýt phía Tây Bắc đảo Trà Bản,2323246,478861,2026,3,cobia,5.849784851074219,28.61335563659668,8.056427955627441,32.351219177246094,0.0478669144213199,0.0589842908084392,36.85216522216797,127.74217224121094,0.5038697123527527,281.39373779296875,114.3894271850586,1.523647427558899,,,,,,,,,
NB66,Luồng Con Quýt phía Tây Bắc đảo Trà Bản,2323246,478861,2026,4,cobia,5.563216686248779,24.97170639038086,8.104591369628906,31.28883171081543,0.0642845183610916,0.0453889705240726,32.40042495727539,109.41837310791016,1.1788400411605835,589.195068359375,142.54669189453125,1.3709955215454102,,,,,,,,,
NB67,Luồng Con Quýt phía Đông đảo Cái Lim,2332924,481604,2025,1,cobia,6.247913360595703,21.738136291503903,8.152876853942871,31.258012771606445,0.0222876481711864,0.0184013005346059,33.79142761230469,61.7652473449707,0.8400170803070068,0.0,122.63560485839844,0.0,,,,,,,,,
NB67,Luồng Con Quýt phía Đông đảo Cái Lim,2332924,481604,2025,2,cobia,6.344940185546875,24.72550392150879,8.20002269744873,30.935243606567383,0.0389442071318626,0.0112006990239024,36.52145767211914,67.37997436523438,1.149208426475525,0.0,127.73246002197266,0.0,,,,,,,,,
NB67,Luồng Con Quýt phía Đông đảo Cái Lim,2332924,481604,2025,3,cobia,6.511224269866943,27.296117782592773,8.250907897949219,31.39204406738281,0.0245898570865392,0.0291776694357395,44.282745361328125,121.49398803710938,0.1420332640409469,0.0,115.94232177734376,0.3519961833953857,,,,,,,,,
NB67,Luồng Con Quýt phía Đông đảo Cái Lim,2332924,481604,2025,4,cobia,6.36326789855957,24.70645904541016,8.30203628540039,31.27049827575684,0.0211435705423355,0.0140774631872773,38.95581817626953,117.61188507080078,0.0,107.20411682128906,120.27139282226562,0.0,,,,,,,,,
NB67,Luồng Con Quýt phía Đông đảo Cái Lim,2332924,481604,2026,1,cobia,6.26651668548584,21.9092025756836,8.1906099319458,32.309207916259766,0.0320384018123149,0.0212478954344987,35.635372161865234,105.1560516357422,4.747312545776367,0.0,120.32849884033205,3.932542562484741,,,,,,,,,
NB67,Luồng Con Quýt phía Đông đảo Cái Lim,2332924,481604,2026,2,cobia,6.223811149597168,26.39176368713379,8.229199409484863,31.930727005004883,0.0474604740738868,0.0363065525889396,37.478271484375,83.5868911743164,4.184385299682617,0.0,123.2220458984375,6.185877799987793,,,,,,,,,
NB67,Luồng Con Quýt phía Đông đảo Cái Lim,2332924,481604,2026,3,cobia,6.360795021057129,27.761245727539062,8.03877067565918,32.38652038574219,0.0328925438225269,0.0553897134959697,40.51226425170898,155.26844787597656,2.6662611961364746,0.0,152.2526092529297,3.473875999450684,,,,,,,,,
NB67,Luồng Con Quýt phía Đông đảo Cái Lim,2332924,481604,2026,4,cobia,7.280663013458252,25.473487854003903,8.155621528625488,32.056636810302734,0.0397190973162651,0.0537665411829948,33.65160369873047,102.96309661865234,1.9805786609649656,0.0,117.1706314086914,7.707794189453125,,,,,,,,,
NB64,Lạch Cống Nứa phía Đông đảo Cống Nứa,2317955,471418,2025,1,ALL,,,,,,,,,,,,,0.0014855570625513,0.0013636867515742,0.0001038050686474,0.0003508407971821,0.0005321832140907,0.0001685166789684,0.0272442325949668,0.0007843825151212,
NB64,Lạch Cống Nứa phía Đông đảo Cống Nứa,2317955,471418,2025,2,ALL,,,,,,,,,,,,,0.0013036195887252,0.0017911348259076,0.0001038050686474,0.0015368391759693,0.0024370769970119,0.0001685166789684,0.0133065963163971,0.0016025429358705,
NB64,Lạch Cống Nứa phía Đông đảo Cống Nứa,2317955,471418,2025,3,ALL,,,,,,,,,,,,,0.001308208447881,0.0017575755482539,0.0001038050686474,8.949012226366904e-06,0.0008618142455816,0.0001685166789684,0.0140031846240162,0.0005174137768335,
NB64,Lạch Cống Nứa phía Đông đảo Cống Nứa,2317955,471418,2025,4,ALL,,,,,,,,,,,,,0.001308208447881,0.0018656172323971,0.0001038050686474,0.0054128896445035,0.0018184101209044,0.0001685166789684,0.0288692824542522,0.0015618539182469,
NB64,Lạch Cống Nứa phía Đông đảo Cống Nứa,2317955,471418,2026,1,ALL,,,,,,,,,,,,,0.0013612867332994,0.0013101497897878,0.0001038050686474,0.0003315164649393,0.0011322125792503,0.0001685166789684,0.0102616259828209,0.0004954083124175,
NB64,Lạch Cống Nứa phía Đông đảo Cống Nứa,2317955,471418,2026,2,ALL,,,,,,,,,,,,,0.0013036195887252,0.0018608026439324,0.0001038050686474,0.0,0.003021644661203,0.0001685166789684,0.0070537445135414,0.0003811677161138,
NB64,Lạch Cống Nứa phía Đông đảo Cống Nứa,2317955,471418,2026,3,ALL,,,,,,,,,,,,,0.001308208447881,0.002381810452789,0.0001038050686474,0.0001879281917354,6.392128125298768e-05,0.0001685166789684,0.0192909501492977,0.0002996851108036,
NB64,Lạch Cống Nứa phía Đông đảo Cống Nứa,2317955,471418,2026,4,ALL,,,,,,,,,,,,,0.001308208447881,0.0016665636794641,0.0001038050686474,0.0004283073940314,0.0009780609980225,0.0001685166789684,0.021581333130598,0.0004107059212401,
NB65,Vụng Đá Bạc phía Đông đảo Trà Bản,2314090,474853,2025,1,ALL,,,,,,,,,,,,,0.0014855570625513,0.0012125356588512,0.0001038050686474,0.0001275100948987,0.0003736869548447,0.0001685166789684,0.0,0.0004664101288653,
NB65,Vụng Đá Bạc phía Đông đảo Trà Bản,2314090,474853,2025,2,ALL,,,,,,,,,,,,,0.0013036195887252,0.0017507845768705,0.0001038050686474,0.0001366441865684,0.0009405267774127,0.0001685166789684,0.0201049726456403,0.0007140091038309,
NB65,Vụng Đá Bạc phía Đông đảo Trà Bản,2314090,474853,2025,3,ALL,,,,,,,,,,,,,0.001308208447881,0.0021308532450348,0.0001038050686474,0.00397221557796,0.0018347317818552,0.0001685166789684,0.0211204681545496,0.0001884560188045,
NB65,Vụng Đá Bạc phía Đông đảo Trà Bản,2314090,474853,2025,4,ALL,,,,,,,,,,,,,0.001308208447881,0.0014922965783625,0.0001038050686474,0.0,0.0006719352095387,0.0001685166789684,0.0175680816173553,0.0003813975199591,
NB65,Vụng Đá Bạc phía Đông đảo Trà Bản,2314090,474853,2026,1,ALL,,,,,,,,,,,,,0.0013424396747723,0.0015103222103789,0.0001038050686474,0.0,0.0011908357264474,0.0001685166789684,0.0256349928677082,0.0010138775687664,
NB65,Vụng Đá Bạc phía Đông đảo Trà Bản,2314090,474853,2026,2,ALL,,,,,,,,,,,,,0.0013036195887252,0.0014709573006257,0.0001038050686474,0.0,0.0018969883676618,0.0001685166789684,0.0107108224183321,0.0006000551511533,
NB65,Vụng Đá Bạc phía Đông đảo Trà Bản,2314090,474853,2026,3,ALL,,,,,,,,,,,,,0.0013036195887252,0.0024019978009164,0.0001038050686474,0.0008074042852967,0.0009613759466446,0.0001685166789684,0.0172845292836427,0.0001977403153432,
NB65,Vụng Đá Bạc phía Đông đảo Trà Bản,2314090,474853,2026,4,ALL,,,,,,,,,,,,,0.001308208447881,0.0018785039428621,0.0001038050686474,0.001185912056826,0.0010522397933527,0.0001685166789684,0.0127107296139001,0.0005277516902424,
NB66,Luồng Con Quýt phía Tây Bắc đảo Trà Bản,2323246,478861,2025,1,ALL,,,,,,,,,,,,,0.0014855570625513,0.0012739754747599,0.0001038050686474,0.0001626286975806,0.0004345521447248,0.0001685166789684,0.0018830165499821,0.0004664101288653,
NB66,Luồng Con Quýt phía Tây Bắc đảo Trà Bản,2323246,478861,2025,2,ALL,,,,,,,,,,,,,0.0013036195887252,0.0017709915991872,0.0001038050686474,0.0015692677116021,0.0008612997480668,0.0001685166789684,0.0192936137318611,0.0007140091038309,
NB66,Luồng Con Quýt phía Tây Bắc đảo Trà Bản,2323246,478861,2025,3,ALL,,,,,,,,,,,,,0.001308208447881,0.0018968934891745,0.0001038050686474,0.0069872192107141,0.002215824322775,0.0001685166789684,0.0167460609227418,0.000280396110611,
NB66,Luồng Con Quýt phía Tây Bắc đảo Trà Bản,2323246,478861,2025,4,ALL,,,,,,,,,,,,,0.001308208447881,0.0013690770138055,0.0001038050686474,0.0,0.0006245725089684,0.0001685166789684,0.0105030108243227,0.0003813975199591,
NB66,Luồng Con Quýt phía Tây Bắc đảo Trà Bản,2323246,478861,2026,1,ALL,,,,,,,,,,,,,0.0013424396747723,0.0016571913147345,0.0001038050686474,0.0,0.0017144089797511,0.0001685166789684,0.0316206850111484,0.0012080025626346,
NB66,Luồng Con Quýt phía Tây Bắc đảo Trà Bản,2323246,478861,2026,2,ALL,,,,,,,,,,,,,0.001308208447881,0.0014803025405853,0.0001038050686474,0.0,0.0011918641394004,0.0001685166789684,0.0094941705465316,0.0006327417213469,
NB66,Luồng Con Quýt phía Tây Bắc đảo Trà Bản,2323246,478861,2026,3,ALL,,,,,,,,,,,,,0.0013036195887252,0.0024573504924774,0.0001038050686474,0.0010306607000529,0.0008075945661403,0.0001685166789684,0.0137580130249261,2.2672729755868204e-05,
NB66,Luồng Con Quýt phía Tây Bắc đảo Trà Bản,2323246,478861,2026,4,ALL,,,,,,,,,,,,,0.001308208447881,0.0017845750553533,0.0001038050686474,0.0021968693472445,0.0010423297062516,0.0001685166789684,0.0169061254709959,0.000654486240819,
NB67,Luồng Con Quýt phía Đông đảo Cái Lim,2332924,481604,2025,1,ALL,,,,,,,,,,,,,0.0014855570625513,0.0014170667855069,0.0001038050686474,0.0,0.0001452600990887,0.0001685166789684,0.01673767529428,0.0007660296978428,
NB67,Luồng Con Quýt phía Đông đảo Cái Lim,2332924,481604,2025,2,ALL,,,,,,,,,,,,,0.0013036195887252,0.0017939533572643,0.0001038050686474,0.0064659253694117,0.0012770489556714,0.0001685166789684,0.0274618100374937,0.0015539955347776,
NB67,Luồng Con Quýt phía Đông đảo Cái Lim,2332924,481604,2025,3,ALL,,,,,,,,,,,,,0.001308208447881,0.0018958604196086,0.0001038050686474,0.0016874511493369,0.0023773738648742,0.0001685166789684,0.0175682306289672,0.0004224434960633,
NB67,Luồng Con Quýt phía Đông đảo Cái Lim,2332924,481604,2025,4,ALL,,,,,,,,,,,,,0.001308208447881,0.0014373577432706,0.0001038050686474,0.0,0.0007927265833131,0.0001685166789684,0.0134031623601913,0.0003813975199591,
NB67,Luồng Con Quýt phía Đông đảo Cái Lim,2332924,481604,2026,1,ALL,,,,,,,,,,,,,0.0013566978741437,0.0014498619129881,0.0001038050686474,0.0024389347527176,0.0015486449701711,0.0001685166789684,0.0107695125043392,0.0008816999616101,
NB67,Luồng Con Quýt phía Đông đảo Cái Lim,2332924,481604,2026,2,ALL,,,,,,,,,,,,,0.0013036195887252,0.001769007067196,0.0001038050686474,0.0,0.0012324885465204,0.0001685166789684,0.0036021643318235,0.0002205953496741,
NB67,Luồng Con Quýt phía Đông đảo Cái Lim,2332924,481604,2026,3,ALL,,,,,,,,,,,,,0.001308208447881,0.0022441474720835,0.0001038050686474,0.0004710931680165,0.00053449353436,0.0001685166789684,0.0320144072175025,0.000224402276217,
NB67,Luồng Con Quýt phía Đông đảo Cái Lim,2332924,481604,2026,4,ALL,,,,,,,,,,,,,0.001308208447881,0.0018505053594708,0.0001038050686474,0.0002907772432081,0.001735977595672,0.0001685166789684,0.0191359482705593,0.0003738192899618,
NB68,Lạch Vông Vang phía Bắc đảo Trà Bản,2325763,474553,2025,1,cobia,6.174338340759277,22.12719917297364,8.205511093139648,31.80981063842773,0.03610460460186,0.0212014243006706,28.052474975585938,41.281063079833984,0.0186768546700477,0.0,112.94351959228516,0.0,,,,,,,,,
NB68,Lạch Vông Vang phía Bắc đảo Trà Bản,2325763,474553,2025,2,cobia,6.017501831054688,26.642406463623047,8.23420238494873,30.836952209472656,0.0469185560941696,0.0247693993151187,35.01543045043945,101.75000762939452,0.660598635673523,0.0,117.77870178222656,1.3815159797668457,,,,,,,,,
NB68,Lạch Vông Vang phía Bắc đảo Trà Bản,2325763,474553,2025,3,cobia,6.28029727935791,28.39539909362793,8.22773551940918,30.992734909057617,0.0219001714140176,0.0280027966946363,40.64008331298828,84.50684356689453,0.0,0.0,123.52816009521484,0.0,,,,,,,,,
NB68,Lạch Vông Vang phía Bắc đảo Trà Bản,2325763,474553,2025,4,cobia,6.482204914093018,24.82592391967773,8.239215850830078,30.78432273864746,0.0247681252658367,0.0135139031335711,39.34428405761719,114.82386016845705,0.0,0.0,109.64655303955078,0.0,,,,,,,,,
NB68,Lạch Vông Vang phía Bắc đảo Trà Bản,2325763,474553,2026,1,cobia,6.975775718688965,21.619430541992188,8.121232986450195,32.64569091796875,0.0444524846971035,0.0240990035235881,38.89263534545898,156.79843139648438,4.386474609375,274.2820129394531,133.02830505371094,3.714280128479004,,,,,,,,,
NB68,Lạch Vông Vang phía Bắc đảo Trà Bản,2325763,474553,2026,2,cobia,5.856667518615723,25.809288024902344,8.097686767578125,32.56520080566406,0.0610259585082531,0.0440184734761714,31.478803634643555,75.57376098632812,3.363090753555298,1083.450927734375,123.61129760742188,11.126550674438477,,,,,,,,,
NB68,Lạch Vông Vang phía Bắc đảo Trà Bản,2325763,474553,2026,3,cobia,5.846801280975342,27.74619483947754,7.995857238769531,33.0150032043457,0.0545045509934425,0.0692440420389175,34.07417297363281,91.1582260131836,4.028655052185059,234.71075439453125,121.86530303955078,6.357213973999023,,,,,,,,,
NB68,Lạch Vông Vang phía Bắc đảo Trà Bản,2325763,474553,2026,4,cobia,7.427063941955566,25.2925968170166,8.095169067382812,31.399621963500977,0.0541454926133155,0.0419484302401542,32.13580322265625,102.5621337890625,4.260771751403809,0.0,120.46500396728516,6.665538311004639,,,,,,,,,
NB69,Lạch đảo Cống Đông- Cống Tây,2310803,454256,2025,1,cobia,6.3960466384887695,21.33243751525879,8.114914894104004,31.741586685180664,0.0357884429395198,0.0188209544867277,30.762598037719727,58.294532775878906,0.8381772637367249,0.0,112.12501525878906,0.0,,,,,,,,,
NB69,Lạch đảo Cống Đông- Cống Tây,2310803,454256,2025,2,cobia,6.064000606536865,25.955739974975582,8.19650936126709,31.69780540466309,0.0406781174242496,0.0169676672667264,29.71372413635254,52.624881744384766,0.9372267127037048,0.0,116.35549926757812,0.8318713307380676,,,,,,,,,
NB69,Lạch đảo Cống Đông- Cống Tây,2310803,454256,2025,3,cobia,5.760650634765625,27.924684524536133,8.241052627563477,31.98015594482422,0.02378093264997,0.0201016962528228,38.91888046264648,90.00484466552734,0.0,0.0,134.9337158203125,0.4630281329154968,,,,,,,,,
NB69,Lạch đảo Cống Đông- Cống Tây,2310803,454256,2025,4,cobia,6.111271381378174,24.50922966003418,8.252490043640137,31.12833404541016,0.0289339907467365,0.0217024330049753,35.33674621582031,100.19231414794922,0.0,0.0,128.68467712402344,2.352752447128296,,,,,,,,,
NB69,Lạch đảo Cống Đông- Cống Tây,2310803,454256,2026,1,cobia,6.579927921295166,21.47783088684082,8.15749740600586,32.71817398071289,0.038045547902584,0.0331421718001365,38.99937057495117,110.97502136230467,5.117025375366211,0.0,123.1668701171875,0.9575008153915404,,,,,,,,,
NB69,Lạch đảo Cống Đông- Cống Tây,2310803,454256,2026,2,cobia,5.669380187988281,25.9122371673584,8.172955513000488,31.89995765686035,0.0502809770405292,0.0426424406468868,32.57172775268555,81.50225830078125,4.451844215393066,1060.6295166015625,120.29163360595705,7.365296840667725,,,,,,,,,
NB69,Lạch đảo Cống Đông- Cống Tây,2310803,454256,2026,3,cobia,6.02702522277832,27.441967010498047,8.030505180358887,33.390872955322266,0.0644215792417526,0.0588707141578197,32.06303405761719,106.9162368774414,4.700770854949951,571.7110595703125,122.3496322631836,7.267395973205566,,,,,,,,,
NB69,Lạch đảo Cống Đông- Cống Tây,2310803,454256,2026,4,cobia,6.606318950653076,26.27137756347656,8.0900239944458,32.33610916137695,0.0666928887367248,0.0568983219563961,30.55915069580078,85.03160858154297,3.981626272201538,0.0,113.34654998779295,8.536737442016602,,,,,,,,,
NB70,Ven bờ khu Cống Yên phía Bắc đảo Ngọc Vừng,2305149,458041,2025,1,cobia,6.552045822143555,20.850879669189453,8.124983787536621,32.93989562988281,0.0179231371730566,0.0131143415346741,34.415958404541016,67.06812286376953,1.2533608675003052,0.0,127.57510375976562,0.0,,,,,,,,,
NB70,Ven bờ khu Cống Yên phía Bắc đảo Ngọc Vừng,2305149,458041,2025,2,cobia,6.550821304321289,26.027063369750977,8.177840232849121,31.71157455444336,0.0283349025994539,0.0140218492597341,33.28703308105469,94.2267837524414,1.2930183410644531,0.0,109.90489196777344,0.0,,,,,,,,,
NB70,Ven bờ khu Cống Yên phía Bắc đảo Ngọc Vừng,2305149,458041,2025,3,cobia,6.252460479736328,27.61359214782715,8.214430809020996,33.09178161621094,0.0203672796487808,0.0199506878852844,35.338279724121094,81.18940734863281,0.3390369713306427,24.756818771362305,132.42987060546875,2.522477149963379,,,,,,,,,
NB70,Ven bờ khu Cống Yên phía Bắc đảo Ngọc Vừng,2305149,458041,2025,4,cobia,6.722456932067871,25.01589012145996,8.24158763885498,32.28413391113281,0.0245336182415485,0.0168954376131296,38.20907974243164,114.04605865478516,0.3287644982337951,0.0,126.16114807128906,0.0,,,,,,,,,
NB70,Ven bờ khu Cống Yên phía Bắc đảo Ngọc Vừng,2305149,458041,2026,1,cobia,6.327269077301025,21.54243850708008,8.22797679901123,33.57084274291992,0.0270169470459222,0.0229623168706893,33.74279022216797,104.43307495117188,3.870512008666992,982.1039428710938,125.8755874633789,5.615766525268555,,,,,,,,,
NB70,Ven bờ khu Cống Yên phía Bắc đảo Ngọc Vừng,2305149,458041,2026,2,cobia,6.420197486877441,25.515764236450195,8.202728271484375,33.365257263183594,0.0277946256101131,0.0468839183449745,35.161888122558594,94.1746063232422,4.73458194732666,158.46839904785156,111.79217529296876,3.2929017543792725,,,,,,,,,
NB70,Ven bờ khu Cống Yên phía Bắc đảo Ngọc Vừng,2305149,458041,2026,3,cobia,5.828251838684082,27.80134010314941,8.140054702758789,33.924983978271484,0.0370354577898979,0.0590626895427703,36.4786491394043,132.93612670898438,1.7085436582565308,0.0,122.70201110839844,14.37493133544922,,,,,,,,,
NB70,Ven bờ khu Cống Yên phía Bắc đảo Ngọc Vừng,2305149,458041,2026,4,cobia,7.291571140289307,24.32221412658692,8.1096830368042,32.04307556152344,0.0346531420946121,0.0354876071214675,34.913856506347656,134.25083923339844,4.236349582672119,101.86942291259766,128.65159606933594,3.5211422443389893,,,,,,,,,
NB71,"Cửa sông Rút- sông - sông Bạch Đằng, phía Tây xã Tiền Phong",2305248,403881,2025,1,cobia,6.095900058746338,21.98590850830078,7.90682315826416,14.616615295410156,0.043776337057352,0.0245598349720239,37.0670051574707,60.27351760864258,42.39196014404297,0.0,115.88044738769533,0.0,,,,,,,,,
NB71,"Cửa sông Rút- sông - sông Bạch Đằng, phía Tây xã Tiền Phong",2305248,403881,2025,2,cobia,6.150986194610596,28.02924537658692,7.838867664337158,12.137863159179688,0.0538330972194671,0.0091282511129975,37.44231796264648,47.37095642089844,40.62886047363281,0.0,138.61012268066406,2.475141763687134,,,,,,,,,
NB71,"Cửa sông Rút- sông - sông Bạch Đằng, phía Tây xã Tiền Phong",2305248,403881,2025,3,cobia,5.657131671905518,29.07316970825196,7.781137466430664,11.896401405334473,0.0335016585886478,0.0274352692067623,39.57696533203125,91.8028335571289,41.91398620605469,0.0,136.15684509277344,0.0,,,,,,,,,
NB71,"Cửa sông Rút- sông - sông Bạch Đằng, phía Tây xã Tiền Phong",2305248,403881,2025,4,cobia,5.567615509033203,26.90337562561035,7.768418312072754,15.722800254821776,0.0366154052317142,0.0044179428368806,35.52566909790039,57.64162826538086,41.29219436645508,0.0,135.1816864013672,0.0,,,,,,,,,
NB71,"Cửa sông Rút- sông - sông Bạch Đằng, phía Tây xã Tiền Phong",2305248,403881,2026,1,cobia,6.260858535766602,21.501968383789062,7.809771537780762,16.145156860351562,0.0422832034528255,0.0264696683734655,38.66765594482422,96.47935485839844,39.92821502685547,0.0,136.62120056152344,0.4716911613941192,,,,,,,,,
NB71,"Cửa sông Rút- sông - sông Bạch Đằng, phía Tây xã Tiền Phong",2305248,403881,2026,2,cobia,6.128936290740967,27.46148109436035,7.781479358673096,16.122175216674805,0.0521340109407901,0.0068806987255811,34.30577850341797,69.13928985595703,37.77424621582031,464.6572570800781,105.25717163085938,0.0,,,,,,,,,
NB71,"Cửa sông Rút- sông - sông Bạch Đằng, phía Tây xã Tiền Phong",2305248,403881,2026,3,cobia,4.991556167602539,29.14629554748535,7.796306133270264,14.499523162841797,0.0388631299138069,0.0226343125104904,36.93210220336914,94.92589569091795,40.92461013793945,0.0,114.32493591308594,0.0,,,,,,,,,
NB71,"Cửa sông Rút- sông - sông Bạch Đằng, phía Tây xã Tiền Phong",2305248,403881,2026,4,cobia,5.434307098388672,26.609867095947266,7.794948577880859,18.38995933532715,0.0405514575541019,0.0128562208265066,41.32492446899414,87.84364318847656,41.54207992553711,855.689697265625,152.92018127441406,0.0,,,,,,,,,
NB68,Lạch Vông Vang phía Bắc đảo Trà Bản,2325763,474553,2025,1,ALL,,,,,,,,,,,,,0.0014855570625513,0.0013495065504685,0.0001038050686474,3.827822001767345e-05,9.371861960971728e-05,0.0001685166789684,0.0081375604495406,0.0005188893992453,
NB68,Lạch Vông Vang phía Bắc đảo Trà Bản,2325763,474553,2025,2,ALL,,,,,,,,,,,,,0.0013036195887252,0.001872023451142,0.0001038050686474,0.0036228725221008,0.0007967202109284,0.0001685166789684,0.0184661839157342,0.0020285625942051,
NB68,Lạch Vông Vang phía Bắc đảo Trà Bản,2325763,474553,2025,3,ALL,,,,,,,,,,,,,0.001308208447881,0.0019826034549623,0.0001038050686474,0.0053694387897849,0.001478579826653,0.0001685166789684,0.0084998719394207,0.0008560145506635,
NB68,Lạch Vông Vang phía Bắc đảo Trà Bản,2325763,474553,2025,4,ALL,,,,,,,,,,,,,0.001308208447881,0.0017997805261984,0.0001038050686474,0.0,7.031715358607471e-05,0.0001685166789684,0.0087838638573884,0.0001829895481932,
NB68,Lạch Vông Vang phía Bắc đảo Trà Bản,2325763,474553,2026,1,ALL,,,,,,,,,,,,,0.0013612867332994,0.0015273224562406,0.0001038050686474,5.917094313190319e-06,0.0003273227193858,0.0001685166789684,0.0080042583867907,0.0006106961518526,
NB68,Lạch Vông Vang phía Bắc đảo Trà Bản,2325763,474553,2026,2,ALL,,,,,,,,,,,,,0.0013036195887252,0.0019205163698643,0.0001038050686474,0.0004819575697183,0.0004956905031576,0.0001685166789684,0.0077625326812267,0.0005826455308124,
NB68,Lạch Vông Vang phía Bắc đảo Trà Bản,2325763,474553,2026,3,ALL,,,,,,,,,,,,,0.001308208447881,0.0025189439766108,0.0001038050686474,0.0001588088780408,0.0009055575355887,0.0001685166789684,0.0127813750877976,0.0004405380459502,
NB68,Lạch Vông Vang phía Bắc đảo Trà Bản,2325763,474553,2026,4,ALL,,,,,,,,,,,,,0.001308208447881,0.0021987403742969,0.0001038050686474,0.0,0.0008440689416602,0.0001685166789684,0.0227574370801448,0.0006507182843051,
NB69,Lạch đảo Cống Đông- Cống Tây,2310803,454256,2025,1,ALL,,,,,,,,,,,,,0.0014855570625513,0.0013961551012471,0.0001038050686474,0.0005369348800741,0.0003527702356223,0.0001685166789684,0.025369731709361,0.0005831563612446,
NB69,Lạch đảo Cống Đông- Cống Tây,2310803,454256,2025,2,ALL,,,,,,,,,,,,,0.0013036195887252,0.0017986238235607,0.0001038050686474,0.0030299304053187,0.0016830186359584,0.0001685166789684,0.0088404873386025,0.001600308693014,
NB69,Lạch đảo Cống Đông- Cống Tây,2310803,454256,2025,3,ALL,,,,,,,,,,,,,0.001308208447881,0.0019576079212129,0.0001038050686474,0.0001293633249588,0.0004015945014543,0.0001685166789684,0.0084354560822248,0.0003787897003348,
NB69,Lạch đảo Cống Đông- Cống Tây,2310803,454256,2025,4,ALL,,,,,,,,,,,,,0.001308208447881,0.0020124716684222,0.0001038050686474,0.0008189869695343,0.0005443992558866,0.0001685166789684,0.0119408424943685,0.0003361255512572,
NB69,Lạch đảo Cống Đông- Cống Tây,2310803,454256,2026,1,ALL,,,,,,,,,,,,,0.0013612867332994,0.001660656533204,0.0001038050686474,0.00027419521939,0.0009380245464853,0.0001685166789684,0.0079501708969473,0.000686808489263,
NB69,Lạch đảo Cống Đông- Cống Tây,2310803,454256,2026,2,ALL,,,,,,,,,,,,,0.001308208447881,0.0020249572116881,0.0001038050686474,0.0019612030591815,0.0013334770919755,0.0001685166789684,0.0187823697924613,0.0006869055796414,
NB69,Lạch đảo Cống Đông- Cống Tây,2310803,454256,2026,3,ALL,,,,,,,,,,,,,0.001308208447881,0.0018426276510581,0.0001038050686474,0.0008058045641519,0.0012323494302108,0.0001685166789684,0.0119881108403205,0.0004398018645588,
NB69,Lạch đảo Cống Đông- Cống Tây,2310803,454256,2026,4,ALL,,,,,,,,,,,,,0.001308208447881,0.0018638902110978,0.0001038050686474,0.0002600601292215,0.000683395890519,0.0001685166789684,0.0220072921365499,0.0003269364824518,
NB70,Ven bờ khu Cống Yên phía Bắc đảo Ngọc Vừng,2305149,458041,2025,1,ALL,,,,,,,,,,,,,0.0014855570625513,0.0015920008299872,0.0001038050686474,0.0001539458608021,0.0010062142973765,0.0001685166789684,0.0246482379734516,0.0004735044203698,
NB70,Ven bờ khu Cống Yên phía Bắc đảo Ngọc Vừng,2305149,458041,2025,2,ALL,,,,,,,,,,,,,0.0013036195887252,0.0016394561389461,0.0001038050686474,0.0,0.0022329273633658,0.0001685166789684,0.0136393820866942,0.0004747940402012,
NB70,Ven bờ khu Cống Yên phía Bắc đảo Ngọc Vừng,2305149,458041,2025,3,ALL,,,,,,,,,,,,,0.001308208447881,0.0022448827512562,0.0001038050686474,0.0023254184052348,0.0017374117160215,0.0001685166789684,0.0236930847167968,0.0005186559865251,
NB70,Ven bờ khu Cống Yên phía Bắc đảo Ngọc Vừng,2305149,458041,2025,4,ALL,,,,,,,,,,,,,0.001308208447881,0.0016284289304167,0.0001038050686474,0.0,0.0017411622684448,0.0001685166789684,0.0120281586423516,0.0007762097520753,
NB70,Ven bờ khu Cống Yên phía Bắc đảo Ngọc Vừng,2305149,458041,2026,1,ALL,,,,,,,,,,,,,0.0013612867332994,0.0015555573627352,0.0001038050686474,0.0,0.0018791311886161,0.0001685166789684,0.006046344526112,0.0007799863815307,
NB70,Ven bờ khu Cống Yên phía Bắc đảo Ngọc Vừng,2305149,458041,2026,2,ALL,,,,,,,,,,,,,0.0013036195887252,0.0016691520577296,0.0001038050686474,0.0,0.0013950598658993,0.0001685166789684,0.0146333444863557,0.0005195061676204,
NB70,Ven bờ khu Cống Yên phía Bắc đảo Ngọc Vừng,2305149,458041,2026,3,ALL,,,,,,,,,,,,,0.001308208447881,0.0019427983788773,0.0001038050686474,2.989853237522766e-05,0.0011556159006431,0.0001685166789684,0.0070587112568318,0.0003293321642559,
NB70,Ven bờ khu Cống Yên phía Bắc đảo Ngọc Vừng,2305149,458041,2026,4,ALL,,,,,,,,,,,,,0.001308208447881,0.0020747021771967,0.0001038050686474,0.0,0.0003554132999852,0.0001685166789684,0.0119245303794741,0.0002225023490609,
NB71,"Cửa sông Rút- sông - sông Bạch Đằng, phía Tây xã Tiền Phong",2305248,403881,2025,1,ALL,,,,,,,,,,,,,0.0014855570625513,0.0012509374646469,0.0001038050686474,0.0,0.0015063672326505,0.0001685166789684,0.0058865277096629,0.000309837545501,
NB71,"Cửa sông Rút- sông - sông Bạch Đằng, phía Tây xã Tiền Phong",2305248,403881,2025,2,ALL,,,,,,,,,,,,,0.0013036195887252,0.0015800221590325,0.0001038050686474,0.0025964737869799,0.0020610603969544,0.0001685166789684,0.0121419811621308,0.0009491090895608,
NB71,"Cửa sông Rút- sông - sông Bạch Đằng, phía Tây xã Tiền Phong",2305248,403881,2025,3,ALL,,,,,,,,,,,,,0.0013036195887252,0.0019846765790134,0.0001038050686474,0.0009095887071453,0.0018559307791292,0.0001685166789684,0.021222248673439,0.0009436944965273,
NB71,"Cửa sông Rút- sông - sông Bạch Đằng, phía Tây xã Tiền Phong",2305248,403881,2025,4,ALL,,,,,,,,,,,,,0.001308208447881,0.0017766512464731,0.0001038050686474,0.0007864482467994,0.0015142295742407,0.0001685166789684,0.0120555451139807,0.0004336841811891,
NB71,"Cửa sông Rút- sông - sông Bạch Đằng, phía Tây xã Tiền Phong",2305248,403881,2026,1,ALL,,,,,,,,,,,,,0.001347028533928,0.0015815375372767,0.0001038050686474,0.0006881302106194,0.0020759655162692,0.0001685166789684,0.0268395096063613,0.0005908131133764,
NB71,"Cửa sông Rút- sông - sông Bạch Đằng, phía Tây xã Tiền Phong",2305248,403881,2026,2,ALL,,,,,,,,,,,,,0.0013036195887252,0.001508884015493,0.0001038050686474,0.0,0.0018178573809564,0.0001685166789684,0.0084076561033725,0.0005000700475648,
NB71,"Cửa sông Rút- sông - sông Bạch Đằng, phía Tây xã Tiền Phong",2305248,403881,2026,3,ALL,,,,,,,,,,,,,0.0013036195887252,0.0024156461004167,0.0001038050686474,0.0004455818852875,0.0006812305073253,0.0001685166789684,0.0119855562224984,0.0002063023857772,
NB71,"Cửa sông Rút- sông - sông Bạch Đằng, phía Tây xã Tiền Phong",2305248,403881,2026,4,ALL,,,,,,,,,,,,,0.001308208447881,0.0019901974592357,0.0001038050686474,0.0,0.0015595544828101,0.0001685166789684,0.0215877443552017,0.0003749142633751,
NB72,"Cửa sông Chanh, phía Đông Bắc xã Tiền Phong",2307350,407776,2025,1,cobia,5.9205708503723145,21.94796562194824,7.662387847900391,12.694927215576172,0.0541112124919891,0.0092522939667105,32.60682678222656,44.96247482299805,46.52163696289063,128.61898803710938,115.13275146484376,0.3921497166156769,,,,,,,,,
NB72,"Cửa sông Chanh, phía Đông Bắc xã Tiền Phong",2307350,407776,2025,2,cobia,5.079568386077881,27.270715713500977,7.536930084228516,11.392717361450195,0.0656921416521072,0.0112242335453629,35.2486457824707,62.94758987426758,45.09048843383789,0.0,124.52845001220705,0.0,,,,,,,,,
NB72,"Cửa sông Chanh, phía Đông Bắc xã Tiền Phong",2307350,407776,2025,3,cobia,5.557117462158203,29.013378143310547,7.403689861297607,9.433817863464355,0.0382955223321914,0.0143676484003663,42.06843566894531,109.0948715209961,53.84438705444336,0.0,161.08035278320312,0.0,,,,,,,,,
NB72,"Cửa sông Chanh, phía Đông Bắc xã Tiền Phong",2307350,407776,2025,4,cobia,5.365623474121094,26.379093170166016,7.440890312194824,13.783703804016112,0.0405380278825759,0.01762599311769,35.563472747802734,62.34074401855469,54.78321075439453,359.5866394042969,138.94369506835938,0.0,,,,,,,,,
NB72,"Cửa sông Chanh, phía Đông Bắc xã Tiền Phong",2307350,407776,2026,1,cobia,5.31215763092041,23.09014320373535,7.651102542877197,13.51035976409912,0.0568489097058773,0.0095848869532346,32.61199951171875,73.04943084716797,49.7064094543457,671.55224609375,113.6746826171875,0.0,,,,,,,,,
NB72,"Cửa sông Chanh, phía Đông Bắc xã Tiền Phong",2307350,407776,2026,2,cobia,4.686296463012695,28.024831771850582,7.631372451782227,12.846586227416992,0.069023922085762,0.0033941618166863,34.94103240966797,105.61583709716795,44.067039489746094,0.0,113.01438903808594,1.4319463968276978,,,,,,,,,
NB72,"Cửa sông Chanh, phía Đông Bắc xã Tiền Phong",2307350,407776,2026,3,cobia,5.460330963134766,29.69540405273437,7.395317554473877,13.7853422164917,0.0375954769551754,0.0266514271497726,40.23228454589844,129.23745727539062,48.84908676147461,2601.8896484375,151.7816162109375,0.0,,,,,,,,,
NB72,"Cửa sông Chanh, phía Đông Bắc xã Tiền Phong",2307350,407776,2026,4,cobia,4.349839210510254,27.4062557220459,7.609416007995605,13.79865264892578,0.0556795373558998,0.0144841587170958,34.55940628051758,118.11782836914062,53.356815338134766,7167.73095703125,136.19398498535156,0.0,,,,,,,,,
NB73,"Cửa sông Kênh Trai, giáp ranh xã Tân An- Hoàng Tân",2315467,409808,2025,1,cobia,6.439888000488281,22.245864868164062,8.028627395629883,20.607009887695312,0.0411503016948699,0.0113630145788192,36.98528289794922,61.37983703613281,29.45046043395996,0.0,126.0964584350586,0.0,,,,,,,,,
NB73,"Cửa sông Kênh Trai, giáp ranh xã Tân An- Hoàng Tân",2315467,409808,2025,2,cobia,6.035929203033447,26.93277740478516,7.951512813568115,18.876192092895508,0.0451376810669899,0.0228876955807209,39.45238494873047,74.07704162597656,24.88157844543457,0.0,123.23472595214844,0.0,,,,,,,,,
NB73,"Cửa sông Kênh Trai, giáp ranh xã Tân An- Hoàng Tân",2315467,409808,2025,3,cobia,5.98130989074707,28.90472221374512,7.973915100097656,14.736116409301758,0.0323150604963302,0.0206988304853439,39.664180755615234,67.09627532958984,24.509063720703125,0.0,156.77420043945312,0.0,,,,,,,,,
NB73,"Cửa sông Kênh Trai, giáp ranh xã Tân An- Hoàng Tân",2315467,409808,2025,4,cobia,5.78676176071167,26.664905548095703,8.055943489074707,20.74130821228028,0.03605692461133,0.0186255779117345,36.71828079223633,61.21077346801758,30.76671600341797,0.0,144.29022216796875,0.0,,,,,,,,,
NB73,"Cửa sông Kênh Trai, giáp ranh xã Tân An- Hoàng Tân",2315467,409808,2026,1,cobia,5.970987796783447,22.03992080688477,8.007287979125977,19.83344268798828,0.0390940159559249,0.0251630079001188,37.68565368652344,62.81018829345703,29.42060852050781,0.0,127.5030517578125,1.6527690887451172,,,,,,,,,
NB73,"Cửa sông Kênh Trai, giáp ranh xã Tân An- Hoàng Tân",2315467,409808,2026,2,cobia,6.023763656616211,27.893585205078125,7.9622039794921875,15.910069465637209,0.0465289838612079,0.0253142472356557,41.21090698242188,72.65425109863281,24.90334129333496,0.0,141.07595825195312,0.0,,,,,,,,,
NB73,"Cửa sông Kênh Trai, giáp ranh xã Tân An- Hoàng Tân",2315467,409808,2026,3,cobia,5.860090255737305,29.8227596282959,8.124091148376465,15.240710258483888,0.0341222733259201,0.0236612446606159,43.56966400146485,92.64899444580078,27.39366149902344,398.641845703125,122.0951919555664,3.351902723312378,,,,,,,,,
NB73,"Cửa sông Kênh Trai, giáp ranh xã Tân An- Hoàng Tân",2315467,409808,2026,4,cobia,5.758697032928467,27.62668800354004,7.969891548156738,22.22760963439941,0.0401416458189487,0.0220662802457809,32.374000549316406,60.19784927368164,34.75442886352539,0.0,119.02518463134766,0.0,,,,,,,,,
NB72,"Cửa sông Chanh, phía Đông Bắc xã Tiền Phong",2307350,407776,2025,1,ALL,,,,,,,,,,,,,0.0014855570625513,0.0012991823023185,0.0001038050686474,0.0001430889969924,0.0007682369905523,0.0001685166789684,0.0165585223585367,0.0004959894577041,
NB72,"Cửa sông Chanh, phía Đông Bắc xã Tiền Phong",2307350,407776,2025,2,ALL,,,,,,,,,,,,,0.0013036195887252,0.0016577146016061,0.0001038050686474,0.000987138482742,0.0023963653948158,0.0001685166789684,0.0243431217968463,0.0012737329816445,
NB72,"Cửa sông Chanh, phía Đông Bắc xã Tiền Phong",2307350,407776,2025,3,ALL,,,,,,,,,,,,,0.001308208447881,0.0017727497033774,0.0001038050686474,0.0,0.0008695834549143,0.0001685166789684,0.0138488467782735,0.0003380877315066,
NB72,"Cửa sông Chanh, phía Đông Bắc xã Tiền Phong",2307350,407776,2025,4,ALL,,,,,,,,,,,,,0.001308208447881,0.0018139457097277,0.0001038050686474,0.0033285671379417,0.0005216335994191,0.0001685166789684,0.0361394621431827,0.0019774250686168,
NB72,"Cửa sông Chanh, phía Đông Bắc xã Tiền Phong",2307350,407776,2026,1,ALL,,,,,,,,,,,,,0.0013612867332994,0.0015328304143622,0.0001038050686474,0.0006935271085239,0.0004331516101956,0.0001685166789684,0.0145163927227258,0.0006123249186202,
NB72,"Cửa sông Chanh, phía Đông Bắc xã Tiền Phong",2307350,407776,2026,2,ALL,,,,,,,,,,,,,0.0013036195887252,0.0016152068274095,0.0001038050686474,0.0040619359351694,0.0013102733064442,0.0001685166789684,0.0189308281987905,0.0005547569599002,
NB72,"Cửa sông Chanh, phía Đông Bắc xã Tiền Phong",2307350,407776,2026,3,ALL,,,,,,,,,,,,,0.001308208447881,0.0016147824935615,0.0001038050686474,0.0,0.0008634161786176,0.0001685166789684,0.0113149918615818,0.0003644886892288,
NB72,"Cửa sông Chanh, phía Đông Bắc xã Tiền Phong",2307350,407776,2026,4,ALL,,,,,,,,,,,,,0.001308208447881,0.002336207544431,0.0001038050686474,0.0025085781235247,0.0006078616133891,0.0001685166789684,0.0170961655676364,0.0,
NB74,"Luồng sông Voi Lớn, phía Nam xã Đồng Rui, Tiên Yên",2142967,461852,2025,1,cobia,6.019614219665527,23.503650665283203,8.124410629272461,27.73031997680664,0.0337963998317718,0.026320107281208,33.14371871948242,61.57218551635742,2.7215278148651123,0.0,134.39825439453125,0.0,,,,,,,,,
NB74,"Luồng sông Voi Lớn, phía Nam xã Đồng Rui, Tiên Yên",2142967,461852,2025,2,cobia,5.663504600524902,27.398666381835938,8.084880828857422,28.36573600769043,0.0396646447479724,0.0283915363252162,36.6890983581543,79.26891326904297,1.0844964981079102,4977.1123046875,120.75717163085938,0.0,,,,,,,,,
NB74,"Luồng sông Voi Lớn, phía Nam xã Đồng Rui, Tiên Yên",2142967,461852,2025,3,cobia,5.569937705993652,27.826950073242188,8.143631935119629,28.718461990356445,0.0398877821862697,0.0353108085691928,42.404632568359375,147.95834350585938,0.9472697973251344,4520.0634765625,117.26150512695312,0.0,,,,,,,,,
NB74,"Luồng sông Voi Lớn, phía Nam xã Đồng Rui, Tiên Yên",2142967,461852,2025,4,cobia,5.704989433288574,24.96790885925293,8.084912300109863,27.86402130126953,0.0409405194222927,0.0271987821906805,33.99739456176758,84.6330795288086,1.6737534999847412,3397.2216796875,104.54383850097656,0.0,,,,,,,,,
NB74,"Luồng sông Voi Lớn, phía Nam xã Đồng Rui, Tiên Yên",2142967,461852,2026,1,cobia,6.45771598815918,22.39262580871582,8.151301383972168,28.22543907165528,0.0465313047170639,0.0392407588660717,35.09845733642578,104.16454315185548,3.284219264984131,2794.592041015625,102.5189971923828,0.0,,,,,,,,,
NB74,"Luồng sông Voi Lớn, phía Nam xã Đồng Rui, Tiên Yên",2142967,461852,2026,2,cobia,5.375827789306641,26.213977813720703,8.047341346740723,29.37855339050293,0.0610762313008308,0.0600916221737861,33.141456604003906,101.79957580566406,2.974766492843628,3900.541015625,128.09622192382812,0.0,,,,,,,,,
NB74,"Luồng sông Voi Lớn, phía Nam xã Đồng Rui, Tiên Yên",2142967,461852,2026,3,cobia,10.83508586883545,27.527807235717773,8.098040580749512,30.61279487609864,0.0514744408428669,0.0685366094112396,33.85953140258789,90.5532455444336,2.208975076675415,4795.5546875,133.24046325683594,0.0,,,,,,,,,
NB74,"Luồng sông Voi Lớn, phía Nam xã Đồng Rui, Tiên Yên",2142967,461852,2026,4,cobia,7.283421993255615,25.003002166748047,8.199206352233887,30.35686492919922,0.0575692392885685,0.0434131659567356,36.15185928344727,105.59959411621094,2.044119358062744,0.0,101.24347686767578,0.0,,,,,,,,,
NB75,"Luồng sông Voi Lớn, ven bờ xã Hải Lạng, Tiên Yên",2352748,464214,2025,1,cobia,5.697563171386719,21.61400985717773,8.071172714233398,27.810148239135746,0.0392973236739635,0.019371211528778,33.47256088256836,100.1161880493164,5.41199254989624,0.0,113.5291976928711,0.0,,,,,,,,,
NB75,"Luồng sông Voi Lớn, ven bờ xã Hải Lạng, Tiên Yên",2352748,464214,2025,2,cobia,5.545368671417236,25.41175651550293,8.133820533752441,26.96128845214844,0.0459737218916416,0.0159723311662673,34.76552963256836,67.4223403930664,4.109819412231445,157.6693115234375,113.572021484375,0.0,,,,,,,,,
NB75,"Luồng sông Voi Lớn, ven bờ xã Hải Lạng, Tiên Yên",2352748,464214,2025,3,cobia,5.991788864135742,26.919960021972656,8.037064552307129,26.368139266967773,0.0550121963024139,0.0235539991408586,35.62456512451172,82.4100570678711,4.216305255889893,0.0,118.75772857666016,0.0,,,,,,,,,
NB75,"Luồng sông Voi Lớn, ven bờ xã Hải Lạng, Tiên Yên",2352748,464214,2025,4,cobia,5.83785343170166,25.01128578186035,8.045516967773438,28.22256851196289,0.0401496589183807,0.0208279900252819,34.88840103149414,76.07666015625,2.7941102981567383,0.0,129.6697235107422,0.0,,,,,,,,,
NB75,"Luồng sông Voi Lớn, ven bờ xã Hải Lạng, Tiên Yên",2352748,464214,2026,1,cobia,6.072618007659912,21.77933692932129,8.09397029876709,28.95768165588379,0.0448291823267936,0.0303694531321525,33.77692794799805,58.461421966552734,2.5263373851776123,163.8657989501953,115.37039184570312,0.0,,,,,,,,,
NB75,"Luồng sông Voi Lớn, ven bờ xã Hải Lạng, Tiên Yên",2352748,464214,2026,2,cobia,5.734665393829346,26.457368850708008,8.081095695495605,27.803211212158203,0.0606286227703094,0.0371515154838562,33.13926696777344,66.70709228515625,2.1926422119140625,0.0,120.8198699951172,0.0,,,,,,,,,
NB75,"Luồng sông Voi Lớn, ven bờ xã Hải Lạng, Tiên Yên",2352748,464214,2026,3,cobia,5.731404781341553,28.143667221069336,8.036144256591797,27.142711639404297,0.0415752939879894,0.044054165482521,40.307899475097656,77.8835678100586,2.437052726745605,0.0,122.8202667236328,0.0,,,,,,,,,
NB75,"Luồng sông Voi Lớn, ven bờ xã Hải Lạng, Tiên Yên",2352748,464214,2026,4,cobia,5.334462642669678,24.400203704833984,8.043116569519043,28.219528198242188,0.0408189333975315,0.0319758616387844,39.9785041809082,89.10199737548828,4.602151393890381,73.95919036865234,128.6715850830078,0.0,,,,,,,,,
NB73,"Cửa sông Kênh Trai, giáp ranh xã Tân An- Hoàng Tân",2315467,409808,2025,1,ALL,,,,,,,,,,,,,0.0014855570625513,0.0013103266246616,0.0001038050686474,0.0,0.0012580247130244,0.0001685166789684,0.0057174670509994,0.0004523149400483,
NB73,"Cửa sông Kênh Trai, giáp ranh xã Tân An- Hoàng Tân",2315467,409808,2025,2,ALL,,,,,,,,,,,,,0.0013036195887252,0.0016308062477037,0.0001038050686474,0.0002037418453255,0.0022878064773976,0.0001685166789684,0.0091486852616071,0.000543592555914,
NB73,"Cửa sông Kênh Trai, giáp ranh xã Tân An- Hoàng Tân",2315467,409808,2025,3,ALL,,,,,,,,,,,,,0.001308208447881,0.002180655254051,0.0001038050686474,0.000479359034216,0.000662911159452,0.0001685166789684,0.0121807157993316,0.00027083378518,
NB73,"Cửa sông Kênh Trai, giáp ranh xã Tân An- Hoàng Tân",2315467,409808,2025,4,ALL,,,,,,,,,,,,,0.001308208447881,0.0020270003005862,0.0001038050686474,0.0,0.0010552369058132,0.0001685166789684,0.020381586626172,0.000466653087642,
NB73,"Cửa sông Kênh Trai, giáp ranh xã Tân An- Hoàng Tân",2315467,409808,2026,1,ALL,,,,,,,,,,,,,0.001347028533928,0.0015220317291095,0.0001038050686474,0.000453206768725,0.0025988621637225,0.0001685166789684,0.0504120849072933,0.0008431234164163,
NB73,"Cửa sông Kênh Trai, giáp ranh xã Tân An- Hoàng Tân",2315467,409808,2026,2,ALL,,,,,,,,,,,,,0.0013036195887252,0.0015376488445326,0.0001038050686474,0.0062667992897331,0.0016700308769941,0.0001685166789684,0.0111672803759574,0.0010401641484349,
NB73,"Cửa sông Kênh Trai, giáp ranh xã Tân An- Hoàng Tân",2315467,409808,2026,3,ALL,,,,,,,,,,,,,0.0013036195887252,0.0019797186832875,0.0001038050686474,0.0,0.0011505846632644,0.0001685166789684,0.0160688459873199,0.0004364403139334,
NB73,"Cửa sông Kênh Trai, giáp ranh xã Tân An- Hoàng Tân",2315467,409808,2026,4,ALL,,,,,,,,,,,,,0.001308208447881,0.0020365514792501,0.0001038050686474,0.0001752303505782,0.0008003390394151,0.0001685166789684,0.0094728963449597,0.0003467493224889,
NB74,"Luồng sông Voi Lớn, phía Nam xã Đồng Rui, Tiên Yên",2142967,461852,2025,1,ALL,,,,,,,,,,,,,0.0014855570625513,0.0013204454444348,0.0001038050686474,0.0001147148941527,0.0004618418170139,0.0001685166789684,0.0142171327024698,0.0004735044203698,
NB74,"Luồng sông Voi Lớn, phía Nam xã Đồng Rui, Tiên Yên",2142967,461852,2025,2,ALL,,,,,,,,,,,,,0.0013036195887252,0.0017349157715216,0.0001038050686474,8.214287845476065e-06,0.0008812384912744,0.0001685166789684,0.0194717776030302,0.0007114878389984,
NB74,"Luồng sông Voi Lớn, phía Nam xã Đồng Rui, Tiên Yên",2142967,461852,2025,3,ALL,,,,,,,,,,,,,0.001308208447881,0.0020177962724119,0.0001038050686474,0.0032865018583834,0.0019643600098788,0.0001685166789684,0.01567261852324,0.0,
NB74,"Luồng sông Voi Lớn, phía Nam xã Đồng Rui, Tiên Yên",2142967,461852,2025,4,ALL,,,,,,,,,,,,,0.001308208447881,0.0014438363723456,0.0001038050686474,0.0,0.0003932957188226,0.0001685166789684,0.0169997680932283,0.0003514363779686,
NB74,"Luồng sông Voi Lớn, phía Nam xã Đồng Rui, Tiên Yên",2142967,461852,2026,1,ALL,,,,,,,,,,,,,0.0013566978741437,0.0014199635479599,0.0001038050686474,0.0003225177642889,0.0003858274430967,0.0001685166789684,0.0109301218762993,0.0005953579675406,
NB74,"Luồng sông Voi Lớn, phía Nam xã Đồng Rui, Tiên Yên",2142967,461852,2026,2,ALL,,,,,,,,,,,,,0.0013036195887252,0.0018600049661472,0.0001038050686474,0.0008182771271094,0.0005111045902594,0.0001685166789684,0.0028261446859687,0.0007675386732444,
NB74,"Luồng sông Voi Lớn, phía Nam xã Đồng Rui, Tiên Yên",2142967,461852,2026,3,ALL,,,,,,,,,,,,,0.001308208447881,0.0025758899282664,0.0001038050686474,0.0001138866864494,0.0007474004523828,0.0001685166789684,0.0274109113961458,0.0003497035067994,
NB74,"Luồng sông Voi Lớn, phía Nam xã Đồng Rui, Tiên Yên",2142967,461852,2026,4,ALL,,,,,,,,,,,,,0.001308208447881,0.0021070910152047,0.0001038050686474,0.0010544948745518,0.0021980814635753,0.0001685166789684,0.0213744882494211,0.0005173590034246,
NB75,"Luồng sông Voi Lớn, ven bờ xã Hải Lạng, Tiên Yên",2352748,464214,2025,1,ALL,,,,,,,,,,,,,0.0014855570625513,0.0012426475295796,0.0001038050686474,0.0001012406646623,0.0004230105550959,0.0001685166789684,0.0123482113704085,0.0004517023917287,
NB75,"Luồng sông Voi Lớn, ven bờ xã Hải Lạng, Tiên Yên",2352748,464214,2025,2,ALL,,,,,,,,,,,,,0.0013036195887252,0.0017746702069416,0.0001038050686474,0.0017817433690652,0.0006807139143347,0.0001685166789684,0.0204221066087484,0.0007200809195637,
NB75,"Luồng sông Voi Lớn, ven bờ xã Hải Lạng, Tiên Yên",2352748,464214,2025,3,ALL,,,,,,,,,,,,,0.001308208447881,0.0021152924746274,0.0001038050686474,0.0,0.0011882706312462,0.0001685166789684,0.0077490601688623,0.0,
NB75,"Luồng sông Voi Lớn, ven bờ xã Hải Lạng, Tiên Yên",2352748,464214,2025,4,ALL,,,,,,,,,,,,,0.001308208447881,0.0018603990320116,0.0001038050686474,0.0,0.0001572289766045,0.0001685166789684,0.03748270124197,0.0002888763556256,
NB75,"Luồng sông Voi Lớn, ven bờ xã Hải Lạng, Tiên Yên",2352748,464214,2026,1,ALL,,,,,,,,,,,,,0.0013612867332994,0.001545169041492,0.0001038050686474,0.0005264602368697,0.0008357267361134,0.0001685166789684,0.017126390710473,0.0005542169092223,
NB75,"Luồng sông Voi Lớn, ven bờ xã Hải Lạng, Tiên Yên",2352748,464214,2026,2,ALL,,,,,,,,,,,,,0.0013036195887252,0.0015687149716541,0.0001038050686474,0.0,0.0011763416696339,0.0001685166789684,0.0137351360172033,0.0003443840250838,
NB75,"Luồng sông Voi Lớn, ven bờ xã Hải Lạng, Tiên Yên",2352748,464214,2026,3,ALL,,,,,,,,,,,,,0.0013036195887252,0.0018678338965401,0.0001038050686474,0.0,0.0016797155840322,0.0001685166789684,0.0220733173191547,0.0006292889011092,
NB75,"Luồng sông Voi Lớn, ven bờ xã Hải Lạng, Tiên Yên",2352748,464214,2026,4,ALL,,,,,,,,,,,,,0.001308208447881,0.0020054567139595,0.0001038050686474,0.0,0.0007400866015814,0.0001685166789684,0.0096384165808558,0.0,
NB76,Khu vực cảng Mũi Chùa (cửa sông Tiên Yên),2354602,469532,2025,1,cobia,5.688579559326172,21.168025970458984,7.844220161437988,29.52068901062012,0.0432134717702865,0.0243185609579086,31.86319923400879,71.11564636230469,3.8481945991516113,0.0,121.3652114868164,0.0,,,,,,,,,
NB76,Khu vực cảng Mũi Chùa (cửa sông Tiên Yên),2354602,469532,2025,2,cobia,5.37958574295044,25.59218978881836,7.849020004272461,28.289772033691406,0.0587513521313667,0.0220640655606985,34.54065704345703,79.59217834472656,3.2262182235717773,0.0,121.05702209472656,0.0,,,,,,,,,
NB76,Khu vực cảng Mũi Chùa (cửa sông Tiên Yên),2354602,469532,2025,3,cobia,5.398548126220703,27.408143997192383,7.812936782836914,26.6274471282959,0.040674902498722,0.0380879864096641,36.42754364013672,94.16059112548828,3.477175712585449,1880.5194091796875,131.31353759765625,1.159294605255127,,,,,,,,,
NB76,Khu vực cảng Mũi Chùa (cửa sông Tiên Yên),2354602,469532,2025,4,cobia,5.04109001159668,24.850555419921875,7.828929424285889,26.79030036926269,0.0427399650216102,0.021678689867258,31.956174850463867,92.42477416992188,2.443387746810913,499.6271667480469,113.03433227539062,0.0,,,,,,,,,
NB76,Khu vực cảng Mũi Chùa (cửa sông Tiên Yên),2354602,469532,2026,1,cobia,5.504147052764893,22.482080459594727,7.89293098449707,28.39388656616211,0.0584914460778236,0.0486573353409767,33.21649169921875,91.84626007080078,3.711376667022705,1260.361083984375,131.42868041992188,0.0,,,,,,,,,
NB76,Khu vực cảng Mũi Chùa (cửa sông Tiên Yên),2354602,469532,2026,2,cobia,5.10397481918335,26.046077728271484,7.8189215660095215,28.52466583251953,0.075504682958126,0.047215785831213,32.9095458984375,80.142333984375,3.1019015312194824,1570.218017578125,111.76048278808594,2.669804573059082,,,,,,,,,
NB76,Khu vực cảng Mũi Chùa (cửa sông Tiên Yên),2354602,469532,2026,3,cobia,4.731558322906494,29.015729904174805,7.878383636474609,27.71283721923828,0.0529635213315486,0.035300750285387,36.12448120117188,84.72700500488281,2.561903715133667,2712.688720703125,101.2435073852539,0.0,,,,,,,,,
NB76,Khu vực cảng Mũi Chùa (cửa sông Tiên Yên),2354602,469532,2026,4,cobia,4.4768171310424805,26.009206771850582,7.900572299957275,27.65161323547364,0.0703270137310028,0.0384777784347534,37.29163360595703,103.82839965820312,3.877191066741944,5973.7041015625,119.7182846069336,0.0,,,,,,,,,
NB77,"Khu vực Hòn Thạch, Đầm Hà",2349384,482845,2025,1,cobia,6.45440149307251,21.626876831054688,8.121132850646973,29.83168601989746,0.049357384443283,0.0139772994443774,35.16429138183594,75.09840393066406,1.4620312452316284,0.0,127.43546295166016,0.0,,,,,,,,,
NB77,"Khu vực Hòn Thạch, Đầm Hà",2349384,482845,2025,2,cobia,6.398116111755371,25.04164695739746,8.159391403198242,30.173540115356445,0.0593307465314865,0.0201688501983881,36.64736175537109,85.9897689819336,0.6550599336624146,0.0,122.69007110595705,0.8902864456176758,,,,,,,,,
NB77,"Khu vực Hòn Thạch, Đầm Hà",2349384,482845,2025,3,cobia,6.6819610595703125,27.194629669189453,8.220372200012207,30.91837310791016,0.0349064692854881,0.037623330950737,44.33013534545898,122.46336364746094,2.058810949325561,602.1795043945312,132.6427764892578,0.0,,,,,,,,,
NB77,"Khu vực Hòn Thạch, Đầm Hà",2349384,482845,2025,4,cobia,6.485642433166504,25.551212310791016,8.211528778076172,30.25929450988769,0.0327385030686855,0.0253446456044912,37.23810577392578,104.44068145751952,0.7616883516311646,0.0,107.68409729003906,0.0,,,,,,,,,
NB77,"Khu vực Hòn Thạch, Đầm Hà",2349384,482845,2026,1,cobia,6.484325408935547,22.125606536865234,8.246977806091309,31.98659324645996,0.0389552898705005,0.0296969227492809,36.04365158081055,105.27012634277344,3.5148122310638428,0.0,132.0601043701172,0.0,,,,,,,,,
NB77,"Khu vực Hòn Thạch, Đầm Hà",2349384,482845,2026,2,cobia,5.816628932952881,26.614885330200195,8.152843475341797,32.371952056884766,0.0438079312443733,0.0366335362195968,39.40415573120117,122.61097717285156,4.112776756286621,0.0,130.97703552246094,5.874131679534912,,,,,,,,,
NB77,"Khu vực Hòn Thạch, Đầm Hà",2349384,482845,2026,3,cobia,6.308108806610107,28.94652557373047,8.213594436645508,31.49774932861328,0.0398329049348831,0.0520838871598243,37.86118698120117,95.89591217041016,1.1478134393692017,1017.2390747070312,153.89598083496094,2.8193259239196777,,,,,,,,,
NB77,"Khu vực Hòn Thạch, Đầm Hà",2349384,482845,2026,4,cobia,8.525313377380371,25.178560256958008,8.083144187927246,31.624116897583008,0.0424253568053245,0.0596278384327888,39.27030563354492,136.2292022705078,3.265666484832764,0.0,130.38693237304688,0.8007379770278931,,,,,,,,,
NB76,Khu vực cảng Mũi Chùa (cửa sông Tiên Yên),2354602,469532,2025,1,ALL,,,,,,,,,,,,,0.0014855570625513,0.001612149993889,0.0001038050686474,1.8884653400164098e-05,0.0007905972888693,0.0001685166789684,0.0111534306779503,0.0005089258193038,
NB76,Khu vực cảng Mũi Chùa (cửa sông Tiên Yên),2354602,469532,2025,2,ALL,,,,,,,,,,,,,0.001308208447881,0.0019170260056853,0.0001038050686474,0.0044695558026432,0.0007808826048858,0.0001685166789684,0.0280688572674989,0.0024142484180629,
NB76,Khu vực cảng Mũi Chùa (cửa sông Tiên Yên),2354602,469532,2025,3,ALL,,,,,,,,,,,,,0.001308208447881,0.002071278868243,0.0001038050686474,0.0012761401012539,0.0014956106897443,0.0001685166789684,0.0111727360635995,3.761766492971219e-05,
NB76,Khu vực cảng Mũi Chùa (cửa sông Tiên Yên),2354602,469532,2025,4,ALL,,,,,,,,,,,,,0.001308208447881,0.0016172050964087,0.0001038050686474,0.0,0.0010684094158932,0.0001685166789684,0.0189134646207094,0.0004789154336322,
NB76,Khu vực cảng Mũi Chùa (cửa sông Tiên Yên),2354602,469532,2026,1,ALL,,,,,,,,,,,,,0.0013612867332994,0.0013731394428759,0.0001038050686474,0.0,0.0014784302329644,0.0001685166789684,0.016789510846138,0.0006470289081335,
NB76,Khu vực cảng Mũi Chùa (cửa sông Tiên Yên),2354602,469532,2026,2,ALL,,,,,,,,,,,,,0.0013036195887252,0.0015391848282888,0.0001038050686474,0.0,0.0019752269145101,0.0001685166789684,0.0041071125306189,0.0001798647717805,
NB76,Khu vực cảng Mũi Chùa (cửa sông Tiên Yên),2354602,469532,2026,3,ALL,,,,,,,,,,,,,0.0013036195887252,0.0018056706758216,0.0001038050686474,1.4676585124107078e-05,0.000339195219567,0.0001685166789684,0.0314663611352443,0.0002934472286142,
NB76,Khu vực cảng Mũi Chùa (cửa sông Tiên Yên),2354602,469532,2026,4,ALL,,,,,,,,,,,,,0.001308208447881,0.0016085908282548,0.0001038050686474,0.0002120016579283,0.0006248981226235,0.0001685166789684,0.0117493914440274,0.0003684287075884,
NB77,"Khu vực Hòn Thạch, Đầm Hà",2349384,482845,2025,1,ALL,,,,,,,,,,,,,0.0014855570625513,0.0015541365137323,0.0001038050686474,0.000365299580153,0.0009890024084597,0.0001685166789684,0.0142904995009303,0.0004831164551433,
NB77,"Khu vực Hòn Thạch, Đầm Hà",2349384,482845,2025,2,ALL,,,,,,,,,,,,,0.0013036195887252,0.0017095319926738,0.0001038050686474,0.0,0.0013818113366141,0.0001685166789684,0.0168731994926929,0.0003701132955029,
NB77,"Khu vực Hòn Thạch, Đầm Hà",2349384,482845,2025,3,ALL,,,,,,,,,,,,,0.001308208447881,0.0021442775614559,0.0001038050686474,0.0,0.0007670132326893,0.0001685166789684,0.0037716296501457,0.0,
NB77,"Khu vực Hòn Thạch, Đầm Hà",2349384,482845,2025,4,ALL,,,,,,,,,,,,,0.001308208447881,0.0018004025332629,0.0001038050686474,0.0014171991497278,0.0004700334393419,0.0001685166789684,0.0468043722212314,0.0018203343497589,
NB77,"Khu vực Hòn Thạch, Đầm Hà",2349384,482845,2026,1,ALL,,,,,,,,,,,,,0.0013612867332994,0.0015194285660982,0.0001038050686474,0.0003722330729942,0.000240809211391,0.0001685166789684,0.0116879763081669,0.0006611525896005,
NB77,"Khu vực Hòn Thạch, Đầm Hà",2349384,482845,2026,2,ALL,,,,,,,,,,,,,0.0013036195887252,0.0018286627018824,0.0001038050686474,0.0005594826070591,0.0005410089506767,0.0001685166789684,0.0059463712386786,0.0006147288368083,
NB77,"Khu vực Hòn Thạch, Đầm Hà",2349384,482845,2026,3,ALL,,,,,,,,,,,,,0.001308208447881,0.0024573917035013,0.0001038050686474,0.000413061294239,0.0008923402056097,0.0001685166789684,0.0086225643754005,0.0004012499994132,
NB77,"Khu vực Hòn Thạch, Đầm Hà",2349384,482845,2026,4,ALL,,,,,,,,,,,,,0.001308208447881,0.00256261928007,0.0001038050686474,0.0,0.0006352640339173,0.0001685166789684,0.0134602300822734,0.0,
NB78,"Khu vực ven bờ xã Đầm Hà, huyện Đầm Hà (cửa sông Đầm Hà)",2157972,487264,2025,1,cobia,5.938397407531738,21.76700592041016,7.824742317199707,21.521970748901367,0.0316924005746841,0.0314120836555957,32.45980453491211,79.4988784790039,3.928450584411621,783.164306640625,118.18374633789062,0.0,,,,,,,,,
NB78,"Khu vực ven bờ xã Đầm Hà, huyện Đầm Hà (cửa sông Đầm Hà)",2157972,487264,2025,2,cobia,4.882749557495117,27.349071502685547,7.80548095703125,21.06451797485352,0.0394532531499862,0.0249492526054382,30.563718795776367,63.027137756347656,4.529575347900391,0.0,117.3939208984375,1.1614238023757937,,,,,,,,,
NB78,"Khu vực ven bờ xã Đầm Hà, huyện Đầm Hà (cửa sông Đầm Hà)",2157972,487264,2025,3,cobia,5.297947406768799,28.163503646850582,7.829829692840576,18.913822174072266,0.0328650511801242,0.0237332824617624,41.77954864501953,126.77197265625,5.278341293334961,162.05511474609375,132.6791229248047,0.5970366597175598,,,,,,,,,
NB78,"Khu vực ven bờ xã Đầm Hà, huyện Đầm Hà (cửa sông Đầm Hà)",2157972,487264,2025,4,cobia,5.7368903160095215,23.79899406433105,7.847779750823975,23.405691146850582,0.0387503653764724,0.0152704929932951,34.634552001953125,103.52537536621094,6.616751670837402,0.0,96.12713623046876,5.821231842041016,,,,,,,,,
NB78,"Khu vực ven bờ xã Đầm Hà, huyện Đầm Hà (cửa sông Đầm Hà)",2157972,487264,2026,1,cobia,5.741858005523682,22.996517181396484,7.7273688316345215,16.344100952148438,0.0367217548191547,0.0545490570366382,34.0738410949707,96.85032653808594,6.442466735839844,0.0,122.45458984375,0.0,,,,,,,,,
NB78,"Khu vực ven bờ xã Đầm Hà, huyện Đầm Hà (cửa sông Đầm Hà)",2157972,487264,2026,2,cobia,5.043748378753662,27.404773712158203,7.678033351898193,16.664077758789062,0.0491304136812686,0.0338647030293941,38.609519958496094,82.27740478515625,11.6979398727417,0.0,128.8311767578125,1.9004822969436648,,,,,,,,,
NB78,"Khu vực ven bờ xã Đầm Hà, huyện Đầm Hà (cửa sông Đầm Hà)",2157972,487264,2026,3,cobia,5.072178363800049,29.04096412658692,7.610805988311768,19.574174880981445,0.0448940396308898,0.0214567240327596,38.762657165527344,112.42608642578124,12.683419227600098,0.0,144.59751892089844,0.0,,,,,,,,,
NB78,"Khu vực ven bờ xã Đầm Hà, huyện Đầm Hà (cửa sông Đầm Hà)",2157972,487264,2026,4,cobia,5.290496826171875,24.234418869018555,7.654735565185547,22.68106842041016,0.0469827838242054,0.0185565333813428,34.65462112426758,98.40496826171876,10.025551795959473,0.0,142.0570068359375,0.0,,,,,,,,,
NB79,"Khu vực cửa sông Đường Hoa, huyện Hải Hà",2361229,492995,2025,1,cobia,5.6900739669799805,20.74136734008789,8.039437294006348,27.533876419067383,0.0329381488263607,0.0201368536800146,34.228416442871094,62.26422500610352,5.200673580169678,2020.9571533203125,128.34434509277344,0.0,,,,,,,,,
NB79,"Khu vực cửa sông Đường Hoa, huyện Hải Hà",2361229,492995,2025,2,cobia,4.9534687995910645,25.144472122192383,8.050139427185059,27.72739601135254,0.0442529805004596,0.0219330340623855,29.40811920166016,52.42757797241211,4.831427574157715,0.0,113.92180633544922,0.0,,,,,,,,,
NB79,"Khu vực cửa sông Đường Hoa, huyện Hải Hà",2361229,492995,2025,3,cobia,5.826182842254639,28.127256393432617,8.086610794067383,27.71402931213379,0.0322077572345733,0.0275451075285673,36.03078842163086,67.12272644042969,4.710136413574219,265.6844787597656,129.1656494140625,0.0,,,,,,,,,
NB79,"Khu vực cửa sông Đường Hoa, huyện Hải Hà",2361229,492995,2025,4,cobia,5.707175254821777,22.91877555847168,8.132397651672363,28.27425765991211,0.0388142727315425,0.0213637482374906,35.61658477783203,88.09772491455078,4.293858528137207,0.0,123.46735382080078,0.0,,,,,,,,,
NB79,"Khu vực cửa sông Đường Hoa, huyện Hải Hà",2361229,492995,2026,1,cobia,5.692197322845459,20.162643432617188,8.144272804260254,28.470701217651367,0.0477952659130096,0.0354865863919258,36.125789642333984,102.01283264160156,4.170809268951416,0.0,122.85093688964844,0.7659996747970581,,,,,,,,,
NB79,"Khu vực cửa sông Đường Hoa, huyện Hải Hà",2361229,492995,2026,2,cobia,5.27982759475708,25.118549346923828,8.011034965515137,28.30398941040039,0.0717542394995689,0.0329509936273098,33.81324768066406,93.6583251953125,4.725430965423584,0.0,111.12792205810548,0.0,,,,,,,,,
NB79,"Khu vực cửa sông Đường Hoa, huyện Hải Hà",2361229,492995,2026,3,cobia,6.2918806076049805,28.664695739746094,8.07274341583252,28.43412208557129,0.046955931931734,0.0593573786318302,38.70054244995117,74.17515563964844,4.001974582672119,156.30419921875,138.67991638183594,0.0,,,,,,,,,
NB79,"Khu vực cửa sông Đường Hoa, huyện Hải Hà",2361229,492995,2026,4,cobia,8.135972023010254,23.72268295288086,8.122883796691895,29.21009826660156,0.0562437996268272,0.038329541683197,33.537052154541016,78.93619537353516,3.738752841949463,0.0,114.38985443115234,2.2745838165283203,,,,,,,,,
NB80,"Khu vực Bắc Hòn Mỹ, Hải Hà",2362684,497074,2025,1,cobia,6.095611572265625,20.706796646118164,8.126957893371582,29.42837905883789,0.0385003052651882,0.0199434626847505,37.06675338745117,79.29733276367188,1.383308172225952,0.0,119.94156646728516,0.0,,,,,,,,,
NB80,"Khu vực Bắc Hòn Mỹ, Hải Hà",2362684,497074,2025,2,cobia,6.122046947479248,25.263750076293945,8.138806343078613,30.34404754638672,0.0462984964251518,0.0162342935800552,35.032859802246094,61.11424255371094,2.540104389190674,222.71343994140625,114.6636734008789,0.6312227249145508,,,,,,,,,
NB80,"Khu vực Bắc Hòn Mỹ, Hải Hà",2362684,497074,2025,3,cobia,6.134461402893066,27.098276138305664,8.218155860900879,30.50202178955078,0.0396259166300296,0.0143379149958491,38.71685791015625,65.82193756103516,1.380159854888916,527.2074584960938,116.28561401367188,0.0,,,,,,,,,
NB80,"Khu vực Bắc Hòn Mỹ, Hải Hà",2362684,497074,2025,4,cobia,6.014317512512207,23.872182846069336,8.266471862792969,30.591571807861328,0.0390082709491252,0.017049690708518,36.16566848754883,101.01590728759766,0.8871263265609741,0.0,136.30178833007812,1.061699390411377,,,,,,,,,
NB80,"Khu vực Bắc Hòn Mỹ, Hải Hà",2362684,497074,2026,1,cobia,6.521517753601074,20.90132713317871,8.324173927307129,32.61924743652344,0.0463748313486576,0.0223565883934497,37.73715591430664,89.58232879638672,3.939355850219727,0.0,113.31379699707033,0.370608925819397,,,,,,,,,
NB80,"Khu vực Bắc Hòn Mỹ, Hải Hà",2362684,497074,2026,2,cobia,6.260651111602783,27.520309448242188,8.254402160644531,31.115211486816406,0.0579078160226345,0.019806770607829,34.65544128417969,79.5208511352539,2.288835525512696,0.0,115.5853042602539,3.266462802886963,,,,,,,,,
NB80,"Khu vực Bắc Hòn Mỹ, Hải Hà",2362684,497074,2026,3,cobia,6.9307403564453125,27.142576217651367,8.262776374816895,32.56281661987305,0.0493301041424274,0.0309835616499185,40.09369659423828,100.9857940673828,0.8406690955162048,0.0,130.09246826171875,0.7521874904632568,,,,,,,,,
NB80,"Khu vực Bắc Hòn Mỹ, Hải Hà",2362684,497074,2026,4,cobia,5.788730144500732,25.791486740112305,8.185041427612305,32.13235092163086,0.047374103218317,0.0288964882493019,38.34359359741211,103.90045166015624,3.899686336517334,0.0,128.2993927001953,4.683135032653809,,,,,,,,,
NB78,"Khu vực ven bờ xã Đầm Hà, huyện Đầm Hà (cửa sông Đầm Hà)",2157972,487264,2025,1,ALL,,,,,,,,,,,,,0.0014855570625513,0.001324136625044,0.0001038050686474,8.577502012485638e-05,9.716286149341612e-05,0.0001735203550197,0.0019519933266565,0.0004913000157102,
NB78,"Khu vực ven bờ xã Đầm Hà, huyện Đầm Hà (cửa sông Đầm Hà)",2157972,487264,2025,2,ALL,,,,,,,,,,,,,0.0013036195887252,0.0017973801586776,0.0001038050686474,0.0002613275428302,0.0011929649626836,0.0001685166789684,0.0295697394758462,0.0008621950983069,
NB78,"Khu vực ven bờ xã Đầm Hà, huyện Đầm Hà (cửa sông Đầm Hà)",2157972,487264,2025,3,ALL,,,,,,,,,,,,,0.001308208447881,0.0022550511639565,0.0001038050686474,0.0012386792805045,0.0015082983300089,0.0001685166789684,0.0163390394300222,0.0,
NB78,"Khu vực ven bờ xã Đầm Hà, huyện Đầm Hà (cửa sông Đầm Hà)",2157972,487264,2025,4,ALL,,,,,,,,,,,,,0.001308208447881,0.0015454187523573,0.0001038050686474,0.0,0.0004399465397,0.0001685166789684,0.0166672281920909,0.0003514363779686,
NB78,"Khu vực ven bờ xã Đầm Hà, huyện Đầm Hà (cửa sông Đầm Hà)",2157972,487264,2026,1,ALL,,,,,,,,,,,,,0.0013424396747723,0.0015081232413649,0.0001038050686474,0.0041510239243507,0.0012809366453438,0.0001685166789684,0.0293579716235399,0.0006253215833567,
NB78,"Khu vực ven bờ xã Đầm Hà, huyện Đầm Hà (cửa sông Đầm Hà)",2157972,487264,2026,2,ALL,,,,,,,,,,,,,0.0013036195887252,0.0015094620175659,0.0001038050686474,0.0,0.0011934603098779,0.0001685166789684,0.0085564656183123,0.0004010551492683,
NB78,"Khu vực ven bờ xã Đầm Hà, huyện Đầm Hà (cửa sông Đầm Hà)",2157972,487264,2026,3,ALL,,,,,,,,,,,,,0.0013036195887252,0.0023415414616465,0.0001038050686474,0.0,0.0002265615185024,0.0001685166789684,0.0116837192326784,0.0002162644959753,
NB78,"Khu vực ven bờ xã Đầm Hà, huyện Đầm Hà (cửa sông Đầm Hà)",2157972,487264,2026,4,ALL,,,,,,,,,,,,,0.001308208447881,0.001922866795212,0.0001038050686474,0.0001452329597668,0.0005746650276705,0.0001685166789684,0.008436850272119,0.0004021372878924,
NB79,"Khu vực cửa sông Đường Hoa, huyện Hải Hà",2361229,492995,2025,1,ALL,,,,,,,,,,,,,0.0014855570625513,0.0015051993541419,0.0001038050686474,0.0,0.0008710974361747,0.0001685166789684,0.0247934702783823,0.0005097731482237,
NB79,"Khu vực cửa sông Đường Hoa, huyện Hải Hà",2361229,492995,2025,2,ALL,,,,,,,,,,,,,0.0013036195887252,0.001531005022116,0.0001038050686474,0.0,0.0017530146287754,0.0001685166789684,0.012431813403964,0.0002390561276115,
NB79,"Khu vực cửa sông Đường Hoa, huyện Hải Hà",2361229,492995,2025,3,ALL,,,,,,,,,,,,,0.0013036195887252,0.0016081477515399,0.0001038050686474,0.0007272057118825,0.0004900186904706,0.0001685166789684,0.0444569289684295,0.0004539935907814,
NB79,"Khu vực cửa sông Đường Hoa, huyện Hải Hà",2361229,492995,2025,4,ALL,,,,,,,,,,,,,0.001308208447881,0.0017565536545589,0.0001038050686474,0.0005231389659456,0.0008257803274318,0.0001685166789684,0.0261876098811626,0.0004526710836216,
NB79,"Khu vực cửa sông Đường Hoa, huyện Hải Hà",2361229,492995,2026,1,ALL,,,,,,,,,,,,,0.0013612867332994,0.001486302819103,0.0001038050686474,0.0,0.0015334428753703,0.0001685166789684,0.0155603475868701,0.0004918693448416,
NB79,"Khu vực cửa sông Đường Hoa, huyện Hải Hà",2361229,492995,2026,2,ALL,,,,,,,,,,,,,0.0013036195887252,0.0015888226917013,0.0001038050686474,0.0,0.0018099918961524,0.0001685166789684,0.0039740530773997,0.0005062050768174,
NB79,"Khu vực cửa sông Đường Hoa, huyện Hải Hà",2361229,492995,2026,3,ALL,,,,,,,,,,,,,0.0013036195887252,0.0025593722239136,0.0001038050686474,0.0,0.0004377937875688,0.0001685166789684,0.0310814101248979,0.0,
NB79,"Khu vực cửa sông Đường Hoa, huyện Hải Hà",2361229,492995,2026,4,ALL,,,,,,,,,,,,,0.001308208447881,0.001762636937201,0.0001038050686474,0.0009819675469771,0.001279070507735,0.0001685166789684,0.022587290033698,0.0003684287075884,
NB81,"Khu vực ven bờ xã Quảng Phong, Hải Hà (phía Bắc Đảo Miều)",2364428,499994,2025,1,cobia,6.124285697937012,20.28046226501465,8.129450798034668,30.4943790435791,0.0616276040673255,0.0198184326291084,36.31086730957031,63.81092071533203,0.7031431794166565,0.0,129.24227905273438,0.0,,,,,,,,,
NB81,"Khu vực ven bờ xã Quảng Phong, Hải Hà (phía Bắc Đảo Miều)",2364428,499994,2025,2,cobia,6.153064250946045,25.72637939453125,8.214546203613281,31.62298583984375,0.0661187544465065,0.0203142426908016,37.71621322631836,81.17937469482422,1.9637608528137207,349.9209289550781,112.3202667236328,0.0,,,,,,,,,
NB81,"Khu vực ven bờ xã Quảng Phong, Hải Hà (phía Bắc Đảo Miều)",2364428,499994,2025,3,cobia,5.911975860595703,28.375940322875977,8.267587661743164,31.2535457611084,0.0482538305222988,0.0259944591671228,33.824607849121094,80.74571990966797,2.897177219390869,0.0,101.69290161132812,0.0,,,,,,,,,
NB81,"Khu vực ven bờ xã Quảng Phong, Hải Hà (phía Bắc Đảo Miều)",2364428,499994,2025,4,cobia,6.157305717468262,23.181724548339844,8.234148979187012,30.42399406433105,0.0442237555980682,0.0207380484789609,37.00758743286133,104.85547637939452,0.0,0.0,133.64785766601562,0.0,,,,,,,,,
NB81,"Khu vực ven bờ xã Quảng Phong, Hải Hà (phía Bắc Đảo Miều)",2364428,499994,2026,1,cobia,6.597165107727051,21.230693817138672,8.254870414733887,32.022586822509766,0.0599841997027397,0.0268006082624197,36.51505279541016,104.94232940673828,5.083315849304199,0.0,98.92095184326172,6.717390060424805,,,,,,,,,
NB81,"Khu vực ven bờ xã Quảng Phong, Hải Hà (phía Bắc Đảo Miều)",2364428,499994,2026,2,cobia,6.146831512451172,27.198776245117188,8.222089767456055,31.66874313354492,0.065586544573307,0.0398724190890789,38.95074081420898,104.28010559082033,3.2701148986816406,2.9056968688964844,131.0697479248047,1.4874191284179688,,,,,,,,,
NB81,"Khu vực ven bờ xã Quảng Phong, Hải Hà (phía Bắc Đảo Miều)",2364428,499994,2026,3,cobia,6.747491836547852,28.66295051574707,8.150940895080566,31.40462684631348,0.0650684610009193,0.048829585313797,38.518672943115234,86.2549819946289,2.280596971511841,0.0,126.81021881103516,2.0760338306427,,,,,,,,,
NB81,"Khu vực ven bờ xã Quảng Phong, Hải Hà (phía Bắc Đảo Miều)",2364428,499994,2026,4,cobia,9.378591537475586,24.488109588623047,8.160478591918945,31.492691040039062,0.0595335140824317,0.0362117476761341,38.271141052246094,134.6089324951172,3.39363431930542,166.5000762939453,127.63690185546876,6.2903313636779785,,,,,,,,,
NB80,"Khu vực Bắc Hòn Mỹ, Hải Hà",2362684,497074,2025,1,ALL,,,,,,,,,,,,,0.0014855570625513,0.0013163883704692,0.0001038050686474,6.50002111797221e-05,0.0003242570674046,0.0001685166789684,0.0,0.000459886417957,
NB80,"Khu vực Bắc Hòn Mỹ, Hải Hà",2362684,497074,2025,2,ALL,,,,,,,,,,,,,0.0013036195887252,0.0017584646120667,0.0001038050686474,0.0001086446791305,0.0006062920438125,0.0001685166789684,0.018351437523961,0.00068911886774,
NB80,"Khu vực Bắc Hòn Mỹ, Hải Hà",2362684,497074,2025,3,ALL,,,,,,,,,,,,,0.001308208447881,0.0021578019950538,0.0001038050686474,0.0031930112745612,0.0022498446051031,0.0001685166789684,0.0214119665324687,0.0013403436169028,
NB80,"Khu vực Bắc Hòn Mỹ, Hải Hà",2362684,497074,2025,4,ALL,,,,,,,,,,,,,0.001308208447881,0.0016317326808348,0.0001038050686474,0.0002567032643128,0.0004854308790527,0.0001685166789684,0.0139775956049561,0.001044838107191,
NB80,"Khu vực Bắc Hòn Mỹ, Hải Hà",2362684,497074,2026,1,ALL,,,,,,,,,,,,,0.001347028533928,0.001412000041455,0.0001038050686474,0.0080108977854251,0.001166146248579,0.0001685166789684,0.0193551424890756,0.0008225988713093,
NB80,"Khu vực Bắc Hòn Mỹ, Hải Hà",2362684,497074,2026,2,ALL,,,,,,,,,,,,,0.0013036195887252,0.0015227744588628,0.0001038050686474,0.0,0.0012773387134075,0.0001685166789684,0.0099806124344468,0.0002483043062966,
NB80,"Khu vực Bắc Hòn Mỹ, Hải Hà",2362684,497074,2026,3,ALL,,,,,,,,,,,,,0.0013036195887252,0.0021530594676733,0.0001038050686474,9.903837053570896e-05,0.0004966363776475,0.0001685166789684,0.0065774866379797,0.0002285108494106,
NB80,"Khu vực Bắc Hòn Mỹ, Hải Hà",2362684,497074,2026,4,ALL,,,,,,,,,,,,,0.001308208447881,0.0019386116182431,0.0001038050686474,0.0002024540590355,0.0012994114076718,0.0001685166789684,0.0210405811667442,0.0003915140114258,
NB81,"Khu vực ven bờ xã Quảng Phong, Hải Hà (phía Bắc Đảo Miều)",2364428,499994,2025,1,ALL,,,,,,,,,,,,,0.0014855570625513,0.0012121208710595,0.0001038050686474,0.000128257102915,0.0003866656916216,0.0001685166789684,0.0,0.0004954088362865,
NB81,"Khu vực ven bờ xã Quảng Phong, Hải Hà (phía Bắc Đảo Miều)",2364428,499994,2025,2,ALL,,,,,,,,,,,,,0.0013036195887252,0.0017592078074812,0.0001038050686474,8.38729101815261e-05,0.0007809967501088,0.0001685166789684,0.0197050869464874,0.0006825951277278,
NB81,"Khu vực ven bờ xã Quảng Phong, Hải Hà (phía Bắc Đảo Miều)",2364428,499994,2025,3,ALL,,,,,,,,,,,,,0.001308208447881,0.0020875963382422,0.0001038050686474,0.0081364782527089,0.0019565757829695,0.0001685166789684,0.0227062758058309,0.0009303818806074,
NB81,"Khu vực ven bờ xã Quảng Phong, Hải Hà (phía Bắc Đảo Miều)",2364428,499994,2025,4,ALL,,,,,,,,,,,,,0.001308208447881,0.0016072961734607,0.0001038050686474,0.0026866048574447,0.003138056024909,0.0001685166789684,0.0186082329601049,0.0028113892767578,
NB81,"Khu vực ven bờ xã Quảng Phong, Hải Hà (phía Bắc Đảo Miều)",2364428,499994,2026,1,ALL,,,,,,,,,,,,,0.001347028533928,0.0015188356628641,0.0001038050686474,0.0031474698334932,0.0014764179941266,0.0001685166789684,0.0140276188030838,0.001392105477862,
NB81,"Khu vực ven bờ xã Quảng Phong, Hải Hà (phía Bắc Đảo Miều)",2364428,499994,2026,2,ALL,,,,,,,,,,,,,0.0013036195887252,0.0015013222582638,0.0001038050686474,0.0,0.0010865326039493,0.0001685166789684,0.0091992076486349,0.0007418901077471,
NB81,"Khu vực ven bờ xã Quảng Phong, Hải Hà (phía Bắc Đảo Miều)",2364428,499994,2026,3,ALL,,,,,,,,,,,,,0.0013036195887252,0.0024241206701844,0.0001038050686474,0.0009616830502636,0.0007088158745318,0.0001685166789684,0.0100540816783905,0.0001556942297611,
NB81,"Khu vực ven bờ xã Quảng Phong, Hải Hà (phía Bắc Đảo Miều)",2364428,499994,2026,4,ALL,,,,,,,,,,,,,0.001308208447881,0.0020169529598206,0.0001038050686474,0.0001113578327931,0.0009589259861968,0.0001685166789684,0.0014172918163239,0.000370156369172,
NB82,"Khu bến phà Cái Chiên phía Băc đảo Cái Chiên, Hải Hà",2359689,500633,2025,1,cobia,6.140781879425049,20.925678253173828,8.11133861541748,31.227840423583984,0.0610963739454746,0.0206106249243021,35.21696472167969,58.09936141967773,1.9495184421539309,0.0,106.9975357055664,0.0,,,,,,,,,
NB82,"Khu bến phà Cái Chiên phía Băc đảo Cái Chiên, Hải Hà",2359689,500633,2025,2,cobia,6.242600440979004,25.75519371032715,8.166775703430176,31.19301414489746,0.0675475448369979,0.0238283053040504,37.86488342285156,78.49278259277344,1.5077375173568726,0.0,128.3777313232422,0.0,,,,,,,,,
NB82,"Khu bến phà Cái Chiên phía Băc đảo Cái Chiên, Hải Hà",2359689,500633,2025,3,cobia,6.7817230224609375,27.63410377502441,8.157735824584961,31.6042537689209,0.0398920364677906,0.0362692922353744,42.47190475463867,93.91842651367188,1.5055537223815918,0.0,123.5901107788086,0.0,,,,,,,,,
NB82,"Khu bến phà Cái Chiên phía Băc đảo Cái Chiên, Hải Hà",2359689,500633,2025,4,cobia,6.029314994812012,24.308818817138672,8.189491271972656,31.4146785736084,0.0272634718567132,0.0216818414628505,32.16004180908203,95.56198120117188,0.3779381215572357,0.0,119.181640625,0.1146891638636589,,,,,,,,,
NB82,"Khu bến phà Cái Chiên phía Băc đảo Cái Chiên, Hải Hà",2359689,500633,2026,1,cobia,6.753318309783936,21.249963760375977,8.242741584777832,32.40932846069336,0.0471362471580505,0.0213272273540496,35.486671447753906,95.85356903076172,3.2106666564941406,0.0,122.075927734375,2.635956287384033,,,,,,,,,
NB82,"Khu bến phà Cái Chiên phía Băc đảo Cái Chiên, Hải Hà",2359689,500633,2026,2,cobia,6.537711143493652,26.52421760559082,8.237261772155762,31.295316696166992,0.0585208050906658,0.0385424084961414,37.18966293334961,104.4692840576172,3.0151407718658447,0.0,137.386962890625,5.2776055335998535,,,,,,,,,
NB82,"Khu bến phà Cái Chiên phía Băc đảo Cái Chiên, Hải Hà",2359689,500633,2026,3,cobia,6.33058500289917,28.90192413330078,8.108463287353516,31.754802703857425,0.0341988243162632,0.0492919795215129,43.6640510559082,109.7905502319336,1.99117112159729,485.58050537109375,152.65843200683594,5.562496185302734,,,,,,,,,
NB82,"Khu bến phà Cái Chiên phía Băc đảo Cái Chiên, Hải Hà",2359689,500633,2026,4,cobia,8.94943904876709,25.869882583618164,8.079183578491211,32.04978561401367,0.0559002868831157,0.0584648214280605,31.20003318786621,99.30628967285156,3.5621654987335205,0.0,120.18601989746094,6.771218776702881,,,,,,,,,
NB83,"Bãi tắm Đầu Rồng- xã Cái Chiên, Hải Hà",2356931,499505,2025,1,cobia,6.282764434814453,20.873788833618164,8.122726440429688,30.99970436096192,0.029790649190545,0.0173203200101852,26.871545791625977,42.92540740966797,1.8650060892105105,0.0,116.75203704833984,0.0,,,,,,,,,
NB83,"Bãi tắm Đầu Rồng- xã Cái Chiên, Hải Hà",2356931,499505,2025,2,cobia,6.548364639282227,25.516475677490234,8.136305809020996,31.705310821533203,0.0442214198410511,0.0147001640871167,35.738372802734375,68.62285614013672,0.7718929648399353,158.98338317871094,122.9324722290039,0.0,,,,,,,,,
NB83,"Bãi tắm Đầu Rồng- xã Cái Chiên, Hải Hà",2356931,499505,2025,3,cobia,6.535318851470947,27.544452667236328,8.191662788391113,32.25358963012695,0.0367750227451324,0.0257977582514286,35.762786865234375,93.05521392822266,0.0,0.0,116.08879852294922,0.0,,,,,,,,,
NB83,"Bãi tắm Đầu Rồng- xã Cái Chiên, Hải Hà",2356931,499505,2025,4,cobia,6.237865447998047,24.49448585510254,8.199281692504883,31.054237365722656,0.0265715811401605,0.0169367156922817,37.22188949584961,120.29226684570312,0.0,0.0,131.14105224609375,0.0,,,,,,,,,
NB83,"Bãi tắm Đầu Rồng- xã Cái Chiên, Hải Hà",2356931,499505,2026,1,cobia,6.420943260192871,21.166223526000977,8.272994041442871,32.299259185791016,0.0343665294349193,0.0256113577634096,38.06137466430664,71.8689193725586,3.2069616317749023,0.0,129.39492797851562,6.275108814239502,,,,,,,,,
NB83,"Bãi tắm Đầu Rồng- xã Cái Chiên, Hải Hà",2356931,499505,2026,2,cobia,6.216890335083008,27.0076961517334,8.209166526794434,32.09992599487305,0.0421780608594417,0.0346259027719497,33.53437423706055,116.78313446044922,3.010870695114136,0.0,118.73749542236328,1.3887666463851929,,,,,,,,,
NB83,"Bãi tắm Đầu Rồng- xã Cái Chiên, Hải Hà",2356931,499505,2026,3,cobia,6.538695335388184,27.519433975219727,8.045201301574707,32.34807205200195,0.0322631523013114,0.0525384619832038,38.87411117553711,134.98178100585938,3.110973358154297,0.0,144.5338134765625,2.962111711502075,,,,,,,,,
NB83,"Bãi tắm Đầu Rồng- xã Cái Chiên, Hải Hà",2356931,499505,2026,4,cobia,7.125568866729736,25.3408145904541,8.175192832946777,32.0307731628418,0.0400964990258216,0.0473061166703701,33.62937927246094,78.68603515625,3.568696975708008,0.0,136.11851501464844,5.988694667816162,,,,,,,,,
NB84,Ven bờ phía Tây đảo Vĩnh Thực- Móng Cái,2362922,508334,2025,1,cobia,6.280460357666016,20.330968856811523,8.134190559387207,30.30875587463379,0.0771487727761268,0.0240297019481658,42.51471710205078,111.85649871826172,2.5414366722106934,249.28858947753903,127.43417358398438,0.0,,,,,,,,,
NB84,Ven bờ phía Tây đảo Vĩnh Thực- Móng Cái,2362922,508334,2025,2,cobia,6.5936431884765625,24.92692947387696,8.09157657623291,30.08395767211914,0.08259217441082,0.0305611323565244,40.912479400634766,105.49579620361328,1.8665482997894287,2469.052490234375,125.77703857421876,0.0,,,,,,,,,
NB84,Ven bờ phía Tây đảo Vĩnh Thực- Móng Cái,2362922,508334,2025,3,cobia,6.3804931640625,28.844871520996094,8.111344337463379,30.551654815673828,0.054752442985773,0.0485353283584117,41.2704963684082,116.2547378540039,2.298065662384033,4164.751953125,122.88377380371094,0.0,,,,,,,,,
NB84,Ven bờ phía Tây đảo Vĩnh Thực- Móng Cái,2362922,508334,2025,4,cobia,6.20620584487915,24.25152587890625,8.159745216369629,30.711715698242188,0.0587709322571754,0.031153280287981,33.10649871826172,94.73263549804688,0.0,1507.18212890625,133.24221801757812,0.0,,,,,,,,,
NB84,Ven bờ phía Tây đảo Vĩnh Thực- Móng Cái,2362922,508334,2026,1,cobia,6.347230911254883,21.45962905883789,8.12186050415039,31.626489639282227,0.0769579634070396,0.0320754721760749,31.1416130065918,119.55831909179688,2.157452344894409,24.133241653442383,115.18136596679688,0.0,,,,,,,,,
NB84,Ven bờ phía Tây đảo Vĩnh Thực- Móng Cái,2362922,508334,2026,2,cobia,6.170467376708984,26.85784721374512,8.120819091796875,31.143281936645508,0.0805795714259147,0.037773497402668,37.14204406738281,90.4900894165039,1.91145133972168,0.0,105.33386993408205,2.771802425384521,,,,,,,,,
NB84,Ven bờ phía Tây đảo Vĩnh Thực- Móng Cái,2362922,508334,2026,3,cobia,6.594974994659424,30.07315826416016,8.098318099975586,31.476295471191406,0.0533527769148349,0.0492172464728355,44.25999450683594,123.06071472167967,0.7502292394638062,0.0,119.36441040039062,0.0,,,,,,,,,
NB84,Ven bờ phía Tây đảo Vĩnh Thực- Móng Cái,2362922,508334,2026,4,cobia,9.423270225524902,25.4121036529541,8.100700378417969,31.65527534484864,0.0454511307179927,0.0514028556644916,32.13685989379883,111.5617904663086,1.8657537698745728,0.0,136.1028594970703,12.075289726257324,,,,,,,,,
NB85,Ven bờ xã Quảng Nghĩa -Móng Cái,2374296,507087,2025,1,cobia,5.817451000213623,21.57382583618164,7.65587043762207,25.798240661621094,0.0427091754972934,0.0188331305980682,32.74795913696289,73.08822631835938,3.332340717315674,13.494625091552734,109.59093475341795,0.5584166049957275,,,,,,,,,
NB85,Ven bờ xã Quảng Nghĩa -Móng Cái,2374296,507087,2025,2,cobia,4.985833644866943,25.90401268005371,7.697979927062988,21.97618293762207,0.0581314042210578,0.0080977519974112,35.21282958984375,93.51361083984376,2.028716802597046,0.0,119.41322326660156,0.0,,,,,,,,,
NB85,Ven bờ xã Quảng Nghĩa -Móng Cái,2374296,507087,2025,3,cobia,5.874589920043945,27.55142402648925,7.506354808807373,20.33599281311035,0.0393086820840835,0.0216147620230913,43.62565612792969,130.90626525878906,3.771260976791382,1001.3024291992188,138.38783264160156,0.0,,,,,,,,,
NB85,Ven bờ xã Quảng Nghĩa -Móng Cái,2374296,507087,2025,4,cobia,5.7920026779174805,23.94072914123535,7.770430088043213,24.66046142578125,0.0390652976930141,0.0274417456239461,29.550901412963867,69.20797729492188,4.456227779388428,0.0,119.48367309570312,5.256970405578613,,,,,,,,,
NB85,Ven bờ xã Quảng Nghĩa -Móng Cái,2374296,507087,2026,1,cobia,6.193212985992432,22.87250709533692,7.702113151550293,24.39469146728516,0.0454685948789119,0.0208809748291969,31.22812271118164,76.69869995117188,2.8108139038085938,0.0,111.26407623291016,0.0,,,,,,,,,
NB85,Ven bờ xã Quảng Nghĩa -Móng Cái,2374296,507087,2026,2,cobia,5.28105354309082,27.229463577270508,7.735336780548096,21.988584518432617,0.0584144927561283,0.0372870042920112,35.82990646362305,48.23521423339844,7.190343379974365,1258.2227783203125,113.96709442138672,0.0,,,,,,,,,
NB85,Ven bờ xã Quảng Nghĩa -Móng Cái,2374296,507087,2026,3,cobia,4.686932563781738,29.09185791015625,7.6574201583862305,19.48402214050293,0.0439966209232807,0.0513761304318904,33.16958999633789,99.78977966308594,7.474896430969238,0.0,105.31072235107422,0.0,,,,,,,,,
NB85,Ven bờ xã Quảng Nghĩa -Móng Cái,2374296,507087,2026,4,cobia,5.642093658447266,24.647260665893555,7.672974586486816,22.23756980895996,0.0449990928173065,0.0269002113491296,38.06886672973633,117.37299346923828,7.424472332000732,0.0,143.84799194335938,0.0,,,,,,,,,
NB82,"Khu bến phà Cái Chiên phía Băc đảo Cái Chiên, Hải Hà",2359689,500633,2025,1,ALL,,,,,,,,,,,,,0.0014855570625513,0.0012914179824292,0.0001038050686474,0.0001533310132799,0.0003902211901731,0.0001685166789684,0.0021791025064885,0.000459886417957,
NB82,"Khu bến phà Cái Chiên phía Băc đảo Cái Chiên, Hải Hà",2359689,500633,2025,2,ALL,,,,,,,,,,,,,0.0013036195887252,0.0017077670199796,0.0001038050686474,0.0001058707202901,0.0007291146321222,0.0001685166789684,0.0187691170722246,0.0006825951277278,
NB82,"Khu bến phà Cái Chiên phía Băc đảo Cái Chiên, Hải Hà",2359689,500633,2025,3,ALL,,,,,,,,,,,,,0.001308208447881,0.0022191070020198,0.0001038050686474,0.0024180011823773,0.0020117931999266,0.0001685166789684,0.0114929126575589,0.0,
NB82,"Khu bến phà Cái Chiên phía Băc đảo Cái Chiên, Hải Hà",2359689,500633,2025,4,ALL,,,,,,,,,,,,,0.001308208447881,0.0015791325131431,0.0001038050686474,0.0,0.0,0.0001685166789684,0.0144646698608994,0.0003270771703682,
NB82,"Khu bến phà Cái Chiên phía Băc đảo Cái Chiên, Hải Hà",2359689,500633,2026,1,ALL,,,,,,,,,,,,,0.0013424396747723,0.0015322407707571,0.0001038050686474,0.0015471167862415,0.001043498981744,0.0001685166789684,0.0294948574155569,0.0006253215833567,
NB82,"Khu bến phà Cái Chiên phía Băc đảo Cái Chiên, Hải Hà",2359689,500633,2026,2,ALL,,,,,,,,,,,,,0.0013036195887252,0.0015259254723787,0.0001038050686474,0.0,0.0010401952313259,0.0001685166789684,0.0130271296948194,0.0004124011029489,
NB82,"Khu bến phà Cái Chiên phía Băc đảo Cái Chiên, Hải Hà",2359689,500633,2026,3,ALL,,,,,,,,,,,,,0.0013036195887252,0.0019676822703331,0.0001038050686474,0.0013791373930871,0.0011041554389521,0.0001685166789684,0.0258404482156038,0.0003468276991043,
NB82,"Khu bến phà Cái Chiên phía Băc đảo Cái Chiên, Hải Hà",2359689,500633,2026,4,ALL,,,,,,,,,,,,,0.001308208447881,0.0016931492136791,0.0001038050686474,0.0006403247243724,0.0011255304561927,0.0001685166789684,0.0129006179049611,0.0005287911044433,
NB83,"Bãi tắm Đầu Rồng- xã Cái Chiên, Hải Hà",2356931,499505,2025,1,ALL,,,,,,,,,,,,,0.0014855570625513,0.001267916872166,0.0001038050686474,0.0,4.296237239032053e-05,0.0001735203550197,0.0029230553191155,0.0005778016638942,
NB83,"Bãi tắm Đầu Rồng- xã Cái Chiên, Hải Hà",2356931,499505,2025,2,ALL,,,,,,,,,,,,,0.0013036195887252,0.0019046211382374,0.0001038050686474,0.002657139673829,0.0011427882127463,0.0001685166789684,0.0350350774824619,0.0011069978354498,
NB83,"Bãi tắm Đầu Rồng- xã Cái Chiên, Hải Hà",2356931,499505,2025,3,ALL,,,,,,,,,,,,,0.001308208447881,0.0018161389743909,0.0001038050686474,0.0008660015882924,0.0010611031902953,0.0001685166789684,0.0152728073298931,0.0005092013161629,
NB83,"Bãi tắm Đầu Rồng- xã Cái Chiên, Hải Hà",2356931,499505,2025,4,ALL,,,,,,,,,,,,,0.001308208447881,0.0016925032250583,0.0001038050686474,0.0008602386224083,0.0015102119650691,0.0001685166789684,0.0378054268658161,0.0009292348404414,
NB83,"Bãi tắm Đầu Rồng- xã Cái Chiên, Hải Hà",2356931,499505,2026,1,ALL,,,,,,,,,,,,,0.001347028533928,0.001385478884913,0.0001038050686474,0.0060295248404145,0.0023803529329597,0.0001685166789684,0.0228009186685085,0.0014091536868363,
NB83,"Bãi tắm Đầu Rồng- xã Cái Chiên, Hải Hà",2356931,499505,2026,2,ALL,,,,,,,,,,,,,0.0013036195887252,0.0017916230717673,0.0001038050686474,0.0,0.0038380709011107,0.0001685166789684,0.0096379853785038,0.0188283436000347,
NB83,"Bãi tắm Đầu Rồng- xã Cái Chiên, Hải Hà",2356931,499505,2026,3,ALL,,,,,,,,,,,,,0.001308208447881,0.0023213676176965,0.0001038050686474,0.0,0.0004861114721279,0.0001685166789684,0.0151285650208592,0.0003467675123829,
NB83,"Bãi tắm Đầu Rồng- xã Cái Chiên, Hải Hà",2356931,499505,2026,4,ALL,,,,,,,,,,,,,0.001308208447881,0.0022287126630544,0.0001038050686474,0.0,0.0012658800696954,0.0001685166789684,0.0167022366076707,0.0,
NB84,Ven bờ phía Tây đảo Vĩnh Thực- Móng Cái,2362922,508334,2025,1,ALL,,,,,,,,,,,,,0.0014855570625513,0.0013519634958356,0.0001038050686474,0.0,0.0009629260748624,0.0001685166789684,0.0220739692449569,0.0005097731482237,
NB84,Ven bờ phía Tây đảo Vĩnh Thực- Móng Cái,2362922,508334,2025,2,ALL,,,,,,,,,,,,,0.0013036195887252,0.0015803179703652,0.0001038050686474,0.0046816118992865,0.0024936015252023,0.0001685166789684,0.012014509178698,0.0033777905628085,
NB84,Ven bờ phía Tây đảo Vĩnh Thực- Móng Cái,2362922,508334,2025,3,ALL,,,,,,,,,,,,,0.0013036195887252,0.0022403011098504,0.0001038050686474,0.0,0.0011578578269109,0.0001685166789684,0.0116128306835889,0.0002001988177653,
NB84,Ven bờ phía Tây đảo Vĩnh Thực- Móng Cái,2362922,508334,2025,4,ALL,,,,,,,,,,,,,0.001308208447881,0.0018425927264615,0.0001038050686474,0.0,7.422390626743436e-05,0.0001685166789684,0.0185216329991817,0.000280841049971,
NB84,Ven bờ phía Tây đảo Vĩnh Thực- Móng Cái,2362922,508334,2026,1,ALL,,,,,,,,,,,,,0.0013612867332994,0.0014702600892633,0.0001038050686474,0.0001890724088298,0.0004186606965959,0.0001685166789684,0.0054270545952022,0.0006275183986872,
NB84,Ven bờ phía Tây đảo Vĩnh Thực- Móng Cái,2362922,508334,2026,2,ALL,,,,,,,,,,,,,0.0013036195887252,0.001842767233029,0.0001038050686474,0.0028581160586327,0.0010410028044134,0.0001685166789684,0.0215130448341369,0.0005727769457735,
NB84,Ven bờ phía Tây đảo Vĩnh Thực- Móng Cái,2362922,508334,2026,3,ALL,,,,,,,,,,,,,0.001308208447881,0.0020195259712636,0.0001038050686474,0.0006730747409164,0.001606581849046,0.0001685166789684,0.0163130592554807,0.0003517743898555,
NB84,Ven bờ phía Tây đảo Vĩnh Thực- Móng Cái,2362922,508334,2026,4,ALL,,,,,,,,,,,,,0.001308208447881,0.0018090084195137,0.0001038050686474,2.031854455708526e-05,0.0004156718496233,0.0001685166789684,0.006741052493453,0.0004096619668416,
NB85,Ven bờ xã Quảng Nghĩa -Móng Cái,2374296,507087,2025,1,ALL,,,,,,,,,,,,,0.0014855570625513,0.0013874103315174,0.0001038050686474,8.577502012485638e-05,0.000295759702567,0.0001735203550197,0.0016977292252704,0.0004913000157102,
NB85,Ven bờ xã Quảng Nghĩa -Móng Cái,2374296,507087,2025,2,ALL,,,,,,,,,,,,,0.0013036195887252,0.0018628007965162,0.0001038050686474,0.0002563249436207,0.0012879313435405,0.0001685166789684,0.031768824905157,0.0008621950983069,
NB85,Ven bờ xã Quảng Nghĩa -Móng Cái,2374296,507087,2025,3,ALL,,,,,,,,,,,,,0.001308208447881,0.0022259461693465,0.0001038050686474,0.0007753290701657,0.0022754892706871,0.0001685166789684,0.0099500585347414,0.0,
NB85,Ven bờ xã Quảng Nghĩa -Móng Cái,2374296,507087,2025,4,ALL,,,,,,,,,,,,,0.001308208447881,0.0016906339442357,0.0001038050686474,0.0,0.0,0.0001685166789684,0.0109696350991725,0.0002146822953363,
NB85,Ven bờ xã Quảng Nghĩa -Móng Cái,2374296,507087,2026,1,ALL,,,,,,,,,,,,,0.001347028533928,0.0015981227625161,0.0001038050686474,0.0001728133793221,0.0005972377839498,0.0001685166789684,0.0156408306211233,0.000545127200894,
NB85,Ven bờ xã Quảng Nghĩa -Móng Cái,2374296,507087,2026,2,ALL,,,,,,,,,,,,,0.0013036195887252,0.0017986678285524,0.0001038050686474,0.0003496961435303,0.0010077671613544,0.0001685166789684,0.0116551546379923,0.0005522262654267,
NB85,Ven bờ xã Quảng Nghĩa -Móng Cái,2374296,507087,2026,3,ALL,,,,,,,,,,,,,0.001308208447881,0.0021810051985085,0.0001038050686474,0.0006990369292907,0.0017730364343151,0.0001685166789684,0.0157954934984445,0.0003211994189769,
NB85,Ven bờ xã Quảng Nghĩa -Móng Cái,2374296,507087,2026,4,ALL,,,,,,,,,,,,,0.001308208447881,0.0016929656267166,0.0001038050686474,0.0,0.0004231038037687,0.0001685166789684,0.0090704960748553,0.0004096619668416,
NB86,Ven bờ phường Hải Yên - Móng Cái,2378235,515563,2025,1,cobia,6.0941901206970215,21.5693416595459,7.776012420654297,22.82526206970215,0.0417484119534492,0.0209292322397232,34.95164489746094,70.0491714477539,3.226365566253662,93.6756362915039,127.85201263427734,0.0,,,,,,,,,
NB86,Ven bờ phường Hải Yên - Móng Cái,2378235,515563,2025,2,cobia,5.1569366455078125,27.320531845092773,7.631654739379883,19.64942169189453,0.0530114509165287,0.0175498370081186,33.51767349243164,82.23685455322266,3.39814829826355,710.4381713867188,113.2075653076172,0.0,,,,,,,,,
NB86,Ven bờ phường Hải Yên - Móng Cái,2378235,515563,2025,3,cobia,5.072200298309326,27.68442153930664,7.693360805511475,23.65897750854492,0.0369145348668098,0.011878065764904,32.39702606201172,77.01763916015625,4.385908603668213,0.0,116.11167907714844,0.0,,,,,,,,,
NB86,Ven bờ phường Hải Yên - Móng Cái,2378235,515563,2025,4,cobia,5.818016529083252,22.43655204772949,7.655136585235596,24.61094856262207,0.0337538234889507,0.0158305428922176,34.8748893737793,69.294677734375,4.515303611755371,0.0,117.58169555664062,0.0,,,,,,,,,
NB86,Ven bờ phường Hải Yên - Móng Cái,2378235,515563,2026,1,cobia,5.716314315795898,21.93335151672364,7.619558334350586,20.670106887817383,0.0440752059221267,0.0505904182791709,35.93000411987305,97.05587005615234,3.132073402404785,1307.4306640625,119.29681396484376,0.0,,,,,,,,,
NB86,Ven bờ phường Hải Yên - Móng Cái,2378235,515563,2026,2,cobia,4.301878452301025,26.74231338500977,7.661564350128174,20.35724449157715,0.0677481144666671,0.0478905253112316,30.95165634155273,85.05207824707031,5.195005893707275,274.4245300292969,107.87769317626952,0.0,,,,,,,,,
NB86,Ven bờ phường Hải Yên - Móng Cái,2378235,515563,2026,3,cobia,4.529586315155029,28.34834289550781,7.654447078704834,22.328161239624023,0.0525767877697944,0.0499638766050338,31.567401885986328,66.14186096191406,6.221258163452148,0.0,124.11309814453124,0.1027317121624946,,,,,,,,,
NB86,Ven bờ phường Hải Yên - Móng Cái,2378235,515563,2026,4,cobia,5.5566606521606445,22.81609916687012,7.717036724090576,24.72940444946289,0.0492358095943927,0.0642202049493789,34.074153900146484,79.08721923828125,8.118589401245117,0.0,125.91448211669922,0.3861187100410461,,,,,,,,,
NB87,Khu vực cửa sông KaLong - Móng Cái,2369213,521009,2025,1,cobia,5.965763568878174,21.425630569458008,7.960837841033935,24.370973587036133,0.0725647285580635,0.0171724073588848,31.29389381408692,35.817352294921875,5.866015434265137,57.44694519042969,99.20389556884766,0.0,,,,,,,,,
NB87,Khu vực cửa sông KaLong - Móng Cái,2369213,521009,2025,2,cobia,5.211170196533203,25.663969039916992,7.891709804534912,22.19287872314453,0.0760500952601432,0.0185406804084777,31.840059280395508,52.55961608886719,5.129561901092529,0.0,108.9488296508789,0.0,,,,,,,,,
NB87,Khu vực cửa sông KaLong - Móng Cái,2369213,521009,2025,3,cobia,5.164313316345215,28.408802032470703,7.84618616104126,21.06239128112793,0.0489021241664886,0.0184113048017025,33.90142059326172,78.3527603149414,8.609743118286133,0.0,116.57563018798828,0.0,,,,,,,,,
NB87,Khu vực cửa sông KaLong - Móng Cái,2369213,521009,2025,4,cobia,5.706783294677734,22.776344299316406,7.990418910980225,26.27582550048828,0.0535557903349399,0.0194696318358182,35.034751892089844,68.47168731689453,8.63243293762207,1610.16064453125,121.5009536743164,0.922584593296051,,,,,,,,,
NB87,Khu vực cửa sông KaLong - Móng Cái,2369213,521009,2026,1,cobia,5.56608772277832,21.91190719604492,8.156682968139648,26.31635284423828,0.0683392733335495,0.0370373763144016,31.94911003112793,89.17841339111328,5.876574516296387,0.0,120.50215911865234,1.8934926986694336,,,,,,,,,
NB87,Khu vực cửa sông KaLong - Móng Cái,2369213,521009,2026,2,cobia,5.114714622497559,27.1894588470459,7.966287136077881,25.580528259277344,0.0765180811285972,0.0452520884573459,33.266387939453125,64.48925018310547,5.6936140060424805,0.0,118.49034118652344,1.517725110054016,,,,,,,,,
NB87,Khu vực cửa sông KaLong - Móng Cái,2369213,521009,2026,3,cobia,5.218876361846924,28.55974578857422,7.945982456207275,25.02383041381836,0.0506795197725296,0.0482431352138519,34.21321487426758,63.7664909362793,6.632160186767578,0.0,134.97259521484375,0.866324782371521,,,,,,,,,
NB87,Khu vực cửa sông KaLong - Móng Cái,2369213,521009,2026,4,cobia,5.110813140869141,23.64736557006836,8.095755577087402,26.8948974609375,0.0477822795510292,0.0237500332295894,34.3316650390625,83.18708801269531,8.13594913482666,0.0,132.82467651367188,2.4902141094207764,,,,,,,,,
NB88,"Khu vực ven bờ  Núi Tổ Chim, Hải Hoà - Móng Cái ",2379574,529701,2025,1,cobia,6.255629062652588,21.591472625732425,8.095823287963867,28.045276641845703,0.0720209777355194,0.0169526990503072,33.86787033081055,75.71288299560547,2.42016077041626,0.0,117.30707550048828,0.0,,,,,,,,,
NB88,"Khu vực ven bờ  Núi Tổ Chim, Hải Hoà - Móng Cái ",2379574,529701,2025,2,cobia,6.046679496765137,25.22576141357422,8.136676788330078,27.504270553588867,0.0755441859364509,0.0211921799927949,36.28883743286133,68.04710388183594,1.8537135124206543,3.5735018253326416,112.03105926513672,0.0,,,,,,,,,
NB88,"Khu vực ven bờ  Núi Tổ Chim, Hải Hoà - Móng Cái ",2379574,529701,2025,3,cobia,6.29833984375,28.8562240600586,8.163864135742188,28.160070419311523,0.0614246539771556,0.0268228575587272,37.38661956787109,64.14013671875,3.021742820739746,1031.528564453125,109.90544891357422,0.0,,,,,,,,,
NB88,"Khu vực ven bờ  Núi Tổ Chim, Hải Hoà - Móng Cái ",2379574,529701,2025,4,cobia,6.2797932624816895,24.496795654296875,8.0907564163208,28.372697830200195,0.0634665414690971,0.0280167330056428,32.05268478393555,80.91425323486328,3.224153518676758,564.35888671875,121.70948028564452,0.0,,,,,,,,,
NB88,"Khu vực ven bờ  Núi Tổ Chim, Hải Hoà - Móng Cái ",2379574,529701,2026,1,cobia,6.650116920471191,21.57089805603028,8.191048622131348,28.824216842651367,0.0707453936338424,0.0260683540254831,30.322004318237305,65.50132751464844,3.779741048812866,0.0,111.13630676269533,0.6643450856208801,,,,,,,,,
NB88,"Khu vực ven bờ  Núi Tổ Chim, Hải Hoà - Móng Cái ",2379574,529701,2026,2,cobia,6.460072040557861,26.77567481994629,8.147215843200684,28.690248489379883,0.0781731009483337,0.029284194111824,37.58840560913086,110.55308532714844,2.2019505500793457,0.0,136.7966766357422,0.0,,,,,,,,,
NB88,"Khu vực ven bờ  Núi Tổ Chim, Hải Hoà - Móng Cái ",2379574,529701,2026,3,cobia,6.7486772537231445,29.02834129333496,8.165714263916016,29.230775833129883,0.0545685477554798,0.0530271977186203,40.30541610717773,116.03459167480467,2.931846857070923,0.0,120.49278259277344,0.5599537491798401,,,,,,,,,
NB88,"Khu vực ven bờ  Núi Tổ Chim, Hải Hoà - Móng Cái ",2379574,529701,2026,4,cobia,8.469292640686035,25.39430427551269,8.124791145324707,29.045732498168945,0.0496253184974193,0.0445430278778076,36.758636474609375,88.85869598388672,1.3836815357208252,0.0,135.0753173828125,0.0,,,,,,,,,
NB89,Bãi tắm Trà Cổ,2375900,528808,2025,1,cobia,6.083456039428711,20.95005226135254,8.141160011291504,30.153982162475582,0.0776358246803283,0.0105957668274641,31.95384788513184,35.08498764038086,16.501001358032227,0.0,131.0835418701172,0.0,,,,,,,,,
NB89,Bãi tắm Trà Cổ,2375900,528808,2025,2,cobia,6.295243740081787,25.34486961364746,8.113656997680664,29.21924018859864,0.0817210599780082,0.0116995889693498,32.45954895019531,73.19780731201172,13.544715881347656,0.0,119.24160766601562,0.0,,,,,,,,,
NB89,Bãi tắm Trà Cổ,2375900,528808,2025,3,cobia,6.580041408538818,27.42168235778809,8.203621864318848,29.31770133972168,0.0727625116705894,0.0219354461878538,33.74974822998047,47.40234375,16.741374969482422,0.0,139.0113067626953,0.0,,,,,,,,,
NB89,Bãi tắm Trà Cổ,2375900,528808,2025,4,cobia,6.782715797424316,23.63260078430176,8.309014320373535,29.690439224243164,0.0638944134116172,0.0169221740216016,33.13871383666992,46.67864608764648,20.072912216186523,0.0,114.35704040527344,0.0,,,,,,,,,
NB89,Bãi tắm Trà Cổ,2375900,528808,2026,1,cobia,6.350107192993164,19.89874839782715,8.338282585144043,30.121288299560547,0.0720672309398651,0.0216929223388433,33.52565383911133,66.72673034667969,17.521377563476562,0.0,120.93138885498048,0.0,,,,,,,,,
NB89,Bãi tắm Trà Cổ,2375900,528808,2026,2,cobia,6.48471212387085,25.43228912353516,8.376306533813477,29.78697395324707,0.0778971090912818,0.0216002520173788,35.44915771484375,68.900390625,12.305863380432127,0.0,104.30783081054688,0.0,,,,,,,,,
NB89,Bãi tắm Trà Cổ,2375900,528808,2026,3,cobia,6.356085300445557,28.294506072998047,8.353156089782715,29.829174041748047,0.0721753388643264,0.0291928686201572,39.28394317626953,116.48722839355467,15.3264741897583,0.0,128.24546813964844,0.0,,,,,,,,,
NB89,Bãi tắm Trà Cổ,2375900,528808,2026,4,cobia,7.314586162567139,24.534046173095703,8.308632850646973,30.229297637939453,0.0652702897787094,0.0211510974913835,36.45893859863281,95.88701629638672,17.64493751525879,0.0,120.48697662353516,0.0,,,,,,,,,
NB86,Ven bờ phường Hải Yên - Móng Cái,2378235,515563,2025,1,ALL,,,,,,,,,,,,,0.0014855570625513,0.0012205687817186,0.0001038050686474,4.254177110851742e-05,0.0005701871123164,0.0001735203550197,0.0,0.0005213313852436,
NB86,Ven bờ phường Hải Yên - Móng Cái,2378235,515563,2025,2,ALL,,,,,,,,,,,,,0.0013036195887252,0.0016943764640018,0.0001038050686474,0.0004009442636743,0.000613301526755,0.0001685166789684,0.0199069008231163,0.0004904653760604,
NB86,Ven bờ phường Hải Yên - Móng Cái,2378235,515563,2025,3,ALL,,,,,,,,,,,,,0.001308208447881,0.0018169644754379,0.0001038050686474,0.0,0.0014427399728447,0.0001685166789684,0.0159961823374032,0.0005322163342498,
NB86,Ven bờ phường Hải Yên - Móng Cái,2378235,515563,2025,4,ALL,,,,,,,,,,,,,0.001308208447881,0.0016564859542995,0.0001038050686474,9.797021630220117e-05,0.0014901063404977,0.0001685166789684,0.013724380172789,0.0005348105332814,
NB86,Ven bờ phường Hải Yên - Móng Cái,2378235,515563,2026,1,ALL,,,,,,,,,,,,,0.001347028533928,0.0014765742234885,0.0001038050686474,0.0028615773189812,0.0014539610128849,0.0001685166789684,0.0130223305895924,0.0010159678058698,
NB86,Ven bờ phường Hải Yên - Móng Cái,2378235,515563,2026,2,ALL,,,,,,,,,,,,,0.0013036195887252,0.0015054268296808,0.0001038050686474,0.0,0.0012286906130611,0.0001685166789684,0.0060218637809157,0.0002171156811527,
NB86,Ven bờ phường Hải Yên - Móng Cái,2378235,515563,2026,3,ALL,,,,,,,,,,,,,0.0013036195887252,0.0021688127890229,0.0001038050686474,0.0,0.0003509374218992,0.0001685166789684,0.0254911500960588,0.0002181642194045,
NB86,Ven bờ phường Hải Yên - Móng Cái,2378235,515563,2026,4,ALL,,,,,,,,,,,,,0.001308208447881,0.001559097203426,0.0001038050686474,0.0002259251923533,0.00153712881729,0.0001685166789684,0.0228121690452098,0.0003684287075884,
NB88,"Khu vực ven bờ  Núi Tổ Chim, Hải Hoà - Móng Cái ",2379574,529701,2025,1,ALL,,,,,,,,,,,,,0.0014855570625513,0.001383731723763,0.0001038050686474,0.0,0.0004993358743377,0.0001685166789684,0.0168872345238924,0.0005380876245908,
NB88,"Khu vực ven bờ  Núi Tổ Chim, Hải Hoà - Móng Cái ",2379574,529701,2025,2,ALL,,,,,,,,,,,,,0.0013036195887252,0.0017154022352769,0.0001038050686474,0.0008644274203106,0.0005507981404662,0.0001685166789684,0.0179561022669076,0.0005831255693919,
NB88,"Khu vực ven bờ  Núi Tổ Chim, Hải Hoà - Móng Cái ",2379574,529701,2025,3,ALL,,,,,,,,,,,,,0.001308208447881,0.0020917153451591,0.0001038050686474,0.0006660056533291,0.0015156404115259,0.0001685166789684,0.0131281372159719,0.000342070183251,
NB88,"Khu vực ven bờ  Núi Tổ Chim, Hải Hoà - Móng Cái ",2379574,529701,2025,4,ALL,,,,,,,,,,,,,0.001308208447881,0.0017051908653229,0.0001038050686474,0.0,0.0007162338588386,0.0001685166789684,0.0186262149363756,0.0004593256162479,
NB88,"Khu vực ven bờ  Núi Tổ Chim, Hải Hoà - Móng Cái ",2379574,529701,2026,1,ALL,,,,,,,,,,,,,0.0013612867332994,0.0015381420962512,0.0001038050686474,0.0004411302797961,0.001501124119386,0.0001685166789684,0.016840498894453,0.0007184441201388,
NB88,"Khu vực ven bờ  Núi Tổ Chim, Hải Hoà - Móng Cái ",2379574,529701,2026,2,ALL,,,,,,,,,,,,,0.0013036195887252,0.0015529082156717,0.0001038050686474,0.0,0.0013864107895642,0.0001685166789684,0.0072446544654667,0.0006245388067327,
NB88,"Khu vực ven bờ  Núi Tổ Chim, Hải Hoà - Móng Cái ",2379574,529701,2026,3,ALL,,,,,,,,,,,,,0.0013036195887252,0.0023103228304535,0.0001038050686474,0.0001086859483621,0.0007781482418067,0.0001685166789684,0.0203738026320934,0.0002147911145584,
NB88,"Khu vực ven bờ  Núi Tổ Chim, Hải Hoà - Móng Cái ",2379574,529701,2026,4,ALL,,,,,,,,,,,,,0.001308208447881,0.0018043838208541,0.0001038050686474,0.0009707001736387,0.001073783962056,0.0001685166789684,0.0139928851276636,0.0004068885464221,
NB87,Khu vực cửa sông KaLong - Móng Cái,2369213,521009,2025,1,ALL,,,,,,,,,,,,,0.0014855570625513,0.0013307473855093,0.0001038050686474,6.490696250693873e-05,0.0007740447763353,0.0001685166789684,0.0162357185035944,0.0004735044203698,
NB87,Khu vực cửa sông KaLong - Móng Cái,2369213,521009,2025,2,ALL,,,,,,,,,,,,,0.0013036195887252,0.001612811232917,0.0001038050686474,0.0018730965675786,0.001808907603845,0.0001685166789684,0.0183283854275941,0.0018825895385816,
NB87,Khu vực cửa sông KaLong - Móng Cái,2369213,521009,2025,3,ALL,,,,,,,,,,,,,0.001308208447881,0.0019746811594814,0.0001038050686474,0.0,0.0008227542275562,0.0001685166789684,0.0153739107772707,0.0004758121212944,
NB87,Khu vực cửa sông KaLong - Móng Cái,2369213,521009,2025,4,ALL,,,,,,,,,,,,,0.001308208447881,0.0019951860886067,0.0001038050686474,0.0031543702352792,0.0016606312710791,0.0001685166789684,0.0325188226997852,0.0022699462715536,
NB87,Khu vực cửa sông KaLong - Móng Cái,2369213,521009,2026,1,ALL,,,,,,,,,,,,,0.0013612867332994,0.0014767788816243,0.0001038050686474,0.0005330318817868,0.0011430133599787,0.0001685166789684,0.0091786039993166,0.0005246616201475,
NB87,Khu vực cửa sông KaLong - Móng Cái,2369213,521009,2026,2,ALL,,,,,,,,,,,,,0.0013036195887252,0.0018891427898779,0.0001038050686474,0.0,0.00116036250256,0.0001685166789684,0.0060135265812277,0.0001373916020384,
NB87,Khu vực cửa sông KaLong - Móng Cái,2369213,521009,2026,3,ALL,,,,,,,,,,,,,0.001308208447881,0.0023595213424414,0.0001038050686474,0.0,0.0004061841173097,0.0001685166789684,0.0289509929716587,0.0002225023490609,
NB87,Khu vực cửa sông KaLong - Móng Cái,2369213,521009,2026,4,ALL,,,,,,,,,,,,,0.001308208447881,0.0021022334694862,0.0001038050686474,0.000881819112692,0.0014075189828872,0.0001685166789684,0.0269430242478847,0.0003259165678173,
NB89,Bãi tắm Trà Cổ,2375900,528808,2025,1,ALL,,,,,,,,,,,,,0.0014855570625513,0.0012426725588738,0.0001038050686474,5.600180520559661e-05,0.0003410411882214,0.0001735203550197,0.0,0.0005575026734732,
NB89,Bãi tắm Trà Cổ,2375900,528808,2025,2,ALL,,,,,,,,,,,,,0.0013036195887252,0.0017712371191009,0.0001038050686474,0.0004716183757409,0.0004887445247732,0.0001685166789684,0.014307489618659,0.0008104130392894,
NB89,Bãi tắm Trà Cổ,2375900,528808,2025,3,ALL,,,,,,,,,,,,,0.001308208447881,0.0020619181450456,0.0001038050686474,0.0027748902793973,0.0010178674710914,0.0001685166789684,0.0147546902298927,0.0004143974219914,
NB89,Bãi tắm Trà Cổ,2375900,528808,2025,4,ALL,,,,,,,,,,,,,0.001308208447881,0.0017245525959879,0.0001038050686474,0.0004435002920217,0.0008771311258897,0.0001685166789684,0.0363735295832157,0.0006227676058188,
NB89,Bãi tắm Trà Cổ,2375900,528808,2026,1,ALL,,,,,,,,,,,,,0.001347028533928,0.0015791878104209,0.0001038050686474,0.0019806150812655,0.0014856880297884,0.0001685166789684,0.028954641893506,0.0017293364508077,
NB89,Bãi tắm Trà Cổ,2375900,528808,2026,2,ALL,,,,,,,,,,,,,0.0013036195887252,0.0014496401418,0.0001038050686474,0.0,0.0008629989461041,0.0001685166789684,0.0091323889791965,0.0006186814280226,
NB89,Bãi tắm Trà Cổ,2375900,528808,2026,3,ALL,,,,,,,,,,,,,0.0013036195887252,0.0024894811213016,0.0001038050686474,0.0094352858141064,0.0017074800562113,0.0001685166789684,0.0216179639101028,0.0019525572424754,
NB89,Bãi tắm Trà Cổ,2375900,528808,2026,4,ALL,,,,,,,,,,,,,0.001308208447881,0.0019071127753704,0.0001038050686474,0.0,0.000476796994917,0.0001685166789684,0.0112522449344396,0.0,
NB91,"Khu vực Vụng cát 2, 3 - khu 4 thị trấn Cô Tô",2317783,498813,2025,1,cobia,6.411168098449707,21.89864730834961,8.123995780944824,32.157169342041016,0.0238668378442525,0.0196235235780477,34.0054817199707,68.76173400878906,0.0,0.0,125.86592864990234,0.0,,,,,,,,,
NB91,"Khu vực Vụng cát 2, 3 - khu 4 thị trấn Cô Tô",2317783,498813,2025,2,cobia,6.334309577941895,25.572792053222656,8.16321086883545,32.70146942138672,0.0304032899439334,0.0210202727466821,30.293907165527344,75.53700256347656,0.4998016357421875,380.1326904296875,112.97726440429688,0.0,,,,,,,,,
NB91,"Khu vực Vụng cát 2, 3 - khu 4 thị trấn Cô Tô",2317783,498813,2025,3,cobia,6.5963544845581055,27.53160858154297,8.186880111694336,32.526458740234375,0.0269115660339593,0.0396876260638237,36.50059509277344,83.23762512207031,2.366939306259156,1486.062744140625,137.1966552734375,2.658449649810791,,,,,,,,,
NB91,"Khu vực Vụng cát 2, 3 - khu 4 thị trấn Cô Tô",2317783,498813,2025,4,cobia,6.138291358947754,26.643701553344727,8.253190994262695,31.96355438232422,0.0277861207723617,0.0310163162648677,33.77083206176758,93.3501968383789,0.8331384658813477,0.0,136.853759765625,2.9419124126434326,,,,,,,,,
NB91,"Khu vực Vụng cát 2, 3 - khu 4 thị trấn Cô Tô",2317783,498813,2026,1,cobia,6.6527299880981445,22.045101165771484,8.089353561401367,32.711265563964844,0.0291711464524269,0.0470001921057701,34.47989273071289,134.88893127441406,4.568964004516602,0.0,116.39069366455078,1.5209245681762695,,,,,,,,,
NB91,"Khu vực Vụng cát 2, 3 - khu 4 thị trấn Cô Tô",2317783,498813,2026,2,cobia,6.1109232902526855,26.338247299194336,8.084145545959473,32.10407638549805,0.0327070355415344,0.0623201690614223,32.916629791259766,114.5631103515625,3.721086263656616,1458.982177734375,122.31907653808594,8.412227630615234,,,,,,,,,
NB91,"Khu vực Vụng cát 2, 3 - khu 4 thị trấn Cô Tô",2317783,498813,2026,3,cobia,5.842948913574219,28.91889381408692,8.112017631530762,31.75623893737793,0.0340607427060604,0.048525258898735,34.626827239990234,81.18075561523438,1.458249568939209,202.4058990478516,123.93122863769533,0.8185572028160095,,,,,,,,,
NB91,"Khu vực Vụng cát 2, 3 - khu 4 thị trấn Cô Tô",2317783,498813,2026,4,cobia,5.447574615478516,24.17973899841309,8.026690483093262,31.652851104736328,0.0540103726089,0.0480580255389213,31.543500900268555,139.42161560058594,3.831070899963379,0.0,124.50588989257812,9.078025817871094,,,,,,,,,
NB90,Khu vực cảng Cô Tô,2319575,501050,2025,1,cobia,6.378658294677734,21.11363220214844,8.126460075378418,32.62750244140625,0.0259816851466894,0.0179042611271142,31.221668243408203,59.12410736083984,0.0,0.0,127.84894561767578,0.0,,,,,,,,,
NB90,Khu vực cảng Cô Tô,2319575,501050,2025,2,cobia,6.082638740539551,25.464603424072266,8.14769458770752,32.436546325683594,0.0335318073630332,0.019925782456994,28.20077514648437,66.57225799560547,1.596459150314331,2743.00732421875,99.96121215820312,0.0,,,,,,,,,
NB90,Khu vực cảng Cô Tô,2319575,501050,2025,3,cobia,6.1671142578125,27.624168395996094,8.212021827697754,32.826839447021484,0.0282047018408775,0.0147413220256567,31.73215675354004,39.32075881958008,0.6682071685791016,102.47687530517578,121.33228302001952,0.0,,,,,,,,,
NB90,Khu vực cảng Cô Tô,2319575,501050,2025,4,cobia,6.662769794464111,25.32372665405273,8.240904808044434,32.28949737548828,0.0263276752084493,0.0129658188670873,34.470184326171875,112.03298950195312,1.037442684173584,0.0,113.46574401855467,1.49159836769104,,,,,,,,,
NB90,Khu vực cảng Cô Tô,2319575,501050,2026,1,cobia,6.1542510986328125,22.25518035888672,8.131731986999512,33.026275634765625,0.0289592742919921,0.0300292242318391,35.42123031616211,145.84791564941406,4.373908519744873,0.0,134.51312255859375,0.9693797826766968,,,,,,,,,
NB90,Khu vực cảng Cô Tô,2319575,501050,2026,2,cobia,6.294447422027588,26.408456802368164,8.18726634979248,32.338417053222656,0.0429121404886245,0.0498894155025482,33.01721954345703,46.36862182617188,2.988947868347168,0.0,115.513916015625,9.265315055847168,,,,,,,,,
NB90,Khu vực cảng Cô Tô,2319575,501050,2026,3,cobia,5.9517316818237305,28.34688377380371,8.152958869934082,32.01523208618164,0.0449629202485084,0.0621869154274463,35.824119567871094,112.15643310546876,1.894525051116944,0.0,124.95259857177734,5.712687015533447,,,,,,,,,
NB90,Khu vực cảng Cô Tô,2319575,501050,2026,4,cobia,5.746057987213135,24.94500541687012,8.136575698852539,31.789039611816406,0.0396775268018245,0.0322143100202083,35.735809326171875,110.37806701660156,2.924804210662842,0.0,127.88153076171876,2.4819257259368896,,,,,,,,,
NB93,Khu vực ven bờ phía Nam xã Đồng Tiến,2321580,498778,2025,1,cobia,6.195479869842529,22.095701217651367,8.159747123718262,32.35783767700195,0.029508052393794,0.0229331646114587,31.090251922607425,49.86736297607422,0.0,0.0,118.43712615966795,0.0,,,,,,,,,
NB93,Khu vực ven bờ phía Nam xã Đồng Tiến,2321580,498778,2025,2,cobia,5.948814392089844,26.28131484985352,8.17855453491211,32.34675598144531,0.0336580947041511,0.0368145406246185,32.16740798950195,77.60928344726562,1.3082149028778076,997.7593994140624,118.4928207397461,0.0,,,,,,,,,
NB93,Khu vực ven bờ phía Nam xã Đồng Tiến,2321580,498778,2025,3,cobia,5.598408222198486,28.77151107788086,8.223003387451172,33.24465560913086,0.0306403040885925,0.0315214060246944,32.36098861694336,81.89537048339844,1.1781083345413208,0.0,113.82521057128906,6.7424516677856445,,,,,,,,,
NB93,Khu vực ven bờ phía Nam xã Đồng Tiến,2321580,498778,2025,4,cobia,6.130062103271484,25.525081634521484,8.135533332824707,31.51706886291504,0.0276416894048452,0.0226057674735784,35.41741943359375,98.8026885986328,0.0,385.3610229492188,123.21324157714844,5.6708149909973145,,,,,,,,,
NB93,Khu vực ven bờ phía Nam xã Đồng Tiến,2321580,498778,2026,1,cobia,6.291506767272949,22.125957489013672,8.075209617614746,32.3394889831543,0.0337141044437885,0.0448432639241218,32.9896354675293,125.67308044433594,3.46480393409729,0.0,118.15885162353516,4.591275691986084,,,,,,,,,
NB93,Khu vực ven bờ phía Nam xã Đồng Tiến,2321580,498778,2026,2,cobia,6.072981834411621,26.797340393066406,8.089241981506348,31.18177795410156,0.0528154857456684,0.0614472404122352,34.763702392578125,77.76942443847656,2.2689006328582764,2263.228515625,132.12193298339844,6.567206859588623,,,,,,,,,
NB93,Khu vực ven bờ phía Nam xã Đồng Tiến,2321580,498778,2026,3,cobia,5.51737117767334,28.642358779907227,8.132052421569824,32.09671401977539,0.0539244785904884,0.0550418756902217,33.10057830810547,90.08306121826172,3.7569661140441895,3399.22119140625,92.77938079833984,6.179182529449463,,,,,,,,,
NB93,Khu vực ven bờ phía Nam xã Đồng Tiến,2321580,498778,2026,4,cobia,6.143408298492432,25.34430313110352,8.020150184631348,31.72840881347656,0.0535991713404655,0.0685666278004646,32.73900604248047,135.1188201904297,2.264907121658325,1554.6766357421875,122.76522064208984,2.539851665496826,,,,,,,,,
NB92,"Khu vực bãi tắm Hồng Vàn, xã Đồng Tiến",2323555,501698,2025,1,cobia,6.385517120361328,21.52876281738281,8.074885368347168,32.54479217529297,0.0445118956267833,0.0172713827341794,31.960277557373047,45.1657829284668,0.0,0.0,121.5711441040039,0.0,,,,,,,,,
NB92,"Khu vực bãi tắm Hồng Vàn, xã Đồng Tiến",2323555,501698,2025,2,cobia,6.402379035949707,25.92322158813477,8.169917106628418,32.4653434753418,0.0501997284591198,0.0244405828416347,29.234161376953125,75.74917602539062,0.1854928880929947,369.7502136230469,115.63357543945312,0.0,,,,,,,,,
NB92,"Khu vực bãi tắm Hồng Vàn, xã Đồng Tiến",2323555,501698,2025,3,cobia,5.830865859985352,28.023101806640625,8.14614200592041,31.9538688659668,0.0398255512118339,0.0470883585512638,37.70231628417969,116.92051696777344,2.2863192558288574,418.1697998046875,120.58524322509766,2.485848903656006,,,,,,,,,
NB92,"Khu vực bãi tắm Hồng Vàn, xã Đồng Tiến",2323555,501698,2025,4,cobia,5.899754047393799,25.585325241088867,8.175477981567383,31.46761703491211,0.0387192480266094,0.0289824418723583,28.758346557617188,71.30120086669922,0.0,0.0,119.73185729980467,5.193548202514648,,,,,,,,,
NB92,"Khu vực bãi tắm Hồng Vàn, xã Đồng Tiến",2323555,501698,2026,1,cobia,6.796524524688721,21.43191337585449,8.136783599853516,32.45457458496094,0.0415386259555816,0.0330289974808692,33.10589599609375,137.4033660888672,2.640907049179077,165.44985961914062,111.61163330078124,2.374805212020874,,,,,,,,,
NB92,"Khu vực bãi tắm Hồng Vàn, xã Đồng Tiến",2323555,501698,2026,2,cobia,6.269481182098389,26.03238296508789,8.051631927490234,32.37900924682617,0.0432638600468635,0.0566565692424774,31.62923812866211,112.3717803955078,3.853537797927856,1525.9044189453125,130.17135620117188,6.939318656921387,,,,,,,,,
NB92,"Khu vực bãi tắm Hồng Vàn, xã Đồng Tiến",2323555,501698,2026,3,cobia,5.705575942993164,28.55477905273437,8.079264640808105,32.07868576049805,0.0505755133926868,0.0616636201739311,33.64017105102539,87.53205108642578,1.2125457525253296,2956.05859375,124.37032318115234,0.0,,,,,,,,,
NB92,"Khu vực bãi tắm Hồng Vàn, xã Đồng Tiến",2323555,501698,2026,4,cobia,5.8632588386535645,24.455432891845703,8.054680824279785,31.633256912231445,0.0569001697003841,0.0495760701596736,28.63252067565918,126.39529418945312,3.4482898712158203,4830.02392578125,123.76224517822266,0.0,,,,,,,,,
NB91,"Khu vực Vụng cát 2, 3 - khu 4 thị trấn Cô Tô",2317783,498813,2025,1,ALL,,,,,,,,,,,,,0.0014855570625513,0.0013654923532158,0.0001038050686474,0.000350983464159,0.0005014695925638,0.0001685166789684,0.0251853857189416,0.0007843825151212,
NB91,"Khu vực Vụng cát 2, 3 - khu 4 thị trấn Cô Tô",2317783,498813,2025,2,ALL,,,,,,,,,,,,,0.0013036195887252,0.0017779228510335,0.0001038050686474,0.0015368391759693,0.0020663482137024,0.0001685166789684,0.0100709842517972,0.0016025429358705,
NB91,"Khu vực Vụng cát 2, 3 - khu 4 thị trấn Cô Tô",2317783,498813,2025,3,ALL,,,,,,,,,,,,,0.001308208447881,0.0018526072381064,0.0001038050686474,0.0093520153313875,0.003910603467375,0.0001685166789684,0.0237718243151903,0.0010488313855603,
NB91,"Khu vực Vụng cát 2, 3 - khu 4 thị trấn Cô Tô",2317783,498813,2025,4,ALL,,,,,,,,,,,,,0.001308208447881,0.0014915636274963,0.0001038050686474,0.0017652484821155,0.0019602861721068,0.0001685166789684,0.0145825315266847,0.0011820883955806,
NB91,"Khu vực Vụng cát 2, 3 - khu 4 thị trấn Cô Tô",2317783,498813,2026,1,ALL,,,,,,,,,,,,,0.0013566978741437,0.0014303843490779,0.0001038050686474,0.0,0.0014253562549129,0.0001685166789684,0.0093982461839914,0.000306742178509,
NB91,"Khu vực Vụng cát 2, 3 - khu 4 thị trấn Cô Tô",2317783,498813,2026,2,ALL,,,,,,,,,,,,,0.0013036195887252,0.0016726260073482,0.0001038050686474,0.0,0.0009569731773808,0.0001685166789684,0.0017374848248437,6.770088657503948e-05,
NB91,"Khu vực Vụng cát 2, 3 - khu 4 thị trấn Cô Tô",2317783,498813,2026,3,ALL,,,,,,,,,,,,,0.001308208447881,0.002259726403281,0.0001038050686474,0.0006132719572633,0.0007664347649551,0.0001685166789684,0.0319433808326721,0.0001357752917101,
NB91,"Khu vực Vụng cát 2, 3 - khu 4 thị trấn Cô Tô",2317783,498813,2026,4,ALL,,,,,,,,,,,,,0.001308208447881,0.0016174735501408,0.0001038050686474,0.0012820861302316,0.0012016710825264,0.0001685166789684,0.0169189013540744,0.0005227496149018,
NB93,Khu vực ven bờ phía Nam xã Đồng Tiến,2321580,498778,2025,1,ALL,,,,,,,,,,,,,0.0014855570625513,0.001314360066317,0.0001038050686474,5.715754741686396e-05,0.000590069044847,0.0001685166789684,0.0207076650112867,0.0004735044203698,
NB93,Khu vực ven bờ phía Nam xã Đồng Tiến,2321580,498778,2025,2,ALL,,,,,,,,,,,,,0.0013036195887252,0.0016579963266849,0.0001038050686474,0.0,0.0011323865037411,0.0001685166789684,0.0150344995781779,0.0007266046595759,
NB93,Khu vực ven bờ phía Nam xã Đồng Tiến,2321580,498778,2025,3,ALL,,,,,,,,,,,,,0.001308208447881,0.0019629690796136,0.0001038050686474,0.006748033221811,0.0025373206008225,0.0001685166789684,0.0240438338369131,0.0005974170635454,
NB93,Khu vực ven bờ phía Nam xã Đồng Tiến,2321580,498778,2025,4,ALL,,,,,,,,,,,,,0.001308208447881,0.0014125287998467,0.0001038050686474,0.0,0.0012767360312864,0.0001685166789684,0.0242826137691736,0.0007762097520753,
NB93,Khu vực ven bờ phía Nam xã Đồng Tiến,2321580,498778,2026,1,ALL,,,,,,,,,,,,,0.0013566978741437,0.0014068776508793,0.0001038050686474,0.0017045094864442,0.0021715911570936,0.0001685166789684,0.0147790508344769,0.0005934180808253,
NB93,Khu vực ven bờ phía Nam xã Đồng Tiến,2321580,498778,2026,2,ALL,,,,,,,,,,,,,0.0013036195887252,0.0015411372296512,0.0001038050686474,0.0,0.0013905874220654,0.0001685166789684,0.0080974185839295,0.0002963669830933,
NB93,Khu vực ven bờ phía Nam xã Đồng Tiến,2321580,498778,2026,3,ALL,,,,,,,,,,,,,0.0013036195887252,0.0020679931621998,0.0001038050686474,0.0,0.0008003642433322,0.0001685166789684,0.0163676291704177,0.0002173435059376,
NB93,Khu vực ven bờ phía Nam xã Đồng Tiến,2321580,498778,2026,4,ALL,,,,,,,,,,,,,0.001308208447881,0.0017780114430934,0.0001038050686474,0.0005839539808221,0.0008856785716488,0.0001685166789684,0.009575743228197,0.0005443633999675,
NB90,Khu vực cảng Cô Tô,2319575,501050,2025,1,ALL,,,,,,,,,,,,,0.0014855570625513,0.0014972775243222,0.0001038050686474,0.0001532377646071,0.0006352036725729,0.0001685166789684,0.016938367858529,0.0004420902405399,
NB90,Khu vực cảng Cô Tô,2319575,501050,2025,2,ALL,,,,,,,,,,,,,0.0013036195887252,0.0016864342615008,0.0001038050686474,0.0,0.000976406619884,0.0001685166789684,0.0133329182863235,0.0004587812873069,
NB90,Khu vực cảng Cô Tô,2319575,501050,2025,3,ALL,,,,,,,,,,,,,0.001308208447881,0.0022528953850269,0.0001038050686474,0.0032751348335295,0.0021124673075973,0.0001685166789684,0.0261396262794733,0.0003602411889005,
NB90,Khu vực cảng Cô Tô,2319575,501050,2025,4,ALL,,,,,,,,,,,,,0.001308208447881,0.001561683602631,0.0001038050686474,0.0,0.001458526821807,0.0001685166789684,0.0195130482316017,0.0002830051816999,
NB90,Khu vực cảng Cô Tô,2319575,501050,2026,1,ALL,,,,,,,,,,,,,0.0013566978741437,0.001395251834765,0.0001038050686474,0.0,0.0009318673401139,0.0001685166789684,0.0052042505703866,0.0005952432984486,
NB90,Khu vực cảng Cô Tô,2319575,501050,2026,2,ALL,,,,,,,,,,,,,0.0013036195887252,0.0018180710030719,0.0001038050686474,0.0076066218316555,0.0034932133276015,0.0001685166789684,0.0235056430101394,0.003778853919357,
NB90,Khu vực cảng Cô Tô,2319575,501050,2026,3,ALL,,,,,,,,,,,,,0.001308208447881,0.001761358231306,0.0001038050686474,7.75256830820581e-06,0.0015483708120882,0.0001685166789684,0.0128560615703463,0.0002718173200264,
NB90,Khu vực cảng Cô Tô,2319575,501050,2026,4,ALL,,,,,,,,,,,,,0.001308208447881,0.0016081895446404,0.0001038050686474,0.0002222434122813,0.0002617325808387,0.0001685166789684,0.0077986447140574,0.0004602671833708,
NB92,"Khu vực bãi tắm Hồng Vàn, xã Đồng Tiến",2323555,501698,2025,1,ALL,,,,,,,,,,,,,0.0014855570625513,0.0014724828070029,0.0001038050686474,4.6217090130085126e-05,0.0006507453508675,0.0001685166789684,0.0152319511398673,0.0005600056028924,
NB92,"Khu vực bãi tắm Hồng Vàn, xã Đồng Tiến",2323555,501698,2025,2,ALL,,,,,,,,,,,,,0.0013036195887252,0.0016646435251459,0.0001038050686474,0.0019801028538495,0.0023351199924945,0.0001685166789684,0.0106605403125286,0.0019027225207537,
NB92,"Khu vực bãi tắm Hồng Vàn, xã Đồng Tiến",2323555,501698,2025,3,ALL,,,,,,,,,,,,,0.001308208447881,0.001932960236445,0.0001038050686474,0.0,0.0004776208952534,0.0001685166789684,0.0104883639141917,0.0003840197168756,
NB92,"Khu vực bãi tắm Hồng Vàn, xã Đồng Tiến",2323555,501698,2025,4,ALL,,,,,,,,,,,,,0.001308208447881,0.0021009352058172,0.0001038050686474,0.0001962004607776,0.0007733035599812,0.0001685166789684,0.0101616773754358,0.0003467488277237,
NB92,"Khu vực bãi tắm Hồng Vàn, xã Đồng Tiến",2323555,501698,2026,1,ALL,,,,,,,,,,,,,0.0013612867332994,0.0017505752621218,0.0001038050686474,0.0,0.0010324729373678,0.0001685166789684,0.0044444040395319,0.000464223587187,
NB92,"Khu vực bãi tắm Hồng Vàn, xã Đồng Tiến",2323555,501698,2026,2,ALL,,,,,,,,,,,,,0.001308208447881,0.0018133148550987,0.0001038050686474,0.0002343949890928,0.0012906512711197,0.0001685166789684,0.0218392554670572,0.0005174987600184,
NB92,"Khu vực bãi tắm Hồng Vàn, xã Đồng Tiến",2323555,501698,2026,3,ALL,,,,,,,,,,,,,0.001308208447881,0.0019207652658224,0.0001038050686474,0.0001994463964365,0.0014176603872328,0.0001685166789684,0.0193158444017171,0.0003422120062168,
NB92,"Khu vực bãi tắm Hồng Vàn, xã Đồng Tiến",2323555,501698,2026,4,ALL,,,,,,,,,,,,,0.001308208447881,0.0016746232286095,0.0001038050686474,0.0,0.0003552613779902,0.0001685166789684,0.0112641314044594,0.0004060620849486,
NB94,Khu vực phía Bắc đảo Cô Tô con,2328260,501917,2025,1,cobia,6.437394142150879,20.89169692993164,8.104331970214844,32.57079315185547,0.0359227694571018,0.0194146241992712,32.12692642211914,61.75802993774414,0.0,0.0,112.9732894897461,0.0,,,,,,,,,
NB94,Khu vực phía Bắc đảo Cô Tô con,2328260,501917,2025,2,cobia,6.081112384796143,25.5125789642334,8.128625869750977,32.513973236083984,0.0354642830789089,0.0208329539746046,25.23967742919922,67.60330200195312,1.191214084625244,231.41043090820312,94.5675277709961,0.0,,,,,,,,,
NB94,Khu vực phía Bắc đảo Cô Tô con,2328260,501917,2025,3,cobia,6.382397651672363,28.38324928283692,8.154351234436035,32.849727630615234,0.0361292362213134,0.0330521538853645,30.555788040161133,73.68694305419922,0.9415891766548156,1082.302978515625,98.9213638305664,1.7371644973754885,,,,,,,,,
NB94,Khu vực phía Bắc đảo Cô Tô con,2328260,501917,2025,4,cobia,5.915728092193604,26.0007553100586,8.222968101501465,31.406625747680664,0.0357793271541595,0.0286148972809314,29.87042999267578,63.45829391479492,1.7804158926010132,843.161376953125,117.99044036865234,4.533901691436768,,,,,,,,,
NB94,Khu vực phía Bắc đảo Cô Tô con,2328260,501917,2026,1,cobia,6.669294834136963,22.165756225585938,8.143885612487793,31.9212589263916,0.0420081801712513,0.0391038171947002,35.12599563598633,121.3032455444336,2.473820209503174,488.1736755371094,123.78968048095705,1.5551366806030271,,,,,,,,,
NB94,Khu vực phía Bắc đảo Cô Tô con,2328260,501917,2026,2,cobia,5.788724422454834,26.37156867980957,8.178452491760254,32.002811431884766,0.0570963136851787,0.056636057794094,32.22118377685547,88.63462829589844,2.252173900604248,383.3439636230469,120.54422760009766,1.0612128973007202,,,,,,,,,
NB94,Khu vực phía Bắc đảo Cô Tô con,2328260,501917,2026,3,cobia,5.200577259063721,28.4777946472168,8.166632652282715,31.76565742492676,0.0407479144632816,0.072528101503849,32.00407791137695,102.83716583251952,0.4739748835563659,1081.9329833984375,125.49323272705078,0.0,,,,,,,,,
NB94,Khu vực phía Bắc đảo Cô Tô con,2328260,501917,2026,4,cobia,5.42800235748291,24.270278930664062,8.157712936401367,31.11961555480957,0.0650543794035911,0.0533402413129806,29.674867630004883,128.79754638671875,2.5093889236450195,4422.56396484375,121.43575286865234,2.0103886127471924,,,,,,,,,
NB95,Khu vực phía Nam đảo Cô Tô con,2326638,502012,2025,1,cobia,6.455812931060791,22.176490783691406,8.198709487915039,32.551082611083984,0.0167683158069849,0.0186793878674507,28.156578063964844,63.28901290893555,0.0,0.0,112.9027862548828,0.0,,,,,,,,,
NB95,Khu vực phía Nam đảo Cô Tô con,2326638,502012,2025,2,cobia,6.707310676574707,26.525522232055664,8.277144432067871,32.71915054321289,0.0247525591403245,0.0157483648508787,33.20116424560547,96.37506866455078,0.1212622672319412,0.0,117.60670471191406,0.0,,,,,,,,,
NB95,Khu vực phía Nam đảo Cô Tô con,2326638,502012,2025,3,cobia,6.016215801239014,27.049673080444336,8.299494743347168,33.667510986328125,0.0199286807328462,0.0167998671531677,37.94102478027344,106.97305297851562,0.3400621712207794,431.870849609375,129.6591339111328,6.344871044158936,,,,,,,,,
NB95,Khu vực phía Nam đảo Cô Tô con,2326638,502012,2025,4,cobia,6.1719465255737305,25.21227264404297,8.289643287658691,32.61957550048828,0.0211358778178691,0.014794023707509,32.32064437866211,106.17269134521484,0.0,0.0,99.86620330810548,0.0,,,,,,,,,
NB95,Khu vực phía Nam đảo Cô Tô con,2326638,502012,2026,1,cobia,6.624401569366455,22.42169952392578,8.149396896362305,33.71622085571289,0.0261625051498413,0.024702750146389,34.30279922485352,136.38662719726562,4.157195091247559,0.0,124.64488983154295,2.8331005573272705,,,,,,,,,
NB95,Khu vực phía Nam đảo Cô Tô con,2326638,502012,2026,2,cobia,5.979732990264893,25.19093894958496,8.113995552062988,33.48949432373047,0.0285663492977619,0.0457857996225357,38.57339859008789,141.62606811523438,3.625563383102417,355.40771484375,126.87967681884766,7.16848087310791,,,,,,,,,
NB95,Khu vực phía Nam đảo Cô Tô con,2326638,502012,2026,3,cobia,5.424102306365967,27.00284576416016,8.170355796813965,34.05476379394531,0.0503407195210456,0.0633175894618034,28.14476776123047,114.3660888671875,2.3492000102996826,1453.2388916015625,98.77732849121094,21.54625129699707,,,,,,,,,
NB95,Khu vực phía Nam đảo Cô Tô con,2326638,502012,2026,4,cobia,6.678997039794922,25.25253677368164,8.104289054870605,32.68438720703125,0.0694466531276702,0.0504739880561828,29.7498722076416,82.63258361816406,4.364570140838623,0.0,99.45782470703124,9.616641998291016,,,,,,,,,
NB94,Khu vực phía Bắc đảo Cô Tô con,2328260,501917,2025,1,ALL,,,,,,,,,,,,,0.0014855570625513,0.0014076674124225,0.0001038050686474,6.490696250693873e-05,0.0010743759339675,0.0001685166789684,0.014140298590064,0.0004420902405399,
NB94,Khu vực phía Bắc đảo Cô Tô con,2328260,501917,2025,2,ALL,,,,,,,,,,,,,0.0013036195887252,0.0016350874211639,0.0001038050686474,0.0,0.0012056971900165,0.0001685166789684,0.0138263525441288,0.0002686837688088,
NB94,Khu vực phía Bắc đảo Cô Tô con,2328260,501917,2025,3,ALL,,,,,,,,,,,,,0.001308208447881,0.0018616681918501,0.0001038050686474,0.0002087815955746,0.0010801806347444,0.0001685166789684,0.0143197448924183,0.0003654378233477,
NB94,Khu vực phía Bắc đảo Cô Tô con,2328260,501917,2025,4,ALL,,,,,,,,,,,,,0.001308208447881,0.0017744736978784,0.0001038050686474,2.81917818938382e-05,0.0007136944914236,0.0001685166789684,0.0403292663395404,0.000362267892342,
NB94,Khu vực phía Bắc đảo Cô Tô con,2328260,501917,2026,1,ALL,,,,,,,,,,,,,0.0013612867332994,0.0015684927348047,0.0001038050686474,0.0,0.0011284457286819,0.0001685166789684,0.0154128186404705,0.0004342981264926,
NB94,Khu vực phía Bắc đảo Cô Tô con,2328260,501917,2026,2,ALL,,,,,,,,,,,,,0.0013036195887252,0.001628725323826,0.0001038050686474,0.0,0.0009423831943422,0.0001685166789684,0.0112417805939912,0.0004411435802467,
NB94,Khu vực phía Bắc đảo Cô Tô con,2328260,501917,2026,3,ALL,,,,,,,,,,,,,0.001308208447881,0.0025981478393077,0.0001038050686474,0.0012912291567772,0.000661859230604,0.0001685166789684,0.0327577702701091,0.0001497027260484,
NB94,Khu vực phía Bắc đảo Cô Tô con,2328260,501917,2026,4,ALL,,,,,,,,,,,,,0.001308208447881,0.0021434533409774,0.0001038050686474,0.0,0.0011803384404629,0.0001685166789684,0.0109515748918056,3.3858170354506e-05,
NB96,Khu vực phía Đông đảo Cô Tô con,2327640,503181,2025,1,cobia,6.397120952606201,22.72610855102539,8.166112899780273,32.52676773071289,0.0240880027413368,0.0236493553966283,26.47446632385254,51.56713485717773,0.0,0.0,107.5636749267578,0.0,,,,,,,,,
NB96,Khu vực phía Đông đảo Cô Tô con,2327640,503181,2025,2,cobia,6.381945610046387,27.30609703063965,8.184293746948242,32.26969146728516,0.0324102491140365,0.0336722023785114,30.51854705810547,80.17610168457031,0.929432213306427,0.0,112.9832992553711,0.0,,,,,,,,,
NB96,Khu vực phía Đông đảo Cô Tô con,2327640,503181,2025,3,cobia,5.973683834075928,28.53362464904785,8.219491958618164,33.4650764465332,0.0242969691753387,0.0276407767087221,33.91403579711914,76.153076171875,0.3072989881038666,0.0,138.09518432617188,4.353865146636963,,,,,,,,,
NB96,Khu vực phía Đông đảo Cô Tô con,2327640,503181,2025,4,cobia,6.501873016357422,24.92986869812012,8.22988510131836,32.22026062011719,0.0254320576786994,0.0229770522564649,35.34223175048828,111.3706283569336,0.0,0.0,113.96617889404295,3.923627376556397,,,,,,,,,
NB96,Khu vực phía Đông đảo Cô Tô con,2327640,503181,2026,1,cobia,6.700145244598389,22.561622619628903,8.124661445617676,33.0762825012207,0.0282675493508577,0.0466300956904888,39.21973037719727,132.3507080078125,3.700998544692993,905.108642578125,141.67613220214844,5.499051570892334,,,,,,,,,
NB96,Khu vực phía Đông đảo Cô Tô con,2327640,503181,2026,2,cobia,6.148314476013184,25.129995346069336,8.067800521850586,32.700077056884766,0.039957046508789,0.0554402098059654,31.77631950378418,105.0511474609375,4.701430320739746,465.9814147949219,138.46728515625,7.197875022888184,,,,,,,,,
NB96,Khu vực phía Đông đảo Cô Tô con,2327640,503181,2026,3,cobia,5.347850799560547,27.67564010620117,8.100896835327148,32.56095886230469,0.0514766536653041,0.0742377415299415,31.86955642700196,101.73020935058594,4.672106742858887,1564.9837646484375,98.60723876953124,13.935192108154297,,,,,,,,,
NB96,Khu vực phía Đông đảo Cô Tô con,2327640,503181,2026,4,cobia,6.138462543487549,25.100868225097656,8.042318344116211,32.09436798095703,0.0479933209717273,0.0501496605575084,30.259246826171875,142.10623168945312,3.72032642364502,0.0,110.48863983154295,3.3344390392303467,,,,,,,,,
NB97,Khu vực phía Tây  đảo Cô Tô con,2327497,501058,2025,1,cobia,6.652055740356445,22.38017845153809,8.145184516906738,32.34696578979492,0.0227973237633705,0.0225003939121961,30.34265518188477,69.73588562011719,0.0,0.0,105.40373229980467,0.0,,,,,,,,,
NB97,Khu vực phía Tây  đảo Cô Tô con,2327497,501058,2025,2,cobia,6.271918296813965,26.61799049377441,8.1702241897583,32.759456634521484,0.0312549881637096,0.0302358102053403,28.909523010253903,76.58248901367188,1.9456000328063965,0.0,118.3068389892578,1.2703460454940796,,,,,,,,,
NB97,Khu vực phía Tây  đảo Cô Tô con,2327497,501058,2025,3,cobia,6.7276129722595215,28.78860855102539,8.197152137756348,32.765804290771484,0.0185235291719436,0.0249789804220199,36.4317626953125,80.55838012695312,0.0327425710856914,0.0,113.06942749023438,2.849659442901612,,,,,,,,,
NB97,Khu vực phía Tây  đảo Cô Tô con,2327497,501058,2025,4,cobia,6.210901260375977,25.29316711425781,8.253493309020996,31.82033920288086,0.0234312023967504,0.0207354370504617,36.42349624633789,115.0925750732422,0.0,0.0,123.82536315917967,3.687206983566284,,,,,,,,,
NB97,Khu vực phía Tây  đảo Cô Tô con,2327497,501058,2026,1,cobia,6.871592044830322,22.585691452026367,8.138071060180664,33.27324295043945,0.0246135089546442,0.0401003584265708,38.67147445678711,146.54144287109375,3.5935521125793457,0.0,150.0127716064453,3.2445414066314697,,,,,,,,,
NB97,Khu vực phía Tây  đảo Cô Tô con,2327497,501058,2026,2,cobia,6.007384777069092,26.400514602661133,8.11816692352295,30.7885971069336,0.0313043259084224,0.0544565841555595,36.17939376831055,90.36444091796876,2.986746072769165,1660.1533203125,139.73138427734375,9.001935958862305,,,,,,,,,
NB97,Khu vực phía Tây  đảo Cô Tô con,2327497,501058,2026,3,cobia,5.58087682723999,28.7161808013916,8.010479927062988,32.41255569458008,0.028359180316329,0.0571586564183235,38.35420608520508,148.50534057617188,2.651413917541504,0.0,110.19483184814452,6.494145393371582,,,,,,,,,
NB97,Khu vực phía Tây  đảo Cô Tô con,2327497,501058,2026,4,cobia,6.005779266357422,24.425121307373047,8.048216819763184,31.87443733215332,0.0457991398870945,0.0439985692501068,32.5490837097168,123.04701232910156,3.9861245155334473,0.0,126.34053802490234,2.189027547836304,,,,,,,,,
NB95,Khu vực phía Nam đảo Cô Tô con,2326638,502012,2025,1,ALL,,,,,,,,,,,,,0.0014855570625513,0.0015897423727437,0.0001038050686474,0.0001539458608021,0.000739024428185,0.0001685166789684,0.0192179270088672,0.0004735044203698,
NB95,Khu vực phía Nam đảo Cô Tô con,2326638,502012,2025,2,ALL,,,,,,,,,,,,,0.0013036195887252,0.0016762943705543,0.0001038050686474,0.0025942986831068,0.0015895536635071,0.0001685166789684,0.0105347540229558,0.0004623103013727,
NB95,Khu vực phía Nam đảo Cô Tô con,2326638,502012,2025,3,ALL,,,,,,,,,,,,,0.001308208447881,0.0020024068653583,0.0001038050686474,0.0005966130993328,0.0009780791588127,0.0001685166789684,0.0202573537826538,0.0007148697623051,
NB95,Khu vực phía Nam đảo Cô Tô con,2326638,502012,2025,4,ALL,,,,,,,,,,,,,0.001308208447881,0.001836211187765,0.0001038050686474,0.0040672114118933,0.0013287157053127,0.0001685166789684,0.0329895876348018,0.002603820990771,
NB95,Khu vực phía Nam đảo Cô Tô con,2326638,502012,2026,1,ALL,,,,,,,,,,,,,0.0013612867332994,0.0014560640556737,0.0001038050686474,0.0003712231700774,0.0012784918071702,0.0001685166789684,0.0088926069438457,0.0006085039931349,
NB95,Khu vực phía Nam đảo Cô Tô con,2326638,502012,2026,2,ALL,,,,,,,,,,,,,0.0013036195887252,0.0016425574431195,0.0001038050686474,0.0001267817860934,0.0013015294680371,0.0001685166789684,0.007369365543127,0.0003841957950498,
NB95,Khu vực phía Nam đảo Cô Tô con,2326638,502012,2026,3,ALL,,,,,,,,,,,,,0.001308208447881,0.0023025092668831,0.0001038050686474,0.0,0.0002064456930384,0.0001685166789684,0.0179691296070814,0.0002575946273282,
NB95,Khu vực phía Nam đảo Cô Tô con,2326638,502012,2026,4,ALL,,,,,,,,,,,,,0.001308208447881,0.001912060775794,0.0001038050686474,0.0003724900307133,0.0010786355705931,0.0001685166789684,0.0219879504293203,0.000368193781469,
NB96,Khu vực phía Đông đảo Cô Tô con,2327640,503181,2025,1,ALL,,,,,,,,,,,,,0.0014855570625513,0.0015181245980784,0.0001038050686474,0.0001454884331906,0.0009742788388393,0.0001685166789684,0.0301264803856611,0.0004735044203698,
NB96,Khu vực phía Đông đảo Cô Tô con,2327640,503181,2025,2,ALL,,,,,,,,,,,,,0.0013036195887252,0.0016955774044618,0.0001038050686474,0.0,0.0016971222357824,0.0001685166789684,0.0122007019817829,0.0002821538364514,
NB96,Khu vực phía Đông đảo Cô Tô con,2327640,503181,2025,3,ALL,,,,,,,,,,,,,0.001308208447881,0.0018123573390766,0.0001038050686474,0.0,0.00045744763338,0.0001685166789684,0.0251299738883972,0.0004184475401416,
NB96,Khu vực phía Đông đảo Cô Tô con,2327640,503181,2025,4,ALL,,,,,,,,,,,,,0.001308208447881,0.0019804504700005,0.0001038050686474,0.0003367086173966,0.002270013326779,0.0001685166789684,0.0341324545443058,0.000350319489371,
NB96,Khu vực phía Đông đảo Cô Tô con,2327640,503181,2026,1,ALL,,,,,,,,,,,,,0.0013612867332994,0.0014477984514087,0.0001038050686474,0.0,0.0011738493340089,0.0001685166789684,0.004945601336658,0.0004865025111939,
NB96,Khu vực phía Đông đảo Cô Tô con,2327640,503181,2026,2,ALL,,,,,,,,,,,,,0.0013036195887252,0.0017062363913282,0.0001038050686474,0.0,0.0012337362859398,0.0001685166789684,0.0215720105916261,0.0003172410069964,
NB96,Khu vực phía Đông đảo Cô Tô con,2327640,503181,2026,3,ALL,,,,,,,,,,,,,0.001308208447881,0.0018855805974453,0.0001038050686474,0.0004514629836194,0.0005907363374717,0.0001685166789684,0.0128515744581818,0.0003193957963958,
NB96,Khu vực phía Đông đảo Cô Tô con,2327640,503181,2026,4,ALL,,,,,,,,,,,,,0.001308208447881,0.0023150227498263,0.0001038050686474,0.0002260389301227,0.0010547921992838,0.0001685166789684,0.011744319461286,0.0003154027508571,
NB97,Khu vực phía Tây  đảo Cô Tô con,2327497,501058,2025,1,ALL,,,,,,,,,,,,,0.0014855570625513,0.0014146736357361,0.0001038050686474,0.0,0.0003433287783991,0.0001685166789684,0.0190654247999191,0.0005073311622254,
NB97,Khu vực phía Tây  đảo Cô Tô con,2327497,501058,2025,2,ALL,,,,,,,,,,,,,0.0013036195887252,0.0017513819038867,0.0001038050686474,0.0028072572313249,0.0007148390286602,0.0001685166789684,0.0065271398052573,0.0015476203989237,
NB97,Khu vực phía Tây  đảo Cô Tô con,2327497,501058,2025,3,ALL,,,,,,,,,,,,,0.001308208447881,0.0022346074692904,0.0001038050686474,0.0005946192541159,0.0006185586098581,0.0001685166789684,0.017125641927123,0.0005970230558887,
NB97,Khu vực phía Tây  đảo Cô Tô con,2327497,501058,2025,4,ALL,,,,,,,,,,,,,0.001308208447881,0.0018420158885419,0.0001038050686474,0.0,0.0010372592369094,0.0001685166789684,0.0128609109669923,0.0004660559643525,
NB97,Khu vực phía Tây  đảo Cô Tô con,2327497,501058,2026,1,ALL,,,,,,,,,,,,,0.0013612867332994,0.0015877123223617,0.0001038050686474,0.0003599244519136,0.0014189309440553,0.0001685166789684,0.0118137700483202,0.0008582777809351,
NB97,Khu vực phía Tây  đảo Cô Tô con,2327497,501058,2026,2,ALL,,,,,,,,,,,,,0.0013036195887252,0.0016811554087325,0.0001038050686474,0.0015572885749861,0.0017394393216818,0.0001685166789684,0.0115156732499599,0.0007500775973312,
NB97,Khu vực phía Tây  đảo Cô Tô con,2327497,501058,2026,3,ALL,,,,,,,,,,,,,0.001308208447881,0.0020958541426807,0.0001038050686474,0.0007007464882917,0.0009567222441546,0.0001685166789684,0.0096841538324952,0.0004132959875278,
NB97,Khu vực phía Tây  đảo Cô Tô con,2327497,501058,2026,4,ALL,,,,,,,,,,,,,0.001308208447881,0.0022186122369021,0.0001038050686474,0.0001493228919571,0.0006253327592276,0.0001685166789684,0.0192912723869085,0.0002730121195781,
NB98,Khu vực cảng Thanh Lân,2323023,505543,2025,1,cobia,6.590084552764893,22.12299156188965,8.152627944946289,32.7396125793457,0.0225873757153749,0.0190896019339561,31.73509407043457,61.48405456542969,0.0,0.0,118.92919921875,0.0,,,,,,,,,
NB98,Khu vực cảng Thanh Lân,2323023,505543,2025,2,cobia,6.294093608856201,26.025928497314453,8.181370735168457,32.423980712890625,0.0312569364905357,0.024111732840538,30.74202346801757,79.81693267822266,1.1638556718826294,0.0,108.3560028076172,1.3495235443115234,,,,,,,,,
NB98,Khu vực cảng Thanh Lân,2323023,505543,2025,3,cobia,6.543019771575928,28.539907455444336,8.166316032409668,32.589237213134766,0.0223273858428001,0.0244491565972566,45.42967987060547,101.0269775390625,0.0,0.0,129.49708557128906,5.563788890838623,,,,,,,,,
NB98,Khu vực cảng Thanh Lân,2323023,505543,2025,4,cobia,6.029534339904785,25.142576217651367,8.233760833740234,31.93469619750977,0.0241926722228527,0.0179714430123567,30.00406265258789,73.63206481933594,0.0,0.0,105.93631744384766,4.184686183929443,,,,,,,,,
NB98,Khu vực cảng Thanh Lân,2323023,505543,2026,1,cobia,6.869810104370117,22.55431365966797,8.169124603271484,33.7210807800293,0.0259877629578113,0.0323889032006263,36.530906677246094,122.3824462890625,3.439735412597656,0.0,128.79249572753906,1.997178554534912,,,,,,,,,
NB98,Khu vực cảng Thanh Lân,2323023,505543,2026,2,cobia,6.158419609069824,25.533565521240234,8.096818923950195,31.802364349365234,0.0308031421154737,0.0525684580206871,37.0577278137207,90.39874267578124,3.119231700897217,2455.94140625,131.0240478515625,10.1157865524292,,,,,,,,,
NB98,Khu vực cảng Thanh Lân,2323023,505543,2026,3,cobia,5.39529275894165,28.23206329345703,8.034158706665039,33.066036224365234,0.0287372190505266,0.0692997127771377,32.011802673339844,106.8597640991211,3.227729082107544,2035.0364990234373,113.2050552368164,6.991462230682373,,,,,,,,,
NB98,Khu vực cảng Thanh Lân,2323023,505543,2026,4,cobia,5.958992004394531,25.27110290527344,8.057816505432129,31.992122650146484,0.0687101781368255,0.0411453545093536,25.73667907714844,90.3623046875,4.629300117492676,0.0,109.4578094482422,8.805447578430176,,,,,,,,,
NB99,Khu vực nuôi nhuyễn thể phía Đông Nam đảo Thanh Lân,2321546,505635,2025,1,cobia,6.447773456573486,22.466211318969727,8.17760181427002,32.75445556640625,0.0235622636973857,0.0246047265827655,30.45220184326172,57.80880355834961,0.0,0.0,110.14459228515624,0.0,,,,,,,,,
NB99,Khu vực nuôi nhuyễn thể phía Đông Nam đảo Thanh Lân,2321546,505635,2025,2,cobia,5.980345249176025,27.46069526672364,8.184432983398438,32.3505744934082,0.0363386534154415,0.0311796702444553,30.951854705810547,87.39513397216797,1.7133324146270752,0.0,122.69700622558594,0.0,,,,,,,,,
NB99,Khu vực nuôi nhuyễn thể phía Đông Nam đảo Thanh Lân,2321546,505635,2025,3,cobia,5.758216857910156,28.6232967376709,8.226926803588867,33.298946380615234,0.0230066366493701,0.02539037540555,33.727149963378906,103.57454681396484,0.0,0.0,127.24772644042967,3.3749706745147705,,,,,,,,,
NB99,Khu vực nuôi nhuyễn thể phía Đông Nam đảo Thanh Lân,2321546,505635,2025,4,cobia,6.528825283050537,24.4245834350586,8.236077308654785,31.59186744689941,0.029259430244565,0.0212122611701488,34.8153190612793,89.53898620605469,0.0003399704582989,0.0,121.89117431640624,8.16794490814209,,,,,,,,,
NB99,Khu vực nuôi nhuyễn thể phía Đông Nam đảo Thanh Lân,2321546,505635,2026,1,cobia,6.868072986602783,22.20853042602539,8.110771179199219,32.97053146362305,0.0281151868402957,0.042553711682558,39.782005310058594,155.4744873046875,3.672189474105835,382.40966796875,144.72080993652344,3.3426008224487305,,,,,,,,,
NB99,Khu vực nuôi nhuyễn thể phía Đông Nam đảo Thanh Lân,2321546,505635,2026,2,cobia,5.832846641540527,25.56985855102539,8.098718643188477,32.601158142089844,0.0530342459678649,0.0567914173007011,32.89302444458008,94.82579040527344,4.232640266418457,337.16070556640625,143.4064178466797,7.76735782623291,,,,,,,,,
NB99,Khu vực nuôi nhuyễn thể phía Đông Nam đảo Thanh Lân,2321546,505635,2026,3,cobia,5.420130729675293,27.438928604125977,8.054549217224121,32.800682067871094,0.0578411817550659,0.0738126710057258,30.86608123779297,117.68716430664062,3.344964504241944,1283.7672119140625,111.7831039428711,9.269830703735352,,,,,,,,,
NB99,Khu vực nuôi nhuyễn thể phía Đông Nam đảo Thanh Lân,2321546,505635,2026,4,cobia,6.413040637969971,25.52316665649414,8.090659141540527,31.925466537475582,0.045782696455717,0.0507936626672744,28.92816925048828,112.84622192382812,4.278719425201416,902.0469360351562,117.61174011230467,7.288731575012207,,,,,,,,,
NB98,Khu vực cảng Thanh Lân,2323023,505543,2025,1,ALL,,,,,,,,,,,,,0.0014855570625513,0.001411800738424,0.0001038050686474,0.0,0.0012883682502433,0.0001685166789684,0.017538072541356,0.0010975319892168,
NB98,Khu vực cảng Thanh Lân,2323023,505543,2025,2,ALL,,,,,,,,,,,,,0.0013036195887252,0.0014431710587814,0.0001038050686474,0.0009416073444299,0.0023213925305753,0.0001685166789684,0.0086254989728331,0.0006070237723179,
NB98,Khu vực cảng Thanh Lân,2323023,505543,2025,3,ALL,,,,,,,,,,,,,0.0013036195887252,0.0020156321115791,0.0001038050686474,0.0078151701018214,0.0007761891465634,0.0001685166789684,0.027390033006668,0.0015324463602155,
NB98,Khu vực cảng Thanh Lân,2323023,505543,2025,4,ALL,,,,,,,,,,,,,0.001308208447881,0.0018104306655004,0.0001038050686474,0.0054619740694761,0.0017627332126721,0.0001685166789684,0.0220575388520956,0.0013645810540765,
NB98,Khu vực cảng Thanh Lân,2323023,505543,2026,1,ALL,,,,,,,,,,,,,0.0013612867332994,0.0014538407558575,0.0001038050686474,0.0005965624004602,0.0016689882613718,0.0001685166789684,0.0108123458921909,0.0007969971047714,
NB98,Khu vực cảng Thanh Lân,2323023,505543,2026,2,ALL,,,,,,,,,,,,,0.0013036195887252,0.0017124888254329,0.0001038050686474,0.0013412055559456,0.0020019840449094,0.0001685166789684,0.0077329883351922,0.0014473566552624,
NB98,Khu vực cảng Thanh Lân,2323023,505543,2026,3,ALL,,,,,,,,,,,,,0.001308208447881,0.0020934918429702,0.0001038050686474,6.478720024460927e-06,0.0005442238762043,0.0001685166789684,0.018142094835639,0.0002928276953753,
NB98,Khu vực cảng Thanh Lân,2323023,505543,2026,4,ALL,,,,,,,,,,,,,0.001308208447881,0.0018188608810305,0.0001038050686474,0.0005276053561829,0.0012572956038638,0.0001685166789684,0.0118496716022491,0.0003978078020736,
NB99,Khu vực nuôi nhuyễn thể phía Đông Nam đảo Thanh Lân,2321546,505635,2025,1,ALL,,,,,,,,,,,,,0.0014855570625513,0.0014921192778274,0.0001038050686474,0.0001539458608021,0.0008827960118651,0.0001685166789684,0.0231924224644899,0.0004420902405399,
NB99,Khu vực nuôi nhuyễn thể phía Đông Nam đảo Thanh Lân,2321546,505635,2025,2,ALL,,,,,,,,,,,,,0.0013036195887252,0.0015380050754174,0.0001038050686474,0.0037479090970009,0.0019572144374251,0.0001685166789684,0.013873403891921,0.0002574013196863,
NB99,Khu vực nuôi nhuyễn thể phía Đông Nam đảo Thanh Lân,2321546,505635,2025,3,ALL,,,,,,,,,,,,,0.0013036195887252,0.0019817166030406,0.0001038050686474,0.0,0.0007661662530153,0.0001685166789684,0.010251946747303,0.000403424113756,
NB99,Khu vực nuôi nhuyễn thể phía Đông Nam đảo Thanh Lân,2321546,505635,2025,4,ALL,,,,,,,,,,,,,0.001308208447881,0.0021584385540336,0.0001038050686474,0.0031712756026536,0.0,0.0001685166789684,0.0440912693738937,0.0028874694835394,
NB99,Khu vực nuôi nhuyễn thể phía Đông Nam đảo Thanh Lân,2321546,505635,2026,1,ALL,,,,,,,,,,,,,0.0013612867332994,0.0014603858580812,0.0001038050686474,0.0001357849687337,0.0004718867712654,0.0001685166789684,0.008791871368885,0.0006188046536408,
NB99,Khu vực nuôi nhuyễn thể phía Đông Nam đảo Thanh Lân,2321546,505635,2026,2,ALL,,,,,,,,,,,,,0.0013036195887252,0.0017499853856861,0.0001038050686474,0.0011631730012595,0.0005099816480651,0.0001685166789684,0.0108668925240635,0.0005413629696704,
NB99,Khu vực nuôi nhuyễn thể phía Đông Nam đảo Thanh Lân,2321546,505635,2026,3,ALL,,,,,,,,,,,,,0.001308208447881,0.0025328870397061,0.0001038050686474,0.0004770759260281,0.0007078989874571,0.0001685166789684,0.0141075542196631,0.0003939393500331,
NB99,Khu vực nuôi nhuyễn thể phía Đông Nam đảo Thanh Lân,2321546,505635,2026,4,ALL,,,,,,,,,,,,,0.001308208447881,0.0023970557376742,0.0001038050686474,0.0004213052161503,0.001453329110518,0.0001685166789684,0.0098588457331061,0.0,
NB3,Cảng Cái Lân- vịnh Cửa Lục,2320268,427607,2027,1,cobia,7.333663463592529,21.91390609741211,8.153648376464844,31.66058349609375,0.0553075447678566,0.0416260622441768,34.841888427734375,81.46434783935547,1.894278764724732,427.9874877929688,112.64347839355467,0.0,,,,,,,,,
NB3,Cảng Cái Lân- vịnh Cửa Lục,2320268,427607,2027,2,cobia,6.414698123931885,25.318086624145508,8.121988296508789,31.834806442260746,0.0692295357584953,0.0543663203716278,36.28433990478516,83.1728744506836,4.583427429199219,0.0,123.76498413085938,0.0,,,,,,,,,
NB1,Luồng vào cảng Cái Lân tại cầu Bãi Cháy,2318587,428692,2027,1,cobia,7.290848255157471,20.65317153930664,8.258034706115723,31.85542297363281,0.0416084975004196,0.0454715825617313,39.79606246948242,127.6189422607422,0.9061675071716307,0.0,132.90065002441406,0.0,,,,,,,,,
NB1,Luồng vào cảng Cái Lân tại cầu Bãi Cháy,2318587,428692,2027,2,cobia,6.152935028076172,25.710887908935547,8.190360069274902,32.15278625488281,0.0418433807790279,0.0468033254146575,35.870582580566406,117.66300964355467,2.93200945854187,0.0,130.79652404785156,3.190063953399658,,,,,,,,,
NB4,Khu Hòn Gạc- vịnh Cửa Lục,2320452,429685,2027,1,cobia,7.298834323883057,19.82501220703125,8.295321464538574,31.422725677490234,0.043650783598423,0.0386724136769771,41.60498428344727,121.36821746826172,3.98880934715271,0.0,122.14913940429688,2.9063682556152344,,,,,,,,,
NB4,Khu Hòn Gạc- vịnh Cửa Lục,2320452,429685,2027,2,cobia,6.486726760864258,24.81767463684082,8.228808403015137,30.279430389404297,0.0559126622974872,0.0489874109625816,43.301025390625,132.4844207763672,4.625882148742676,0.0,136.0248565673828,2.100130796432495,,,,,,,,,
NB2,Cảng B12- vịnh Cửa Lục,2319163,428365,2027,1,cobia,5.995682239532471,21.63692855834961,8.193613052368164,30.48789024353028,0.0571021735668182,0.0502339117228984,32.719661712646484,86.84042358398438,3.403646469116211,0.0,126.73660278320312,2.739654541015625,,,,,,,,,
NB2,Cảng B12- vịnh Cửa Lục,2319163,428365,2027,2,cobia,6.427020072937012,25.81066131591797,8.179485321044922,30.589506149291992,0.0723019316792488,0.0542252361774444,39.35866165161133,107.83561706542967,2.8450124263763428,0.0,139.69529724121094,0.0,,,,,,,,,
NB3,Cảng Cái Lân- vịnh Cửa Lục,2320268,427607,2027,1,ALL,,,,,,,,,,,,,0.0013638500822708,0.0014833699679002,0.0001037786278175,0.000211868158658,0.0013182089896872,0.0001684697926975,0.0085306586697697,0.0005503454012796,
NB3,Cảng Cái Lân- vịnh Cửa Lục,2320268,427607,2027,2,ALL,,,,,,,,,,,,,0.0013030779082328,0.0015856637619435,0.0001037786278175,0.0,0.0011786479735746,0.0001684697926975,0.0058803637512028,0.0002247295196866,
NB4,Khu Hòn Gạc- vịnh Cửa Lục,2320452,429685,2027,1,ALL,,,,,,,,,,,,,0.0013638500822708,0.0016633392078801,0.0001037786278175,0.0,0.0014046450378373,0.0001684697926975,0.0036234483122825,0.0001914004824357,
NB4,Khu Hòn Gạc- vịnh Cửa Lục,2320452,429685,2027,2,ALL,,,,,,,,,,,,,0.0013075555907562,0.0012925276532769,0.0001037786278175,0.0001331094390479,0.0010232122149318,0.0001684697926975,0.0155978165566921,0.0004752572858706,
NB1,Luồng vào cảng Cái Lân tại cầu Bãi Cháy,2318587,428692,2027,1,ALL,,,,,,,,,,,,,0.0013376420829445,0.001581294927746,0.0001037786278175,8.090947812888771e-05,0.0011114114895462,0.0001684697926975,0.0145005751401185,0.0005145288305357,
NB1,Luồng vào cảng Cái Lân tại cầu Bãi Cháy,2318587,428692,2027,2,ALL,,,,,,,,,,,,,0.0013030779082328,0.0015465923352167,0.0001037786278175,0.0,0.0013160108355805,0.0001684697926975,0.0099343946203589,0.0005479580140672,
NB2,Cảng B12- vịnh Cửa Lục,2319163,428365,2027,1,ALL,,,,,,,,,,,,,0.0013638500822708,0.0015671697910875,0.0001037786278175,0.0022063010837882,0.0011056013172492,0.0001684697926975,0.0293666180223226,0.0012767412699759,
NB2,Cảng B12- vịnh Cửa Lục,2319163,428365,2027,2,ALL,,,,,,,,,,,,,0.0013030779082328,0.001654326566495,0.0001037786278175,0.0008963728323578,0.0012355779763311,0.0001684697926975,0.0072413492016494,0.0009285124833695,
NB5,Ven bờ khu đô thị CENCO 5,2319397,429449,2027,2,cobia,6.159307956695557,25.617700576782227,8.211618423461914,30.815954208374023,0.0885866656899452,0.0351804494857788,29.769428253173828,63.72339630126953,9.888832092285156,0.0,127.85504913330078,2.375715494155884,,,,,,,,,
NB6,Cửa sông Trới ven bờ KCN Việt Hưng,2322158,422550,2027,2,cobia,6.493094444274902,26.573917388916016,8.237479209899902,28.07779884338379,0.0788225457072258,0.0337767153978347,35.47734832763672,93.09828186035156,9.899596214294434,0.0,124.15119934082033,1.725615382194519,,,,,,,,,
NB7,Cửa sông Man tại cầu Đá Trắng đường Trới- Vũ Oai,2325055,427799,2027,2,cobia,5.690401554107666,26.65802764892578,8.263751983642578,28.718891143798828,0.0772248357534408,0.0379899516701698,35.425010681152344,97.1265106201172,11.024088859558104,0.0,135.30789184570312,4.285880565643311,,,,,,,,,
NB8,Cửa sông Diễn Vọng tại cầu Bang,2324600,433954,2027,2,cobia,6.891948223114014,25.614431381225582,8.025971412658691,23.011234283447266,0.0613352507352829,0.0622794516384601,34.76460266113281,76.14816284179688,13.29988956451416,815.8842163085938,118.60509490966795,0.0,,,,,,,,,
NB5,Ven bờ khu đô thị CENCO 5,2319397,429449,2027,1,cobia,6.404512405395508,20.6621036529541,8.174613952636719,31.53275680541992,0.0805793032050132,0.0334082543849945,35.90596008300781,90.07015991210938,8.982730865478516,0.0,120.39739227294922,5.203743934631348,,,,,,,,,
NB6,Cửa sông Trới ven bờ KCN Việt Hưng,2322158,422550,2027,1,cobia,7.202341556549072,21.538536071777344,8.195076942443848,30.03417015075684,0.079160563647747,0.0372333414852619,36.262481689453125,88.37872314453125,14.629749298095703,0.0,125.4525909423828,2.7549846172332764,,,,,,,,,
NB7,Cửa sông Man tại cầu Đá Trắng đường Trới- Vũ Oai,2325055,427799,2027,1,cobia,6.630821704864502,21.25418281555176,8.234514236450195,29.806625366210938,0.0604087002575397,0.0453447885811328,29.03144645690918,51.34284973144531,11.512752532958984,0.0,133.55381774902344,1.4173915386199951,,,,,,,,,
NB8,Cửa sông Diễn Vọng tại cầu Bang,2324600,433954,2027,1,cobia,7.962990283966064,22.18281936645508,8.061692237854004,25.188146591186523,0.0440279133617877,0.0647215694189071,36.89068222045898,76.57952880859375,17.278907775878906,206.6931610107422,117.85321807861328,1.862318754196167,,,,,,,,,
NB5,Ven bờ khu đô thị CENCO 5,2319397,429449,2027,2,ALL,,,,,,,,,,,,,0.0013030779082328,0.0015759873203933,0.0001037786278175,0.0005286179366521,0.0020816640462726,0.0001684697926975,0.0265933722257614,0.000355111726094,
NB6,Cửa sông Trới ven bờ KCN Việt Hưng,2322158,422550,2027,2,ALL,,,,,,,,,,,,,0.0013030779082328,0.0018876439426094,0.0001037786278175,0.0,0.0011642972240224,0.0001684697926975,0.0106171006336808,0.0005312017165124,
NB7,Cửa sông Man tại cầu Đá Trắng đường Trới- Vũ Oai,2325055,427799,2027,2,ALL,,,,,,,,,,,,,0.0013030779082328,0.0016961693763732,0.0001037786278175,0.0018045220058411,0.000998459290713,0.0001684697926975,0.0060730250552296,0.0005875967326574,
NB5,Ven bờ khu đô thị CENCO 5,2319397,429449,2027,1,ALL,,,,,,,,,,,,,0.0013638500822708,0.0013775749830529,0.0001037786278175,9.54244751483202e-06,0.0020858938805758,0.0001684697926975,0.0095839127898216,0.0005189186194911,
NB8,Cửa sông Diễn Vọng tại cầu Bang,2324600,433954,2027,2,ALL,,,,,,,,,,,,,0.0013030779082328,0.0015422677388414,0.0001037786278175,0.0004449790867511,0.0023336533922702,0.0001684697926975,0.0158234015107154,0.0001141631000791,
NB6,Cửa sông Trới ven bờ KCN Việt Hưng,2322158,422550,2027,1,ALL,,,,,,,,,,,,,0.0013638500822708,0.001560850534588,0.0001037786278175,0.0,0.0009010055800899,0.0001684697926975,0.0106055717915296,0.0006424962775781,
NB7,Cửa sông Man tại cầu Đá Trắng đường Trới- Vũ Oai,2325055,427799,2027,1,ALL,,,,,,,,,,,,,0.0013638500822708,0.0015551456017419,0.0001037786278175,7.503134838771075e-05,0.0003339019895065,0.0001684697926975,0.0079453643411397,0.0007051472784951,
NB8,Cửa sông Diễn Vọng tại cầu Bang,2324600,433954,2027,1,ALL,,,,,,,,,,,,,0.0013496461324393,0.0014007247518748,0.0001037786278175,0.0007714933017268,0.0039620925672352,0.0001684697926975,0.023263793438673,0.0006070907111279,
NB9,Bến phà Tuần Châu,2313924,420738,2027,2,cobia,6.236597061157227,26.224937438964844,8.178139686584473,31.165197372436523,0.0712242200970649,0.0454864278435707,34.352352142333984,103.27213287353516,3.774641275405884,0.0,127.21920776367188,7.114866733551025,,,,,,,,,
NB9,Bến phà Tuần Châu,2313924,420738,2027,1,cobia,6.132048606872559,20.911922454833984,8.214661598205566,31.709630966186523,0.0678469017148017,0.0393404103815555,38.63804626464844,105.95291137695312,3.1289045810699463,0.0,133.361328125,0.5226283073425293,,,,,,,,,
NB11,Cửa sông Hòn Dấu,2316995,413685,2027,1,cobia,6.633148670196533,21.863985061645508,8.139169692993164,30.479223251342773,0.069096490740776,0.0291673596948385,32.02528381347656,100.41615295410156,4.247716426849365,480.5808715820313,132.04978942871094,0.0,,,,,,,,,
NB11,Cửa sông Hòn Dấu,2316995,413685,2027,2,cobia,6.267535209655762,25.10138893127441,8.090422630310059,29.88886451721192,0.0739031136035919,0.0371011011302471,30.75697135925293,75.99751281738281,5.133392333984375,1650.7144775390625,122.69589233398438,1.061772346496582,,,,,,,,,
NB10,Bãi tắm Tuần  Châu,2315155,421276,2027,1,cobia,7.055344104766846,22.34086227416992,8.20411491394043,32.11954498291016,0.0537537299096584,0.0258145723491907,39.21958923339844,98.3137435913086,1.789231538772583,0.0,119.91680908203124,3.6096675395965576,,,,,,,,,
NB10,Bãi tắm Tuần  Châu,2315155,421276,2027,2,cobia,5.82068395614624,26.698041915893555,8.105207443237305,31.365453720092773,0.0621576011180877,0.0471188202500343,35.96473693847656,97.14408111572266,4.009514808654785,0.0,122.2004165649414,3.7037994861602783,,,,,,,,,
NB12,Bãi tắm Bãi Cháy - phía Tây bãi tắm giáp Đảo Rều,2316901,424936,2027,1,cobia,6.885522842407227,20.1346492767334,8.197734832763672,31.70721435546875,0.0600908286869525,0.0336914658546447,35.902610778808594,91.34578704833984,1.8145695924758911,0.0,124.29651641845705,4.815367221832275,,,,,,,,,
NB12,Bãi tắm Bãi Cháy - phía Tây bãi tắm giáp Đảo Rều,2316901,424936,2027,2,cobia,6.179244041442871,26.567527770996094,8.142097473144531,30.2388916015625,0.0667638555169105,0.0443424023687839,37.78873443603516,102.65589904785156,3.724032402038574,0.0,129.56097412109375,0.0,,,,,,,,,
NB9,Bến phà Tuần Châu,2313924,420738,2027,2,ALL,,,,,,,,,,,,,0.0013075555907562,0.0020721487235277,0.0001037786278175,0.0,0.0012135431170463,0.0001684697926975,0.0056458138860762,0.0001579126837896,
NB9,Bến phà Tuần Châu,2313924,420738,2027,1,ALL,,,,,,,,,,,,,0.0013496461324393,0.0016160801751539,0.0001037786278175,0.0006436179974116,0.0013193556806072,0.0001684697926975,0.0106756594032049,0.000624583393801,
NB11,Cửa sông Hòn Dấu,2316995,413685,2027,1,ALL,,,,,,,,,,,,,0.0013638500822708,0.0016089244745671,0.0001037786278175,0.0002877189835999,0.0015903309686109,0.0001684697926975,0.0168513990938663,0.00065103295492,
NB11,Cửa sông Hòn Dấu,2316995,413685,2027,2,ALL,,,,,,,,,,,,,0.0013075555907562,0.0015347835142165,0.0001037786278175,0.0001674816739978,0.0012140017934143,0.0001684697926975,0.0094035742804408,0.0005402822280302,
NB10,Bãi tắm Tuần  Châu,2315155,421276,2027,1,ALL,,,,,,,,,,,,,0.0013638500822708,0.0015957060968503,0.0001037786278175,0.0,0.0017701742472127,0.0001684697926975,0.0141839459538459,0.0008652111282572,
NB10,Bãi tắm Tuần  Châu,2315155,421276,2027,2,ALL,,,,,,,,,,,,,0.0013030779082328,0.0015041377628222,0.0001037786278175,0.0023177640978246,0.0015844176523387,0.0001684697926975,0.0102669224143028,0.0006181212957017,
NB12,Bãi tắm Bãi Cháy - phía Tây bãi tắm giáp Đảo Rều,2316901,424936,2027,1,ALL,,,,,,,,,,,,,0.001338735804893,0.0015980453463271,0.0001037786278175,0.0,0.0007172066834755,0.0001684697926975,0.0307076796889305,0.0004174631321802,
NB12,Bãi tắm Bãi Cháy - phía Tây bãi tắm giáp Đảo Rều,2316901,424936,2027,2,ALL,,,,,,,,,,,,,0.0013030779082328,0.0015954010887071,0.0001037786278175,0.0006800170522183,0.0011148708872497,0.0001684697926975,0.0102164484560489,0.0004348716465756,
NB13,Bãi tắm Bãi Cháy - khu Trung tâm bãi tắm,2316868,426503,2027,1,cobia,7.2069411277771,21.136817932128903,8.194962501525879,31.3227767944336,0.0744689628481864,0.0408782251179218,35.993350982666016,102.966064453125,3.827628612518311,252.86573791503903,131.75686645507812,0.3432852327823639,,,,,,,,,
NB13,Bãi tắm Bãi Cháy - khu Trung tâm bãi tắm,2316868,426503,2027,2,cobia,6.590019702911377,24.84821891784668,8.205930709838867,30.93304443359375,0.0854359120130539,0.0470533743500709,36.80425643920898,84.35929870605469,6.387076377868652,0.0,126.58760833740234,4.8358354568481445,,,,,,,,,
NB14,Ven bờ phường Hùng Thắng,2317578,422609,2027,1,cobia,6.947534561157227,21.643205642700195,8.243758201599121,31.72593879699707,0.0746786668896675,0.0320168063044548,36.81145095825195,118.84856414794922,4.599281311035156,0.0,129.216552734375,2.0634539127349854,,,,,,,,,
NB14,Ven bờ phường Hùng Thắng,2317578,422609,2027,2,cobia,6.719899654388428,26.36941146850586,8.229549407958984,30.44883728027344,0.0798676386475563,0.0381659008562564,40.58061218261719,112.16613006591795,4.250911712646484,0.0,143.80447387695312,1.8217557668685915,,,,,,,,,
NB15,Sau chợ Hạ Long 1- cầu Bài Thơ Hạ Long,2317218,430394,2027,1,cobia,7.029484272003174,21.3267822265625,8.243945121765137,31.69938087463379,0.0874809697270393,0.0472757220268249,36.33174133300781,159.92523193359375,1.3949004411697388,0.0,121.88592529296876,1.883423089981079,,,,,,,,,
NB15,Sau chợ Hạ Long 1- cầu Bài Thơ Hạ Long,2317218,430394,2027,2,cobia,5.736434459686279,27.128307342529297,8.232643127441406,30.69832229614257,0.0863792225718498,0.0518438890576362,39.25342178344727,107.31161499023438,3.4755845069885254,136.79673767089844,138.5293731689453,7.154184818267822,,,,,,,,,
NB16,Ven bờ khu vực Bến Đoan- Hạ Long,2317471,431681,2027,1,cobia,6.993612289428711,22.875757217407227,8.193782806396484,31.8461971282959,0.0632809922099113,0.0302782524377107,40.068267822265625,96.20902252197266,2.0875630378723145,0.0,123.54390716552734,5.266483783721924,,,,,,,,,
NB16,Ven bờ khu vực Bến Đoan- Hạ Long,2317471,431681,2027,2,cobia,6.194453239440918,27.346961975097656,8.083799362182617,31.37750816345215,0.0750270038843154,0.0470442473888397,38.56919097900391,108.75643157958984,1.938060522079468,0.0,143.72042846679688,5.704397201538086,,,,,,,,,
NB13,Bãi tắm Bãi Cháy - khu Trung tâm bãi tắm,2316868,426503,2027,1,ALL,,,,,,,,,,,,,0.001338735804893,0.0014771138085052,0.0001037786278175,0.0,0.0013968073762953,0.0001684697926975,0.03391620144248,0.0006604058435186,
NB13,Bãi tắm Bãi Cháy - khu Trung tâm bãi tắm,2316868,426503,2027,2,ALL,,,,,,,,,,,,,0.0013030779082328,0.0015745108248665,0.0001037786278175,0.0,0.001602784381248,0.0001684697926975,0.0094255227595567,1.878958755696658e-05,
NB14,Ven bờ phường Hùng Thắng,2317578,422609,2027,1,ALL,,,,,,,,,,,,,0.0013496461324393,0.0016757634002715,0.0001037786278175,0.0002104564628098,0.0006719236844219,0.0001684697926975,0.0142254196107387,0.0006294277845881,
NB14,Ven bờ phường Hùng Thắng,2317578,422609,2027,2,ALL,,,,,,,,,,,,,0.0013075555907562,0.0017196900444105,0.0001037786278175,0.0,0.0007718087290413,0.0001684697926975,0.0115682361647486,0.0005838591023348,
NB15,Sau chợ Hạ Long 1- cầu Bài Thơ Hạ Long,2317218,430394,2027,1,ALL,,,,,,,,,,,,,0.0013638500822708,0.0017930141184478,0.0001037786278175,0.0001421423366991,0.0012363304849714,0.0001684697926975,0.0079103307798504,0.0005923169082961,
NB15,Sau chợ Hạ Long 1- cầu Bài Thơ Hạ Long,2317218,430394,2027,2,ALL,,,,,,,,,,,,,0.0013075555907562,0.0016257584793493,0.0001037786278175,0.00053415982984,0.0011890082387253,0.0001684697926975,0.0144454864785075,0.0005030312458984,
NB16,Ven bờ khu vực Bến Đoan- Hạ Long,2317471,431681,2027,1,ALL,,,,,,,,,,,,,0.0013638500822708,0.0015420216368511,0.0001037786278175,0.0010116890771314,0.0014986473834142,0.0001684697926975,0.0122419744729995,0.0008545665768906,
NB16,Ven bờ khu vực Bến Đoan- Hạ Long,2317471,431681,2027,2,ALL,,,,,,,,,,,,,0.0013030779082328,0.0015823158901184,0.0001037786278175,0.0023987342137843,0.0018647720571607,0.0001684697926975,0.0192337036132812,0.0009426418109796,
NB17,Ven bờ khu vực cột 5- phường Hồng Hà- TP Hạ Long,2317257,432137,2027,1,cobia,7.920969009399414,20.59964179992676,8.355061531066895,31.28240776062012,0.0715845897793769,0.0494985021650791,37.92673110961914,116.56981658935548,4.602144718170166,413.63092041015625,122.35363006591795,0.0,,,,,,,,,
NB17,Ven bờ khu vực cột 5- phường Hồng Hà- TP Hạ Long,2317257,432137,2027,2,cobia,6.5948991775512695,23.40481185913086,8.418264389038086,31.73006057739257,0.0684817731380462,0.0484036840498447,39.838626861572266,131.0835723876953,6.523929595947266,407.2953186035156,128.46632385253906,0.6496984958648682,,,,,,,,,
NB18,Lạch Hạm Nam Cầu Trắng- TP Hạ Long,2316544,435609,2027,1,cobia,8.038076400756836,19.878719329833984,8.259750366210938,32.04198455810547,0.0683134347200393,0.0356783159077167,38.70622253417969,93.94762420654295,6.334576606750488,0.0,134.59739685058594,0.0666854009032249,,,,,,,,,
NB18,Lạch Hạm Nam Cầu Trắng- TP Hạ Long,2316544,435609,2027,2,cobia,6.68321704864502,25.873424530029297,8.173791885375977,30.74595832824707,0.076850339770317,0.0405232273042202,38.26630401611328,88.14411163330078,7.807154178619385,120.78004455566406,136.4241180419922,4.229803562164307,,,,,,,,,
NB19,Lạch Lộ Phong- TP Hạ Long,2316498,443279,2027,1,cobia,8.030669212341309,20.486387252807617,8.200860977172852,31.49657249450684,0.0546653494238853,0.0388809330761432,36.70478820800781,97.04412078857422,3.3866586685180664,0.0,126.49464416503906,5.769545078277588,,,,,,,,,
NB19,Lạch Lộ Phong- TP Hạ Long,2316498,443279,2027,2,cobia,7.157817363739014,26.255779266357425,8.167323112487793,31.58047103881836,0.066378004848957,0.0515758395195007,42.04905319213867,118.9481430053711,3.2637741565704346,0.0,150.3918914794922,5.603050231933594,,,,,,,,,
NB20,Cảng Km 6 - TP Cẩm Phả,2322174,447656,2027,1,cobia,6.386165142059326,21.894577026367188,8.169116020202637,29.77742958068848,0.0390703454613685,0.047793049365282,38.12613296508789,117.69934844970705,4.4654927253723145,0.0,128.14279174804688,3.276599407196045,,,,,,,,,
NB20,Cảng Km 6 - TP Cẩm Phả,2322174,447656,2027,2,cobia,6.524739742279053,25.567481994628903,8.102182388305664,28.770204544067383,0.0448142252862453,0.0504278875887393,37.88900375366211,107.3647232055664,3.754419088363648,1166.9058837890625,141.91983032226562,0.0,,,,,,,,,
NB17,Ven bờ khu vực cột 5- phường Hồng Hà- TP Hạ Long,2317257,432137,2027,1,ALL,,,,,,,,,,,,,0.0013922789366915,0.0017268917290493,0.0001037786278175,0.0001454729499528,0.0020318066235631,0.0001684697926975,0.010591440834105,0.0006154851871542,
NB17,Ven bờ khu vực cột 5- phường Hồng Hà- TP Hạ Long,2317257,432137,2027,2,ALL,,,,,,,,,,,,,0.0013075555907562,0.0016263371799141,0.0001037786278175,0.0105553865432739,0.003830746281892,0.0001684697926975,0.0172777790576219,0.0013980782823637,
NB18,Lạch Hạm Nam Cầu Trắng- TP Hạ Long,2316544,435609,2027,1,ALL,,,,,,,,,,,,,0.0013593723997473,0.0014606360346078,0.0001037786278175,0.0,0.0012861245777457,0.0001684697926975,0.0029081862885504,0.0004059943603351,
NB18,Lạch Hạm Nam Cầu Trắng- TP Hạ Long,2316544,435609,2027,2,ALL,,,,,,,,,,,,,0.0013030779082328,0.0015916750999167,0.0001037786278175,0.0001151330943685,0.0009349866886623,0.0001684697926975,0.0220464598387479,0.0006553298444487,
NB19,Lạch Lộ Phong- TP Hạ Long,2316498,443279,2027,1,ALL,,,,,,,,,,,,,0.0013638500822708,0.0014969679759815,0.0001037786278175,7.927839760668576e-06,0.0014490630710497,0.0001684697926975,0.0087720369920134,0.0006231351289898,
NB19,Lạch Lộ Phong- TP Hạ Long,2316498,443279,2027,2,ALL,,,,,,,,,,,,,0.0013030779082328,0.001606703037396,0.0001037786278175,0.0,0.0012069129152223,0.0001684697926975,0.0021116146817803,0.0001806681102607,
NB20,Cảng Km 6 - TP Cẩm Phả,2322174,447656,2027,1,ALL,,,,,,,,,,,,,0.0013638500822708,0.0013616424985229,0.0001037786278175,0.0,0.0015995447756722,0.0001684697926975,0.01322200614959,0.0005690218531526,
NB20,Cảng Km 6 - TP Cẩm Phả,2322174,447656,2027,2,ALL,,,,,,,,,,,,,0.0013030779082328,0.0016530068824067,0.0001037786278175,7.881582860136405e-06,0.0024228449910879,0.0001684697926975,0.0096603957936167,0.0003659373905975,
NB21,Cảng Vũng Đục - TP Cẩm Phả,2321985,452827,2027,1,cobia,6.301797866821289,20.90528678894043,8.227506637573242,31.48119354248047,0.0572463274002075,0.0535055324435234,36.51900863647461,77.86235809326172,1.6539251804351809,0.0,127.32633972167967,0.0,,,,,,,,,
NB21,Cảng Vũng Đục - TP Cẩm Phả,2321985,452827,2027,1,ALL,,,,,,,,,,,,,0.0013638500822708,0.0015506563941016,0.0001037786278175,0.0,0.0012527501676231,0.0001684697926975,0.009274841286242,0.0005136088584549,
NB21,Cảng Vũng Đục - TP Cẩm Phả,2321985,452827,2027,2,cobia,6.541909217834473,25.95570182800293,8.170734405517578,30.89710998535156,0.0680321902036666,0.0522433556616306,38.79909896850586,100.00074005126952,4.265880584716797,172.16929626464844,145.4661102294922,2.236325025558472,,,,,,,,,
NB22,Khu vực Hòn Lướt ven cụm công nghiệp Cẩm Thịnh,2322430,458154,2027,1,ALL,,,,,,,,,,,,,0.0013638500822708,0.0015970714157447,0.0001037786278175,9.032459638547152e-05,0.0012607645476236,0.0001684697926975,0.0144915906712412,0.0005742247449234,
NB22,Khu vực Hòn Lướt ven cụm công nghiệp Cẩm Thịnh,2322430,458154,2027,1,cobia,6.763978004455566,22.20362663269043,8.148354530334473,31.18581771850586,0.0609764605760574,0.0486176460981369,32.67074966430664,88.10794067382812,2.4752254486083984,272.2117919921875,124.04541015625,0.0,,,,,,,,,
NB22,Khu vực Hòn Lướt ven cụm công nghiệp Cẩm Thịnh,2322430,458154,2027,2,cobia,6.402913570404053,25.047758102416992,8.156781196594238,31.530567169189453,0.0671736896038055,0.0502481274306774,34.950199127197266,63.84720230102539,3.164741277694702,0.0,133.0005645751953,0.0,,,,,,,,,
NB23,Ven bờ Nhiệt điện Cẩm Phả - tuyển than Cửa Ông,2323792,459817,2027,1,cobia,6.448683261871338,21.850446701049805,8.074259757995605,30.407848358154297,0.0616030134260654,0.0454955697059631,34.87223434448242,94.87761688232422,3.786330223083496,0.0,123.87549591064452,0.0,,,,,,,,,
NB23,Ven bờ Nhiệt điện Cẩm Phả - tuyển than Cửa Ông,2323792,459817,2027,2,cobia,5.934680938720703,25.89084243774414,8.049566268920898,30.999555587768555,0.0711668506264686,0.0327754467725753,36.10383605957031,95.714599609375,3.910402536392212,0.0,133.98306274414062,1.6916803121566772,,,,,,,,,
NB24,Cảng Cửa Ông- TP Cẩm Phả,2326075,460842,2027,1,cobia,5.538866996765137,22.200796127319336,8.09255599975586,29.01519012451172,0.0546838082373142,0.0427069514989852,36.016822814941406,102.20626831054688,4.160592555999756,0.0,125.37051391601562,0.0,,,,,,,,,
NB24,Cảng Cửa Ông- TP Cẩm Phả,2326075,460842,2027,2,cobia,5.068758964538574,26.988327026367188,7.987165451049805,27.923219680786133,0.0768103823065757,0.0450578853487968,36.11850357055664,67.53060150146484,5.581907272338867,0.0,129.3898162841797,0.700972318649292,,,,,,,,,
NB21,Cảng Vũng Đục - TP Cẩm Phả,2321985,452827,2027,2,ALL,,,,,,,,,,,,,0.0013030779082328,0.0017609712667763,0.0001037786278175,0.0,0.001061669900082,0.0001684697926975,0.0080786263570189,0.0005237715085968,
NB23,Ven bờ Nhiệt điện Cẩm Phả - tuyển than Cửa Ông,2323792,459817,2027,1,ALL,,,,,,,,,,,,,0.0013922789366915,0.0014574485830962,0.0001037786278175,0.0,0.0011463033733889,0.0001684697926975,0.0079882461577653,0.0005716010928153,
NB25,Cảng Cái Rồng- Vân Đồn,2329585,466608,2027,1,cobia,6.357699871063232,20.89510154724121,8.191239356994629,31.365352630615234,0.0667807161808013,0.0328415930271148,36.75335311889648,106.16421508789062,1.9966282844543457,235.1400604248047,126.86459350585938,0.7863564491271973,,,,,,,,,
NB22,Khu vực Hòn Lướt ven cụm công nghiệp Cẩm Thịnh,2322430,458154,2027,2,ALL,,,,,,,,,,,,,0.0013030779082328,0.001530033070594,0.0001037786278175,0.0,0.0014862664975225,0.0001684697926975,0.011759296990931,0.000616559467744,
NB23,Ven bờ Nhiệt điện Cẩm Phả - tuyển than Cửa Ông,2323792,459817,2027,2,ALL,,,,,,,,,,,,,0.0013030779082328,0.0016314466483891,0.0001037786278175,0.0,0.0010501884389668,0.0001684697926975,0.0089891124516725,0.0003949317615479,
NB24,Cảng Cửa Ông- TP Cẩm Phả,2326075,460842,2027,1,ALL,,,,,,,,,,,,,0.0013496461324393,0.001481620944105,0.0001037786278175,0.0,0.0013087355764582,0.0001684697926975,0.0175674501806497,0.0006778459064662,
NB24,Cảng Cửa Ông- TP Cẩm Phả,2326075,460842,2027,2,ALL,,,,,,,,,,,,,0.0013030779082328,0.0016093569574877,0.0001037786278175,0.0,0.0011810520663857,0.0001684697926975,0.0081236250698566,0.0001288664498133,
NB26,Khu vực cảng 10-10 - Cẩm Phả,2321486,455510,2027,1,cobia,6.214527606964111,21.47265815734864,8.209872245788574,31.6372299194336,0.0559294186532497,0.0282550007104873,36.00493240356445,91.5619888305664,13.412755966186523,0.0,104.57244110107422,0.0,,,,,,,,,
NB25,Cảng Cái Rồng- Vân Đồn,2329585,466608,2027,1,ALL,,,,,,,,,,,,,0.0013593723997473,0.0014613780658692,0.0001037786278175,2.3120093828765675e-05,0.0016269322950392,0.0001684697926975,0.0107672130689024,0.0006085150525905,
NB25,Cảng Cái Rồng- Vân Đồn,2329585,466608,2027,2,cobia,5.857141494750977,24.935829162597656,8.158561706542969,31.78774642944336,0.0727749988436698,0.0385488085448741,34.48550033569336,97.9593276977539,4.659627437591553,0.0,105.0341339111328,0.4642057716846466,,,,,,,,,
NB26,Khu vực cảng 10-10 - Cẩm Phả,2321486,455510,2027,2,cobia,6.435592174530029,25.497100830078125,8.166419982910156,31.45395851135254,0.064480148255825,0.0202716309577226,40.00115585327149,68.08148193359375,11.5746431350708,0.0,136.12339782714844,0.0775493681430816,,,,,,,,,
NB26,Khu vực cảng 10-10 - Cẩm Phả,2321486,455510,2027,1,ALL,,,,,,,,,,,,,0.0013530546566471,0.0016557036433368,0.0001037786278175,0.0,0.0011623825412243,0.0001684697926975,0.0092396903783082,0.0005758281913585,
NB27,Khu vực cửa sông Mông Dương - TP.  Cẩm Phả,2330880,459989,2027,1,cobia,6.292820453643799,21.75072479248047,8.126726150512695,25.91179656982422,0.0433761328458786,0.0472062081098556,29.105472564697266,65.35032653808594,17.65037727355957,0.0,120.66669464111328,0.985936999320984,,,,,,,,,
NB27,Khu vực cửa sông Mông Dương - TP.  Cẩm Phả,2330880,459989,2027,2,cobia,6.08445930480957,26.68934631347656,8.10995101928711,24.327089309692383,0.0597743168473243,0.0316351875662803,33.61728286743164,53.882904052734375,11.807268142700195,0.0,130.61505126953125,3.3694076538085938,,,,,,,,,
NB28,"Khu vực ven bờ xã Cẩm Hải, TP.  Cẩm Phả",2333357,460436,2027,1,cobia,6.454684257507324,21.267213821411133,8.124150276184082,30.384641647338867,0.0607773102819919,0.0494990982115268,35.225860595703125,107.12539672851562,3.045419692993164,0.0,120.98373413085938,0.462670624256134,,,,,,,,,
NB28,"Khu vực ven bờ xã Cẩm Hải, TP.  Cẩm Phả",2333357,460436,2027,2,cobia,6.449955463409424,26.549861907958984,8.11439323425293,29.62881851196289,0.0688856169581413,0.0522035658359527,38.131866455078125,83.31399536132812,3.454895496368408,2414.73388671875,140.92604064941406,0.0,,,,,,,,,
NB27,Khu vực cửa sông Mông Dương - TP.  Cẩm Phả,2330880,459989,2027,1,ALL,,,,,,,,,,,,,0.0013638500822708,0.0016266793245449,0.0001037786278175,0.0003959133173339,0.0015341731486842,0.0001684697926975,0.0062865675427019,0.000671831832733,
NB25,Cảng Cái Rồng- Vân Đồn,2329585,466608,2027,2,ALL,,,,,,,,,,,,,0.0013030779082328,0.0016608100850135,0.0001037786278175,0.0007485521491616,0.0017496503423899,0.0001684697926975,0.0054519674740731,0.0003607679391279,
NB29,Luồng Voi Lớn phía Tây xã Đoàn Kết- Vân Đồn,2334332,462783,2027,1,cobia,6.844211101531982,21.45042610168457,8.215177536010742,30.71796607971192,0.0419000387191772,0.0439273901283741,37.32732391357422,98.1172866821289,2.427855491638184,0.0,125.90882873535156,0.6090708374977112,,,,,,,,,
NB26,Khu vực cảng 10-10 - Cẩm Phả,2321486,455510,2027,2,ALL,,,,,,,,,,,,,0.0013075555907562,0.0017337918980047,0.0001037786278175,0.0,0.0008781430660746,0.0001684697926975,0.0069788000546395,0.0004608856688719,
NB27,Khu vực cửa sông Mông Dương - TP.  Cẩm Phả,2330880,459989,2027,2,ALL,,,,,,,,,,,,,0.0013075555907562,0.0015753215411677,0.0001037786278175,0.0052760085090994,0.0037324947770684,0.0001684697926975,0.0170294921845197,0.0011090592015534,
NB30,Ven bờ Đông Nam xã Đông Xá,2327079,463665,2027,1,cobia,6.579484462738037,20.940881729125977,8.237213134765625,31.686464309692383,0.0553571060299873,0.0397166423499584,38.71303939819336,83.31527709960938,0.9225481748580932,0.0,127.89432525634766,0.0,,,,,,,,,
NB29,Luồng Voi Lớn phía Tây xã Đoàn Kết- Vân Đồn,2334332,462783,2027,1,ALL,,,,,,,,,,,,,0.0013638500822708,0.0014341953210532,0.0001037786278175,0.0,0.0010109074646607,0.0001684697926975,0.0,0.0005066619487479,
NB28,"Khu vực ven bờ xã Cẩm Hải, TP.  Cẩm Phả",2333357,460436,2027,1,ALL,,,,,,,,,,,,,0.0013638500822708,0.0017109563341364,0.0001037786278175,0.0,0.0012030181242153,0.0001684697926975,0.0016744985477998,0.0001437397877452,
NB28,"Khu vực ven bờ xã Cẩm Hải, TP.  Cẩm Phả",2333357,460436,2027,2,ALL,,,,,,,,,,,,,0.0013075555907562,0.001385687966831,0.0001037786278175,0.0005671998951584,0.0012876978144049,0.0001684697926975,0.0280268639326095,0.0004636227968148,
NB31,Ven bờ Đông xã Hạ Long- Vân Đồn,2331339,470234,2027,1,cobia,7.327471733093262,22.108762741088867,8.137779235839844,31.842315673828125,0.0521315485239028,0.059891115874052,38.05681991577149,89.34671020507812,1.0049084424972534,0.0,129.510009765625,0.0,,,,,,,,,
NB29,Luồng Voi Lớn phía Tây xã Đoàn Kết- Vân Đồn,2334332,462783,2027,2,cobia,6.755214214324951,25.76834487915039,8.240840911865234,29.226207733154297,0.0455994978547096,0.0429822318255901,37.95526123046875,102.11549377441406,3.841055631637573,0.0,133.20506286621094,0.0,,,,,,,,,
NB30,Ven bờ Đông Nam xã Đông Xá,2327079,463665,2027,1,ALL,,,,,,,,,,,,,0.0013638500822708,0.0015201907372102,0.0001037786278175,0.0,0.0014252520631998,0.0001684697926975,0.0095279021188616,0.0006136855226941,
NB30,Ven bờ Đông Nam xã Đông Xá,2327079,463665,2027,2,cobia,6.469187736511231,26.36180305480957,8.225770950317383,31.95781517028809,0.0637124851346015,0.045206494629383,37.09745788574219,101.97923278808594,3.0956177711486816,0.0,127.81591033935548,0.0,,,,,,,,,
NB31,Ven bờ Đông xã Hạ Long- Vân Đồn,2331339,470234,2027,2,cobia,5.59042501449585,26.082735061645508,8.102975845336914,31.79692840576172,0.0687691420316696,0.0636205747723579,32.09049224853516,80.53943634033203,5.073662281036377,0.0,124.57354736328124,0.7487337589263916,,,,,,,,,
NB33,Thiên Cung - Đầu Gỗ,2313396,423810,2027,1,cobia,7.253188610076904,22.668476104736328,8.123258590698242,32.267791748046875,0.0599157996475696,0.0515222698450088,34.34328842163086,105.60660552978516,1.2362065315246582,0.0,124.0135269165039,0.0,,,,,,,,,
NB32,Cảng Vạn Hoa- xã Vạn Yên- Vân Đồn,2346140,480817,2027,1,cobia,7.220880508422852,21.575267791748047,8.184226036071777,31.866214752197266,0.0478294938802719,0.0565188899636268,35.31915664672852,103.08074951171876,1.803884983062744,0.0,130.692626953125,0.5252644419670105,,,,,,,,,
NB32,Cảng Vạn Hoa- xã Vạn Yên- Vân Đồn,2346140,480817,2027,2,cobia,6.190174579620361,24.83462142944336,8.138091087341309,31.95132064819336,0.0551180616021156,0.0582509003579616,39.76253890991211,119.5141372680664,1.7161418199539185,0.0,133.81283569335938,0.2647949457168579,,,,,,,,,
NB31,Ven bờ Đông xã Hạ Long- Vân Đồn,2331339,470234,2027,1,ALL,,,,,,,,,,,,,0.0013638500822708,0.0015515385894104,0.0001037786278175,0.0002977279655169,0.0012475808616727,0.0001684697926975,0.0002703707432374,0.0006268873112276,
NB29,Luồng Voi Lớn phía Tây xã Đoàn Kết- Vân Đồn,2334332,462783,2027,2,ALL,,,,,,,,,,,,,0.0013030779082328,0.0017177496338263,0.0001037786278175,0.0011849494185298,0.0024305172264575,0.0001684697926975,0.0258287545293569,0.0007309294887818,
NB32,Cảng Vạn Hoa- xã Vạn Yên- Vân Đồn,2346140,480817,2027,1,ALL,,,,,,,,,,,,,0.0013593723997473,0.0014336898457258,0.0001037786278175,0.0007600688259117,0.0016958083724603,0.0001684697926975,0.0167369078844785,0.000458637921838,
NB34,Đảo TiTop,2307445,430246,2027,1,cobia,6.724578380584717,21.14243125915528,8.17876148223877,31.053442001342773,0.0655223503708839,0.0574871525168418,34.91395950317383,80.54322814941406,1.4442355632781982,0.0,119.14978790283205,0.7410498261451721,,,,,,,,,
NB30,Ven bờ Đông Nam xã Đông Xá,2327079,463665,2027,2,ALL,,,,,,,,,,,,,0.0013030779082328,0.0015936701092869,0.0001037786278175,0.0,0.0013078025076538,0.0001684697926975,0.0085234511643648,0.00070228864206,
NB31,Ven bờ Đông xã Hạ Long- Vân Đồn,2331339,470234,2027,2,ALL,,,,,,,,,,,,,0.0013030779082328,0.001703580841422,0.0001037786278175,0.0,0.0011251621181145,0.0001684697926975,0.019927117973566,0.0005237715085968,
NB33,Thiên Cung - Đầu Gỗ,2313396,423810,2027,1,ALL,,,,,,,,,,,,,0.0013638500822708,0.0015221721259877,0.0001037786278175,0.0016153316246345,0.0025849710218608,0.0001684697926975,0.0182259753346443,0.0008548346813768,
NB32,Cảng Vạn Hoa- xã Vạn Yên- Vân Đồn,2346140,480817,2027,2,ALL,,,,,,,,,,,,,0.0013030779082328,0.0015615965239703,0.0001037786278175,0.0001935068430611,0.0013872866984456,0.0001684697926975,0.0083942553028464,0.0003645694814622,
NB35,Khu nghỉ đêm - Cát Lán,2307219,430996,2027,1,cobia,7.153554439544678,22.216089248657227,8.140825271606445,31.457698822021484,0.0581778213381767,0.0555884316563606,35.46282196044922,145.72610473632812,4.350115776062012,802.4720458984375,124.16668701171876,0.0,,,,,,,,,
NB34,Đảo TiTop,2307445,430246,2027,1,ALL,,,,,,,,,,,,,0.0013922789366915,0.0016693649813532,0.0001037786278175,0.0055255903862416,0.0039967307820916,0.0001684697926975,0.0236730985343456,0.0011890877503901,
NB33,Thiên Cung - Đầu Gỗ,2313396,423810,2027,2,cobia,6.064310073852539,26.562225341796875,8.096384048461914,31.37831687927246,0.0597093366086483,0.0713099688291549,34.48577880859375,67.10688018798828,3.8480026721954346,329.34844970703125,126.59693145751952,0.0,,,,,,,,,
NB36,Khu Nghỉ đêm - Hang Luồn,2306977,431601,2027,1,cobia,7.534728527069092,22.05573081970215,8.126774787902832,31.619165420532227,0.0572633631527423,0.0414710976183414,32.21223068237305,84.1801528930664,1.7466899156570437,0.0,132.13243103027344,0.0,,,,,,,,,
NB34,Đảo TiTop,2307445,430246,2027,2,cobia,5.644654750823975,25.92708206176757,8.19534683227539,30.929555892944336,0.0700472220778465,0.0533027686178684,33.464942932128906,94.18827056884766,3.0799360275268555,0.0,116.54608917236328,3.14865517616272,,,,,,,,,
NB37,Bồ Nâu - Sửng Sốt,2305988,431059,2027,1,cobia,7.282851219177246,21.36531639099121,8.132930755615234,31.531982421875,0.037248607724905,0.0507038719952106,34.855403900146484,92.63668060302734,2.318211555480957,0.0,128.8982391357422,3.906169891357422,,,,,,,,,
NB35,Khu nghỉ đêm - Cát Lán,2307219,430996,2027,2,cobia,6.167406558990479,23.4940128326416,8.164188385009766,31.833885192871094,0.0592851676046848,0.0512292273342609,37.58340835571289,133.87066650390625,4.4750075340271,2483.175537109375,131.75157165527344,1.961595892906189,,,,,,,,,
NB35,Khu nghỉ đêm - Cát Lán,2307219,430996,2027,1,ALL,,,,,,,,,,,,,0.001338735804893,0.0016163708642125,0.0001037786278175,1.3854275493940804e-05,0.0013479744084179,0.0001684697926975,0.0046834470704197,0.0006251854356378,
NB36,Khu Nghỉ đêm - Hang Luồn,2306977,431601,2027,1,ALL,,,,,,,,,,,,,0.0013496461324393,0.0015152181731536,0.0001037786278175,0.0,0.0018679297063499,0.0001684697926975,0.0131338303908705,0.0007236710516735,
NB36,Khu Nghỉ đêm - Hang Luồn,2306977,431601,2027,2,cobia,6.343769550323486,25.76805686950684,8.090825080871582,31.547832489013672,0.0608877278864383,0.037609651684761,37.24061584472656,80.27919006347656,3.733213186264038,0.0,127.17961883544922,0.7255024313926697,,,,,,,,,
NB38,Khu nghỉ đêm - Lờm bò,2304145,430616,2027,1,cobia,7.258974552154541,22.39943122863769,8.100284576416016,31.50560188293457,0.0626320242881774,0.0682389363646507,34.4921989440918,87.07569122314453,1.5473450422286987,0.0,123.1426239013672,0.0,,,,,,,,,
NB33,Thiên Cung - Đầu Gỗ,2313396,423810,2027,2,ALL,,,,,,,,,,,,,0.0013030779082328,0.0015079217264428,0.0001037786278175,0.0007600688259117,0.0014100045664235,0.0001684697926975,0.0139854559674859,0.0005812586168758,
NB37,Bồ Nâu - Sửng Sốt,2305988,431059,2027,1,ALL,,,,,,,,,,,,,0.0013496461324393,0.0014179912395775,0.0001037786278175,8.546175195078831e-06,0.0018165869405493,0.0001684697926975,0.018598960712552,0.0012723871041089,
NB34,Đảo TiTop,2307445,430246,2027,2,ALL,,,,,,,,,,,,,0.0013075555907562,0.0013710126513615,0.0001037786278175,0.0082291308790445,0.0037567075341939,0.0001684697926975,0.0201468132436275,0.0012515434063971,
NB35,Khu nghỉ đêm - Cát Lán,2307219,430996,2027,2,ALL,,,,,,,,,,,,,0.0013075555907562,0.0016689782496541,0.0001037786278175,0.0,0.001130303251557,0.0001684697926975,0.0186882056295871,0.0004592698824126,
NB36,Khu Nghỉ đêm - Hang Luồn,2306977,431601,2027,2,ALL,,,,,,,,,,,,,0.0013030779082328,0.0015719177899882,0.0001037786278175,0.0,0.0012761092511937,0.0001684697926975,0.0085309296846389,0.0005599254509434,
NB39,Khu nghỉ đêm Cống Đỏ,2309402,433983,2027,1,cobia,6.469933986663818,20.679363250732425,8.16811466217041,31.75463485717773,0.0411156825721263,0.0559431053698062,33.307464599609375,90.05773162841797,2.019456624984741,0.0,116.27281188964844,0.0,,,,,,,,,
NB38,Khu nghỉ đêm - Lờm bò,2304145,430616,2027,1,ALL,,,,,,,,,,,,,0.0013638500822708,0.0015290897572413,0.0001037786278175,0.0001818911550799,0.0015301478561013,0.0001684697926975,0.0076751881279051,0.0006163500947877,
NB40,Làng chài Ba Hang,2312233,423638,2027,1,cobia,6.1667070388793945,22.20154571533203,8.238706588745117,31.45795631408692,0.0741061270236969,0.0668242871761322,30.52146339416504,105.3938217163086,1.4158331155776978,1400.7520751953125,102.91873931884766,0.0,,,,,,,,,
NB41,Làng chài Hoa Cương,2309195,425079,2027,1,cobia,6.4570183753967285,21.825130462646484,8.16360855102539,32.038814544677734,0.050780288875103,0.0522162988781929,31.737871170043945,94.52783966064452,0.1371602416038513,0.0,123.73868560791016,0.0,,,,,,,,,
NB40,Làng chài Ba Hang,2312233,423638,2027,1,ALL,,,,,,,,,,,,,0.0013638500822708,0.0015605492517352,0.0001037786278175,9.675569890532644e-05,0.0015389105537906,0.0001684697926975,0.0029793006833642,0.000710270658601,
NB37,Bồ Nâu - Sửng Sốt,2305988,431059,2027,2,cobia,6.413445949554443,26.03341484069824,8.075033187866211,30.58433532714844,0.0399290025234222,0.0601486675441265,35.994571685791016,89.94171905517578,2.79745888710022,0.0,132.7999725341797,0.0,,,,,,,,,
NB38,Khu nghỉ đêm - Lờm bò,2304145,430616,2027,2,cobia,5.948634624481201,25.86921501159668,8.05851936340332,31.72558212280273,0.0668175294995307,0.061000395566225,34.32566452026367,91.83477783203124,3.98745059967041,0.0,124.96561431884766,0.0,,,,,,,,,
NB39,Khu nghỉ đêm Cống Đỏ,2309402,433983,2027,2,cobia,5.691200733184815,25.8638973236084,8.116272926330566,30.92760467529297,0.0428032018244266,0.0624613128602504,30.81313705444336,86.91712951660156,4.393477439880371,0.0,122.4862823486328,2.976799726486206,,,,,,,,,
NB39,Khu nghỉ đêm Cống Đỏ,2309402,433983,2027,1,ALL,,,,,,,,,,,,,0.001338735804893,0.0016433334676548,0.0001037786278175,0.0,0.0011213037651032,0.0001684697926975,0.0353701114654541,0.0005236805882304,
NB40,Làng chài Ba Hang,2312233,423638,2027,2,cobia,5.245919704437256,25.355857849121094,8.157584190368652,31.728933334350582,0.0892831981182098,0.051391776651144,32.17877197265625,94.12635803222656,3.982817888259888,234.0625762939453,119.7102279663086,0.0,,,,,,,,,
NB42,Làng chài Cửa Vạn,2301526,434156,2027,1,cobia,8.303153038024902,21.366912841796875,8.252960205078125,31.54917526245117,0.0434941574931144,0.0491282530128955,40.90760040283203,110.64881896972656,4.133942127227783,234.56948852539065,136.646728515625,0.0,,,,,,,,,
NB41,Làng chài Hoa Cương,2309195,425079,2027,1,ALL,,,,,,,,,,,,,0.0013638500822708,0.0015224083326756,0.0001037786278175,0.0,0.002668266184628,0.0001684697926975,0.0223174635320901,0.0006201824289746,
NB37,Bồ Nâu - Sửng Sốt,2305988,431059,2027,2,ALL,,,,,,,,,,,,,0.0013030779082328,0.0015199558110907,0.0001037786278175,0.0,0.0010357630671933,0.0001684697926975,0.0110322320833802,0.0009898807620629,
NB38,Khu nghỉ đêm - Lờm bò,2304145,430616,2027,2,ALL,,,,,,,,,,,,,0.0013030779082328,0.0015735219931229,0.0001037786278175,0.0,0.0015742774121463,0.0001684697926975,0.0138239553198218,0.0007534495671279,
NB39,Khu nghỉ đêm Cống Đỏ,2309402,433983,2027,2,ALL,,,,,,,,,,,,,0.0013075555907562,0.0014256249414756,0.0001037786278175,0.0,0.001447188667953,0.0001684697926975,0.0127076962962746,0.0004161505494266,
NB43,Làng chài Cống Tầu,2296143,437139,2027,1,cobia,7.405162811279297,21.133995056152344,8.164205551147461,31.73159980773925,0.04086459800601,0.0595938116312027,33.674354553222656,88.77572631835938,2.961573600769043,0.0,111.91951751708984,4.452481746673584,,,,,,,,,
NB40,Làng chài Ba Hang,2312233,423638,2027,2,ALL,,,,,,,,,,,,,0.0013030779082328,0.0015376358060166,0.0001037786278175,0.0031226030550897,0.0014690054813399,0.0001684697926975,0.0220762267708778,0.0011444740230217,
NB44,Làng chài Vông Viêng,2305622,438613,2027,1,cobia,7.310028076171875,21.32238006591797,8.104973793029785,31.227602005004883,0.0606813840568065,0.0591059476137161,31.15003204345703,98.21829223632812,3.1185672283172607,0.0,106.2659683227539,0.0,,,,,,,,,
NB42,Làng chài Cửa Vạn,2301526,434156,2027,1,ALL,,,,,,,,,,,,,0.0013922789366915,0.0015056283446028,0.0001037786278175,0.0,0.0015994214918464,0.0001684697926975,0.0053621307015419,0.0006339966203086,
NB43,Làng chài Cống Tầu,2296143,437139,2027,1,ALL,,,,,,,,,,,,,0.0013638500822708,0.001524731866084,0.0001037786278175,0.0,0.0014192786766216,0.0001684697926975,0.0085922526195645,0.0005857862415723,
NB45,Làng chài Cống Đầm,2306077,451136,2027,1,cobia,7.184528350830078,21.613676071166992,8.119222640991211,31.844263076782227,0.0439907424151897,0.0424284748733043,34.26962661743164,79.80635070800781,0.7051341533660889,0.0,124.95196533203124,0.0,,,,,,,,,
NB41,Làng chài Hoa Cương,2309195,425079,2027,2,cobia,5.815823554992676,24.283218383789062,8.173317909240723,32.290000915527344,0.0555322878062725,0.0528569668531417,34.81578063964844,107.9841079711914,2.4188787937164307,89.795166015625,134.98220825195312,6.093850612640381,,,,,,,,,
NB42,Làng chài Cửa Vạn,2301526,434156,2027,2,cobia,6.6195268630981445,24.567806243896484,8.186173439025879,32.40254211425781,0.055622924119234,0.0601126477122306,41.4583854675293,134.6154022216797,4.405725002288818,0.0,133.2319793701172,3.892470359802246,,,,,,,,,
NB43,Làng chài Cống Tầu,2296143,437139,2027,2,cobia,6.049537658691406,26.363445281982425,8.145440101623535,31.758649826049805,0.055309809744358,0.0650666803121566,34.14653396606445,68.37842559814453,4.951696395874023,0.0,117.42605590820312,0.6887226700782776,,,,,,,,,
NB44,Làng chài Vông Viêng,2305622,438613,2027,1,ALL,,,,,,,,,,,,,0.0013638500822708,0.0014457834186032,0.0001037786278175,0.0006762476405128,0.0019446890801191,0.0001684697926975,0.0104769766330719,0.0007994216284714,
NB44,Làng chài Vông Viêng,2305622,438613,2027,2,cobia,6.237564563751221,26.376718521118164,8.056924819946289,31.541446685791016,0.0664658397436142,0.0558211952447891,35.19366836547852,66.14109802246094,5.220321178436279,0.0,114.88211822509766,1.0719300508499146,,,,,,,,,
NB46,Bãi Dài - Vân Đồn,2334825,472577,2027,1,cobia,6.957319259643555,21.71697998046875,8.180636405944824,31.095212936401367,0.0493345484137535,0.0511394813656806,36.71954345703125,82.87045288085938,0.814888060092926,0.0,114.83612823486328,0.0,,,,,,,,,
NB45,Làng chài Cống Đầm,2306077,451136,2027,1,ALL,,,,,,,,,,,,,0.0013638500822708,0.0014660690212622,0.0001037786278175,0.0,0.0015129826497286,0.0001684697926975,0.0095643764361739,0.0005857862415723,
NB47,"Bãi tắm Minh Châu- xã Minh Châu, Vân Đồn",2316823,479287,2027,1,cobia,7.772794246673584,22.16019630432129,8.143750190734863,32.21549987792969,0.0650475174188613,0.0612878128886222,37.41108322143555,92.4298324584961,0.9690675139427184,297.4673767089844,109.57525634765624,0.0,,,,,,,,,
NB41,Làng chài Hoa Cương,2309195,425079,2027,2,ALL,,,,,,,,,,,,,0.0013030779082328,0.0014158617705106,0.0001037786278175,0.0021207795944064,0.00219880300574,0.0001684697926975,0.0153384730219841,0.0010397777659818,
NB42,Làng chài Cửa Vạn,2301526,434156,2027,2,ALL,,,,,,,,,,,,,0.0013030779082328,0.0015178319299593,0.0001037786278175,0.0,0.0011854149634018,0.0001684697926975,0.0241518374532461,0.00073836336378,
NB47,"Bãi tắm Minh Châu- xã Minh Châu, Vân Đồn",2316823,479287,2027,1,ALL,,,,,,,,,,,,,0.0013638500822708,0.0015902639133855,0.0001037786278175,0.0,0.0010409189853817,0.0001684697926975,0.0070553347468376,0.0007635740330442,
NB43,Làng chài Cống Tầu,2296143,437139,2027,2,ALL,,,,,,,,,,,,,0.0013030779082328,0.0015573626151308,0.0001037786278175,0.0,0.0012983463238924,0.0001684697926975,0.0052851755172014,0.00070228864206,
NB44,Làng chài Vông Viêng,2305622,438613,2027,2,ALL,,,,,,,,,,,,,0.0013030779082328,0.0016801144229248,0.0001037786278175,0.0006960094324313,0.0016047043027356,0.0001684697926975,0.0084316274151206,0.0005351307336241,
NB48,"Bãi tắm Sơn Hào- xã Quan Lạn, Vân Đồn",2311631,475997,2027,1,cobia,7.219821929931641,21.94920921325684,8.195015907287598,32.100704193115234,0.0642443969845771,0.0545645505189895,31.22591018676757,114.07471466064452,2.0021183490753174,0.0,105.04878997802734,7.103693962097168,,,,,,,,,
NB46,Bãi Dài - Vân Đồn,2334825,472577,2027,1,ALL,,,,,,,,,,,,,0.0013638500822708,0.0014752863207831,0.0001037786278175,0.0004851154226344,0.0014221396995708,0.0001684697926975,0.008566552773118,0.0007010790286585,
NB49,"Bãi tắm Quan Lạn- xã Quan Lạn, Vân Đồn",2308150,473396,2027,1,cobia,7.073324203491211,21.0977725982666,8.205118179321289,31.30813980102539,0.0546264201402664,0.0319948755204677,38.45531463623047,104.32003784179688,1.226000428199768,0.0,125.09761810302734,0.0,,,,,,,,,
NB45,Làng chài Cống Đầm,2306077,451136,2027,2,cobia,6.176784515380859,26.414125442504883,8.16007137298584,31.09305000305176,0.0575095191597938,0.0546672344207763,35.32978439331055,82.46202850341797,1.8437520265579224,0.0,125.11221313476562,0.0,,,,,,,,,
NB46,Bãi Dài - Vân Đồn,2334825,472577,2027,2,cobia,6.086772441864014,26.078638076782227,8.164671897888184,30.929962158203125,0.060792475938797,0.0499415174126625,37.937294006347656,101.07112884521484,2.8023738861083984,0.0,130.64810180664062,0.0,,,,,,,,,
NB48,"Bãi tắm Sơn Hào- xã Quan Lạn, Vân Đồn",2311631,475997,2027,1,ALL,,,,,,,,,,,,,0.0013638500822708,0.0014701997861266,0.0001037786278175,0.0009052859386429,0.0013510606950148,0.0001684697926975,0.0153533462435007,0.0006286305724643,
NB47,"Bãi tắm Minh Châu- xã Minh Châu, Vân Đồn",2316823,479287,2027,2,cobia,6.017885208129883,25.235918045043945,8.199834823608398,31.77981758117676,0.0746638849377632,0.0582656413316726,30.660303115844727,52.97916030883789,3.776840686798096,0.0,109.16322326660156,0.0,,,,,,,,,
NB50,"Bãi tắm Ngọc Vừng- xã Ngọc Vừng, Vân Đồn",2301554,459059,2027,1,cobia,7.123908042907715,21.591289520263672,8.119841575622559,31.10269546508789,0.0449251122772693,0.0624749697744846,35.83330535888672,109.9673843383789,0.8678065538406372,0.0,106.61949157714844,0.0,,,,,,,,,
NB49,"Bãi tắm Quan Lạn- xã Quan Lạn, Vân Đồn",2308150,473396,2027,1,ALL,,,,,,,,,,,,,0.0013593723997473,0.0013339220313355,0.0001037786278175,0.0028469013050198,0.0016777171986177,0.0001684697926975,0.0142768006771802,0.0011101212585344,
NB48,"Bãi tắm Sơn Hào- xã Quan Lạn, Vân Đồn",2311631,475997,2027,2,cobia,6.2266387939453125,26.023582458496094,8.190465927124023,31.963735580444336,0.0772349759936332,0.0645110607147216,38.99942398071289,104.92671966552734,4.489158630371094,378.0817260742188,127.45563507080078,3.837711572647095,,,,,,,,,
NB51,Luồng giữa Cửa Lục,2306441,428888,2027,1,cobia,6.617784023284912,21.55560111999512,8.23159408569336,31.18648147583008,0.0526725687086582,0.0477116927504539,37.80640411376953,86.85285949707031,1.4332952499389648,420.9891662597656,138.75985717773438,0.8152431845664978,,,,,,,,,
NB52,Luồng khu Hòn Một,2308114,431758,2027,1,cobia,6.124983310699463,21.52125358581543,8.185826301574707,31.232372283935547,0.0380098298192024,0.0531229823827743,36.26139831542969,93.39654541015624,0.745563805103302,0.0,114.9414291381836,0.0,,,,,,,,,
NB50,"Bãi tắm Ngọc Vừng- xã Ngọc Vừng, Vân Đồn",2301554,459059,2027,1,ALL,,,,,,,,,,,,,0.0013376420829445,0.0015065083280205,0.0001037786278175,0.0022584730759263,0.0008887395379133,0.0001684697926975,0.0162587538361549,0.0007834960124455,
NB45,Làng chài Cống Đầm,2306077,451136,2027,2,ALL,,,,,,,,,,,,,0.0013030779082328,0.0015775107312947,0.0001037786278175,0.0003557404852472,0.0016476471209898,0.0001684697926975,0.0109142530709505,0.000374712224584,
NB46,Bãi Dài - Vân Đồn,2334825,472577,2027,2,ALL,,,,,,,,,,,,,0.0013030779082328,0.0016554603353142,0.0001037786278175,0.0,0.0013603778788819,0.0001684697926975,0.0011298399185761,0.0001993678160943,
NB47,"Bãi tắm Minh Châu- xã Minh Châu, Vân Đồn",2316823,479287,2027,2,ALL,,,,,,,,,,,,,0.0013030779082328,0.0016571055166423,0.0001037786278175,0.0,0.0009494624682702,0.0001684697926975,0.0034702012781053,0.0005621775053441,
NB48,"Bãi tắm Sơn Hào- xã Quan Lạn, Vân Đồn",2311631,475997,2027,2,ALL,,,,,,,,,,,,,0.0013030779082328,0.0015576815931126,0.0001037786278175,0.0,0.0019938864279538,0.0001684697926975,0.0094326101243495,0.0002211689861724,
NB51,Luồng giữa Cửa Lục,2306441,428888,2027,1,ALL,,,,,,,,,,,,,0.0013638500822708,0.0014115626690909,0.0001037786278175,0.0,0.0012262529926374,0.0001684697926975,0.0042513920925557,0.0005994180683046,
NB53,Luồng khu Áng Dù,2299562,437380,2027,1,cobia,6.695154190063477,20.91232681274414,8.163895606994629,31.16934585571289,0.0512819364666938,0.0540941506624221,34.59964370727539,76.6639175415039,0.4807460904121399,0.0,124.16925048828124,2.8306033611297607,,,,,,,,,
NB52,Luồng khu Hòn Một,2308114,431758,2027,1,ALL,,,,,,,,,,,,,0.0013638500822708,0.0014237865107133,0.0001037786278175,0.0003161413478665,0.0015727059217169,0.0001684697926975,0.0150299118831753,0.0006572481943294,
NB54,Luồng Hang Trống,2299151,443343,2027,1,cobia,7.024990558624268,21.735584259033203,8.130890846252441,31.494176864624023,0.0393603891134262,0.0569484904408454,37.54639434814453,101.17445373535156,0.991891384124756,0.0,120.62852478027344,2.443081855773926,,,,,,,,,
NB49,"Bãi tắm Quan Lạn- xã Quan Lạn, Vân Đồn",2308150,473396,2027,2,cobia,6.108735084533691,26.41818046569824,8.061796188354492,31.76817512512207,0.0599215812981128,0.0371536277234554,37.535911560058594,108.82566833496094,4.756026744842529,0.0,128.38076782226562,4.695209503173828,,,,,,,,,
NB50,"Bãi tắm Ngọc Vừng- xã Ngọc Vừng, Vân Đồn",2301554,459059,2027,2,cobia,5.822885513305664,26.11589431762696,8.074007034301758,31.32612419128418,0.0566831715404987,0.0560836531221866,35.51104736328125,75.04497528076172,5.072357654571533,0.0,126.1458969116211,0.0,,,,,,,,,
NB53,Luồng khu Áng Dù,2299562,437380,2027,1,ALL,,,,,,,,,,,,,0.0013814835110679,0.0018878389382734,0.0001037786278175,0.0,0.001316254842095,0.0001684697926975,0.0108331805095076,0.0003500767343211,
NB54,Luồng Hang Trống,2299151,443343,2027,1,ALL,,,,,,,,,,,,,0.0013922789366915,0.0015059835277497,0.0001037786278175,0.0,0.002347815549001,0.0001684697926975,0.0167178846895694,0.000658813281916,
NB51,Luồng giữa Cửa Lục,2306441,428888,2027,2,cobia,5.642467021942139,25.39962387084961,8.222176551818848,31.645069122314453,0.0616363920271396,0.0588422492146492,35.691673278808594,102.95591735839844,4.0937676429748535,95.56073760986328,118.297607421875,0.0,,,,,,,,,
NB52,Luồng khu Hòn Một,2308114,431758,2027,2,cobia,5.890751361846924,26.03144645690918,8.148571014404297,32.01393508911133,0.0512571819126606,0.0594703890383243,37.58483123779297,108.74215698242188,2.6585659980773926,184.1940460205078,139.7957305908203,1.4727727174758911,,,,,,,,,
NB55,Luồng khu Trà Giới,2306115,446899,2027,1,cobia,6.200510501861572,22.12795639038086,8.237825393676758,31.73945999145508,0.0384304709732532,0.0673169866204261,36.37626647949219,101.0313491821289,0.9672247171401978,0.0,123.34129333496094,0.0,,,,,,,,,
NB56,Luồng khu Đông Tráng,2305453,452834,2027,1,cobia,6.149892330169678,21.80227470397949,8.131695747375488,31.671504974365234,0.0375701151788234,0.0511200316250324,38.305442810058594,81.00397491455078,2.7931487560272217,0.0,125.8690948486328,0.0,,,,,,,,,
NB49,"Bãi tắm Quan Lạn- xã Quan Lạn, Vân Đồn",2308150,473396,2027,2,ALL,,,,,,,,,,,,,0.0013030779082328,0.0016205381834879,0.0001037786278175,0.0,0.0015696982154622,0.0001684697926975,0.003275301773101,0.0003074509731959,
NB50,"Bãi tắm Ngọc Vừng- xã Ngọc Vừng, Vân Đồn",2301554,459059,2027,2,ALL,,,,,,,,,,,,,0.0013030779082328,0.0016759220743551,0.0001037786278175,0.0003593573346734,0.001298704650253,0.0001684697926975,0.0141181480139493,0.0007162684923969,
NB51,Luồng giữa Cửa Lục,2306441,428888,2027,2,ALL,,,,,,,,,,,,,0.0013030779082328,0.0015882264124229,0.0001037786278175,0.0004764422192238,0.0011619728757068,0.0001684697926975,0.0203044805675745,0.0007894603186286,
NB52,Luồng khu Hòn Một,2308114,431758,2027,2,ALL,,,,,,,,,,,,,0.0013030779082328,0.0016026875237002,0.0001037786278175,0.0023139314725995,0.002354342257604,0.0001684697926975,0.0114327492192387,0.0002530748315621,
NB57,Cảng Hòn Nét,2313052,449812,2027,1,cobia,5.87059497833252,21.90453338623047,8.184639930725098,31.8186092376709,0.0464690774679183,0.058143638074398,33.48029327392578,85.98020935058594,0.7267062664031982,297.1196594238281,138.53565979003906,1.455924153327942,,,,,,,,,
NB55,Luồng khu Trà Giới,2306115,446899,2027,1,ALL,,,,,,,,,,,,,0.0013922789366915,0.0016068989643827,0.0001037786278175,0.0,0.0015585599467158,0.0001684697926975,0.0089823668822646,0.0002578551939222,
NB56,Luồng khu Đông Tráng,2305453,452834,2027,1,ALL,,,,,,,,,,,,,0.0013638500822708,0.0016474038129672,0.0001037786278175,0.0,0.0014299463946372,0.0001684697926975,0.0053172190673649,0.0005525958258658,
NB58,Luồng Cửa Ông,2319421,458021,2027,1,cobia,6.3013014793396,21.71756362915039,8.119243621826172,32.16506576538086,0.0507132224738597,0.053080178797245,29.69280815124512,99.7756576538086,0.6030896306037903,1550.65869140625,119.51371002197266,3.689807891845703,,,,,,,,,
NB53,Luồng khu Áng Dù,2299562,437380,2027,2,cobia,5.755606174468994,26.32378387451172,8.131570816040039,31.64700508117676,0.0686065629124641,0.0629469379782676,34.105125427246094,113.95417785644533,3.5664398670196533,0.0,147.7069091796875,7.398017406463623,,,,,,,,,
NB57,Cảng Hòn Nét,2313052,449812,2027,1,ALL,,,,,,,,,,,,,0.0013638500822708,0.0016269956249743,0.0001037786278175,0.0011396579211577,0.0009258636273443,0.0001684697926975,0.0084148328751325,0.0007107119308784,
NB54,Luồng Hang Trống,2299151,443343,2027,2,cobia,5.836835861206055,25.91396713256836,8.09704303741455,31.1983642578125,0.0443127825856208,0.0587239004671573,37.36222839355469,115.20221710205078,1.8009355068206787,130.2515411376953,130.73377990722656,3.341141700744629,,,,,,,,,
NB58,Luồng Cửa Ông,2319421,458021,2027,1,ALL,,,,,,,,,,,,,0.0013638500822708,0.0016282444121316,0.0001037786278175,0.0015347871230915,0.001730230404064,0.0001684697926975,0.0141999889165163,0.0007107119308784,
NB55,Luồng khu Trà Giới,2306115,446899,2027,2,cobia,5.91557502746582,25.660404205322266,8.216561317443848,31.99194526672364,0.0435737706720829,0.0672212392091751,36.04199600219727,100.82093048095705,3.747342109680176,0.0,122.89706420898438,2.8951666355133057,,,,,,,,,
NB56,Luồng khu Đông Tráng,2305453,452834,2027,2,cobia,6.125223636627197,25.56236267089844,8.149667739868164,30.57351303100586,0.0558857358992099,0.0585740134119987,35.13303756713867,69.87744903564453,4.56740140914917,0.0,133.40396118164062,0.0,,,,,,,,,
NB59,Lạch Vông Vang - Cống Thẻ,2322828,469833,2027,1,cobia,7.077513217926025,22.432601928710938,8.183784484863281,31.32772254943848,0.0610178560018539,0.0663785636425018,30.69660186767578,88.62454223632812,4.131158828735352,1025.6026611328125,117.40540313720705,0.0,,,,,,,,,
NB60,Cửa Đối,2319552,480158,2027,1,cobia,6.633388519287109,21.797697067260746,8.131155967712402,31.78334617614746,0.0476539582014083,0.0427618734538555,33.735801696777344,105.95309448242188,0.8693534731864929,76.6125259399414,135.14971923828125,0.3659035563468933,,,,,,,,,
NB53,Luồng khu Áng Dù,2299562,437380,2027,2,ALL,,,,,,,,,,,,,0.0013075555907562,0.0018197072204202,0.0001037786278175,5.240948667051271e-05,0.00074647431029,0.0001684697926975,0.0031848812941461,0.0004500681534409,
NB61,Lạch giữa đảo Thẻ Vàng- đảo Vạn Đuôi,2314890,456306,2027,1,cobia,6.301835060119629,21.54948616027832,8.124502182006836,31.9763298034668,0.0412256978452205,0.0586191862821579,34.932594299316406,90.18701171875,1.318735957145691,0.0,124.73403930664062,2.1801137924194336,,,,,,,,,
NB54,Luồng Hang Trống,2299151,443343,2027,2,ALL,,,,,,,,,,,,,0.0013030779082328,0.0015511680394411,0.0001037786278175,2.204572956543416e-05,0.0016069379635155,0.0001684697926975,0.0110994596034288,0.000552276498638,
NB55,Luồng khu Trà Giới,2306115,446899,2027,2,ALL,,,,,,,,,,,,,0.0013075555907562,0.0015044345054775,0.0001037786278175,0.0001432597782695,0.0009294174378737,0.0001684697926975,0.0038448483683168,0.0004927904810756,
NB56,Luồng khu Đông Tráng,2305453,452834,2027,2,ALL,,,,,,,,,,,,,0.0013075555907562,0.0015995326684787,0.0001037786278175,0.0,0.0010683555155992,0.0001684697926975,0.0150188356637954,0.0004671915958169,
NB59,Lạch Vông Vang - Cống Thẻ,2322828,469833,2027,1,ALL,,,,,,,,,,,,,0.0013922789366915,0.0015906781191006,0.0001037786278175,5.087585304863751e-05,0.0014263401972129,0.0001684697926975,0.0065589072182774,0.000581532891374,
NB62,Lạch Đẳng Chén phía Tây đảo Đống Chén,2316094,465215,2027,1,cobia,6.1552510261535645,22.60994911193848,8.189675331115723,32.20717239379883,0.0577071420848369,0.0507843755185604,29.623170852661133,103.3785400390625,0.8865936994552612,326.7712707519531,127.78553771972656,0.0,,,,,,,,,
NB60,Cửa Đối,2319552,480158,2027,1,ALL,,,,,,,,,,,,,0.0013638500822708,0.0016706307651475,0.0001037786278175,0.0,0.0013169420417398,0.0001684697926975,0.0073177376762032,0.000749982369598,
NB61,Lạch giữa đảo Thẻ Vàng- đảo Vạn Đuôi,2314890,456306,2027,1,ALL,,,,,,,,,,,,,0.0013496461324393,0.001629349659197,0.0001037786278175,0.00086746935267,0.0022949560079723,0.0001684697926975,0.0462576337158679,0.0007291377405636,
NB57,Cảng Hòn Nét,2313052,449812,2027,2,cobia,4.877171516418457,25.818923950195312,8.173543930053711,31.939228057861328,0.0619780719280242,0.0664491653442382,31.37425994873047,93.6728515625,2.6461668014526367,564.6498413085938,115.12885284423828,0.0,,,,,,,,,
NB62,Lạch Đẳng Chén phía Tây đảo Đống Chén,2316094,465215,2027,1,ALL,,,,,,,,,,,,,0.0013638500822708,0.0014988413313403,0.0001037786278175,0.0,0.0011089008767157,0.0001684697926975,0.0067748590372502,0.0005128161283209,
NB58,Luồng Cửa Ông,2319421,458021,2027,2,cobia,5.681044101715088,25.719390869140625,8.108011245727539,32.040802001953125,0.0617104545235633,0.0677114129066467,30.49283218383789,103.52626037597656,1.7505853176116943,1586.961669921875,112.8979034423828,0.0,,,,,,,,,
NB57,Cảng Hòn Nét,2313052,449812,2027,2,ALL,,,,,,,,,,,,,0.0013075555907562,0.0018707647686824,0.0001037786278175,0.0,0.001227008877322,0.0001684697926975,0.0104321120306849,0.0002980842837132,
NB59,Lạch Vông Vang - Cống Thẻ,2322828,469833,2027,2,cobia,6.04009485244751,24.86684799194336,8.185083389282227,31.341114044189453,0.0643374174833297,0.0540552400052547,31.132644653320312,94.9480438232422,4.772063732147217,692.2830810546875,106.49886322021484,3.5296664237976074,,,,,,,,,
NB60,Cửa Đối,2319552,480158,2027,2,cobia,6.29002857208252,25.828792572021484,8.122801780700684,32.00828552246094,0.0543623305857181,0.0474401526153087,35.01230239868164,91.10157012939452,1.677209734916687,1731.1090087890625,105.95258331298828,0.0,,,,,,,,,
NB63,Lạch Đầu Gỗ phía Đông đảo Đống Chén,2316643,468221,2027,1,cobia,6.367334365844727,22.21126174926757,8.201647758483887,31.856765747070312,0.0507913529872894,0.063527762889862,33.71649169921875,98.43106079101562,1.664717435836792,0.0,120.4422378540039,2.0357580184936523,,,,,,,,,
NB65,Vụng Đá Bạc phía Đông đảo Trà Bản,2314090,474853,2027,1,cobia,7.619052886962891,21.625003814697266,8.151820182800293,32.16902542114258,0.058337602764368,0.0631005391478538,32.28859329223633,136.69215393066406,2.201379537582397,433.7718811035156,122.59722137451172,2.1359403133392334,,,,,,,,,
NB64,Lạch Cống Nứa phía Đông đảo Cống Nứa,2317955,471418,2027,1,cobia,6.842591285705566,22.21068000793457,8.11122989654541,31.544410705566406,0.053399134427309,0.0506596863269805,32.63981628417969,117.68678283691406,1.7970129251480105,1202.8870849609375,126.68621063232422,1.484916090965271,,,,,,,,,
NB58,Luồng Cửa Ông,2319421,458021,2027,2,ALL,,,,,,,,,,,,,0.0013075555907562,0.001549384673126,0.0001037786278175,0.0,0.0016608259174972,0.0001684697926975,0.0090855946764349,0.0005731434212066,
NB63,Lạch Đầu Gỗ phía Đông đảo Đống Chén,2316643,468221,2027,1,ALL,,,,,,,,,,,,,0.0013638500822708,0.0013687886530533,0.0001037786278175,0.0002226985525339,0.0005493665812537,0.0001684697926975,0.0018029692582786,0.0007174591883085,
NB59,Lạch Vông Vang - Cống Thẻ,2322828,469833,2027,2,ALL,,,,,,,,,,,,,0.0013030779082328,0.0016106895636767,0.0001037786278175,0.0,0.0010209125466644,0.0001684697926975,0.0006637019687332,0.0005415438208729,
NB65,Vụng Đá Bạc phía Đông đảo Trà Bản,2314090,474853,2027,1,ALL,,,,,,,,,,,,,0.0013638500822708,0.0013972810702398,0.0001037786278175,0.0003200134378857,0.0015192705905064,0.0001684697926975,0.0129247503355145,0.0006517084548249,
NB66,Luồng Con Quýt phía Tây Bắc đảo Trà Bản,2323246,478861,2027,1,cobia,5.939512252807617,21.22143173217773,8.097166061401367,31.65065574645996,0.0612637884914875,0.0423568189144134,30.017391204833984,95.3612823486328,3.6967599391937256,585.19873046875,108.4496612548828,0.0,,,,,,,,,
NB60,Cửa Đối,2319552,480158,2027,2,ALL,,,,,,,,,,,,,0.0013075555907562,0.001651189988479,0.0001037786278175,0.0,0.0010838396847248,0.0001684697926975,0.0039682975038886,0.0004687180917244,
NB61,Lạch giữa đảo Thẻ Vàng- đảo Vạn Đuôi,2314890,456306,2027,2,cobia,5.764477729797363,26.44121742248535,8.124103546142578,30.442604064941406,0.0455734059214592,0.0737584233283996,32.52985763549805,79.82121276855469,0.8622105121612549,119.0146713256836,124.0205535888672,0.0,,,,,,,,,
NB64,Lạch Cống Nứa phía Đông đảo Cống Nứa,2317955,471418,2027,1,ALL,,,,,,,,,,,,,0.0013638500822708,0.0015024675521999,0.0001037786278175,0.0007319620344787,0.0014596993569284,0.0001684697926975,0.0239868946373462,0.0006042924360372,
NB66,Luồng Con Quýt phía Tây Bắc đảo Trà Bản,2323246,478861,2027,1,ALL,,,,,,,,,,,,,0.0013638500822708,0.0013874321011826,0.0001037786278175,0.0,0.0016366883646696,0.0001684697926975,0.0137811973690986,0.0005152592202648,
NB67,Luồng Con Quýt phía Đông đảo Cái Lim,2332924,481604,2027,1,cobia,5.9392924308776855,21.313230514526367,8.204229354858398,31.462478637695312,0.0396015495061874,0.0680791363120079,33.51517868041992,79.12920379638672,2.7823994159698486,0.0,129.34866333007812,1.349733591079712,,,,,,,,,
NB62,Lạch Đẳng Chén phía Tây đảo Đống Chén,2316094,465215,2027,2,cobia,5.670252323150635,24.505889892578125,8.218589782714844,32.22803497314453,0.0612575747072696,0.0571099072694778,29.991708755493164,81.0846176147461,4.604400157928467,1615.077880859375,111.08065032958984,0.0,,,,,,,,,
NB61,Lạch giữa đảo Thẻ Vàng- đảo Vạn Đuôi,2314890,456306,2027,2,ALL,,,,,,,,,,,,,0.0013075555907562,0.0014192346716299,0.0001037786278175,0.0005610983935184,0.0016335912514477,0.0001684697926975,0.0091365212574601,0.0004489686398301,
NB68,Lạch Vông Vang phía Bắc đảo Trà Bản,2325763,474553,2027,1,cobia,12.078670501708984,22.13644790649414,8.11667537689209,31.652692794799805,0.0501915775239467,0.0511688701808452,37.12360763549805,109.33370971679688,1.6219788789749146,699.1165161132812,116.56849670410156,3.634933233261109,,,,,,,,,
NB63,Lạch Đầu Gỗ phía Đông đảo Đống Chén,2316643,468221,2027,2,cobia,5.651226043701172,26.996225357055664,8.05939769744873,31.65621757507324,0.0648142024874687,0.0567145235836505,34.01980209350586,93.46510314941406,2.6433467864990234,0.0,121.70956420898438,3.1125051975250244,,,,,,,,,
NB64,Lạch Cống Nứa phía Đông đảo Cống Nứa,2317955,471418,2027,2,cobia,5.739327430725098,25.61424446105957,8.132161140441895,31.51923942565918,0.0612849630415439,0.0535141453146934,32.94652557373047,94.5202407836914,1.852096438407898,0.0,125.61131286621094,0.0,,,,,,,,,
NB69,Lạch đảo Cống Đông- Cống Tây,2310803,454256,2027,1,cobia,5.860995292663574,21.66175079345703,8.113880157470703,31.78016471862793,0.0549463108181953,0.0607711151242256,31.79254913330078,89.10275268554688,3.907706499099731,992.4243774414062,126.2762451171875,0.3291921019554138,,,,,,,,,
NB67,Luồng Con Quýt phía Đông đảo Cái Lim,2332924,481604,2027,1,ALL,,,,,,,,,,,,,0.0013638500822708,0.0014814399182796,0.0001037786278175,0.0002246797230327,0.0015006646281108,0.0001684697926975,0.0031092790886759,0.0006246066768653,
NB70,Ven bờ khu Cống Yên phía Bắc đảo Ngọc Vừng,2305149,458041,2027,1,cobia,6.230340003967285,22.20558738708496,8.220455169677734,31.75948715209961,0.0336568504571914,0.0581534467637538,32.535152435302734,89.27473449707031,0.0,0.0,106.47608947753906,0.0752676352858543,,,,,,,,,
NB68,Lạch Vông Vang phía Bắc đảo Trà Bản,2325763,474553,2027,1,ALL,,,,,,,,,,,,,0.0013638500822708,0.0015376490773633,0.0001037786278175,0.0,0.002253062557429,0.0001684697926975,0.0256998315453529,0.0031696683727204,
NB62,Lạch Đẳng Chén phía Tây đảo Đống Chén,2316094,465215,2027,2,ALL,,,,,,,,,,,,,0.0013030779082328,0.0016563101671636,0.0001037786278175,0.0006977675948292,0.0012071278179064,0.0001684697926975,0.0092693697661161,0.0015246461844071,
NB63,Lạch Đầu Gỗ phía Đông đảo Đống Chén,2316643,468221,2027,2,ALL,,,,,,,,,,,,,0.0013030779082328,0.0017458734801039,0.0001037786278175,0.0003438412386458,0.0011774159502238,0.0001684697926975,0.0142006613314151,0.0005384254036471,
NB64,Lạch Cống Nứa phía Đông đảo Cống Nứa,2317955,471418,2027,2,ALL,,,,,,,,,,,,,0.0013030779082328,0.0015845040325075,0.0001037786278175,0.0005432399921119,0.0026804483495652,0.0001684697926975,0.0115071479231119,0.0005421651294454,
NB65,Vụng Đá Bạc phía Đông đảo Trà Bản,2314090,474853,2027,2,cobia,5.816991806030273,25.38325500488281,8.142318725585938,31.85652542114257,0.0668150931596756,0.064639464020729,31.06817054748535,105.40946197509766,5.013679504394531,2068.615966796875,108.8768081665039,0.0,,,,,,,,,
NB69,Lạch đảo Cống Đông- Cống Tây,2310803,454256,2027,1,ALL,,,,,,,,,,,,,0.0013638500822708,0.0014375899918377,0.0001037786278175,0.0,0.0011751046404242,0.0001684697926975,0.0070914928801357,0.000594139797613,
NB70,Ven bờ khu Cống Yên phía Bắc đảo Ngọc Vừng,2305149,458041,2027,1,ALL,,,,,,,,,,,,,0.0013496461324393,0.0015751494793221,0.0001037786278175,0.0004242665891069,0.0006706490530632,0.0001684697926975,0.0055460049770772,0.0007076635374687,
NB71,"Cửa sông Rút- sông - sông Bạch Đằng, phía Tây xã Tiền Phong",2305248,403881,2027,1,cobia,5.540721416473389,22.477209091186523,7.887157440185547,15.787107467651367,0.0488648153841495,0.0166307333856821,30.44292640686035,72.22028350830078,29.94454574584961,0.0,106.4141845703125,0.0,,,,,,,,,
NB65,Vụng Đá Bạc phía Đông đảo Trà Bản,2314090,474853,2027,2,ALL,,,,,,,,,,,,,0.0013030779082328,0.0016591666499152,0.0001037786278175,0.0,0.0024855455849319,0.0001684697926975,0.0100020775571465,0.0003659373905975,
NB71,"Cửa sông Rút- sông - sông Bạch Đằng, phía Tây xã Tiền Phong",2305248,403881,2027,1,ALL,,,,,,,,,,,,,0.0013638500822708,0.0013552805176004,0.0001037786278175,0.0,0.0011772389989346,0.0001684697926975,0.0069196317344903,0.0006024044123478,
NB72,"Cửa sông Chanh, phía Đông Bắc xã Tiền Phong",2307350,407776,2027,1,cobia,4.757359504699707,23.14892768859864,7.719261169433594,14.372212409973145,0.066436268389225,0.0179205369204282,33.159446716308594,103.1655044555664,43.7451400756836,5398.35107421875,114.9361572265625,1.3356502056121826,,,,,,,,,
NB66,Luồng Con Quýt phía Tây Bắc đảo Trà Bản,2323246,478861,2027,2,cobia,5.331862926483154,25.898969650268555,8.044919967651367,31.903547286987305,0.070998415350914,0.0492132790386676,28.477354049682617,83.19219207763672,3.616575241088867,0.0,107.86155700683594,0.0,,,,,,,,,
NB67,Luồng Con Quýt phía Đông đảo Cái Lim,2332924,481604,2027,2,cobia,5.544304370880127,25.91237449645996,8.137411117553711,30.895885467529297,0.0477968528866767,0.0511878095567226,35.491756439208984,91.12120056152344,2.654078483581543,0.0,138.4911346435547,1.283989429473877,,,,,,,,,
NB68,Lạch Vông Vang phía Bắc đảo Trà Bản,2325763,474553,2027,2,cobia,6.711263179779053,25.66537857055664,8.127504348754883,31.866958618164062,0.063856266438961,0.0587889663875103,33.500423431396484,99.06551361083984,2.846794366836548,0.0,115.30549621582033,0.0,,,,,,,,,
NB73,"Cửa sông Kênh Trai, giáp ranh xã Tân An- Hoàng Tân",2315467,409808,2027,1,cobia,5.176696300506592,22.8543701171875,8.012078285217285,18.94581413269043,0.0380155183374881,0.0158584490418434,35.81926727294922,73.13019561767578,27.44062232971192,0.0,105.35635375976562,1.4625152349472046,,,,,,,,,
NB74,"Luồng sông Voi Lớn, phía Nam xã Đồng Rui, Tiên Yên",2142967,461852,2027,1,cobia,7.348191261291504,22.226926803588867,8.186060905456543,30.950931549072266,0.0565478578209877,0.0527748204767704,38.19831085205078,100.8784408569336,4.125587463378906,0.0,130.04795837402344,0.2925681471824646,,,,,,,,,
NB75,"Luồng sông Voi Lớn, ven bờ xã Hải Lạng, Tiên Yên",2352748,464214,2027,1,cobia,6.967311382293701,21.159868240356445,8.120649337768555,29.4738883972168,0.0530142150819301,0.0452924966812133,32.198944091796875,77.6541976928711,3.169623613357544,0.0,116.1129379272461,0.0,,,,,,,,,
NB69,Lạch đảo Cống Đông- Cống Tây,2310803,454256,2027,2,cobia,5.259914398193359,25.232032775878903,8.108379364013672,32.03493881225586,0.0674858912825584,0.0563330948352813,27.034639358520508,88.21878051757812,3.6852774620056152,0.0,115.17015075683594,0.0,,,,,,,,,
NB72,"Cửa sông Chanh, phía Đông Bắc xã Tiền Phong",2307350,407776,2027,1,ALL,,,,,,,,,,,,,0.0013638500822708,0.0016330583021044,0.0001037786278175,0.0,0.0016485952073708,0.0001684697926975,0.0096026863902807,0.0007898273179307,
NB66,Luồng Con Quýt phía Tây Bắc đảo Trà Bản,2323246,478861,2027,2,ALL,,,,,,,,,,,,,0.0013030779082328,0.0016508601838722,0.0001037786278175,0.0003304501005914,0.0027362937107682,0.0001684697926975,0.0138818966224789,0.0004312680393923,
NB67,Luồng Con Quýt phía Đông đảo Cái Lim,2332924,481604,2027,2,ALL,,,,,,,,,,,,,0.0013030779082328,0.0015510588418692,0.0001037786278175,0.0,0.0014698603190481,0.0001684697926975,0.0146403163671493,0.000258987682173,
NB68,Lạch Vông Vang phía Bắc đảo Trà Bản,2325763,474553,2027,2,ALL,,,,,,,,,,,,,0.0013030779082328,0.0014301857445389,0.0001037786278175,0.0,0.0020754991564899,0.0001684697926975,0.0114286756142973,0.0005771397263742,
NB73,"Cửa sông Kênh Trai, giáp ranh xã Tân An- Hoàng Tân",2315467,409808,2027,1,ALL,,,,,,,,,,,,,0.0013638500822708,0.0018943132599815,0.0001037786278175,0.0,0.0012392390053719,0.0001684697926975,0.0029389690607786,0.0001453373261028,
NB74,"Luồng sông Voi Lớn, phía Nam xã Đồng Rui, Tiên Yên",2142967,461852,2027,1,ALL,,,,,,,,,,,,,0.0013638500822708,0.0015545364003628,0.0001037786278175,0.0001194821743411,0.0015683515230193,0.0001684697926975,0.0162003170698881,0.0006216072943061,
NB75,"Luồng sông Voi Lớn, ven bờ xã Hải Lạng, Tiên Yên",2352748,464214,2027,1,ALL,,,,,,,,,,,,,0.0013638500822708,0.0014918966917321,0.0001037786278175,0.0,0.0014396769693121,0.0001684697926975,0.0073388335295021,0.0007635740330442,
NB69,Lạch đảo Cống Đông- Cống Tây,2310803,454256,2027,2,ALL,,,,,,,,,,,,,0.0013030779082328,0.0018566192593425,0.0001037786278175,0.0,0.0011189896613359,0.0001684697926975,0.00845015514642,0.0001594675850355,
NB76,Khu vực cảng Mũi Chùa (cửa sông Tiên Yên),2354602,469532,2027,1,cobia,5.555026531219482,21.590648651123047,7.97622013092041,29.76458740234375,0.072198137640953,0.0464383549988269,30.568517684936523,92.26636505126952,3.3306996822357178,5817.1201171875,112.64232635498048,0.0,,,,,,,,,
NB71,"Cửa sông Rút- sông - sông Bạch Đằng, phía Tây xã Tiền Phong",2305248,403881,2027,2,cobia,4.398786067962647,27.57541275024414,7.753990173339844,18.161115646362305,0.05505146458745,0.020698944106698,39.33698272705078,33.334686279296875,35.62577819824219,0.0,111.88854217529295,0.0,,,,,,,,,
NB70,Ven bờ khu Cống Yên phía Bắc đảo Ngọc Vừng,2305149,458041,2027,2,cobia,5.822466373443604,25.66941261291504,8.19114875793457,31.809688568115234,0.0426855236291885,0.0634755417704582,37.59538269042969,115.05025482177734,3.562960386276245,964.831298828125,139.23297119140625,5.905978202819824,,,,,,,,,
NB72,"Cửa sông Chanh, phía Đông Bắc xã Tiền Phong",2307350,407776,2027,2,cobia,5.286993503570557,26.6912841796875,7.674057960510254,13.184908866882324,0.0716060921549797,0.0109532428905367,29.89381980895996,100.72496795654295,42.86334991455078,2231.5927734375,86.44530487060547,6.77558183670044,,,,,,,,,
NB77,"Khu vực Hòn Thạch, Đầm Hà",2349384,482845,2027,1,cobia,7.61891508102417,21.44060134887696,8.16657829284668,31.41854286193848,0.0499103218317031,0.0597113743424415,33.6695671081543,81.58828735351562,2.217082977294922,0.0,108.68563842773438,0.6914077401161194,,,,,,,,,
NB78,"Khu vực ven bờ xã Đầm Hà, huyện Đầm Hà (cửa sông Đầm Hà)",2157972,487264,2027,1,cobia,6.021224498748779,22.24327087402344,7.799715995788574,17.415403366088867,0.0546056851744651,0.0631226003170013,36.06517791748047,82.61336517333984,10.825295448303224,0.0,115.56415557861328,0.7846356630325317,,,,,,,,,
NB79,"Khu vực cửa sông Đường Hoa, huyện Hải Hà",2361229,492995,2027,1,cobia,6.5258989334106445,21.39226150512696,8.154213905334473,29.48109436035156,0.0551931262016296,0.0397913828492164,30.92592430114746,89.46044921875,3.1215453147888184,0.0,128.3209991455078,4.466642379760742,,,,,,,,,
NB78,"Khu vực ven bờ xã Đầm Hà, huyện Đầm Hà (cửa sông Đầm Hà)",2157972,487264,2027,1,ALL,,,,,,,,,,,,,0.0013638500822708,0.0015209052944555,0.0001037786278175,0.0003354215587023,0.0005032863700762,0.0001684697926975,0.0122647015377879,0.0007038584444671,
NB73,"Cửa sông Kênh Trai, giáp ranh xã Tân An- Hoàng Tân",2315467,409808,2027,2,cobia,5.447474479675293,26.79982185363769,7.888522624969482,15.995800018310549,0.0481463186442852,0.0296279545873403,41.962162017822266,78.95509338378906,26.018451690673828,0.0,129.31727600097656,4.70172929763794,,,,,,,,,
NB76,Khu vực cảng Mũi Chùa (cửa sông Tiên Yên),2354602,469532,2027,1,ALL,,,,,,,,,,,,,0.0013638500822708,0.0016085942042991,0.0001037786278175,0.0,0.0010052506113424,0.0001684697926975,0.0136076621711254,0.0007257333490997,
NB71,"Cửa sông Rút- sông - sông Bạch Đằng, phía Tây xã Tiền Phong",2305248,403881,2027,2,ALL,,,,,,,,,,,,,0.0013030779082328,0.0016902160132303,0.0001037786278175,0.0016610148595646,0.002474519656971,0.0001684697926975,0.0153177138417959,0.002020226791501,
NB70,Ven bờ khu Cống Yên phía Bắc đảo Ngọc Vừng,2305149,458041,2027,2,ALL,,,,,,,,,,,,,0.0013030779082328,0.0017737706657499,0.0001037786278175,0.0,0.0007736090919934,0.0001684697926975,0.0079610161483287,0.0006294619524851,
NB72,"Cửa sông Chanh, phía Đông Bắc xã Tiền Phong",2307350,407776,2027,2,ALL,,,,,,,,,,,,,0.0013075555907562,0.0016965860268101,0.0001037786278175,0.0,0.0012144623324275,0.0001684697926975,0.0082257101312279,0.0004862512578256,
NB77,"Khu vực Hòn Thạch, Đầm Hà",2349384,482845,2027,1,ALL,,,,,,,,,,,,,0.0013469855766743,0.0016111389268189,0.0001037786278175,0.0,0.0014663769397884,0.0001684697926975,0.0114880604669451,0.0007234010845422,
NB79,"Khu vực cửa sông Đường Hoa, huyện Hải Hà",2361229,492995,2027,1,ALL,,,,,,,,,,,,,0.0013638500822708,0.0015165456570684,0.0001037786278175,0.0009961751056835,0.0021371846087276,0.0001684697926975,0.012964442372322,0.0024287630803883,
NB73,"Cửa sông Kênh Trai, giáp ranh xã Tân An- Hoàng Tân",2315467,409808,2027,2,ALL,,,,,,,,,,,,,0.0013075555907562,0.0013921905774623,0.0001037786278175,0.0004684744926635,0.0009302695980295,0.0001684697926975,0.0179005283862352,0.0005320126656442,
NB80,"Khu vực Bắc Hòn Mỹ, Hải Hà",2362684,497074,2027,1,cobia,6.937128067016602,21.38019752502441,8.228899955749512,32.402591705322266,0.0504072345793247,0.0395501665771007,33.97209167480469,83.0162353515625,0.4411377906799316,0.0,130.9094696044922,0.0,,,,,,,,,
NB80,"Khu vực Bắc Hòn Mỹ, Hải Hà",2362684,497074,2027,1,ALL,,,,,,,,,,,,,0.0013638500822708,0.0015365889994427,0.0001037786278175,0.0008890891331247,0.0011001282837241,0.0001684697926975,0.0106545947492122,0.0006717549404129,
NB74,"Luồng sông Voi Lớn, phía Nam xã Đồng Rui, Tiên Yên",2142967,461852,2027,2,cobia,6.174797534942627,26.950124740600582,8.091890335083008,31.10821914672852,0.0723644345998764,0.0502278991043567,40.50422286987305,92.95256805419922,6.896650791168213,0.0,131.8106689453125,0.0,,,,,,,,,
NB81,"Khu vực ven bờ xã Quảng Phong, Hải Hà (phía Bắc Đảo Miều)",2364428,499994,2027,1,cobia,7.54680061340332,21.421581268310547,8.210413932800293,31.832324981689453,0.0604495741426944,0.0484059527516365,37.344215393066406,126.2881088256836,2.5693421363830566,0.0,118.28406524658205,0.0,,,,,,,,,
NB75,"Luồng sông Voi Lớn, ven bờ xã Hải Lạng, Tiên Yên",2352748,464214,2027,2,cobia,6.259819030761719,26.205236434936523,8.15509033203125,28.84378433227539,0.0661075115203857,0.0423179753124713,38.61039352416992,80.50242614746094,6.484249114990234,473.7848205566406,135.80953979492188,4.018430709838867,,,,,,,,,
NB76,Khu vực cảng Mũi Chùa (cửa sông Tiên Yên),2354602,469532,2027,2,cobia,4.752925872802734,25.839488983154297,7.9691057205200195,29.94261932373047,0.0728170797228813,0.037984762340784,27.789215087890625,85.53971099853516,1.7171779870986938,5426.47607421875,108.04943084716795,0.0,,,,,,,,,
NB82,"Khu bến phà Cái Chiên phía Băc đảo Cái Chiên, Hải Hà",2359689,500633,2027,1,cobia,7.1630730628967285,21.355775833129883,8.166699409484863,31.81253242492676,0.0463150255382061,0.0557387247681617,35.6696891784668,97.98809814453124,1.2760133743286133,0.0,126.402099609375,0.0,,,,,,,,,
NB83,"Bãi tắm Đầu Rồng- xã Cái Chiên, Hải Hà",2356931,499505,2027,1,cobia,6.472625255584717,21.965696334838867,8.254423141479492,31.743316650390625,0.0365393571555614,0.0578698553144931,34.355369567871094,94.1344223022461,0.8019616603851318,0.0,127.34262084960938,1.8509267568588257,,,,,,,,,
NB77,"Khu vực Hòn Thạch, Đầm Hà",2349384,482845,2027,2,cobia,5.966170787811279,25.66995429992676,8.14819049835205,30.708494186401367,0.06503926217556,0.0664122924208641,35.45065689086914,99.13571166992188,3.52046012878418,0.0,122.72125244140624,2.714925527572632,,,,,,,,,
NB81,"Khu vực ven bờ xã Quảng Phong, Hải Hà (phía Bắc Đảo Miều)",2364428,499994,2027,1,ALL,,,,,,,,,,,,,0.0013376420829445,0.0017032928299158,0.0001037786278175,0.000102957135823,0.0015862513100728,0.0001684697926975,0.0199144203215837,0.0006256162887439,
NB74,"Luồng sông Voi Lớn, phía Nam xã Đồng Rui, Tiên Yên",2142967,461852,2027,2,ALL,,,,,,,,,,,,,0.0013030779082328,0.0015031012007966,0.0001037786278175,0.0003124803770333,0.0016934069572016,0.0001684697926975,0.0091947801411151,0.0007482820074073,
NB75,"Luồng sông Voi Lớn, ven bờ xã Hải Lạng, Tiên Yên",2352748,464214,2027,2,ALL,,,,,,,,,,,,,0.0013030779082328,0.001722335582599,0.0001037786278175,0.0,0.001272406312637,0.0001684697926975,0.0017935396172106,6.352154741762206e-05,
NB76,Khu vực cảng Mũi Chùa (cửa sông Tiên Yên),2354602,469532,2027,2,ALL,,,,,,,,,,,,,0.0013075555907562,0.001621009549126,0.0001037786278175,0.0043425620533525,0.0026313040871173,0.0001684697926975,0.0279976390302181,0.0008487378363497,
NB82,"Khu bến phà Cái Chiên phía Băc đảo Cái Chiên, Hải Hà",2359689,500633,2027,1,ALL,,,,,,,,,,,,,0.0013638500822708,0.0013614215422421,0.0001037786278175,0.0004288177588023,0.0015538915758952,0.0001684697926975,0.0156030459329485,0.0006421385915018,
NB84,Ven bờ phía Tây đảo Vĩnh Thực- Móng Cái,2362922,508334,2027,1,cobia,7.738117218017578,22.48303985595703,8.158780097961426,31.19820785522461,0.0625617951154708,0.0602513886988163,34.47369766235352,88.56214904785156,1.009352684020996,0.0,117.66808319091795,0.0,,,,,,,,,
NB83,"Bãi tắm Đầu Rồng- xã Cái Chiên, Hải Hà",2356931,499505,2027,1,ALL,,,,,,,,,,,,,0.0013638500822708,0.0014396319165825,0.0001037786278175,0.0007491324213333,0.0015576402656733,0.0001684697926975,0.0091007500886917,0.0006498788134194,
NB77,"Khu vực Hòn Thạch, Đầm Hà",2349384,482845,2027,2,ALL,,,,,,,,,,,,,0.0013075555907562,0.0015375663060694,0.0001037786278175,0.0,0.0013762285234406,0.0001684697926975,0.0099140014499425,0.0006264999974519,
NB85,Ven bờ xã Quảng Nghĩa -Móng Cái,2374296,507087,2027,1,cobia,6.086021900177002,21.928163528442383,7.795784950256348,21.660436630249023,0.0482681952416896,0.048681516200304,33.690425872802734,65.088134765625,6.8490800857543945,0.0,119.8104019165039,2.861192226409912,,,,,,,,,
NB84,Ven bờ phía Tây đảo Vĩnh Thực- Móng Cái,2362922,508334,2027,1,ALL,,,,,,,,,,,,,0.0013388507068157,0.001596741261892,0.0001037786278175,0.0015737240901216,0.0007590692257508,0.0001684697926975,0.0154303405433893,0.0006395050440914,
NB78,"Khu vực ven bờ xã Đầm Hà, huyện Đầm Hà (cửa sông Đầm Hà)",2157972,487264,2027,2,cobia,5.585500240325928,27.7237491607666,7.622117519378662,13.203779220581056,0.0629255920648574,0.0465140640735626,28.804393768310547,55.77921295166016,14.217665672302246,0.0,111.00300598144533,3.2664544582366943,,,,,,,,,
NB87,Khu vực cửa sông KaLong - Móng Cái,2369213,521009,2027,1,cobia,5.30908727645874,19.819164276123047,8.121724128723145,27.181432723999023,0.0619223415851593,0.0410089492797851,29.2498722076416,77.30323791503906,6.577004432678223,0.0,119.8743896484375,6.343601226806641,,,,,,,,,
NB80,"Khu vực Bắc Hòn Mỹ, Hải Hà",2362684,497074,2027,2,cobia,5.849412441253662,26.39556312561035,8.196334838867188,32.603511810302734,0.0576027855277061,0.0501913875341415,36.83290863037109,125.42420196533205,4.185632705688477,0.0,117.85839080810548,3.3651130199432373,,,,,,,,,
NB79,"Khu vực cửa sông Đường Hoa, huyện Hải Hà",2361229,492995,2027,2,cobia,6.2325825691223145,25.80134391784668,8.128046035766602,28.086355209350582,0.0700662583112716,0.0412060841917991,38.2998046875,84.25779724121094,5.934390068054199,25.963180541992188,152.85841369628906,7.741811752319336,,,,,,,,,
NB86,Ven bờ phường Hải Yên - Móng Cái,2378235,515563,2027,1,cobia,5.224803924560547,22.673141479492188,7.742217063903809,18.70220184326172,0.0609102025628089,0.0939034074544906,30.120397567749023,74.27613830566406,4.646340847015381,0.0,113.371826171875,5.353883743286133,,,,,,,,,
NB81,"Khu vực ven bờ xã Quảng Phong, Hải Hà (phía Bắc Đảo Miều)",2364428,499994,2027,2,cobia,6.522663116455078,26.25019645690918,8.192001342773438,31.80243492126465,0.0643256306648254,0.0536040514707565,38.152530670166016,108.9845199584961,1.9663045406341555,0.0,136.46002197265625,0.0,,,,,,,,,
NB86,Ven bờ phường Hải Yên - Móng Cái,2378235,515563,2027,1,ALL,,,,,,,,,,,,,0.0013593723997473,0.0014069428434595,0.0001037786278175,0.0001988290314329,0.0046209278516471,0.0001684697926975,0.0075611104257404,0.0209828056395053,
NB85,Ven bờ xã Quảng Nghĩa -Móng Cái,2374296,507087,2027,1,ALL,,,,,,,,,,,,,0.0013638500822708,0.001523068989627,0.0001037786278175,0.0020709719974547,0.0004034569137729,0.0001684697926975,0.0077283699065446,0.0006686313427053,
NB87,Khu vực cửa sông KaLong - Móng Cái,2369213,521009,2027,1,ALL,,,,,,,,,,,,,0.0013638500822708,0.0015251928707584,0.0001037786278175,0.0008019205997698,0.0026167654432356,0.0001684697926975,0.0127215264365077,0.000573112629354,
NB78,"Khu vực ven bờ xã Đầm Hà, huyện Đầm Hà (cửa sông Đầm Hà)",2157972,487264,2027,2,ALL,,,,,,,,,,,,,0.0013030779082328,0.0018422515131533,0.0001037786278175,0.0013294123345986,0.0007709049386903,0.0001684697926975,0.0123914638534188,0.0008511677151545,
NB80,"Khu vực Bắc Hòn Mỹ, Hải Hà",2362684,497074,2027,2,ALL,,,,,,,,,,,,,0.0013030779082328,0.0017363838851451,0.0001037786278175,0.0,0.0013443733332678,0.0001684697926975,0.0115937357768416,0.000862676941324,
NB79,"Khu vực cửa sông Đường Hoa, huyện Hải Hà",2361229,492995,2027,2,ALL,,,,,,,,,,,,,0.0013030779082328,0.0014957952080294,0.0001037786278175,0.0021863840520381,0.0016841326141729,0.0001684697926975,0.0136394631117582,0.0012956267455592,
NB88,"Khu vực ven bờ  Núi Tổ Chim, Hải Hoà - Móng Cái ",2379574,529701,2027,1,cobia,6.904370307922363,21.40303039550781,8.219833374023438,29.78782081604004,0.0572669841349124,0.0480372197926044,37.45067596435547,92.8923110961914,3.717040300369263,0.0,144.31298828125,0.2663098573684692,,,,,,,,,
NB81,"Khu vực ven bờ xã Quảng Phong, Hải Hà (phía Bắc Đảo Miều)",2364428,499994,2027,2,ALL,,,,,,,,,,,,,0.0013075555907562,0.0015307866269722,0.0001037786278175,0.0025855326093733,0.0016802130267024,0.0001684697926975,0.0099439546465873,0.0008032598998397,
NB88,"Khu vực ven bờ  Núi Tổ Chim, Hải Hoà - Móng Cái ",2379574,529701,2027,1,ALL,,,,,,,,,,,,,0.0013638500822708,0.0015475107356905,0.0001037786278175,0.0003089313686359,0.0014747431268915,0.0001684697926975,0.0128603307530283,0.0006952278781682,
NB89,Bãi tắm Trà Cổ,2375900,528808,2027,1,cobia,6.899205207824707,20.92603874206543,8.211166381835938,30.99065971374512,0.0736214593052864,0.0372039265930652,32.81265640258789,91.2403564453125,17.080528259277344,0.0,115.70530700683594,0.0,,,,,,,,,
NB90,Khu vực cảng Cô Tô,2319575,501050,2027,1,cobia,5.744361400604248,21.487462997436523,8.15836238861084,31.88509750366211,0.038169227540493,0.0527097955346107,33.3634033203125,100.61195373535156,0.1459909230470657,52.1549186706543,131.59849548339844,0.0,,,,,,,,,
NB91,"Khu vực Vụng cát 2, 3 - khu 4 thị trấn Cô Tô",2317783,498813,2027,1,cobia,5.833558082580566,21.25903511047364,8.137266159057617,32.4189453125,0.0499449856579303,0.0460943132638931,28.73022079467773,88.25650024414062,2.062155246734619,1046.97900390625,130.86399841308594,0.0,,,,,,,,,
NB82,"Khu bến phà Cái Chiên phía Băc đảo Cái Chiên, Hải Hà",2359689,500633,2027,2,cobia,5.800835132598877,25.65008354187012,8.146257400512695,31.528223037719727,0.0531838312745094,0.0656975954771041,34.954917907714844,99.80484771728516,3.480722665786743,0.0,132.711669921875,2.466801881790161,,,,,,,,,
NB83,"Bãi tắm Đầu Rồng- xã Cái Chiên, Hải Hà",2356931,499505,2027,2,cobia,5.907198905944824,26.294883728027344,8.128446578979492,32.130619049072266,0.0483382567763328,0.0692632272839546,36.52951431274414,110.07229614257812,1.7440611124038696,0.0,127.15408325195312,0.754787027835846,,,,,,,,,
NB84,Ven bờ phía Tây đảo Vĩnh Thực- Móng Cái,2362922,508334,2027,2,cobia,6.4200310707092285,26.240907669067383,8.169689178466797,31.6425838470459,0.0640032216906547,0.0571264550089836,36.63092041015625,82.81689453125,4.33942174911499,480.2897033691406,140.14004516601562,3.10263991355896,,,,,,,,,
NB89,Bãi tắm Trà Cổ,2375900,528808,2027,1,ALL,,,,,,,,,,,,,0.0013638500822708,0.0012686759000644,0.0001037786278175,0.0004357163270469,0.0011849817819893,0.0001684697926975,0.0132333720102906,0.0006999791949056,
NB85,Ven bờ xã Quảng Nghĩa -Móng Cái,2374296,507087,2027,2,cobia,5.145102024078369,27.57749938964844,7.709008693695068,15.458234786987305,0.0661667808890342,0.0544488206505775,36.49474334716797,59.750267028808594,6.227904319763184,0.0,124.9980239868164,0.5989935398101807,,,,,,,,,
NB92,"Khu vực bãi tắm Hồng Vàn, xã Đồng Tiến",2323555,501698,2027,1,cobia,6.106516361236572,22.556785583496094,8.047612190246582,32.28591537475586,0.0565428584814071,0.0512082204222679,27.53519821166992,123.6271514892578,1.2829774618148804,1129.939697265625,115.43688201904295,0.0,,,,,,,,,
NB90,Khu vực cảng Cô Tô,2319575,501050,2027,1,ALL,,,,,,,,,,,,,0.0013496461324393,0.0015300635714083,0.0001037786278175,0.0002930590999312,0.0005088216275908,0.0001684697926975,0.0155196255072951,0.0007635933579877,
NB91,"Khu vực Vụng cát 2, 3 - khu 4 thị trấn Cô Tô",2317783,498813,2027,1,ALL,,,,,,,,,,,,,0.0013638500822708,0.0014498236123472,0.0001037786278175,0.0010950403520837,0.0022064524237066,0.0001684697926975,0.0258263703435659,0.0008077800739556,
NB82,"Khu bến phà Cái Chiên phía Băc đảo Cái Chiên, Hải Hà",2359689,500633,2027,2,ALL,,,,,,,,,,,,,0.0013030779082328,0.0016556311165913,0.0001037786278175,0.0,0.0023318177554756,0.0001684697926975,0.0088163623586297,0.0002435227215755,
NB83,"Bãi tắm Đầu Rồng- xã Cái Chiên, Hải Hà",2356931,499505,2027,2,ALL,,,,,,,,,,,,,0.0013030779082328,0.0017711068503558,0.0001037786278175,0.0033771360758692,0.002390707610175,0.0001684697926975,0.0062408172525465,0.0004324046603869,
NB84,Ven bờ phía Tây đảo Vĩnh Thực- Móng Cái,2362922,508334,2027,2,ALL,,,,,,,,,,,,,0.0013030779082328,0.001642110873945,0.0001037786278175,0.0014068683376535,0.0011386255500838,0.0001684697926975,0.0157817918807268,0.0005401460803113,
NB92,"Khu vực bãi tắm Hồng Vàn, xã Đồng Tiến",2323555,501698,2027,1,ALL,,,,,,,,,,,,,0.001338735804893,0.0016237603267654,0.0001037786278175,0.0,0.0003996119194198,0.0001684697926975,0.0182966459542512,0.0006141341873444,
NB85,Ven bờ xã Quảng Nghĩa -Móng Cái,2374296,507087,2027,2,ALL,,,,,,,,,,,,,0.0013030779082328,0.0017768116667866,0.0001037786278175,0.0022251845803111,0.0006178205949254,0.0001684697926975,0.0040122712962329,0.0006329988827928,
NB93,Khu vực ven bờ phía Nam xã Đồng Tiến,2321580,498778,2027,1,cobia,6.179871559143066,22.11808204650879,8.113091468811035,31.605199813842773,0.0535342991352081,0.0555581524968147,26.768722534179688,95.01953125,1.977002501487732,0.0,101.01422882080078,1.353409767150879,,,,,,,,,
NB94,Khu vực phía Bắc đảo Cô Tô con,2328260,501917,2027,1,cobia,6.129858016967773,21.69559860229492,8.15617561340332,31.912193298339844,0.0669776573777198,0.059975653886795,30.11661148071289,113.3053970336914,1.355389952659607,2269.860595703125,114.59710693359376,0.0,,,,,,,,,
NB95,Khu vực phía Nam đảo Cô Tô con,2326638,502012,2027,1,cobia,6.268739700317383,21.80577278137207,8.17555046081543,31.92449951171875,0.0495185479521751,0.0688796564936637,30.662466049194336,101.82949829101562,0.8535493016242981,1460.1026611328125,118.88619232177734,0.0,,,,,,,,,
NB93,Khu vực ven bờ phía Nam xã Đồng Tiến,2321580,498778,2027,1,ALL,,,,,,,,,,,,,0.0013638500822708,0.0016707644099369,0.0001037786278175,0.0,0.0013092337176203,0.0001684697926975,0.0135198030620813,0.0005233110277913,
NB86,Ven bờ phường Hải Yên - Móng Cái,2378235,515563,2027,2,cobia,4.633635520935059,27.67652130126953,7.619514942169189,15.653353691101074,0.0714207664132118,0.1002931371331214,30.506288528442383,82.24063873291016,5.132126808166504,3184.666015625,113.94176483154295,0.0,,,,,,,,,
NB87,Khu vực cửa sông KaLong - Móng Cái,2369213,521009,2027,2,cobia,5.133387088775635,25.47837448120117,7.958497524261475,24.42234992980957,0.0729968249797821,0.034543365240097,35.95878982543945,75.93150329589844,7.19419527053833,351.3740539550781,128.4308319091797,11.782487869262695,,,,,,,,,
NB88,"Khu vực ven bờ  Núi Tổ Chim, Hải Hoà - Móng Cái ",2379574,529701,2027,2,cobia,6.816886901855469,26.25904083251953,8.164799690246582,29.907358169555664,0.0697425454854965,0.0570660158991813,40.144161224365234,117.2410659790039,4.466372489929199,67.6998519897461,130.2111358642578,0.0,,,,,,,,,
NB96,Khu vực phía Đông đảo Cô Tô con,2327640,503181,2027,1,cobia,8.063189506530762,23.171037673950195,8.068564414978027,32.040035247802734,0.0458813123404979,0.0570711493492126,32.32633972167969,93.07488250732422,1.5368658304214478,0.0,120.82284545898438,0.0,,,,,,,,,
NB89,Bãi tắm Trà Cổ,2375900,528808,2027,2,cobia,7.037622451782227,25.32151985168457,8.239241600036621,29.51518821716309,0.0823718830943107,0.0376003012061119,37.02801513671875,69.4295883178711,13.546205520629885,0.0,125.11141967773438,1.7774670124053955,,,,,,,,,
NB94,Khu vực phía Bắc đảo Cô Tô con,2328260,501917,2027,1,ALL,,,,,,,,,,,,,0.0013638500822708,0.0015441320138052,0.0001037786278175,1.734457691782154e-05,0.0012728340225294,0.0001684697926975,0.0052138441242277,0.0006219287752173,
NB95,Khu vực phía Nam đảo Cô Tô con,2326638,502012,2027,1,ALL,,,,,,,,,,,,,0.0013638500822708,0.001544201397337,0.0001037786278175,0.0011314037255942,0.00147129164543,0.0001684697926975,0.0161038897931575,0.0006626963731832,
NB96,Khu vực phía Đông đảo Cô Tô con,2327640,503181,2027,1,ALL,,,,,,,,,,,,,0.0013496461324393,0.0017583728767931,0.0001037786278175,0.0010611717589199,0.0014728484675288,0.0001684697926975,0.032130941748619,0.000672273337841,
NB87,Khu vực cửa sông KaLong - Móng Cái,2369213,521009,2027,2,ALL,,,,,,,,,,,,,0.0013030779082328,0.0014597290428355,0.0001037786278175,0.0001447563117835,0.0019055424490943,0.0001684697926975,0.0154221449047327,0.0007771491073071,
NB86,Ven bờ phường Hải Yên - Móng Cái,2378235,515563,2027,2,ALL,,,,,,,,,,,,,0.0013030779082328,0.0015190945705398,0.0001037786278175,0.0,0.0014205267652869,0.0001684697926975,0.0181596744805574,0.0002125688624801,
NB88,"Khu vực ven bờ  Núi Tổ Chim, Hải Hoà - Móng Cái ",2379574,529701,2027,2,ALL,,,,,,,,,,,,,0.0013030779082328,0.001619842252694,0.0001037786278175,0.0012658017221838,0.0026290679816156,0.0001684697926975,0.0196745824068784,0.0009815167868509,
NB97,Khu vực phía Tây  đảo Cô Tô con,2327497,501058,2027,1,cobia,6.280173778533936,22.03009986877441,8.134042739868164,32.18299865722656,0.0421728380024433,0.0473854765295982,34.58756637573242,98.91329193115234,1.0804067850112915,408.9096984863281,127.28004455566406,1.8003584146499634,,,,,,,,,
NB89,Bãi tắm Trà Cổ,2375900,528808,2027,2,ALL,,,,,,,,,,,,,0.0013030779082328,0.0017086155712604,0.0001037786278175,0.0077015133574604,0.0030722415540367,0.0001684697926975,0.0189974699169397,0.0021076137199997,
NB98,Khu vực cảng Thanh Lân,2323023,505543,2027,1,cobia,6.168538093566895,21.722484588623047,8.153922080993652,31.830347061157227,0.0529328137636184,0.0561279766261577,31.68467903137207,93.2394561767578,0.2859219908714294,444.1499633789063,124.5505828857422,6.795812606811523,,,,,,,,,
NB99,Khu vực nuôi nhuyễn thể phía Đông Nam đảo Thanh Lân,2321546,505635,2027,1,cobia,12.17881202697754,22.59521675109864,8.109464645385742,31.621675491333008,0.0438923276960849,0.0624860003590583,34.17869186401367,121.1198501586914,0.596821129322052,408.0650329589844,119.83792877197266,0.0,,,,,,,,,
NB97,Khu vực phía Tây  đảo Cô Tô con,2327497,501058,2027,1,ALL,,,,,,,,,,,,,0.0013638500822708,0.0015406128950417,0.0001037786278175,0.0,0.0016166541026905,0.0001684697926975,0.0141872139647603,0.0007178278174251,
NB90,Khu vực cảng Cô Tô,2319575,501050,2027,2,cobia,5.856672763824463,24.67103576660156,8.21119213104248,32.3079948425293,0.0480656437575817,0.0581210106611251,30.79533767700196,106.12642669677734,2.5331552028656006,0.0,113.0057373046875,5.430049419403076,,,,,,,,,
NB98,Khu vực cảng Thanh Lân,2323023,505543,2027,1,ALL,,,,,,,,,,,,,0.0013638500822708,0.0015985711943358,0.0001037786278175,0.0014181579463183,0.0013619976816698,0.0001684697926975,0.0069508906453847,0.0007276724791154,
NB92,"Khu vực bãi tắm Hồng Vàn, xã Đồng Tiến",2323555,501698,2027,2,cobia,4.981303691864014,25.56754875183105,7.970227241516113,32.0229377746582,0.0663474276661872,0.0515282303094863,28.39961051940918,84.51486206054688,3.1189961433410645,0.0,107.66893768310548,0.0,,,,,,,,,
NB91,"Khu vực Vụng cát 2, 3 - khu 4 thị trấn Cô Tô",2317783,498813,2027,2,cobia,5.375389575958252,25.749135971069336,8.04611587524414,31.273731231689453,0.0641035065054893,0.0481202155351638,30.78794860839844,93.9708251953125,3.317891359329224,0.0,119.94242095947266,0.0,,,,,,,,,
NB99,Khu vực nuôi nhuyễn thể phía Đông Nam đảo Thanh Lân,2321546,505635,2027,1,ALL,,,,,,,,,,,,,0.0013638500822708,0.0017422378296032,0.0001037786278175,0.0001768690272001,0.0013406163780018,0.0001684697926975,0.0050363969057798,0.0005738841718994,
NB93,Khu vực ven bờ phía Nam xã Đồng Tiến,2321580,498778,2027,2,cobia,5.992151737213135,26.892473220825195,8.092960357666016,31.265380859375,0.0639903023838996,0.0537288896739482,34.42471694946289,66.2232437133789,2.873454332351685,0.0,118.16997528076172,0.0,,,,,,,,,
NB90,Khu vực cảng Cô Tô,2319575,501050,2027,2,ALL,,,,,,,,,,,,,0.0013030779082328,0.0016687099123373,0.0001037786278175,0.0010658325627446,0.0021343098487704,0.0001684697926975,0.0101488195359706,0.0005601893644779,
NB92,"Khu vực bãi tắm Hồng Vàn, xã Đồng Tiến",2323555,501698,2027,2,ALL,,,,,,,,,,,,,0.0013075555907562,0.0016471266280859,0.0001037786278175,0.0014426108682528,0.0007966712582856,0.0001684697926975,0.0150648159906268,0.0005303875077515,
NB91,"Khu vực Vụng cát 2, 3 - khu 4 thị trấn Cô Tô",2317783,498813,2027,2,ALL,,,,,,,,,,,,,0.0013030779082328,0.0014369203709065,0.0001037786278175,0.0027760369703173,0.0017251693643629,0.0001684697926975,0.0175900943577289,0.0,
NB93,Khu vực ven bờ phía Nam xã Đồng Tiến,2321580,498778,2027,2,ALL,,,,,,,,,,,,,0.0013075555907562,0.0015422881115227,0.0001037786278175,0.0028282878920435,0.0018545234343037,0.0001684697926975,0.0181724093854427,0.0007841997430659,
NB94,Khu vực phía Bắc đảo Cô Tô con,2328260,501917,2027,2,cobia,5.238648891448975,25.59388542175293,8.061850547790527,31.95681571960449,0.0800515264272689,0.0557102560997009,29.71152877807617,89.6881332397461,3.23801326751709,1835.9522705078125,125.24193572998048,0.0,,,,,,,,,
NB95,Khu vực phía Nam đảo Cô Tô con,2326638,502012,2027,2,cobia,10.900595664978027,26.656848907470703,8.150336265563965,31.970230102539062,0.0690730139613151,0.0734881162643432,30.177547454833984,104.60749816894533,3.626500368118286,2924.553466796875,111.0909423828125,1.4606084823608398,,,,,,,,,
NB96,Khu vực phía Đông đảo Cô Tô con,2327640,503181,2027,2,cobia,6.040494918823242,26.9275016784668,8.031425476074219,31.851194381713867,0.0571462027728557,0.059401374310255,36.80794143676758,97.01374816894533,4.477710247039795,408.0505981445313,136.34536743164062,5.693909168243408,,,,,,,,,
NB97,Khu vực phía Tây  đảo Cô Tô con,2327497,501058,2027,2,cobia,5.41290283203125,26.25033187866211,8.102716445922852,31.011621475219727,0.0582082718610763,0.0651312842965126,31.47057342529297,78.61880493164062,2.466055393218994,0.0,109.90293884277344,0.0,,,,,,,,,
NB94,Khu vực phía Bắc đảo Cô Tô con,2328260,501917,2027,2,ALL,,,,,,,,,,,,,0.0013030779082328,0.0015738937072455,0.0001037786278175,0.0,0.0009959172457456,0.0001684697926975,0.0173682123422622,0.0005316932802088,
NB95,Khu vực phía Nam đảo Cô Tô con,2326638,502012,2027,2,ALL,,,,,,,,,,,,,0.0013030779082328,0.0015626673121005,0.0001037786278175,0.0013508273987099,0.0023893495090305,0.0001684697926975,0.0121066123247146,0.0007760535809211,
NB96,Khu vực phía Đông đảo Cô Tô con,2327640,503181,2027,2,ALL,,,,,,,,,,,,,0.0013075555907562,0.0015450820792466,0.0001037786278175,0.0,0.001145044574514,0.0001684697926975,0.0087673040106892,0.0004547481366898,
NB97,Khu vực phía Tây  đảo Cô Tô con,2327497,501058,2027,2,ALL,,,,,,,,,,,,,0.0013030779082328,0.0014765172963961,0.0001037786278175,0.0,0.0015869723865762,0.0001684697926975,0.0070749707520008,0.0005678472225554,
NB98,Khu vực cảng Thanh Lân,2323023,505543,2027,2,cobia,5.089645385742188,25.802152633666992,8.119340896606445,31.888816833496094,0.0623098202049732,0.0721745863556861,30.289112091064453,86.65243530273438,2.454414129257202,0.0,105.02603149414062,0.0,,,,,,,,,
NB99,Khu vực nuôi nhuyễn thể phía Đông Nam đảo Thanh Lân,2321546,505635,2027,2,cobia,7.306739330291748,25.333324432373047,8.153687477111816,31.887985229492188,0.0547448508441448,0.0513710565865039,32.87937927246094,111.96224212646484,3.588230848312378,1378.5863037109375,120.8339614868164,3.701182365417481,,,,,,,,,
NB98,Khu vực cảng Thanh Lân,2323023,505543,2027,2,ALL,,,,,,,,,,,,,0.0013030779082328,0.0017331286799162,0.0001037786278175,0.0,0.001505256164819,0.0001684697926975,0.0069057024084031,0.0006554182618856,
NB99,Khu vực nuôi nhuyễn thể phía Đông Nam đảo Thanh Lân,2321546,505635,2027,2,ALL,,,,,,,,,,,,,0.0013075555907562,0.0015803683781996,0.0001037786278175,0.0,0.0009648710838519,0.0001684697926975,0.0134566025808453,0.000476185203297,
NB1,Luồng vào cảng Cái Lân tại cầu Bãi Cháy,2318587,428692,2027,3,cobia,5.8956618309021,29.105222702026367,8.200053215026855,31.82508850097656,0.0400043874979019,0.0425846390426158,38.06684875488281,109.00262451171876,1.0764988660812378,0.0,137.01466369628906,0.0,,,,,,,,,
NB1,Luồng vào cảng Cái Lân tại cầu Bãi Cháy,2318587,428692,2027,4,cobia,6.193403720855713,25.28636360168457,8.138829231262207,31.13478279113769,0.0366146489977836,0.025725757703185,39.66745376586914,114.40967559814452,0.1885628402233123,0.0,129.59625244140625,2.355531454086304,,,,,,,,,
NB4,Khu Hòn Gạc- vịnh Cửa Lục,2320452,429685,2027,3,cobia,7.04296350479126,28.7688217163086,8.156745910644531,31.30933952331543,0.0401559211313724,0.057877343147993,44.21299362182617,141.81649780273438,4.430320262908936,0.0,151.11219787597656,3.5671961307525635,,,,,,,,,
NB4,Khu Hòn Gạc- vịnh Cửa Lục,2320452,429685,2027,4,cobia,6.711433410644531,25.69281578063965,8.225761413574219,30.418777465820312,0.0344593711197376,0.0497519932687282,35.86270904541016,111.79886627197266,2.675200700759888,0.0,128.43853759765625,0.0,,,,,,,,,
NB3,Cảng Cái Lân- vịnh Cửa Lục,2320268,427607,2027,3,cobia,6.322254657745361,27.71109390258789,8.096571922302246,32.25727462768555,0.0473752617835998,0.056640587747097,38.39194869995117,93.11670684814452,4.018861293792725,0.0,138.04498291015625,0.737041711807251,,,,,,,,,
NB3,Cảng Cái Lân- vịnh Cửa Lục,2320268,427607,2027,4,cobia,8.059000968933105,23.8552360534668,8.143548965454102,31.581241607666016,0.0405982136726379,0.039039060473442,40.28312301635742,91.85951232910156,1.016903042793274,0.0,145.8465576171875,1.1784707307815552,,,,,,,,,
NB2,Cảng B12- vịnh Cửa Lục,2319163,428365,2027,3,cobia,6.613584041595459,28.212799072265625,8.077241897583008,31.0703182220459,0.048474296927452,0.0606413073837757,37.02585983276367,107.7591781616211,3.641605138778688,124.48738098144533,135.02752685546875,0.0,,,,,,,,,
NB2,Cảng B12- vịnh Cửa Lục,2319163,428365,2027,4,cobia,7.705638408660889,24.49944305419922,8.181693077087402,31.39651679992676,0.0596854500472545,0.0349484980106353,35.71231842041016,87.52483367919922,3.09818434715271,0.0,118.0750961303711,0.0,,,,,,,,,
NB1,Luồng vào cảng Cái Lân tại cầu Bãi Cháy,2318587,428692,2027,3,ALL,,,,,,,,,,,,,0.0013030779082328,0.0021986328065395,0.0001037786278175,0.0004735663824249,0.0007737803389318,0.0001684697926975,0.0101271467283368,0.0002878978848457,
NB1,Luồng vào cảng Cái Lân tại cầu Bãi Cháy,2318587,428692,2027,4,ALL,,,,,,,,,,,,,0.0013075555907562,0.0018479377031326,0.0001037786278175,0.0019855655264109,0.0011789988493546,0.0001684697926975,0.0105970846489071,0.0007578015793114,
NB2,Cảng B12- vịnh Cửa Lục,2319163,428365,2027,3,ALL,,,,,,,,,,,,,0.0013075555907562,0.0019652931950986,0.0001037786278175,0.0,0.0011624895269051,0.0001684697926975,0.0277099199593067,0.0004869243712164,
NB2,Cảng B12- vịnh Cửa Lục,2319163,428365,2027,4,ALL,,,,,,,,,,,,,0.0013075555907562,0.0017337255412712,0.0001037786278175,0.0,0.0025227111764252,0.0001684697926975,0.0196430794894695,0.0004029286501463,
NB4,Khu Hòn Gạc- vịnh Cửa Lục,2320452,429685,2027,3,ALL,,,,,,,,,,,,,0.0013030779082328,0.0019586151465773,0.0001037786278175,0.0060443482361733,0.003780442290008,0.0001684697926975,0.0207274723798036,0.0004293095262255,
NB4,Khu Hòn Gạc- vịnh Cửa Lục,2320452,429685,2027,4,ALL,,,,,,,,,,,,,0.0013075555907562,0.0016196594806388,0.0001037786278175,0.0001300502481171,0.001098389038816,0.0001684697926975,0.0086848847568035,0.0004146434366703,
NB3,Cảng Cái Lân- vịnh Cửa Lục,2320268,427607,2027,3,ALL,,,,,,,,,,,,,0.0013030779082328,0.0021950220689177,0.0001037786278175,0.0,0.000738772097975,0.0001684697926975,0.0220753736793994,0.0002666965592652,
NB3,Cảng Cái Lân- vịnh Cửa Lục,2320268,427607,2027,4,ALL,,,,,,,,,,,,,0.0013075555907562,0.0014975492376834,0.0001037786278175,0.0009345818543806,0.0011296032462269,0.0001684697926975,0.0221434142440557,0.0006176138995215,
NB5,Ven bờ khu đô thị CENCO 5,2319397,429449,2027,3,cobia,5.722452163696289,27.458297729492188,8.179573059082031,30.908763885498047,0.0785714909434318,0.045564629137516,36.185279846191406,99.94898223876952,9.380672454833984,0.0,136.12149047851562,5.123203754425049,,,,,,,,,
NB5,Ven bờ khu đô thị CENCO 5,2319397,429449,2027,4,cobia,8.442631721496582,24.441442489624023,8.28814697265625,30.63656616210937,0.0733907222747802,0.0324308760464191,34.92469024658203,84.76812744140625,8.070996284484863,0.0,135.7061004638672,0.0,,,,,,,,,
NB8,Cửa sông Diễn Vọng tại cầu Bang,2324600,433954,2027,3,cobia,5.940364360809326,29.25289726257324,7.998153209686279,18.423274993896484,0.0505270026624202,0.0497609265148639,32.558143615722656,58.487403869628906,16.811784744262695,1378.95263671875,136.64047241210938,0.0,,,,,,,,,
NB8,Cửa sông Diễn Vọng tại cầu Bang,2324600,433954,2027,4,cobia,5.748010158538818,26.83932876586914,7.912944316864014,21.904071807861328,0.044549323618412,0.0215842351317405,25.55130958557129,80.16541290283203,17.743276596069336,1740.152587890625,122.9284210205078,0.0,,,,,,,,,
NB6,Cửa sông Trới ven bờ KCN Việt Hưng,2322158,422550,2027,3,cobia,6.608211994171143,28.03532791137696,8.107182502746582,27.65024948120117,0.0694153383374214,0.0404624789953231,37.42209243774414,75.53705596923828,9.252214431762695,0.0,129.0577850341797,0.0,,,,,,,,,
NB6,Cửa sông Trới ven bờ KCN Việt Hưng,2322158,422550,2027,4,cobia,6.100054740905762,25.45014953613281,8.196475982666016,28.537233352661133,0.0569237992167472,0.0285916421562433,39.00830459594727,88.67943572998047,7.281012535095215,0.0,128.13510131835938,0.0,,,,,,,,,
NB7,Cửa sông Man tại cầu Đá Trắng đường Trới- Vũ Oai,2325055,427799,2027,3,cobia,6.934841632843018,28.13947105407715,8.127466201782227,27.16228675842285,0.0708983987569809,0.0439032092690467,40.37551498413086,96.07926940917967,12.675731658935549,0.0,151.16531372070312,2.8295910358428955,,,,,,,,,
NB7,Cửa sông Man tại cầu Đá Trắng đường Trới- Vũ Oai,2325055,427799,2027,4,cobia,7.383684158325195,25.02012252807617,8.142151832580566,26.87927627563477,0.0611085332930088,0.0390521138906478,36.31642532348633,64.76634979248047,12.445343017578123,0.0,120.34310150146484,0.0,,,,,,,,,
NB5,Ven bờ khu đô thị CENCO 5,2319397,429449,2027,3,ALL,,,,,,,,,,,,,0.0013030779082328,0.0019670135807245,0.0001037786278175,0.0,0.0013402982149273,0.0001684697926975,0.0082159573212265,2.393369322817307e-05,
NB5,Ven bờ khu đô thị CENCO 5,2319397,429449,2027,4,ALL,,,,,,,,,,,,,0.0013075555907562,0.0014984157169237,0.0001037786278175,0.0,0.0004362868203315,0.0001684697926975,0.0158664472401142,0.0003032522508874,
NB8,Cửa sông Diễn Vọng tại cầu Bang,2324600,433954,2027,3,ALL,,,,,,,,,,,,,0.0013030779082328,0.0015831545460969,0.0001037786278175,0.0,0.0011506986338645,0.0001684697926975,0.0138358734548091,0.0003839782148133,
NB8,Cửa sông Diễn Vọng tại cầu Bang,2324600,433954,2027,4,ALL,,,,,,,,,,,,,0.0013030779082328,0.001675852923654,0.0001037786278175,0.0,0.0006288722506724,0.0001684697926975,0.0065556913614273,0.0003293497138656,
NB6,Cửa sông Trới ven bờ KCN Việt Hưng,2322158,422550,2027,3,ALL,,,,,,,,,,,,,0.0013075555907562,0.0023220640141516,0.0001037786278175,0.0001599537354195,0.0012251333100721,0.0001684697926975,0.0067261485382914,0.0005379325593821,
NB6,Cửa sông Trới ven bờ KCN Việt Hưng,2322158,422550,2027,4,ALL,,,,,,,,,,,,,0.0013075555907562,0.0023152127396315,0.0001037786278175,0.000215532418224,0.0007315185503102,0.0001684697926975,0.0233845636248588,0.0002333996235392,
NB7,Cửa sông Man tại cầu Đá Trắng đường Trới- Vũ Oai,2325055,427799,2027,3,ALL,,,,,,,,,,,,,0.0013075555907562,0.0023278503213077,0.0001037786278175,0.0035576920490711,0.0010679959086701,0.0001684697926975,0.0221992656588554,0.0002374823525315,
NB7,Cửa sông Man tại cầu Đá Trắng đường Trới- Vũ Oai,2325055,427799,2027,4,ALL,,,,,,,,,,,,,0.0013075555907562,0.0018037725239992,0.0001037786278175,0.0,0.0010334538528695,0.0001684697926975,0.0153651498258113,0.0003893346001859,
NB9,Bến phà Tuần Châu,2313924,420738,2027,3,cobia,6.603024959564209,28.141969680786133,8.155255317687988,31.041399002075195,0.0557032972574234,0.0435586720705032,39.9209098815918,107.7167510986328,1.9498454332351685,0.0,143.1221923828125,5.1037211418151855,,,,,,,,,
NB9,Bến phà Tuần Châu,2313924,420738,2027,4,cobia,5.987113952636719,25.199153900146484,8.263218879699707,30.944244384765625,0.0518754608929157,0.0304639171808958,37.6523323059082,86.50089263916016,3.133822441101074,0.0,141.07183837890625,2.979744911193848,,,,,,,,,
NB11,Cửa sông Hòn Dấu,2316995,413685,2027,3,cobia,5.957777976989746,28.15566062927246,8.055097579956055,30.2273006439209,0.050086636096239,0.0437929928302764,31.372314453125,79.34925079345703,4.068761348724365,2515.0166015625,112.37781524658205,0.0,,,,,,,,,
NB11,Cửa sông Hòn Dấu,2316995,413685,2027,4,cobia,5.511375904083252,25.0974349975586,8.083998680114746,30.70366477966309,0.0666239559650421,0.0296113397926092,31.38075828552246,90.21834564208984,2.346099376678467,329.91162109375,128.12986755371094,0.0,,,,,,,,,
NB10,Bãi tắm Tuần  Châu,2315155,421276,2027,3,cobia,6.763552665710449,27.78623580932617,8.143156051635742,32.032859802246094,0.0490924008190631,0.0555060170590877,36.06912612915039,79.44449615478516,2.15047025680542,0.0,122.3253402709961,1.7922242879867554,,,,,,,,,
NB10,Bãi tắm Tuần  Châu,2315155,421276,2027,4,cobia,6.189920425415039,24.792627334594727,8.199918746948242,30.9081974029541,0.0316902995109558,0.0359850637614727,31.033292770385746,82.36058807373047,3.7802505493164062,0.0,131.23904418945312,0.0,,,,,,,,,
NB12,Bãi tắm Bãi Cháy - phía Tây bãi tắm giáp Đảo Rều,2316901,424936,2027,3,cobia,6.507694721221924,27.49827766418457,8.15576457977295,30.264036178588867,0.0549034848809242,0.0493897385895252,37.35782241821289,103.38330078125,3.841517686843872,0.0,137.80381774902344,1.3428683280944824,,,,,,,,,
NB12,Bãi tắm Bãi Cháy - phía Tây bãi tắm giáp Đảo Rều,2316901,424936,2027,4,cobia,5.801396369934082,24.91008949279785,8.205355644226074,30.47007942199707,0.0464382655918598,0.0351612530648708,35.145660400390625,82.01908874511719,3.52140474319458,0.0,129.8025360107422,0.5348076820373535,,,,,,,,,
NB9,Bến phà Tuần Châu,2313924,420738,2027,3,ALL,,,,,,,,,,,,,0.0013075555907562,0.0022379260044544,0.0001037786278175,0.0001721586304483,0.0006821379065513,0.0001684697926975,0.0231501851230859,0.000309255789034,
NB9,Bến phà Tuần Châu,2313924,420738,2027,4,ALL,,,,,,,,,,,,,0.0013075555907562,0.0017828948330134,0.0001037786278175,0.0,0.0028035405557602,0.0001684697926975,0.0188099481165409,0.0003736806975211,
NB11,Cửa sông Hòn Dấu,2316995,413685,2027,3,ALL,,,,,,,,,,,,,0.0013030779082328,0.0022307911422103,0.0001037786278175,0.0025411988608539,0.0011172969825565,0.0001684697926975,0.0275013353675603,0.0003326168225612,
NB11,Cửa sông Hòn Dấu,2316995,413685,2027,4,ALL,,,,,,,,,,,,,0.0013075555907562,0.0018612117273733,0.0001037786278175,0.0,0.0022276698146015,0.0001684697926975,0.0133378161117434,0.0003255957562942,
NB10,Bãi tắm Tuần  Châu,2315155,421276,2027,3,ALL,,,,,,,,,,,,,0.0013030779082328,0.00208460399881,0.0001037786278175,0.0004145888087805,0.0008950551273301,0.0001684697926975,0.0035851798020303,0.0003112932608928,
NB10,Bãi tắm Tuần  Châu,2315155,421276,2027,4,ALL,,,,,,,,,,,,,0.0013075555907562,0.0021696870680898,0.0001037786278175,0.0006142085185274,0.0012552755651995,0.0001684697926975,0.0291259009391069,0.000301618798403,
NB12,Bãi tắm Bãi Cháy - phía Tây bãi tắm giáp Đảo Rều,2316901,424936,2027,3,ALL,,,,,,,,,,,,,0.0013030779082328,0.0021751909516751,0.0001037786278175,0.0,0.0005927646998316,0.0001684697926975,0.0111921317875385,0.0003108024829998,
NB12,Bãi tắm Bãi Cháy - phía Tây bãi tắm giáp Đảo Rều,2316901,424936,2027,4,ALL,,,,,,,,,,,,,0.0013075555907562,0.0022814495023339,0.0001037786278175,0.00037571231951,0.0013101518852636,0.0001684697926975,0.0159730296581983,0.00040036891005,
NB13,Bãi tắm Bãi Cháy - khu Trung tâm bãi tắm,2316868,426503,2027,3,cobia,5.998514652252197,28.73580741882324,8.193406105041504,30.78801918029785,0.0724309384822845,0.0534507930278778,38.75068283081055,124.656005859375,4.0542497634887695,0.0,134.18833923339844,0.0,,,,,,,,,
NB13,Bãi tắm Bãi Cháy - khu Trung tâm bãi tắm,2316868,426503,2027,4,cobia,10.54991054534912,24.10757827758789,8.229995727539062,31.01548385620117,0.0674433037638664,0.0269541200250387,35.77406692504883,103.0723876953125,3.317152976989746,0.0,140.3883056640625,6.839258670806885,,,,,,,,,
NB14,Ven bờ phường Hùng Thắng,2317578,422609,2027,3,cobia,6.51060962677002,28.66823387145996,8.1935453414917,29.79192543029785,0.0672147795557975,0.0493343472480773,41.270469665527344,130.05130004882812,3.5177485942840576,75.93685150146484,138.9276123046875,1.776216745376587,,,,,,,,,
NB14,Ven bờ phường Hùng Thắng,2317578,422609,2027,4,cobia,10.37628936767578,26.105512619018555,8.203073501586914,30.04766273498535,0.0590628944337368,0.0465933941304683,42.15839385986328,108.35952758789062,2.795587539672852,168.3086700439453,130.14479064941406,0.0,,,,,,,,,
NB15,Sau chợ Hạ Long 1- cầu Bài Thơ Hạ Long,2317218,430394,2027,3,cobia,7.467016696929932,27.58596992492676,8.254061698913574,31.86825561523437,0.0806638374924659,0.0602034404873847,36.53611373901367,102.25457000732422,3.4531960487365723,0.0,125.23855590820312,0.0,,,,,,,,,
NB15,Sau chợ Hạ Long 1- cầu Bài Thơ Hạ Long,2317218,430394,2027,4,cobia,7.29610538482666,25.445531845092773,8.210124015808105,30.480993270874023,0.0595400854945182,0.0418738909065723,45.290077209472656,152.91818237304688,3.4642493724823,3.429171562194824,118.6604461669922,0.0,,,,,,,,,
NB16,Ven bờ khu vực Bến Đoan- Hạ Long,2317471,431681,2027,3,cobia,7.33603048324585,27.908180236816406,8.148518562316895,31.75136375427246,0.0646923258900642,0.0537151619791984,39.529239654541016,99.9083251953125,2.9708642959594727,0.0,131.24298095703125,0.0,,,,,,,,,
NB16,Ven bờ khu vực Bến Đoan- Hạ Long,2317471,431681,2027,4,cobia,8.086974143981934,24.230731964111328,8.256263732910156,30.618576049804688,0.053812950849533,0.0348723717033863,41.31931686401367,91.61279296875,3.253389835357666,0.0,129.03858947753906,0.0,,,,,,,,,
NB13,Bãi tắm Bãi Cháy - khu Trung tâm bãi tắm,2316868,426503,2027,3,ALL,,,,,,,,,,,,,0.0013030779082328,0.0019487977260723,0.0001037786278175,3.1351446523331106e-05,0.0004657633544411,0.0001684697926975,0.0106339687481522,0.0003382703289389,
NB13,Bãi tắm Bãi Cháy - khu Trung tâm bãi tắm,2316868,426503,2027,4,ALL,,,,,,,,,,,,,0.0013075555907562,0.0021848329342901,0.0001037786278175,0.000269644515356,0.0011209941003471,0.0001684697926975,0.0109886080026626,0.0004144315898884,
NB14,Ven bờ phường Hùng Thắng,2317578,422609,2027,3,ALL,,,,,,,,,,,,,0.0013075555907562,0.002559773158282,0.0001037786278175,0.0017614185344427,0.00183462863788,0.0001684697926975,0.0196744725108146,0.0004548905708361,
NB14,Ven bờ phường Hùng Thắng,2317578,422609,2027,4,ALL,,,,,,,,,,,,,0.0013075555907562,0.0019216305809095,0.0001037786278175,0.0,0.0012387606548145,0.0001684697926975,0.0109908180311322,0.0005594787071458,
NB15,Sau chợ Hạ Long 1- cầu Bài Thơ Hạ Long,2317218,430394,2027,3,ALL,,,,,,,,,,,,,0.0013075555907562,0.0017295056022703,0.0001037786278175,0.0001744311448419,0.0018807490123435,0.0001684697926975,0.0131526784971356,0.0004004710935987,
NB15,Sau chợ Hạ Long 1- cầu Bài Thơ Hạ Long,2317218,430394,2027,4,ALL,,,,,,,,,,,,,0.0013075555907562,0.0018964316695928,0.0001037786278175,0.0,0.0013200242538005,0.0001684697926975,0.0174766108393669,0.0004766414640471,
NB16,Ven bờ khu vực Bến Đoan- Hạ Long,2317471,431681,2027,3,ALL,,,,,,,,,,,,,0.0013030779082328,0.0018304609693586,0.0001037786278175,0.0003869520442094,0.0014950768090784,0.0001684697926975,0.0117146475240588,0.0004657356475945,
NB16,Ven bờ khu vực Bến Đoan- Hạ Long,2317471,431681,2027,4,ALL,,,,,,,,,,,,,0.0013075555907562,0.0020798975601792,0.0001037786278175,0.0001192778072436,0.0010678966064006,0.0001684697926975,0.0089766681194305,0.0005294092115946,
NB17,Ven bờ khu vực cột 5- phường Hồng Hà- TP Hạ Long,2317257,432137,2027,3,cobia,6.287146091461182,27.341552734375,8.359185218811035,31.76656723022461,0.0732825547456741,0.0505992174148559,36.6938705444336,116.41856384277344,5.160149574279785,0.0,128.7108612060547,0.0,,,,,,,,,
NB17,Ven bờ khu vực cột 5- phường Hồng Hà- TP Hạ Long,2317257,432137,2027,4,cobia,6.760293960571289,24.781051635742188,8.258654594421387,31.40828323364257,0.0581993758678436,0.0320571921765804,41.49012756347656,118.12596130371094,6.339653491973877,320.78826904296875,150.984375,0.0,,,,,,,,,
NB18,Lạch Hạm Nam Cầu Trắng- TP Hạ Long,2316544,435609,2027,3,cobia,6.191092014312744,27.300682067871094,8.179699897766113,31.912452697753903,0.0780914276838302,0.0480800122022628,34.39170455932617,113.47257995605467,6.607381343841553,0.0,130.03085327148438,2.267402648925781,,,,,,,,,
NB18,Lạch Hạm Nam Cầu Trắng- TP Hạ Long,2316544,435609,2027,4,cobia,6.43323278427124,24.76676368713379,8.229618072509766,30.75342559814453,0.0619685761630535,0.0377407185733318,32.641536712646484,84.36768341064453,8.405281066894531,0.0,106.4871063232422,0.4010054469108581,,,,,,,,,
NB19,Lạch Lộ Phong- TP Hạ Long,2316498,443279,2027,3,cobia,6.09994649887085,28.26802444458008,8.143171310424805,31.86186790466309,0.0461138933897018,0.0555641613900661,38.30170822143555,104.55924224853516,2.3827970027923584,0.0,144.3700714111328,6.378090858459473,,,,,,,,,
NB19,Lạch Lộ Phong- TP Hạ Long,2316498,443279,2027,4,cobia,7.733175277709961,24.837682723999023,8.178621292114258,30.564308166503903,0.0427368991076946,0.0393348112702369,33.09524154663086,79.8844223022461,1.6645660400390625,0.0,119.65914916992188,0.0,,,,,,,,,
NB20,Cảng Km 6 - TP Cẩm Phả,2322174,447656,2027,3,cobia,6.603984832763672,28.650659561157227,8.088014602661133,29.725454330444336,0.0453119128942489,0.055504273623228,38.48849487304688,103.17768096923828,4.398467540740967,1031.55126953125,132.03334045410156,0.0,,,,,,,,,
NB20,Cảng Km 6 - TP Cẩm Phả,2322174,447656,2027,4,cobia,10.241467475891112,25.56650924682617,8.121991157531738,30.41385841369629,0.0463641919195652,0.0513704344630241,38.936641693115234,112.59993743896484,3.458616018295288,651.246337890625,124.00535583496094,0.0,,,,,,,,,
NB17,Ven bờ khu vực cột 5- phường Hồng Hà- TP Hạ Long,2317257,432137,2027,3,ALL,,,,,,,,,,,,,0.0013075555907562,0.0016503217630088,0.0001037786278175,0.0,0.0010305817704647,0.0001684697926975,0.0128374500200152,0.0004147701547481,
NB17,Ven bờ khu vực cột 5- phường Hồng Hà- TP Hạ Long,2317257,432137,2027,4,ALL,,,,,,,,,,,,,0.0013075555907562,0.0019035880686715,0.0001037786278175,0.0011652563698589,0.0015351427718997,0.0001684697926975,0.0182452425360679,0.0003736026701517,
NB18,Lạch Hạm Nam Cầu Trắng- TP Hạ Long,2316544,435609,2027,3,ALL,,,,,,,,,,,,,0.0013030779082328,0.0022018935997039,0.0001037786278175,0.0062586604617536,0.0018644222291186,0.0001684697926975,0.013763453811407,0.0004365985223557,
NB18,Lạch Hạm Nam Cầu Trắng- TP Hạ Long,2316544,435609,2027,4,ALL,,,,,,,,,,,,,0.0013075555907562,0.001683322712779,0.0001037786278175,6.448930071201175e-05,0.000776135129854,0.0001684697926975,0.0069429683499038,0.0004115686460863,
NB19,Lạch Lộ Phong- TP Hạ Long,2316498,443279,2027,3,ALL,,,,,,,,,,,,,0.0013075555907562,0.0019057657336816,0.0001037786278175,0.0009330997709184,0.0010036475723609,0.0001684697926975,0.0353187881410121,0.000392840913264,
NB19,Lạch Lộ Phong- TP Hạ Long,2316498,443279,2027,4,ALL,,,,,,,,,,,,,0.0013075555907562,0.0019120668293908,0.0001037786278175,0.0,0.001124607399106,0.0001684697926975,0.0143774338066577,0.0003255957562942,
NB20,Cảng Km 6 - TP Cẩm Phả,2322174,447656,2027,3,ALL,,,,,,,,,,,,,0.0013075555907562,0.0020079021342098,0.0001037786278175,7.44879653211683e-05,0.0007827582303434,0.0001684697926975,0.0245155692100524,0.0004414720169734,
NB20,Cảng Km 6 - TP Cẩm Phả,2322174,447656,2027,4,ALL,,,,,,,,,,,,,0.0013075555907562,0.0017153065418824,0.0001037786278175,0.0013485387898981,0.0023540616966784,0.0001684697926975,0.0230354443192482,0.0005885956925339,
NB21,Cảng Vũng Đục - TP Cẩm Phả,2321985,452827,2027,3,cobia,6.469017505645752,28.40144729614257,8.219290733337402,31.5239372253418,0.0538867972791194,0.0592767931520938,36.48239517211914,96.20277404785156,2.0287766456604004,368.0197448730469,115.44046783447266,0.0,,,,,,,,,
NB21,Cảng Vũng Đục - TP Cẩm Phả,2321985,452827,2027,4,cobia,6.998600959777832,25.80261611938477,8.2216157913208,30.90822982788086,0.0517154149711132,0.0295391846448183,39.76143264770508,120.13475799560548,2.880155324935913,0.0,128.1288604736328,0.0,,,,,,,,,
NB22,Khu vực Hòn Lướt ven cụm công nghiệp Cẩm Thịnh,2322430,458154,2027,3,cobia,6.722159862518311,28.48398208618164,8.12073040008545,32.343727111816406,0.0388398878276348,0.0552146583795547,35.39096450805664,110.4306640625,2.8258347511291504,0.0,124.1412124633789,7.395689964294434,,,,,,,,,
NB22,Khu vực Hòn Lướt ven cụm công nghiệp Cẩm Thịnh,2322430,458154,2027,4,cobia,6.79845142364502,26.34982681274414,8.076885223388672,30.86915397644043,0.0385620072484016,0.0371620543301105,37.52581024169922,106.75462341308594,1.2433918714523315,0.0,124.82701873779295,0.0,,,,,,,,,
NB23,Ven bờ Nhiệt điện Cẩm Phả - tuyển than Cửa Ông,2323792,459817,2027,3,cobia,7.355313777923584,29.10504150390625,8.13405704498291,28.29021644592285,0.0487541556358337,0.0434390604496002,32.55792236328125,114.23445129394533,3.337642192840576,1204.6456298828125,131.2388153076172,0.0,,,,,,,,,
NB23,Ven bờ Nhiệt điện Cẩm Phả - tuyển than Cửa Ông,2323792,459817,2027,4,cobia,7.269259929656982,26.432735443115234,7.993679046630859,28.8100528717041,0.0486980192363262,0.0356104560196399,42.12369918823242,115.5260772705078,2.831640243530273,0.0,130.69012451171875,0.99607115983963,,,,,,,,,
NB24,Cảng Cửa Ông- TP Cẩm Phả,2326075,460842,2027,3,cobia,6.185195446014404,29.029014587402344,8.17475700378418,28.22050094604492,0.0593218877911567,0.0545826070010662,36.555999755859375,76.572265625,5.076927185058594,0.0,122.4456024169922,0.3547780811786651,,,,,,,,,
NB24,Cảng Cửa Ông- TP Cẩm Phả,2326075,460842,2027,4,cobia,5.9056596755981445,25.822481155395508,8.038864135742188,29.25826644897461,0.0498591028153896,0.0343985930085182,35.11738967895508,93.74365997314452,4.580997943878174,0.0,133.56170654296875,3.55134916305542,,,,,,,,,
NB21,Cảng Vũng Đục - TP Cẩm Phả,2321985,452827,2027,3,ALL,,,,,,,,,,,,,0.0013075555907562,0.00258663110435,0.0001037786278175,0.0005427334108389,0.000826884061098,0.0001684697926975,0.0132299195975065,0.0003498143923934,
NB21,Cảng Vũng Đục - TP Cẩm Phả,2321985,452827,2027,4,ALL,,,,,,,,,,,,,0.0013075555907562,0.0020174896344542,0.0001037786278175,0.0030350480228662,0.001168641145341,0.0001684697926975,0.0092103602364659,0.0009167214157059,
NB22,Khu vực Hòn Lướt ven cụm công nghiệp Cẩm Thịnh,2322430,458154,2027,3,ALL,,,,,,,,,,,,,0.0013030779082328,0.0022134592290967,0.0001037786278175,0.0003692113969009,0.0009414840023964,0.0001684697926975,0.010398126207292,0.0004171772452536,
NB22,Khu vực Hòn Lướt ven cụm công nghiệp Cẩm Thịnh,2322430,458154,2027,4,ALL,,,,,,,,,,,,,0.0013075555907562,0.0021710847504436,0.0001037786278175,0.0005751697462983,0.0006997504970058,0.0001684697926975,0.0153852244839072,0.0001256340328836,
NB24,Cảng Cửa Ông- TP Cẩm Phả,2326075,460842,2027,3,ALL,,,,,,,,,,,,,0.0013075555907562,0.0020185827743262,0.0001037786278175,0.0,0.000758865266107,0.0001684697926975,0.0114192403852939,0.0003038069116882,
NB24,Cảng Cửa Ông- TP Cẩm Phả,2326075,460842,2027,4,ALL,,,,,,,,,,,,,0.0013075555907562,0.0019476057495921,0.0001037786278175,0.0005101045826449,0.0009209684212692,0.0001684697926975,0.0093239564448595,0.0004047841648571,
NB23,Ven bờ Nhiệt điện Cẩm Phả - tuyển than Cửa Ông,2323792,459817,2027,3,ALL,,,,,,,,,,,,,0.0013075555907562,0.0023435649927705,0.0001037786278175,0.0,0.0007482358487322,0.0001684697926975,0.0175437070429325,0.000313376833219,
NB23,Ven bờ Nhiệt điện Cẩm Phả - tuyển than Cửa Ông,2323792,459817,2027,4,ALL,,,,,,,,,,,,,0.0013075555907562,0.0019252692582085,0.0001037786278175,0.0009747997974045,0.001248619519174,0.0001684697926975,0.0193376913666725,0.0006231871666386,
NB25,Cảng Cái Rồng- Vân Đồn,2329585,466608,2027,3,cobia,6.968450546264648,28.31865119934082,8.223724365234375,31.71907615661621,0.0737700313329696,0.056454598903656,39.62273406982422,108.36515808105467,6.98274564743042,0.0,133.52806091308594,2.302085399627685,,,,,,,,,
NB25,Cảng Cái Rồng- Vân Đồn,2329585,466608,2027,4,cobia,6.101745128631592,24.226959228515625,8.192341804504395,31.2822380065918,0.0662098824977874,0.040759153664112,37.747779846191406,97.39197540283205,8.684932708740234,0.0,126.10748291015624,2.342806577682495,,,,,,,,,
NB26,Khu vực cảng 10-10 - Cẩm Phả,2321486,455510,2027,3,cobia,6.156953811645508,27.2216739654541,8.160979270935059,31.856002807617188,0.0484777688980102,0.0355517193675041,33.71523666381836,71.1170883178711,11.25312042236328,0.0,117.63465118408205,4.062530040740967,,,,,,,,,
NB26,Khu vực cảng 10-10 - Cẩm Phả,2321486,455510,2027,4,cobia,7.603668689727783,24.252103805541992,8.180563926696777,30.755634307861328,0.0459677949547767,0.0315478630363941,36.81717300415039,88.64616394042969,12.130132675170898,0.0,132.7303466796875,0.0,,,,,,,,,
NB28,"Khu vực ven bờ xã Cẩm Hải, TP.  Cẩm Phả",2333357,460436,2027,3,cobia,6.23464298248291,29.217548370361328,8.14954662322998,30.757333755493164,0.0676606446504592,0.0564555786550045,35.24385452270508,104.09866333007812,5.6010823249816895,2761.286376953125,111.09662628173828,0.0,,,,,,,,,
NB28,"Khu vực ven bờ xã Cẩm Hải, TP.  Cẩm Phả",2333357,460436,2027,4,cobia,6.390434265136719,25.572120666503903,8.032523155212402,30.21552276611328,0.06393963098526,0.0373364947736263,32.195499420166016,88.76043701171875,3.647233009338379,2818.08447265625,123.46692657470705,0.0,,,,,,,,,
NB27,Khu vực cửa sông Mông Dương - TP.  Cẩm Phả,2330880,459989,2027,3,cobia,6.150060176849365,29.173429489135746,8.111260414123535,23.459936141967773,0.0391800925135612,0.0443906411528587,35.39042282104492,81.52963256835938,14.833550453186035,0.0,118.43253326416016,0.0,,,,,,,,,
NB27,Khu vực cửa sông Mông Dương - TP.  Cẩm Phả,2330880,459989,2027,4,cobia,9.820469856262209,26.548688888549805,8.04460334777832,23.7447452545166,0.0383353866636753,0.0456736050546169,39.43415451049805,94.75531005859376,17.817272186279297,0.0,144.01559448242188,2.11846923828125,,,,,,,,,
NB25,Cảng Cái Rồng- Vân Đồn,2329585,466608,2027,3,ALL,,,,,,,,,,,,,0.0013075555907562,0.0023943558335304,0.0001037786278175,0.0,0.0004731841036118,0.0001684697926975,0.02751743234694,0.0002452750923112,
NB25,Cảng Cái Rồng- Vân Đồn,2329585,466608,2027,4,ALL,,,,,,,,,,,,,0.0013075555907562,0.0020840582437813,0.0001037786278175,0.0002865707501769,0.0026140599511563,0.0001684697926975,0.0313851684331893,0.0003905407502315,
NB26,Khu vực cảng 10-10 - Cẩm Phả,2321486,455510,2027,3,ALL,,,,,,,,,,,,,0.0013075555907562,0.0025921487249433,0.0001037786278175,0.0,0.0011399075156077,0.0001684697926975,0.0205061100423336,0.0004028929106425,
NB26,Khu vực cảng 10-10 - Cẩm Phả,2321486,455510,2027,4,ALL,,,,,,,,,,,,,0.0013075555907562,0.0019984191749244,0.0001037786278175,0.0,0.0017008321592584,0.0001684697926975,0.0305373258888721,0.0005948705947957,
NB28,"Khu vực ven bờ xã Cẩm Hải, TP.  Cẩm Phả",2333357,460436,2027,3,ALL,,,,,,,,,,,,,0.0013030779082328,0.0017805881798267,0.0001037786278175,0.000543485104572,0.0025578904896974,0.0001684697926975,0.015064712613821,0.0002182456082664,
NB28,"Khu vực ven bờ xã Cẩm Hải, TP.  Cẩm Phả",2333357,460436,2027,4,ALL,,,,,,,,,,,,,0.0013075555907562,0.0015163895441219,0.0001037786278175,0.0001541941164759,0.0008604635368101,0.0001684697926975,0.0073660346679389,0.0004202166746836,
NB27,Khu vực cửa sông Mông Dương - TP.  Cẩm Phả,2330880,459989,2027,3,ALL,,,,,,,,,,,,,0.0013030779082328,0.0016657282831147,0.0001037786278175,0.0,0.0011618001153692,0.0001684697926975,0.0109223201870918,0.0004823736962862,
NB27,Khu vực cửa sông Mông Dương - TP.  Cẩm Phả,2330880,459989,2027,4,ALL,,,,,,,,,,,,,0.0013075555907562,0.0020855662878602,0.0001037786278175,0.0001670082419877,0.0014605282340198,0.0001684697926975,0.0126706976443529,0.0004340529558248,
NB31,Ven bờ Đông xã Hạ Long- Vân Đồn,2331339,470234,2027,3,cobia,5.784383773803711,27.316614151000977,8.137495994567871,31.85198974609375,0.0429773442447185,0.0479093864560127,34.614845275878906,88.63320922851562,4.525294780731201,813.6613159179688,130.5856475830078,3.9833076000213614,,,,,,,,,
NB31,Ven bờ Đông xã Hạ Long- Vân Đồn,2331339,470234,2027,4,cobia,6.326686859130859,24.633272171020508,8.154435157775879,31.47657012939453,0.0444907993078231,0.032281469553709,33.13749313354492,94.97068786621094,1.6144040822982788,559.5042114257812,136.89901733398438,0.0,,,,,,,,,
NB30,Ven bờ Đông Nam xã Đông Xá,2327079,463665,2027,3,cobia,6.59627628326416,28.29088592529297,8.136194229125977,31.60005760192871,0.0389557741582393,0.0412391796708107,41.41801834106445,150.0896759033203,4.1290388107299805,0.0,127.79700469970705,5.604756832122803,,,,,,,,,
NB30,Ven bờ Đông Nam xã Đông Xá,2327079,463665,2027,4,cobia,6.352592468261719,24.71794319152832,8.245990753173828,31.43379211425781,0.0507959239184856,0.0340888760983943,35.12501525878906,88.6654281616211,2.34597396850586,0.0,131.8932342529297,3.355424165725708,,,,,,,,,
NB32,Cảng Vạn Hoa- xã Vạn Yên- Vân Đồn,2346140,480817,2027,3,cobia,5.71057653427124,28.32689666748047,8.113615989685059,31.227527618408203,0.0351981408894062,0.0543595105409622,42.00383377075195,117.21061706542967,1.8564199209213257,667.8916015625,156.32435607910156,0.0,,,,,,,,,
NB32,Cảng Vạn Hoa- xã Vạn Yên- Vân Đồn,2346140,480817,2027,4,cobia,6.147021293640137,24.585432052612305,8.118575096130371,30.992351531982425,0.0422189161181449,0.0342131182551384,30.19111061096192,120.48780822753906,3.369574546813965,1026.4527587890625,128.34353637695312,0.0,,,,,,,,,
NB29,Luồng Voi Lớn phía Tây xã Đoàn Kết- Vân Đồn,2334332,462783,2027,3,cobia,6.536869049072266,28.830486297607425,8.157771110534668,29.95100975036621,0.0385052002966403,0.0526463128626346,45.01786804199219,124.81324768066406,4.436262130737305,0.0,149.30410766601562,3.539767026901245,,,,,,,,,
NB29,Luồng Voi Lớn phía Tây xã Đoàn Kết- Vân Đồn,2334332,462783,2027,4,cobia,6.074509143829346,25.17912483215332,8.167016983032227,30.261857986450195,0.0329144075512886,0.0487945862114429,40.13982772827149,125.29820251464844,1.892104983329773,0.0,132.79278564453125,0.8641162514686584,,,,,,,,,
NB31,Ven bờ Đông xã Hạ Long- Vân Đồn,2331339,470234,2027,3,ALL,,,,,,,,,,,,,0.0013075555907562,0.0020862845703959,0.0001037786278175,0.0016022147610783,0.0014914743369445,0.0001684697926975,0.0116214472800493,0.0004889901028946,
NB31,Ven bờ Đông xã Hạ Long- Vân Đồn,2331339,470234,2027,4,ALL,,,,,,,,,,,,,0.0013075555907562,0.0018583339406177,0.0001037786278175,0.0,0.0012306908611208,0.0001684697926975,0.0101483985781669,0.0005435470957309,
NB30,Ven bờ Đông Nam xã Đông Xá,2327079,463665,2027,3,ALL,,,,,,,,,,,,,0.0013030779082328,0.0025108780246227,0.0001037786278175,0.0,0.0005786056281067,0.0001684697926975,0.0049907909706234,0.0001831805129768,
NB30,Ven bờ Đông Nam xã Đông Xá,2327079,463665,2027,4,ALL,,,,,,,,,,,,,0.0013075555907562,0.0021644581574946,0.0001037786278175,0.0004125603009015,0.0025011235848069,0.0001684697926975,0.0351022519171237,0.00040036891005,
NB32,Cảng Vạn Hoa- xã Vạn Yên- Vân Đồn,2346140,480817,2027,3,ALL,,,,,,,,,,,,,0.0013030779082328,0.0023533145431429,0.0001037786278175,0.0,0.0003160026972182,0.0001684697926975,0.0135004594922065,0.0003207366971764,
NB32,Cảng Vạn Hoa- xã Vạn Yên- Vân Đồn,2346140,480817,2027,4,ALL,,,,,,,,,,,,,0.0013075555907562,0.0018958790460601,0.0001037786278175,0.0001645305019337,0.000695368158631,0.0001684697926975,0.0098827891051769,0.0004212251224089,
NB29,Luồng Voi Lớn phía Tây xã Đoàn Kết- Vân Đồn,2334332,462783,2027,3,ALL,,,,,,,,,,,,,0.0013075555907562,0.0019084217492491,0.0001037786278175,0.0010667970636859,0.0017950992332771,0.0001684697926975,0.012254842557013,0.00016930878337,
NB29,Luồng Voi Lớn phía Tây xã Đoàn Kết- Vân Đồn,2334332,462783,2027,4,ALL,,,,,,,,,,,,,0.0013075555907562,0.0015618016477674,0.0001037786278175,0.0,0.0008715295698493,0.0001684697926975,0.0094866976141929,0.0004120712110307,
NB34,Đảo TiTop,2307445,430246,2027,3,cobia,6.114050388336182,28.91014862060547,8.132923126220703,31.696258544921875,0.0408904217183589,0.0530152916908264,42.87200164794922,96.80455780029295,1.4851809740066528,0.0,142.7436065673828,1.1068059206008911,,,,,,,,,
NB34,Đảo TiTop,2307445,430246,2027,4,cobia,6.409735679626465,24.643186569213867,8.130093574523926,31.47322654724121,0.0344258360564708,0.0222520418465137,40.05364227294922,106.26555633544922,1.7915751934051514,0.0,145.40817260742188,1.1952630281448364,,,,,,,,,
NB33,Thiên Cung - Đầu Gỗ,2313396,423810,2027,3,cobia,11.019488334655762,28.100868225097656,8.129375457763672,31.570512771606445,0.0469561293721199,0.0757709965109825,27.16572570800781,116.3998031616211,3.3947036266326904,331.8524780273437,91.79348754882812,0.0,,,,,,,,,
NB33,Thiên Cung - Đầu Gỗ,2313396,423810,2027,4,cobia,8.170540809631348,25.457887649536133,8.10064697265625,31.550806045532227,0.0487613044679164,0.049793604761362,32.300418853759766,92.5087432861328,3.266084909439087,641.1254272460938,98.5089340209961,0.0,,,,,,,,,
NB35,Khu nghỉ đêm - Cát Lán,2307219,430996,2027,3,cobia,5.366052627563477,27.64029312133789,8.10517692565918,31.69049835205078,0.0505832768976688,0.0495690628886222,32.694454193115234,84.96025085449219,3.854272365570069,2051.718017578125,132.67706298828125,1.4259432554244995,,,,,,,,,
NB35,Khu nghỉ đêm - Cát Lán,2307219,430996,2027,4,cobia,6.275686740875244,25.357481002807617,8.111552238464355,31.535886764526367,0.0553115867078304,0.0428740084171295,32.95208740234375,95.99098205566406,1.0163322687149048,1495.8770751953125,134.19735717773438,0.0,,,,,,,,,
NB36,Khu Nghỉ đêm - Hang Luồn,2306977,431601,2027,3,cobia,5.988168716430664,28.0590763092041,8.118760108947754,32.04151916503906,0.0344785116612911,0.0398720987141132,38.65892028808594,131.7097930908203,2.060366630554199,51.03917694091797,135.22073364257812,5.394802570343018,,,,,,,,,
NB36,Khu Nghỉ đêm - Hang Luồn,2306977,431601,2027,4,cobia,6.0504655838012695,25.883440017700195,8.135635375976562,31.13091468811035,0.0493952222168445,0.0424050651490688,34.30393600463867,74.87947082519531,0.90839821100235,0.0,108.14298248291016,0.0,,,,,,,,,
NB34,Đảo TiTop,2307445,430246,2027,3,ALL,,,,,,,,,,,,,0.0013030779082328,0.0019458687165752,0.0001037786278175,0.0,0.0008987498003989,0.0001684697926975,0.0159998685121536,0.0001901099749375,
NB34,Đảo TiTop,2307445,430246,2027,4,ALL,,,,,,,,,,,,,0.0013075555907562,0.0017486120341345,0.0001037786278175,0.0028914881404489,0.0012712979223579,0.0001684697926975,0.0125352907925844,0.0004372680850792,
NB33,Thiên Cung - Đầu Gỗ,2313396,423810,2027,3,ALL,,,,,,,,,,,,,0.0013030779082328,0.0017590324860066,0.0001037786278175,0.0001360407477477,0.0013431952102109,0.0001684697926975,0.011547589674592,0.0003649124118965,
NB33,Thiên Cung - Đầu Gỗ,2313396,423810,2027,4,ALL,,,,,,,,,,,,,0.0013075555907562,0.0019809945952147,0.0001037786278175,3.3890290069393814e-05,0.0003575684677343,0.0001684697926975,0.0070209829136729,0.0004165743011981,
NB35,Khu nghỉ đêm - Cát Lán,2307219,430996,2027,3,ALL,,,,,,,,,,,,,0.0013075555907562,0.0020425906404852,0.0001037786278175,0.0003292665351182,0.0015328514855355,0.0001684697926975,0.014562776312232,0.000474079104606,
NB35,Khu nghỉ đêm - Cát Lán,2307219,430996,2027,4,ALL,,,,,,,,,,,,,0.0013075555907562,0.0018451678333804,0.0001037786278175,5.2413328376133e-05,0.0013274108059704,0.0001684697926975,0.0085881054401397,0.0004923939704895,
NB36,Khu Nghỉ đêm - Hang Luồn,2306977,431601,2027,3,ALL,,,,,,,,,,,,,0.0013030779082328,0.0024255067110061,0.0001037786278175,0.0005368498386815,0.0007956739864312,0.0001684697926975,0.0126709677278995,0.000336325581884,
NB36,Khu Nghỉ đêm - Hang Luồn,2306977,431601,2027,4,ALL,,,,,,,,,,,,,0.0013075555907562,0.0020384264644235,0.0001037786278175,0.0,0.0015400366391986,0.0001684697926975,0.0214443020522594,0.0005996037507429,
NB37,Bồ Nâu - Sửng Sốt,2305988,431059,2027,3,cobia,6.002847194671631,28.53517341613769,8.089014053344727,31.141870498657227,0.0433992892503738,0.0533022210001945,39.9166374206543,122.74078369140624,3.737270832061768,0.0,136.14859008789062,1.7585140466690063,,,,,,,,,
NB37,Bồ Nâu - Sửng Sốt,2305988,431059,2027,4,cobia,6.027401447296143,24.99024772644043,8.0984468460083,31.62401390075684,0.0367557406425476,0.0332958847284317,31.84089469909668,104.95840454101562,3.024165868759156,0.0,124.95936584472656,0.0,,,,,,,,,
NB39,Khu nghỉ đêm Cống Đỏ,2309402,433983,2027,3,cobia,5.807190895080566,27.715648651123047,8.127335548400879,32.33139419555664,0.034221488982439,0.0513421557843685,36.64112854003906,114.63770294189452,2.735659122467041,0.0,129.48208618164062,0.0,,,,,,,,,
NB39,Khu nghỉ đêm Cống Đỏ,2309402,433983,2027,4,cobia,6.249534130096436,23.97054100036621,8.100855827331543,31.598115921020508,0.0264830291271209,0.0300436075776815,35.75896453857422,88.84456634521484,1.646131157875061,522.4434204101562,137.18626403808594,0.0,,,,,,,,,
NB38,Khu nghỉ đêm - Lờm bò,2304145,430616,2027,3,cobia,5.386786937713623,27.672039031982425,8.104046821594238,32.897071838378906,0.0379396192729473,0.0468987524509429,34.27988052368164,98.95919036865234,4.607573509216309,744.5438232421875,131.7360076904297,5.2295989990234375,,,,,,,,,
NB38,Khu nghỉ đêm - Lờm bò,2304145,430616,2027,4,cobia,6.399983882904053,25.860939025878903,8.128938674926758,31.018659591674805,0.0485879480838775,0.0271829664707183,34.045101165771484,106.3568344116211,0.8029509782791138,346.1473693847656,128.6398162841797,0.0,,,,,,,,,
NB40,Làng chài Ba Hang,2312233,423638,2027,3,cobia,5.312536716461182,27.37700653076172,8.19746208190918,32.12028884887695,0.0721464082598686,0.0612295418977737,31.89256858825684,83.10623931884766,2.528320550918579,0.0,120.19242095947266,0.0,,,,,,,,,
NB40,Làng chài Ba Hang,2312233,423638,2027,4,cobia,7.277993202209473,25.14082908630371,8.186749458312988,30.88722419738769,0.0582378134131431,0.0240283701568841,37.17349243164063,127.92375946044922,1.1630383729934692,0.0,146.50721740722656,0.0,,,,,,,,,
NB37,Bồ Nâu - Sửng Sốt,2305988,431059,2027,3,ALL,,,,,,,,,,,,,0.0013030779082328,0.0023001688532531,0.0001037786278175,0.0009956284193322,0.0020224782638251,0.0001684697926975,0.0212672855705022,0.0005090010818094,
NB37,Bồ Nâu - Sửng Sốt,2305988,431059,2027,4,ALL,,,,,,,,,,,,,0.0013075555907562,0.0018442966975271,0.0001037786278175,0.0,0.0010299085406586,0.0001684697926975,0.0185914821922779,0.0003533522831276,
NB39,Khu nghỉ đêm Cống Đỏ,2309402,433983,2027,3,ALL,,,,,,,,,,,,,0.0013030779082328,0.0020054471679031,0.0001037786278175,0.0,0.0005495130317285,0.0001684697926975,0.0072613707743585,0.0,
NB39,Khu nghỉ đêm Cống Đỏ,2309402,433983,2027,4,ALL,,,,,,,,,,,,,0.0013075555907562,0.0018188984831795,0.0001037786278175,0.000379294360755,0.0016279037808999,0.0001684697926975,0.0129824187606573,0.00040036891005,
NB38,Khu nghỉ đêm - Lờm bò,2304145,430616,2027,3,ALL,,,,,,,,,,,,,0.0013030779082328,0.0021795879583805,0.0001037786278175,0.0,0.001049155020155,0.0001684697926975,0.0001496921759098,0.00019823902403,
NB38,Khu nghỉ đêm - Lờm bò,2304145,430616,2027,4,ALL,,,,,,,,,,,,,0.0013075555907562,0.0017825549002736,0.0001037786278175,0.0,0.001023659016937,0.0001684697926975,0.0331493914127349,0.0003223700332455,
NB40,Làng chài Ba Hang,2312233,423638,2027,3,ALL,,,,,,,,,,,,,0.0013030779082328,0.0017394121969118,0.0001037786278175,0.0,0.0008720196201466,0.0001684697926975,0.0078518921509385,0.0004568274889606,
NB40,Làng chài Ba Hang,2312233,423638,2027,4,ALL,,,,,,,,,,,,,0.0013075555907562,0.0022028819657862,0.0001037786278175,3.8807505916338414e-05,0.0011263899505138,0.0001684697926975,0.0170520413666963,0.0004028929106425,
NB41,Làng chài Hoa Cương,2309195,425079,2027,3,cobia,5.352933883666992,27.65583610534668,8.197063446044922,32.03007507324219,0.0540126971900463,0.0587438344955444,34.901939392089844,92.96685791015624,2.8175652027130127,769.6646728515625,133.509765625,0.0,,,,,,,,,
NB41,Làng chài Hoa Cương,2309195,425079,2027,4,cobia,5.826462745666504,25.28126335144043,8.172905921936035,31.018569946289062,0.0501307472586631,0.0429713353514671,34.191627502441406,105.17933654785156,1.880397915840149,982.1008911132812,133.17730712890625,0.0,,,,,,,,,
NB41,Làng chài Hoa Cương,2309195,425079,2027,3,ALL,,,,,,,,,,,,,0.0013030779082328,0.0017079239478334,0.0001037786278175,0.0,0.0012371053453534,0.0001684697926975,0.0172475483268499,0.000158671522513,
NB41,Làng chài Hoa Cương,2309195,425079,2027,4,ALL,,,,,,,,,,,,,0.0013075555907562,0.001369850593619,0.0001037786278175,0.0002394954353803,0.0005671217804774,0.0001684697926975,0.0108385803177952,0.0004122608224861,
NB42,Làng chài Cửa Vạn,2301526,434156,2027,3,cobia,6.788110256195068,28.6452693939209,8.173981666564941,31.77121353149414,0.0404100082814693,0.0585821755230426,36.089202880859375,99.31546020507812,3.358508586883545,504.3152160644531,122.32549285888672,0.0,,,,,,,,,
NB42,Làng chài Cửa Vạn,2301526,434156,2027,4,cobia,10.72563362121582,25.382436752319336,8.191146850585938,31.341703414916992,0.0422590374946594,0.0432441532611846,33.64595413208008,121.20516204833984,3.3447844982147217,0.0,117.43785095214844,0.691967785358429,,,,,,,,,
NB43,Làng chài Cống Tầu,2296143,437139,2027,3,cobia,5.797642230987549,28.292694091796875,8.189342498779297,31.625804901123047,0.0339809209108352,0.0557584799826145,37.33089065551758,121.5092315673828,3.977994918823242,0.0,116.57979583740234,5.1887736320495605,,,,,,,,,
NB43,Làng chài Cống Tầu,2296143,437139,2027,4,cobia,6.47852897644043,24.985708236694336,8.144438743591309,30.968509674072266,0.0411342829465866,0.0317764468491077,33.420658111572266,105.76750946044922,2.495568037033081,4143.61572265625,137.48863220214844,0.0,,,,,,,,,
NB44,Làng chài Vông Viêng,2305622,438613,2027,3,cobia,6.854854583740234,28.40775489807129,8.106305122375488,31.351280212402344,0.0437662489712238,0.0523089803755283,36.15198516845703,69.79692840576172,2.6177611351013184,0.0,108.26806640625,0.0,,,,,,,,,
NB44,Làng chài Vông Viêng,2305622,438613,2027,4,cobia,9.61424160003662,23.941875457763672,8.169123649597168,31.417774200439453,0.0476674549281597,0.030185367912054,40.54308319091797,100.01776885986328,6.3633012771606445,0.0,137.74856567382812,0.5791519284248352,,,,,,,,,
NB42,Làng chài Cửa Vạn,2301526,434156,2027,3,ALL,,,,,,,,,,,,,0.0013030779082328,0.0020097191445529,0.0001037786278175,0.0021180440671741,0.0034044801723212,0.0001684697926975,0.0139641724526882,0.000272001576377,
NB42,Làng chài Cửa Vạn,2301526,434156,2027,4,ALL,,,,,,,,,,,,,0.0013075555907562,0.0016319442074745,0.0001037786278175,0.0,0.0009701790404506,0.0001684697926975,0.0063182422891259,0.0004202166746836,
NB43,Làng chài Cống Tầu,2296143,437139,2027,3,ALL,,,,,,,,,,,,,0.0013030779082328,0.0021867465693503,0.0001037786278175,4.762403841596097e-05,0.0008286412339657,0.0001684697926975,0.0311555005609989,0.000296569080092,
NB43,Làng chài Cống Tầu,2296143,437139,2027,4,ALL,,,,,,,,,,,,,0.0013075555907562,0.0017293494893237,0.0001037786278175,0.0013189344899728,0.0016788033535704,0.0001684697926975,0.0207002013921737,0.0004039870109409,
NB44,Làng chài Vông Viêng,2305622,438613,2027,3,ALL,,,,,,,,,,,,,0.0013075555907562,0.0020869537256658,0.0001037786278175,0.0005108269979245,0.0008785444078966,0.0001684697926975,0.007267118897289,0.0002778083726298,
NB44,Làng chài Vông Viêng,2305622,438613,2027,4,ALL,,,,,,,,,,,,,0.0013075555907562,0.0020849215798079,0.0001037786278175,0.0007655133958905,0.0015117353759706,0.0001684697926975,0.0260686874389648,0.00030748048448,
NB45,Làng chài Cống Đầm,2306077,451136,2027,3,cobia,6.186854839324951,27.833356857299805,8.157492637634277,31.132057189941406,0.0477322340011596,0.0590506419539451,38.61384963989258,90.49871826171876,2.707151412963867,118.53141021728516,140.0917205810547,0.0,,,,,,,,,
NB45,Làng chài Cống Đầm,2306077,451136,2027,4,cobia,7.003057956695557,24.266674041748047,8.201184272766113,31.12753868103028,0.053106889128685,0.0458589568734169,35.23963928222656,77.06507110595703,4.636979579925537,0.0,121.11058044433594,0.0,,,,,,,,,
NB45,Làng chài Cống Đầm,2306077,451136,2027,3,ALL,,,,,,,,,,,,,0.0013030779082328,0.0024067838676273,0.0001037786278175,0.0,0.0005264586652629,0.0001684697926975,0.0012605759548023,0.0,
NB45,Làng chài Cống Đầm,2306077,451136,2027,4,ALL,,,,,,,,,,,,,0.0013075555907562,0.0021865642629563,0.0001037786278175,0.0003848957421723,0.0025352688971906,0.0001684697926975,0.0351390615105629,0.00040036891005,
NB46,Bãi Dài - Vân Đồn,2334825,472577,2027,3,cobia,6.485961437225342,29.2379150390625,8.15937614440918,31.499420166015625,0.0333140231668949,0.0491559021174907,38.80011749267578,83.08843231201172,2.575941801071167,774.6343383789062,126.79688262939452,0.0,,,,,,,,,
NB46,Bãi Dài - Vân Đồn,2334825,472577,2027,4,cobia,6.941833019256592,25.41888236999512,8.097620964050293,30.80205726623535,0.0369997508823871,0.0300453249365091,33.45185089111328,121.649169921875,3.6704816818237305,770.8381958007812,137.3248291015625,0.0,,,,,,,,,
NB47,"Bãi tắm Minh Châu- xã Minh Châu, Vân Đồn",2316823,479287,2027,3,cobia,5.954328536987305,27.89176368713379,8.182538986206055,32.86919403076172,0.0573400966823101,0.0595013722777366,37.337528228759766,111.99593353271484,3.695335626602173,0.0,135.47323608398438,7.642786026000977,,,,,,,,,
NB47,"Bãi tắm Minh Châu- xã Minh Châu, Vân Đồn",2316823,479287,2027,4,cobia,6.576999664306641,25.16139411926269,8.151509284973145,31.16186714172364,0.0484941415488719,0.0274649243801832,29.868595123291016,100.99077606201172,3.4639651775360107,1464.2874755859375,114.1165008544922,0.0,,,,,,,,,
NB48,"Bãi tắm Sơn Hào- xã Quan Lạn, Vân Đồn",2311631,475997,2027,3,cobia,5.405412673950195,28.09664535522461,8.179150581359863,31.7531795501709,0.0623866654932498,0.0591694898903369,33.45820999145508,89.05816650390625,2.352966547012329,773.0640258789062,122.79346466064452,0.0,,,,,,,,,
NB48,"Bãi tắm Sơn Hào- xã Quan Lạn, Vân Đồn",2311631,475997,2027,4,cobia,6.501605033874512,25.34473991394043,8.21484661102295,30.91686248779297,0.0574113428592681,0.0359773896634578,33.13966369628906,87.2204818725586,1.8839980363845823,3594.18994140625,138.44012451171875,0.0,,,,,,,,,
NB49,"Bãi tắm Quan Lạn- xã Quan Lạn, Vân Đồn",2308150,473396,2027,3,cobia,6.408149719238281,28.84216690063477,8.080893516540527,31.887630462646484,0.0404270477592945,0.0430198386311531,38.55951690673828,93.49520874023438,2.0948498249053955,0.0,133.50857543945312,0.0,,,,,,,,,
NB49,"Bãi tắm Quan Lạn- xã Quan Lạn, Vân Đồn",2308150,473396,2027,4,cobia,6.592147350311279,24.88452911376953,8.12661361694336,30.64203643798828,0.0314337313175201,0.0247423723340034,34.51773452758789,103.5608139038086,4.34629487991333,0.0,129.84725952148438,2.9275565147399902,,,,,,,,,
NB46,Bãi Dài - Vân Đồn,2334825,472577,2027,3,ALL,,,,,,,,,,,,,0.0013075555907562,0.0020069447346031,0.0001037786278175,0.0,0.0004815856227651,0.0001684697926975,0.029835432767868,0.0003260530356783,
NB46,Bãi Dài - Vân Đồn,2334825,472577,2027,4,ALL,,,,,,,,,,,,,0.0013075555907562,0.0020411973819136,0.0001037786278175,0.0003124322975054,0.0019961961079388,0.0001684697926975,0.0223811194300651,0.0003875650581903,
NB47,"Bãi tắm Minh Châu- xã Minh Châu, Vân Đồn",2316823,479287,2027,3,ALL,,,,,,,,,,,,,0.0013075555907562,0.0026601958088576,0.0001037786278175,0.0035636438988149,0.001226526685059,0.0001684697926975,0.0351873449981212,0.0002316206810064,
NB47,"Bãi tắm Minh Châu- xã Minh Châu, Vân Đồn",2316823,479287,2027,4,ALL,,,,,,,,,,,,,0.0013075555907562,0.001900658593513,0.0001037786278175,6.925826164660975e-05,0.0009681455558165,0.0001684697926975,0.0075833327136933,0.0004088703135494,
NB48,"Bãi tắm Sơn Hào- xã Quan Lạn, Vân Đồn",2311631,475997,2027,3,ALL,,,,,,,,,,,,,0.0013030779082328,0.0023699190933257,0.0001037786278175,0.0,0.000440585281467,0.0001684697926975,0.0075151827186346,0.0002276468876516,
NB48,"Bãi tắm Sơn Hào- xã Quan Lạn, Vân Đồn",2311631,475997,2027,4,ALL,,,,,,,,,,,,,0.0013075555907562,0.0020747946109622,0.0001037786278175,0.0006782567361369,0.0018684018868952,0.0001684697926975,0.0289370901882648,0.0004144315898884,
NB49,"Bãi tắm Quan Lạn- xã Quan Lạn, Vân Đồn",2308150,473396,2027,3,ALL,,,,,,,,,,,,,0.0013075555907562,0.0021940846927464,0.0001037786278175,5.882844561710954e-05,0.0005656516295857,0.0001684697926975,0.0251741558313369,0.0003435866674408,
NB49,"Bãi tắm Quan Lạn- xã Quan Lạn, Vân Đồn",2308150,473396,2027,4,ALL,,,,,,,,,,,,,0.0013075555907562,0.0020350080449134,0.0001037786278175,0.0003863840247504,0.0024753727484494,0.0001684697926975,0.0346503667533397,0.0003905407502315,
NB51,Luồng giữa Cửa Lục,2306441,428888,2027,3,cobia,6.122556209564209,27.75481605529785,8.17733383178711,31.61730194091797,0.0484023690223693,0.0596507303416729,36.49225616455078,84.49588012695312,4.347983360290527,0.0,121.53236389160156,0.0,,,,,,,,,
NB51,Luồng giữa Cửa Lục,2306441,428888,2027,4,cobia,6.692483901977539,24.46630477905273,8.184746742248535,31.3342399597168,0.0414972156286239,0.0264098141342401,40.05253219604492,119.8212890625,3.2850773334503174,0.0,140.704833984375,1.3055970668792725,,,,,,,,,
NB50,"Bãi tắm Ngọc Vừng- xã Ngọc Vừng, Vân Đồn",2301554,459059,2027,3,cobia,6.044266700744629,27.80706024169922,8.12310791015625,30.434234619140625,0.0328033305704593,0.0527164600789547,34.63672637939453,112.54361724853516,5.311033725738525,1442.1929931640625,105.51261901855467,0.0,,,,,,,,,
NB50,"Bãi tắm Ngọc Vừng- xã Ngọc Vừng, Vân Đồn",2301554,459059,2027,4,cobia,6.250181674957275,26.05167579650879,8.11532974243164,30.608253479003903,0.0404596962034702,0.0383309014141559,34.03375244140625,103.19827270507812,3.882807970046997,1177.8702392578125,131.1524658203125,0.0,,,,,,,,,
NB53,Luồng khu Áng Dù,2299562,437380,2027,3,cobia,5.110490322113037,27.13611221313477,8.112787246704102,32.23101806640625,0.038471795618534,0.0542019121348857,34.68851852416992,109.58763122558594,2.9432969093322754,0.0,126.1895980834961,6.779296875,,,,,,,,,
NB53,Luồng khu Áng Dù,2299562,437380,2027,4,cobia,5.326286315917969,24.295164108276367,8.18008804321289,31.06650733947754,0.037230622023344,0.03784666582942,33.30680847167969,75.42504119873047,2.29915189743042,607.3699951171875,123.35460662841795,0.0,,,,,,,,,
NB52,Luồng khu Hòn Một,2308114,431758,2027,3,cobia,5.623825073242188,27.61849021911621,8.148963928222656,32.33336639404297,0.0457093007862567,0.0545971505343914,33.30146408081055,78.6144790649414,2.3751542568206787,0.0,127.12496185302734,0.0,,,,,,,,,
NB52,Luồng khu Hòn Một,2308114,431758,2027,4,cobia,6.2349934577941895,24.194520950317383,8.199357032775879,30.793201446533203,0.0345759987831115,0.0346669815480709,35.66121292114258,80.62218475341797,2.814969062805176,0.0,140.07208251953125,0.0,,,,,,,,,
NB50,"Bãi tắm Ngọc Vừng- xã Ngọc Vừng, Vân Đồn",2301554,459059,2027,3,ALL,,,,,,,,,,,,,0.0013075555907562,0.0018915281398221,0.0001037786278175,0.0003864082100335,0.001804374041967,0.0001684697926975,0.0109936203807592,0.0004802284238394,
NB50,"Bãi tắm Ngọc Vừng- xã Ngọc Vừng, Vân Đồn",2301554,459059,2027,4,ALL,,,,,,,,,,,,,0.0013075555907562,0.0018337427172809,0.0001037786278175,0.0,0.0008497566450387,0.0001684697926975,0.015403133817017,0.0005633957334794,
NB51,Luồng giữa Cửa Lục,2306441,428888,2027,3,ALL,,,,,,,,,,,,,0.0013030779082328,0.0018745554843917,0.0001037786278175,0.0017372963484376,0.001744459499605,0.0001684697926975,0.0127570750191807,0.0004007575626019,
NB51,Luồng giữa Cửa Lục,2306441,428888,2027,4,ALL,,,,,,,,,,,,,0.0013075555907562,0.0016277016839012,0.0001037786278175,8.063862333074212e-05,0.0006069857627153,0.0001684697926975,0.0053315251134335,0.0004041494976263,
NB53,Luồng khu Áng Dù,2299562,437380,2027,3,ALL,,,,,,,,,,,,,0.0013075555907562,0.0023192623630166,0.0001037786278175,0.0016123302048072,0.0011527853785082,0.0001684697926975,0.0316089056432247,0.0007128839497454,
NB53,Luồng khu Áng Dù,2299562,437380,2027,4,ALL,,,,,,,,,,,,,0.0013075555907562,0.0018144468776881,0.0001037786278175,0.0003074622654821,0.0022819752339273,0.0001684697926975,0.0231089480221271,0.0004615910293068,
NB52,Luồng khu Hòn Một,2308114,431758,2027,3,ALL,,,,,,,,,,,,,0.0013075555907562,0.0019242877606302,0.0001037786278175,0.0,0.0006688591092824,0.0001684697926975,0.0075344438664615,0.0004339750448707,
NB52,Luồng khu Hòn Một,2308114,431758,2027,4,ALL,,,,,,,,,,,,,0.0013075555907562,0.0020727403461933,0.0001037786278175,0.0,0.0006355072255246,0.0001684697926975,0.02086634747684,0.0003861298901028,
NB54,Luồng Hang Trống,2299151,443343,2027,3,cobia,5.396103858947754,27.53212547302246,8.129166603088379,32.34886169433594,0.0410074777901172,0.0559104867279529,34.88151931762695,82.85567474365234,1.5764803886413574,0.0,119.93325805664062,0.0,,,,,,,,,
NB54,Luồng Hang Trống,2299151,443343,2027,4,cobia,5.952926635742188,24.10431671142578,8.155318260192871,31.140703201293945,0.0344135165214538,0.0340548641979694,34.58024978637695,95.54022979736328,1.0492558479309082,0.0,144.88119506835938,0.0,,,,,,,,,
NB55,Luồng khu Trà Giới,2306115,446899,2027,3,cobia,6.036951065063477,28.58369255065918,8.165365219116211,31.93026161193848,0.036474410444498,0.0622118636965751,38.07060623168945,85.00542449951172,2.432699918746948,0.0,130.07862854003906,1.9808640480041504,,,,,,,,,
NB55,Luồng khu Trà Giới,2306115,446899,2027,4,cobia,6.248093605041504,25.39870262145996,8.191733360290527,30.622249603271484,0.0345260016620159,0.0182359516620636,35.83811569213867,110.3242416381836,0.0,0.0,132.2724151611328,0.0,,,,,,,,,
NB56,Luồng khu Đông Tráng,2305453,452834,2027,3,cobia,6.491306304931641,27.98028564453125,8.119211196899414,31.78278923034668,0.0428597815334796,0.0683864578604698,37.71327590942383,99.54792785644533,4.239506721496582,0.0,137.0648193359375,1.882365345954895,,,,,,,,,
NB56,Luồng khu Đông Tráng,2305453,452834,2027,4,cobia,6.1603684425354,24.289396286010746,8.136429786682129,31.348726272583008,0.0359019301831722,0.0310585368424654,35.13022232055664,100.51612854003906,2.475130081176758,0.0,124.43641662597656,0.9604771733283995,,,,,,,,,
NB57,Cảng Hòn Nét,2313052,449812,2027,3,cobia,5.412125587463379,28.18652534484864,8.170906066894531,31.46475410461425,0.0481346547603607,0.046397291123867,30.08027458190918,89.15507507324219,3.995327711105346,193.58990478515625,119.8254623413086,0.0,,,,,,,,,
NB57,Cảng Hòn Nét,2313052,449812,2027,4,cobia,5.814168930053711,23.908815383911133,8.225034713745117,31.7631950378418,0.062959536910057,0.0292937587946653,34.0703010559082,100.45784759521484,3.30049991607666,0.0,119.34236907958984,0.8657888770103455,,,,,,,,,
NB54,Luồng Hang Trống,2299151,443343,2027,3,ALL,,,,,,,,,,,,,0.0013030779082328,0.0023621609434485,0.0001037786278175,0.0005444872076623,0.0010428034001961,0.0001684697926975,0.0150880515575408,0.0003358924586791,
NB54,Luồng Hang Trống,2299151,443343,2027,4,ALL,,,,,,,,,,,,,0.0013075555907562,0.0020009241998195,0.0001037786278175,0.0,0.0013208581367507,0.0001684697926975,0.0162658430635929,0.0003949078381992,
NB55,Luồng khu Trà Giới,2306115,446899,2027,3,ALL,,,,,,,,,,,,,0.0013030779082328,0.0025963832158595,0.0001037786278175,0.0008333621080964,0.0009308012085966,0.0001684697926975,0.0314671993255615,0.0003680635709315,
NB55,Luồng khu Trà Giới,2306115,446899,2027,4,ALL,,,,,,,,,,,,,0.0013075555907562,0.0020671566016972,0.0001037786278175,0.0009152200073003,0.0012721538078039,0.0001684697926975,0.0144093427807092,0.0002891790645662,
NB56,Luồng khu Đông Tráng,2305453,452834,2027,3,ALL,,,,,,,,,,,,,0.0013030779082328,0.0020241336897015,0.0001037786278175,0.0036969708744436,0.0030631055124104,0.0001684697926975,0.0278621632605791,0.0007174854981712,
NB56,Luồng khu Đông Tráng,2305453,452834,2027,4,ALL,,,,,,,,,,,,,0.0013075555907562,0.0018433694494888,0.0001037786278175,0.0006436252151615,0.0031788055785,0.0001684697926975,0.0166504625231027,0.0002923625288531,
NB57,Cảng Hòn Nét,2313052,449812,2027,3,ALL,,,,,,,,,,,,,0.0013075555907562,0.0021607477683573,0.0001037786278175,0.0002383621613262,0.0004057214537169,0.0001684697926975,0.0068923123180866,0.0003013340756297,
NB57,Cảng Hòn Nét,2313052,449812,2027,4,ALL,,,,,,,,,,,,,0.0013075555907562,0.0020767352543771,0.0001037786278175,0.0008464258862659,0.0013510630233213,0.0001684697926975,0.0182512402534484,0.0004144315898884,
NB58,Luồng Cửa Ông,2319421,458021,2027,3,cobia,5.210883617401123,27.92577743530273,8.185208320617676,32.27507400512695,0.0557516627013683,0.0529426708817482,31.674341201782227,102.25682067871094,6.554047107696533,0.0,117.681396484375,0.0,,,,,,,,,
NB58,Luồng Cửa Ông,2319421,458021,2027,4,cobia,5.655484199523926,24.23259925842285,8.159794807434082,31.88566970825196,0.0453094020485878,0.0286642629653215,33.036861419677734,86.09796142578125,4.293887138366699,0.0,124.55570220947266,0.6229336261749268,,,,,,,,,
NB59,Lạch Vông Vang - Cống Thẻ,2322828,469833,2027,3,cobia,5.5199079513549805,27.701229095458984,8.196049690246582,31.62618637084961,0.0552091114223003,0.0596174411475658,34.23200988769531,106.8862762451172,3.4807584285736084,1291.7044677734375,120.20563507080078,0.0,,,,,,,,,
NB59,Lạch Vông Vang - Cống Thẻ,2322828,469833,2027,4,cobia,6.708637714385986,25.32676696777344,8.13772964477539,31.18474006652832,0.0532962344586849,0.0389990881085395,31.6009521484375,84.56417083740234,2.792288064956665,1815.513671875,126.08175659179688,0.0,,,,,,,,,
NB60,Cửa Đối,2319552,480158,2027,3,cobia,5.7522382736206055,27.2894229888916,8.146317481994629,31.87007141113281,0.048545017838478,0.0414895564317703,34.29531478881836,100.88590240478516,3.0195183753967285,1530.8929443359375,128.7194366455078,3.1570284366607666,,,,,,,,,
NB60,Cửa Đối,2319552,480158,2027,4,cobia,5.836668014526367,25.58155632019043,8.166502952575684,31.208290100097656,0.0492602996528148,0.0400664582848548,33.816871643066406,105.5288543701172,2.052830457687378,442.4460144042969,115.91293334960938,0.0,,,,,,,,,
NB61,Lạch giữa đảo Thẻ Vàng- đảo Vạn Đuôi,2314890,456306,2027,3,cobia,5.5601983070373535,27.92218017578125,8.137624740600586,31.47025489807129,0.0427172854542732,0.0524676069617271,36.00313949584961,112.64602661132812,1.852369785308838,0.0,132.88983154296875,0.0,,,,,,,,,
NB61,Lạch giữa đảo Thẻ Vàng- đảo Vạn Đuôi,2314890,456306,2027,4,cobia,5.714550018310547,23.69633674621582,8.186267852783203,31.64162826538086,0.0400659590959548,0.0363845713436603,37.991676330566406,96.63031005859376,3.624819040298462,470.22314453125,142.39031982421875,0.0,,,,,,,,,
NB58,Luồng Cửa Ông,2319421,458021,2027,3,ALL,,,,,,,,,,,,,0.0013030779082328,0.0021412570495158,0.0001037786278175,0.0004336518759373,0.0011836654739454,0.0001684697926975,0.0189946666359901,0.0005627579521387,
NB58,Luồng Cửa Ông,2319421,458021,2027,4,ALL,,,,,,,,,,,,,0.0013075555907562,0.0020153010264039,0.0001037786278175,0.00049155583838,0.0020633195526897,0.0001684697926975,0.0177361760288476,0.0003698311920743,
NB59,Lạch Vông Vang - Cống Thẻ,2322828,469833,2027,3,ALL,,,,,,,,,,,,,0.0013075555907562,0.0023891374003142,0.0001037786278175,0.0001042712246999,0.0009800262050703,0.0001684697926975,0.02937588468194,0.0002338047052035,
NB59,Lạch Vông Vang - Cống Thẻ,2322828,469833,2027,4,ALL,,,,,,,,,,,,,0.0013075555907562,0.0022390694357454,0.0001037786278175,0.0022796457633376,0.001970024080947,0.0001684697926975,0.0244039762765169,0.0003869020438287,
NB60,Cửa Đối,2319552,480158,2027,3,ALL,,,,,,,,,,,,,0.0013075555907562,0.0022373432293534,0.0001037786278175,0.0,0.0007067013648338,0.0001684697926975,0.0290937852114439,0.0004153994959779,
NB60,Cửa Đối,2319552,480158,2027,4,ALL,,,,,,,,,,,,,0.0013075555907562,0.001921959221363,0.0001037786278175,0.0024158302694559,0.0018589680548757,0.0001684697926975,0.024646732956171,0.0005795922479592,
NB61,Lạch giữa đảo Thẻ Vàng- đảo Vạn Đuôi,2314890,456306,2027,3,ALL,,,,,,,,,,,,,0.0013030779082328,0.0018485165201127,0.0001037786278175,0.0053312969394028,0.0030584053602069,0.0001684697926975,0.0284976102411746,0.0008991309441626,
NB61,Lạch giữa đảo Thẻ Vàng- đảo Vạn Đuôi,2314890,456306,2027,4,ALL,,,,,,,,,,,,,0.0013075555907562,0.0016058587934821,0.0001037786278175,0.0006093189003877,0.0012668031267821,0.0001684697926975,0.0129792029038071,0.0002639970043674,
NB63,Lạch Đầu Gỗ phía Đông đảo Đống Chén,2316643,468221,2027,3,cobia,5.957461833953857,28.44743728637696,8.088264465332031,31.699602127075195,0.0483987368643283,0.0537630878388881,36.25139617919922,72.72598266601562,1.549887776374817,0.0,139.68600463867188,0.0,,,,,,,,,
NB63,Lạch Đầu Gỗ phía Đông đảo Đống Chén,2316643,468221,2027,4,cobia,6.103935241699219,24.09994506835937,8.099225997924805,31.86717796325684,0.0379731990396976,0.0203426908701658,36.96847152709961,85.50822448730469,3.251999616622925,138.8343505859375,133.25340270996094,0.0,,,,,,,,,
NB62,Lạch Đẳng Chén phía Tây đảo Đống Chén,2316094,465215,2027,3,cobia,10.67800235748291,27.73437690734864,8.174149513244629,31.476377487182617,0.0498775243759155,0.0570478588342666,33.874752044677734,118.09376525878906,4.96816349029541,3795.236083984375,142.1282501220703,0.0,,,,,,,,,
NB62,Lạch Đẳng Chén phía Tây đảo Đống Chén,2316094,465215,2027,4,cobia,7.325700283050537,25.56049156188965,8.195762634277344,31.56517601013184,0.0586741119623184,0.0496004186570644,35.06795883178711,112.79920196533205,3.668273448944092,459.6683349609375,122.85350799560548,0.0,,,,,,,,,
NB64,Lạch Cống Nứa phía Đông đảo Cống Nứa,2317955,471418,2027,3,cobia,5.827388286590576,27.63092994689941,8.146429061889648,31.84808158874512,0.0460746102035045,0.0435369238257408,37.2747688293457,88.46511840820312,3.412055253982544,2664.023193359375,139.3004150390625,5.653933048248291,,,,,,,,,
NB64,Lạch Cống Nứa phía Đông đảo Cống Nứa,2317955,471418,2027,4,cobia,5.852566719055176,25.36494827270508,8.192153930664062,31.154022216796875,0.0489001534879207,0.0303068161010742,33.96326446533203,125.68468475341795,1.7637109756469729,1054.5113525390625,130.7876739501953,0.5499038100242615,,,,,,,,,
NB65,Vụng Đá Bạc phía Đông đảo Trà Bản,2314090,474853,2027,3,cobia,5.169017791748047,27.63087654113769,8.143155097961426,31.71772003173828,0.0595281235873699,0.053726140409708,31.17681884765625,85.2301254272461,3.991791963577272,98.44808197021484,117.7562255859375,0.0,,,,,,,,,
NB65,Vụng Đá Bạc phía Đông đảo Trà Bản,2314090,474853,2027,4,cobia,6.2415852546691895,24.74585723876953,8.179319381713867,31.076772689819336,0.0606612898409366,0.0393921099603176,34.20870590209961,102.31912231445312,3.3813159465789795,720.8662719726562,119.30139923095705,0.0,,,,,,,,,
NB62,Lạch Đẳng Chén phía Tây đảo Đống Chén,2316094,465215,2027,3,ALL,,,,,,,,,,,,,0.0013075555907562,0.0020520742982625,0.0001037786278175,0.0012606972595676,0.0012424116721376,0.0001684697926975,0.0194456484168767,0.000616752076894,
NB62,Lạch Đẳng Chén phía Tây đảo Đống Chén,2316094,465215,2027,4,ALL,,,,,,,,,,,,,0.0013075555907562,0.001771661802195,0.0001037786278175,0.000525327748619,0.0016462805215269,0.0001684697926975,0.0163994096219539,0.0004522161325439,
NB63,Lạch Đầu Gỗ phía Đông đảo Đống Chén,2316643,468221,2027,3,ALL,,,,,,,,,,,,,0.0013075555907562,0.0018397341482341,0.0001037786278175,0.0001807684457162,0.0016928144032135,0.0001684697926975,0.017382338643074,0.0003660357324406,
NB63,Lạch Đầu Gỗ phía Đông đảo Đống Chén,2316643,468221,2027,4,ALL,,,,,,,,,,,,,0.0013075555907562,0.001738331047818,0.0001037786278175,0.0001142229157267,0.000484836025862,0.0001684697926975,0.0050819995813071,0.0003918375878129,
NB64,Lạch Cống Nứa phía Đông đảo Cống Nứa,2317955,471418,2027,3,ALL,,,,,,,,,,,,,0.0013030779082328,0.0021002243738621,0.0001037786278175,0.0003099530877079,0.0011137368855997,0.0001684697926975,0.0133364666253328,0.000456639798358,
NB64,Lạch Cống Nứa phía Đông đảo Cống Nứa,2317955,471418,2027,4,ALL,,,,,,,,,,,,,0.0013075555907562,0.0018988660303875,0.0001037786278175,0.0,0.0012459034333005,0.0001684697926975,0.0138416560366749,0.0004895224119536,
NB65,Vụng Đá Bạc phía Đông đảo Trà Bản,2314090,474853,2027,3,ALL,,,,,,,,,,,,,0.0013075555907562,0.002098434139043,0.0001037786278175,0.0,0.0004094520700164,0.0001684697926975,0.0057152542285621,0.000359653844498,
NB65,Vụng Đá Bạc phía Đông đảo Trà Bản,2314090,474853,2027,4,ALL,,,,,,,,,,,,,0.0013075555907562,0.0020739310421049,0.0001037786278175,0.0007023393409326,0.0016806308412924,0.0001684697926975,0.0236627552658319,0.0004144315898884,
NB66,Luồng Con Quýt phía Tây Bắc đảo Trà Bản,2323246,478861,2027,3,cobia,5.903050899505615,27.75031852722168,8.041437149047852,32.58580017089844,0.0459188632667064,0.0488786585628986,35.827816009521484,124.28074645996094,3.016256332397461,438.3693542480469,112.53065490722656,0.0942099690437316,,,,,,,,,
NB66,Luồng Con Quýt phía Tây Bắc đảo Trà Bản,2323246,478861,2027,4,cobia,5.847165107727051,25.658166885375977,8.08022403717041,31.45480155944824,0.0585320740938186,0.0380408689379692,31.37982940673828,74.12754821777344,2.5635769367218018,153.61488342285156,125.7936019897461,0.0,,,,,,,,,
NB67,Luồng Con Quýt phía Đông đảo Cái Lim,2332924,481604,2027,3,cobia,5.664656639099121,27.89730834960937,8.130684852600098,31.84022331237793,0.0319422036409378,0.0430855713784694,40.511375427246094,105.34190368652344,1.495652437210083,565.544677734375,140.4698028564453,2.592365264892578,,,,,,,,,
NB67,Luồng Con Quýt phía Đông đảo Cái Lim,2332924,481604,2027,4,cobia,5.986349582672119,24.18270492553711,8.149189949035645,31.871706008911133,0.0341762490570545,0.0397581942379474,34.31571578979492,96.33797454833984,2.7179205417633057,0.0,123.66451263427734,0.0,,,,,,,,,
NB68,Lạch Vông Vang phía Bắc đảo Trà Bản,2325763,474553,2027,3,cobia,5.948574066162109,28.282350540161133,8.08560562133789,31.58454704284668,0.0388118959963321,0.0489215329289436,38.13538360595703,93.3585433959961,2.86098313331604,687.4390869140625,138.91351318359375,2.0333266258239746,,,,,,,,,
NB68,Lạch Vông Vang phía Bắc đảo Trà Bản,2325763,474553,2027,4,cobia,6.27357292175293,25.036890029907227,8.081181526184082,31.23835563659668,0.0461985133588314,0.033332098275423,35.066688537597656,85.93724060058594,1.9353879690170288,891.1735229492188,132.1059112548828,0.0,,,,,,,,,
NB69,Lạch đảo Cống Đông- Cống Tây,2310803,454256,2027,3,cobia,5.964547157287598,27.91427421569824,8.124616622924805,31.377042770385746,0.0549060888588428,0.0563196837902069,34.33932876586914,89.43090057373047,4.308957099914551,1683.352294921875,134.8199920654297,3.4440650939941406,,,,,,,,,
NB69,Lạch đảo Cống Đông- Cống Tây,2310803,454256,2027,4,cobia,6.122526168823242,24.92692375183105,8.0950345993042,31.592435836791992,0.052297506481409,0.0332693941891193,36.06058120727539,112.04300689697266,2.832736015319824,1205.3787841796875,124.41609191894533,1.3578622341156006,,,,,,,,,
NB66,Luồng Con Quýt phía Tây Bắc đảo Trà Bản,2323246,478861,2027,3,ALL,,,,,,,,,,,,,0.0013075555907562,0.0019302200525999,0.0001037786278175,0.0,0.0007325009792111,0.0001684697926975,0.0111515894532203,0.0004053616721648,
NB66,Luồng Con Quýt phía Tây Bắc đảo Trà Bản,2323246,478861,2027,4,ALL,,,,,,,,,,,,,0.0013075555907562,0.0020946431905031,0.0001037786278175,0.0001277769333682,0.0006481821183115,0.0001684697926975,0.0177706349641084,0.0005733153084293,
NB67,Luồng Con Quýt phía Đông đảo Cái Lim,2332924,481604,2027,3,ALL,,,,,,,,,,,,,0.0013030779082328,0.0018837685929611,0.0001037786278175,0.0,0.0006574991275556,0.0001684697926975,0.0018437310354784,0.0003481612657196,
NB67,Luồng Con Quýt phía Đông đảo Cái Lim,2332924,481604,2027,4,ALL,,,,,,,,,,,,,0.0013075555907562,0.0021038933191448,0.0001037786278175,0.0,0.0016072688158601,0.0001684697926975,0.0255472771823406,0.0003861298901028,
NB68,Lạch Vông Vang phía Bắc đảo Trà Bản,2325763,474553,2027,3,ALL,,,,,,,,,,,,,0.0013030779082328,0.0021486666519194,0.0001037786278175,0.000463469652459,0.0009293535840697,0.0001684697926975,0.0280876215547323,0.0004208687751088,
NB68,Lạch Vông Vang phía Bắc đảo Trà Bản,2325763,474553,2027,4,ALL,,,,,,,,,,,,,0.0013075555907562,0.0018885122844949,0.0001037786278175,0.0008995669777505,0.0015467886114493,0.0001684697926975,0.0225096624344587,0.0003992139536421,
NB69,Lạch đảo Cống Đông- Cống Tây,2310803,454256,2027,3,ALL,,,,,,,,,,,,,0.0013075555907562,0.0020323928911238,0.0001037786278175,0.0,0.0006446965853683,0.0001684697926975,0.0124161234125494,0.0003207218833267,
NB69,Lạch đảo Cống Đông- Cống Tây,2310803,454256,2027,4,ALL,,,,,,,,,,,,,0.0013075555907562,0.0017747282981872,0.0001037786278175,0.0,0.0015949017833918,0.0001684697926975,0.0146549763157963,0.0004001064226031,
NB70,Ven bờ khu Cống Yên phía Bắc đảo Ngọc Vừng,2305149,458041,2027,3,cobia,5.611538887023926,28.07997131347656,8.254860877990723,31.826812744140625,0.0491486825048923,0.051882080733776,33.728858947753906,124.12538146972656,3.6922390460968018,855.03173828125,121.8401107788086,4.011963844299316,,,,,,,,,
NB70,Ven bờ khu Cống Yên phía Bắc đảo Ngọc Vừng,2305149,458041,2027,4,cobia,6.284126281738281,25.61835479736328,8.223703384399414,31.06568717956543,0.051759336143732,0.0557547099888324,34.88742446899414,126.28160095214844,2.120504379272461,624.2985229492188,127.9005355834961,0.0,,,,,,,,,
NB72,"Cửa sông Chanh, phía Đông Bắc xã Tiền Phong",2307350,407776,2027,3,cobia,3.659423828125,28.98539924621582,7.744946479797363,10.859526634216309,0.0536412335932254,0.036844789981842,37.19114685058594,97.89282989501952,46.63560485839844,642.202392578125,127.0927734375,0.0,,,,,,,,,
NB72,"Cửa sông Chanh, phía Đông Bắc xã Tiền Phong",2307350,407776,2027,4,cobia,4.052866458892822,27.17902565002441,7.745771884918213,16.459543228149414,0.0633934289216995,0.015638468787074,33.82560729980469,96.63204193115234,46.285404205322266,3166.323486328125,131.06948852539062,0.0,,,,,,,,,
NB71,"Cửa sông Rút- sông - sông Bạch Đằng, phía Tây xã Tiền Phong",2305248,403881,2027,3,cobia,5.36344575881958,29.62287139892578,7.819304466247559,14.575366020202637,0.0428582429885864,0.0297521613538265,42.05107116699219,131.9708251953125,31.272497177124023,0.0,135.0184326171875,2.384446144104004,,,,,,,,,
NB71,"Cửa sông Rút- sông - sông Bạch Đằng, phía Tây xã Tiền Phong",2305248,403881,2027,4,cobia,4.9911394119262695,27.21889877319336,7.809420585632324,20.789600372314453,0.0566994994878768,0.0149741442874073,37.455299377441406,56.65675735473633,37.389930725097656,0.0,135.01515197753906,0.5347960591316223,,,,,,,,,
NB73,"Cửa sông Kênh Trai, giáp ranh xã Tân An- Hoàng Tân",2315467,409808,2027,3,cobia,4.861688613891602,29.4201602935791,8.029561996459961,14.285347938537598,0.0379929356276989,0.0070811286568641,40.928340911865234,50.26027297973633,25.15378189086914,0.0,145.0557098388672,0.0,,,,,,,,,
NB73,"Cửa sông Kênh Trai, giáp ranh xã Tân An- Hoàng Tân",2315467,409808,2027,4,cobia,5.512470722198486,26.676570892333984,7.867021083831787,19.835346221923828,0.0427802130579948,0.0264598168432712,41.95878219604492,92.7026138305664,27.914459228515625,0.0,152.1591339111328,0.2893948853015899,,,,,,,,,
NB70,Ven bờ khu Cống Yên phía Bắc đảo Ngọc Vừng,2305149,458041,2027,3,ALL,,,,,,,,,,,,,0.0013075555907562,0.0026215305551886,0.0001037786278175,0.0047914399765431,0.001527557731606,0.0001684697926975,0.0233575515449047,0.0009336465154774,
NB70,Ven bờ khu Cống Yên phía Bắc đảo Ngọc Vừng,2305149,458041,2027,4,ALL,,,,,,,,,,,,,0.0013075555907562,0.0019107995321974,0.0001037786278175,0.0003374960797373,0.0021351538598537,0.0001684697926975,0.0173939503729343,0.0003809267655014,
NB72,"Cửa sông Chanh, phía Đông Bắc xã Tiền Phong",2307350,407776,2027,3,ALL,,,,,,,,,,,,,0.0013075555907562,0.0021704968530684,0.0001037786278175,0.0001337932335445,0.0006276023923419,0.0001684697926975,0.0168206691741943,0.000394363538362,
NB72,"Cửa sông Chanh, phía Đông Bắc xã Tiền Phong",2307350,407776,2027,4,ALL,,,,,,,,,,,,,0.0013075555907562,0.0019596957135945,0.0001037786278175,0.0,0.0015695309266448,0.0001684697926975,0.0152591923251748,0.0004001064226031,
NB71,"Cửa sông Rút- sông - sông Bạch Đằng, phía Tây xã Tiền Phong",2305248,403881,2027,3,ALL,,,,,,,,,,,,,0.0013075555907562,0.0018396055093035,0.0001037786278175,0.0,0.0010481216013431,0.0001684697926975,0.0170052051544189,0.0005024947458878,
NB71,"Cửa sông Rút- sông - sông Bạch Đằng, phía Tây xã Tiền Phong",2305248,403881,2027,4,ALL,,,,,,,,,,,,,0.0013075555907562,0.0019043845823034,0.0001037786278175,0.0,0.0015284789260476,0.0001684697926975,0.0141727346926927,0.0003172477590851,
NB73,"Cửa sông Kênh Trai, giáp ranh xã Tân An- Hoàng Tân",2315467,409808,2027,3,ALL,,,,,,,,,,,,,0.0013030779082328,0.0020971654448658,0.0001037786278175,0.0106501458212733,0.0040384056046605,0.0001684697926975,0.0157247073948383,0.0037709097377955,
NB73,"Cửa sông Kênh Trai, giáp ranh xã Tân An- Hoàng Tân",2315467,409808,2027,4,ALL,,,,,,,,,,,,,0.0013075555907562,0.001616547582671,0.0001037786278175,0.0011064029531553,0.000911854323931,0.0001684697926975,0.0121067762374877,0.0003274523769505,
NB74,"Luồng sông Voi Lớn, phía Nam xã Đồng Rui, Tiên Yên",2142967,461852,2027,3,cobia,6.779671669006348,28.57476806640625,8.12411880493164,28.73215103149414,0.0414859950542449,0.0455777868628501,29.44026756286621,77.45365905761719,5.854884147644043,0.0,98.33048248291016,0.0,,,,,,,,,
NB74,"Luồng sông Voi Lớn, phía Nam xã Đồng Rui, Tiên Yên",2142967,461852,2027,4,cobia,10.18038558959961,25.17267799377441,8.130541801452637,29.76501846313477,0.0359255671501159,0.0249085389077663,41.74129486083984,119.8756866455078,2.8018012046813965,0.0,140.60765075683594,0.0,,,,,,,,,
NB76,Khu vực cảng Mũi Chùa (cửa sông Tiên Yên),2354602,469532,2027,3,cobia,4.573976039886475,27.81745147705078,8.126253128051758,31.539989471435547,0.0593780539929866,0.0398606024682521,33.1003303527832,100.56626892089844,5.678819179534912,8907.6162109375,104.30982208251952,0.0,,,,,,,,,
NB76,Khu vực cảng Mũi Chùa (cửa sông Tiên Yên),2354602,469532,2027,4,cobia,5.031055927276611,24.52672576904297,8.045095443725586,31.02927017211914,0.072904385626316,0.0384947508573532,35.00400924682617,107.31928253173828,5.220904350280762,9635.9130859375,117.61457824707033,0.0,,,,,,,,,
NB75,"Luồng sông Voi Lớn, ven bờ xã Hải Lạng, Tiên Yên",2352748,464214,2027,3,cobia,5.5746660232543945,28.096603393554688,8.090542793273926,28.956621170043945,0.0534945800900459,0.0412319302558898,33.687522888183594,82.63495635986328,5.897528171539307,1292.4761962890625,134.22103881835938,1.1269793510437012,,,,,,,,,
NB75,"Luồng sông Voi Lớn, ven bờ xã Hải Lạng, Tiên Yên",2352748,464214,2027,4,cobia,5.719913482666016,24.427188873291016,8.116040229797363,29.727439880371094,0.0700572282075882,0.04256122559309,34.523399353027344,97.2412109375,3.258350610733032,278.77899169921875,125.87364959716795,0.0,,,,,,,,,
NB77,"Khu vực Hòn Thạch, Đầm Hà",2349384,482845,2027,3,cobia,6.235663890838623,29.167139053344727,8.183903694152832,31.55278587341309,0.0488733798265457,0.0599912665784359,35.68458557128906,104.74768829345705,1.1382510662078855,0.0,121.92391967773438,1.6674665212631226,,,,,,,,,
NB77,"Khu vực Hòn Thạch, Đầm Hà",2349384,482845,2027,4,cobia,6.682760715484619,25.02309226989746,8.029024124145508,30.96427154541016,0.041681945323944,0.0228159986436367,34.424903869628906,109.61386108398438,1.832516312599182,0.0,121.56564331054688,3.19219183921814,,,,,,,,,
NB76,Khu vực cảng Mũi Chùa (cửa sông Tiên Yên),2354602,469532,2027,3,ALL,,,,,,,,,,,,,0.0013075555907562,0.0014793489826843,0.0001037786278175,0.0011780165368691,0.0017987684113904,0.0001684697926975,0.017013631761074,0.0002286231756443,
NB76,Khu vực cảng Mũi Chùa (cửa sông Tiên Yên),2354602,469532,2027,4,ALL,,,,,,,,,,,,,0.0013030779082328,0.0013825326459482,0.0001037786278175,0.0,0.0005718020256608,0.0001684697926975,0.0069724079221487,0.0001961979432962,
NB74,"Luồng sông Voi Lớn, phía Nam xã Đồng Rui, Tiên Yên",2142967,461852,2027,3,ALL,,,,,,,,,,,,,0.0013030779082328,0.0020004303660243,0.0001037786278175,0.0,0.0009394933003932,0.0001684697926975,0.0106137618422508,0.0003239531069993,
NB74,"Luồng sông Voi Lớn, phía Nam xã Đồng Rui, Tiên Yên",2142967,461852,2027,4,ALL,,,,,,,,,,,,,0.0013075555907562,0.0021743716206401,0.0001037786278175,0.0002325148816453,0.0011147566838189,0.0001684697926975,0.0112002538517117,0.0002746490063145,
NB75,"Luồng sông Voi Lớn, ven bờ xã Hải Lạng, Tiên Yên",2352748,464214,2027,3,ALL,,,,,,,,,,,,,0.0013075555907562,0.002046603243798,0.0001037786278175,0.0002745442616287,0.0005818624049425,0.0001684697926975,0.0322912484407424,0.0003013340756297,
NB75,"Luồng sông Voi Lớn, ven bờ xã Hải Lạng, Tiên Yên",2352748,464214,2027,4,ALL,,,,,,,,,,,,,0.0013075555907562,0.0020176095422357,0.0001037786278175,0.0005062700947746,0.0021923282183706,0.0001684697926975,0.0195188354700803,0.0003868039348162,
NB77,"Khu vực Hòn Thạch, Đầm Hà",2349384,482845,2027,3,ALL,,,,,,,,,,,,,0.0013030779082328,0.0021281982772052,0.0001037786278175,0.0054510538466274,0.0012913701357319,0.0001684697926975,0.0166962556540966,0.0004655270604416,
NB77,"Khu vực Hòn Thạch, Đầm Hà",2349384,482845,2027,4,ALL,,,,,,,,,,,,,0.0013075555907562,0.0019109002314507,0.0001037786278175,0.0006388493347913,0.0019602552056312,0.0001684697926975,0.014839538373053,0.0005639855517074,
NB78,"Khu vực ven bờ xã Đầm Hà, huyện Đầm Hà (cửa sông Đầm Hà)",2157972,487264,2027,3,cobia,5.652770042419434,29.78075790405273,7.657572746276855,17.389392852783203,0.0433248654007911,0.0353421457111835,37.57015609741211,88.58737182617188,17.095861434936523,0.0,126.97940826416016,3.4464645385742188,,,,,,,,,
NB78,"Khu vực ven bờ xã Đầm Hà, huyện Đầm Hà (cửa sông Đầm Hà)",2157972,487264,2027,4,cobia,5.352750778198242,25.530780792236328,7.707266330718994,22.31040954589844,0.0592974238097667,0.0337613560259342,35.38946533203125,40.04510498046875,16.45145606994629,189.37030029296875,130.4047393798828,2.951061964035034,,,,,,,,,
NB80,"Khu vực Bắc Hòn Mỹ, Hải Hà",2362684,497074,2027,3,cobia,5.267196178436279,26.82797622680664,8.183100700378418,31.28206253051757,0.029321676120162,0.0553518794476985,38.57226943969727,126.85222625732422,3.179570198059082,1284.98974609375,137.9005584716797,5.100742816925049,,,,,,,,,
NB80,"Khu vực Bắc Hòn Mỹ, Hải Hà",2362684,497074,2027,4,cobia,5.401639938354492,24.036998748779297,8.270925521850586,31.618141174316406,0.0493831820785999,0.0380870997905731,32.31041717529297,92.35318756103516,3.09151577949524,2493.92431640625,124.56776428222656,0.0,,,,,,,,,
NB79,"Khu vực cửa sông Đường Hoa, huyện Hải Hà",2361229,492995,2027,3,cobia,6.746769905090332,29.25718879699707,8.187408447265625,27.885229110717773,0.0564665719866752,0.0450154244899749,42.53656768798828,96.28064727783205,3.2215139865875244,324.51593017578125,130.14524841308594,0.0,,,,,,,,,
NB79,"Khu vực cửa sông Đường Hoa, huyện Hải Hà",2361229,492995,2027,4,cobia,7.0469746589660645,25.260141372680664,8.082731246948242,29.170333862304688,0.0455327592790126,0.0374594889581203,31.71955680847168,89.16311645507812,3.2641398906707764,0.0,132.1892852783203,3.989580154418945,,,,,,,,,
NB81,"Khu vực ven bờ xã Quảng Phong, Hải Hà (phía Bắc Đảo Miều)",2364428,499994,2027,3,cobia,6.6025004386901855,28.687191009521484,8.186127662658691,31.77629280090332,0.0481747537851333,0.0537852980196476,40.631378173828125,121.8188018798828,3.307894468307495,0.0,133.70266723632812,0.0,,,,,,,,,
NB81,"Khu vực ven bờ xã Quảng Phong, Hải Hà (phía Bắc Đảo Miều)",2364428,499994,2027,4,cobia,6.699993133544922,25.631874084472656,8.189661026000977,30.30345916748047,0.0444011837244033,0.0406029596924781,31.130002975463867,114.32039642333984,2.392869472503662,0.0,128.83079528808594,0.0,,,,,,,,,
NB78,"Khu vực ven bờ xã Đầm Hà, huyện Đầm Hà (cửa sông Đầm Hà)",2157972,487264,2027,3,ALL,,,,,,,,,,,,,0.0013075555907562,0.0022290658671408,0.0001037786278175,0.0028773841913789,0.001723799505271,0.0001684697926975,0.0164267271757125,0.0006397077813744,
NB78,"Khu vực ven bờ xã Đầm Hà, huyện Đầm Hà (cửa sông Đầm Hà)",2157972,487264,2027,4,ALL,,,,,,,,,,,,,0.0013075555907562,0.0017170070204883,0.0001037786278175,0.0002990389475598,0.0011914236238226,0.0001684697926975,0.0096625033766031,0.0004715540853794,
NB80,"Khu vực Bắc Hòn Mỹ, Hải Hà",2362684,497074,2027,3,ALL,,,,,,,,,,,,,0.0013075555907562,0.00224080379121,0.0001037786278175,0.003433589125052,0.0015945959603413,0.0001684697926975,0.024775480851531,0.0008424051920883,
NB80,"Khu vực Bắc Hòn Mỹ, Hải Hà",2362684,497074,2027,4,ALL,,,,,,,,,,,,,0.0013075555907562,0.0017201215960085,0.0001037786278175,0.0005102414288558,0.0015738108195364,0.0001684697926975,0.0124261174350976,0.000246706593316,
NB79,"Khu vực cửa sông Đường Hoa, huyện Hải Hà",2361229,492995,2027,3,ALL,,,,,,,,,,,,,0.0013030779082328,0.0017640779260545,0.0001037786278175,0.0003654196043498,0.0007525549153797,0.0001684697926975,0.0091774836182594,0.0007140845409594,
NB79,"Khu vực cửa sông Đường Hoa, huyện Hải Hà",2361229,492995,2027,4,ALL,,,,,,,,,,,,,0.0013075555907562,0.0021675606258213,0.0001037786278175,0.0016518280608579,0.0011191659141331,0.0001684697926975,0.0066482801921665,0.000521466252394,
NB81,"Khu vực ven bờ xã Quảng Phong, Hải Hà (phía Bắc Đảo Miều)",2364428,499994,2027,3,ALL,,,,,,,,,,,,,0.0013030779082328,0.002036353573203,0.0001037786278175,0.0012360671535134,0.0010409452952444,0.0001684697926975,0.0152524719014763,0.000302431959426,
NB81,"Khu vực ven bờ xã Quảng Phong, Hải Hà (phía Bắc Đảo Miều)",2364428,499994,2027,4,ALL,,,,,,,,,,,,,0.0013075555907562,0.0017476320499554,0.0001037786278175,0.000173392065335,0.0014795904280617,0.0001684697926975,0.0288885068148374,0.0004110810405109,
NB82,"Khu bến phà Cái Chiên phía Băc đảo Cái Chiên, Hải Hà",2359689,500633,2027,3,cobia,6.0190749168396,29.13125991821289,8.205890655517578,31.71977806091309,0.0346929430961608,0.0593457445502281,36.297828674316406,105.59410095214844,1.378817796707153,0.0,125.57000732421876,0.0,,,,,,,,,
NB82,"Khu bến phà Cái Chiên phía Băc đảo Cái Chiên, Hải Hà",2359689,500633,2027,4,cobia,6.504208087921143,24.8413028717041,7.972742557525635,30.944440841674805,0.0310367625206708,0.0153761999681591,31.62136459350586,107.862060546875,3.2876861095428467,702.7830200195312,123.68254089355467,0.0,,,,,,,,,
NB82,"Khu bến phà Cái Chiên phía Băc đảo Cái Chiên, Hải Hà",2359689,500633,2027,3,ALL,,,,,,,,,,,,,0.0013075555907562,0.0019749158527702,0.0001037786278175,0.0,0.0005071724881418,0.0001684697926975,0.0105956681072711,0.0003117926535196,
NB82,"Khu bến phà Cái Chiên phía Băc đảo Cái Chiên, Hải Hà",2359689,500633,2027,4,ALL,,,,,,,,,,,,,0.0013075555907562,0.0022227186709642,0.0001037786278175,0.000413556350395,0.0010942894732579,0.0001684697926975,0.0135036632418632,0.00040036891005,
NB83,"Bãi tắm Đầu Rồng- xã Cái Chiên, Hải Hà",2356931,499505,2027,3,cobia,5.490772724151611,27.7158432006836,8.159940719604492,31.62416648864746,0.0324692241847515,0.051545076072216,34.5574836730957,109.6365966796875,1.344206929206848,386.6617431640625,134.36175537109375,1.4158635139465332,,,,,,,,,
NB83,"Bãi tắm Đầu Rồng- xã Cái Chiên, Hải Hà",2356931,499505,2027,4,cobia,5.86145544052124,24.215356826782227,8.261982917785645,31.88797378540039,0.0375489257276058,0.0408965945243835,32.84917068481445,94.31944274902344,1.3601491451263428,89.12508392333984,133.09799194335938,0.0,,,,,,,,,
NB84,Ven bờ phía Tây đảo Vĩnh Thực- Móng Cái,2362922,508334,2027,3,cobia,5.903764247894287,28.414287567138672,8.16982650756836,32.08203887939453,0.0556701682507991,0.056263405829668,35.85308074951172,144.45570373535156,4.459650039672852,1594.7076416015625,129.3007049560547,5.572094917297363,,,,,,,,,
NB84,Ven bờ phía Tây đảo Vĩnh Thực- Móng Cái,2362922,508334,2027,4,cobia,6.548720359802246,25.001977920532227,8.123966217041016,30.849199295043945,0.0471464842557907,0.043013647198677,29.37697410583496,120.613525390625,4.333523750305176,1002.4225463867188,122.41080474853516,1.1003546714782717,,,,,,,,,
NB85,Ven bờ xã Quảng Nghĩa -Móng Cái,2374296,507087,2027,3,cobia,5.704617977142334,28.680912017822266,7.681065082550049,17.38791275024414,0.0458692498505115,0.052167996764183,36.2681884765625,97.26171875,10.263079643249512,83.21139526367188,121.6540985107422,3.525111198425293,,,,,,,,,
NB85,Ven bờ xã Quảng Nghĩa -Móng Cái,2374296,507087,2027,4,cobia,5.429609298706055,25.41054344177246,7.798166275024414,19.399526596069336,0.0513963438570499,0.0552025102078914,35.786251068115234,94.58988189697266,12.0562162399292,887.5584716796875,113.44082641601562,0.0,,,,,,,,,
NB83,"Bãi tắm Đầu Rồng- xã Cái Chiên, Hải Hà",2356931,499505,2027,3,ALL,,,,,,,,,,,,,0.0013075555907562,0.0021234189625829,0.0001037786278175,0.0002888038288801,0.0005991577054373,0.0001684697926975,0.0186798684298992,0.0003648918354883,
NB83,"Bãi tắm Đầu Rồng- xã Cái Chiên, Hải Hà",2356931,499505,2027,4,ALL,,,,,,,,,,,,,0.0013075555907562,0.0021639019250869,0.0001037786278175,0.0003971369005739,0.0016678739339113,0.0001684697926975,0.0170692335814237,0.0004143455007579,
NB84,Ven bờ phía Tây đảo Vĩnh Thực- Móng Cái,2362922,508334,2027,3,ALL,,,,,,,,,,,,,0.0013075555907562,0.0018769426969811,0.0001037786278175,0.0002591654192656,0.0019366347696632,0.0001684697926975,0.0106964241713285,0.0003925493801943,
NB84,Ven bờ phía Tây đảo Vĩnh Thực- Móng Cái,2362922,508334,2027,4,ALL,,,,,,,,,,,,,0.0013075555907562,0.0018831694032996,0.0001037786278175,0.0060626626946032,0.0028006173670291,0.0001684697926975,0.0170812755823135,0.001092059072107,
NB85,Ven bờ xã Quảng Nghĩa -Móng Cái,2374296,507087,2027,3,ALL,,,,,,,,,,,,,0.0013075555907562,0.002290220465511,0.0001037786278175,0.0,0.0010674595832824,0.0001684697926975,0.0294561199843883,0.0003459306026343,
NB85,Ven bờ xã Quảng Nghĩa -Móng Cái,2374296,507087,2027,4,ALL,,,,,,,,,,,,,0.0013075555907562,0.0017948963213711,0.0001037786278175,0.0002882717526517,0.0016857871087267,0.0001684697926975,0.0190423652529716,0.0003192299918737,
NB86,Ven bờ phường Hải Yên - Móng Cái,2378235,515563,2027,3,cobia,5.168952941894531,28.59749221801757,7.662761688232422,18.94400405883789,0.0521312654018402,0.1175950318574905,28.63477897644043,95.63397216796876,11.106886863708496,10558.333984375,121.95149230957033,0.0,,,,,,,,,
NB86,Ven bờ phường Hải Yên - Móng Cái,2378235,515563,2027,4,cobia,5.24939489364624,23.79449462890625,7.7294921875,21.22902488708496,0.0553963929414749,0.1155757009983062,28.7158260345459,78.50003051757812,12.234731674194336,7744.42138671875,98.1242446899414,3.767401218414306,,,,,,,,,
NB86,Ven bờ phường Hải Yên - Móng Cái,2378235,515563,2027,3,ALL,,,,,,,,,,,,,0.0013030779082328,0.0016169906593859,0.0001037786278175,0.0,0.0005964748561382,0.0001684697926975,0.0025252355262637,0.0003481612657196,
NB86,Ven bờ phường Hải Yên - Móng Cái,2378235,515563,2027,4,ALL,,,,,,,,,,,,,0.0013075555907562,0.00212510721758,0.0001037786278175,0.0,0.0014228463405743,0.0001684697926975,0.0309256631880998,0.0004060279752593,
NB87,Khu vực cửa sông KaLong - Móng Cái,2369213,521009,2027,3,cobia,5.183435916900635,28.826875686645508,8.01451301574707,22.62121963500977,0.0551837794482708,0.0204990543425083,33.97930908203125,83.97348022460938,6.608874320983887,0.0,122.74018096923828,4.126903533935547,,,,,,,,,
NB87,Khu vực cửa sông KaLong - Móng Cái,2369213,521009,2027,4,cobia,5.622673511505127,23.773645401000977,8.078865051269531,25.32513427734375,0.0558679178357124,0.0211529526859521,36.93903732299805,73.93872833251953,5.985048294067383,0.0,116.01538848876952,0.3784333169460296,,,,,,,,,
NB88,"Khu vực ven bờ  Núi Tổ Chim, Hải Hoà - Móng Cái ",2379574,529701,2027,3,cobia,6.67680025100708,28.508394241333008,8.173111915588379,30.265962600708008,0.0578295439481735,0.0523574016988277,35.5924072265625,100.89300537109376,4.436460018157959,229.54806518554688,110.55039978027344,0.0,,,,,,,,,
NB88,"Khu vực ven bờ  Núi Tổ Chim, Hải Hoà - Móng Cái ",2379574,529701,2027,4,cobia,10.438992500305176,25.847938537597656,8.185403823852539,29.489591598510746,0.0467369444668293,0.0450781434774398,32.53852844238281,114.7825698852539,3.874714612960816,1146.9315185546875,125.73902893066406,0.0,,,,,,,,,
NB89,Bãi tắm Trà Cổ,2375900,528808,2027,3,cobia,6.6274495124816895,28.05668067932129,8.134844779968262,29.906957626342773,0.0765856876969337,0.051902025938034,39.15059280395508,100.34548950195312,12.657108306884766,0.0,143.75990295410156,0.0,,,,,,,,,
NB89,Bãi tắm Trà Cổ,2375900,528808,2027,4,cobia,7.542743682861328,24.686182022094727,8.181941032409668,30.15513038635254,0.062467522919178,0.0482117831707,36.62324905395508,64.89598083496094,14.293031692504885,0.0,136.15415954589844,0.0,,,,,,,,,
NB87,Khu vực cửa sông KaLong - Móng Cái,2369213,521009,2027,3,ALL,,,,,,,,,,,,,0.0013030779082328,0.0018533769762143,0.0001037786278175,0.0014133943477645,0.0013931099092587,0.0001684697926975,0.0149174975231289,7.838813326088712e-05,
NB87,Khu vực cửa sông KaLong - Móng Cái,2369213,521009,2027,4,ALL,,,,,,,,,,,,,0.0013075555907562,0.0014100997941568,0.0001037786278175,0.0,0.0009114600834436,0.0001684697926975,0.0065283263102173,0.000374782772269,
NB88,"Khu vực ven bờ  Núi Tổ Chim, Hải Hoà - Móng Cái ",2379574,529701,2027,3,ALL,,,,,,,,,,,,,0.0013075555907562,0.0019381317542865,0.0001037786278175,0.0001116743806051,0.0015715446788817,0.0001684697926975,0.0151970917358994,0.0005463506095111,
NB88,"Khu vực ven bờ  Núi Tổ Chim, Hải Hoà - Móng Cái ",2379574,529701,2027,4,ALL,,,,,,,,,,,,,0.0013075555907562,0.0017352323047816,0.0001037786278175,0.0,0.0009478686843067,0.0001684697926975,0.0130557091906666,0.0003530637768562,
NB89,Bãi tắm Trà Cổ,2375900,528808,2027,3,ALL,,,,,,,,,,,,,0.0013075555907562,0.0019072727300226,0.0001037786278175,0.00058562355116,0.001096594845876,0.0001684697926975,0.0095599023625254,0.0003694150655064,
NB89,Bãi tắm Trà Cổ,2375900,528808,2027,4,ALL,,,,,,,,,,,,,0.0013075555907562,0.0019873757846653,0.0001037786278175,0.0,0.0005071221385151,0.0001684697926975,0.0108529785647988,0.0003426037146709,
NB90,Khu vực cảng Cô Tô,2319575,501050,2027,3,cobia,5.693678379058838,28.195152282714844,8.114910125732422,32.01049041748047,0.0391534902155399,0.0571481063961982,38.0923080444336,105.31220245361328,3.602710008621216,0.0,138.03086853027344,1.61564302444458,,,,,,,,,
NB90,Khu vực cảng Cô Tô,2319575,501050,2027,4,cobia,5.574925422668457,23.94122886657715,8.105175018310547,31.319982528686523,0.0424356870353221,0.0340150333940982,33.32912826538086,80.03076934814453,2.2068002223968506,0.0,128.04864501953125,2.3599438667297363,,,,,,,,,
NB90,Khu vực cảng Cô Tô,2319575,501050,2027,3,ALL,,,,,,,,,,,,,0.0013075555907562,0.0019107467960566,0.0001037786278175,0.0005399793735705,0.0009905026527121,0.0001684697926975,0.0140562020242214,0.0002992991067003,
NB90,Khu vực cảng Cô Tô,2319575,501050,2027,4,ALL,,,,,,,,,,,,,0.0013075555907562,0.0016016991576179,0.0001037786278175,0.0025722857099026,0.001393785350956,0.0001684697926975,0.0254900623112916,0.0012525608763098,
NB91,"Khu vực Vụng cát 2, 3 - khu 4 thị trấn Cô Tô",2317783,498813,2027,3,cobia,5.739013671875,28.463632583618164,8.123496055603027,31.969831466674805,0.0443073213100433,0.0478643625974655,34.698177337646484,102.61091613769533,2.0567867755889893,0.0,108.1362533569336,0.0,,,,,,,,,
NB91,"Khu vực Vụng cát 2, 3 - khu 4 thị trấn Cô Tô",2317783,498813,2027,4,cobia,5.599598407745361,24.24441909790039,8.061738967895508,31.68081855773925,0.0537797883152961,0.0188621934503316,36.41831970214844,93.82044219970705,1.4517759084701538,0.0,142.27816772460938,1.0946199893951416,,,,,,,,,
NB93,Khu vực ven bờ phía Nam xã Đồng Tiến,2321580,498778,2027,3,cobia,6.08763599395752,28.83037376403809,8.055755615234375,31.06977081298828,0.0349941663444042,0.0505399443209171,38.64643478393555,91.56321716308594,2.137209415435791,0.0,117.71078491210938,0.0,,,,,,,,,
NB93,Khu vực ven bờ phía Nam xã Đồng Tiến,2321580,498778,2027,4,cobia,11.863975524902344,25.804628372192383,7.99107551574707,31.43639373779297,0.0347847118973732,0.0228823069483041,38.247196197509766,96.6675033569336,1.2796173095703125,0.0,130.14678955078125,2.270815134048462,,,,,,,,,
NB92,"Khu vực bãi tắm Hồng Vàn, xã Đồng Tiến",2323555,501698,2027,3,cobia,5.647408485412598,28.276309967041016,8.079732894897461,32.01557540893555,0.0467448756098747,0.0534414537250995,35.40563201904297,80.75545501708984,3.409598588943481,0.0,126.66177368164062,0.0,,,,,,,,,
NB92,"Khu vực bãi tắm Hồng Vàn, xã Đồng Tiến",2323555,501698,2027,4,cobia,6.393046379089356,24.997501373291016,8.078438758850098,31.24745178222656,0.0525438077747821,0.0314278788864612,38.871089935302734,93.86731719970705,1.6096816062927246,0.0,121.17179870605467,1.1646614074707031,,,,,,,,,
NB94,Khu vực phía Bắc đảo Cô Tô con,2328260,501917,2027,3,cobia,5.665701389312744,27.58505821228028,8.000410079956055,32.283897399902344,0.0700526311993599,0.0684420838952064,32.59063720703125,105.7043685913086,4.611764430999756,1245.7265625,129.88882446289062,0.0,,,,,,,,,
NB94,Khu vực phía Bắc đảo Cô Tô con,2328260,501917,2027,4,cobia,5.66974401473999,25.73422622680664,8.134298324584961,31.19833374023437,0.072207286953926,0.0383584834635257,28.56839370727539,76.40542602539062,2.613756895065308,0.0,107.03319549560548,0.0,,,,,,,,,
NB91,"Khu vực Vụng cát 2, 3 - khu 4 thị trấn Cô Tô",2317783,498813,2027,3,ALL,,,,,,,,,,,,,0.0013030779082328,0.0017654766561463,0.0001037786278175,0.0,0.0006427541957236,0.0001684697926975,0.0027553001418709,0.0001157429214799,
NB91,"Khu vực Vụng cát 2, 3 - khu 4 thị trấn Cô Tô",2317783,498813,2027,4,ALL,,,,,,,,,,,,,0.0013075555907562,0.001682382193394,0.0001037786278175,0.0,0.0015288216527551,0.0001684697926975,0.0287494622170925,0.0003861298901028,
NB93,Khu vực ven bờ phía Nam xã Đồng Tiến,2321580,498778,2027,3,ALL,,,,,,,,,,,,,0.0013030779082328,0.0017815248575061,0.0001037786278175,0.0019114128081128,0.0012084951158612,0.0001684697926975,0.007805838715285,0.0004012806166429,
NB93,Khu vực ven bờ phía Nam xã Đồng Tiến,2321580,498778,2027,4,ALL,,,,,,,,,,,,,0.0013075555907562,0.0017444394761696,0.0001037786278175,0.0003813795919995,0.0004482538788579,0.0001684697926975,0.01305668707937,0.0003219224163331,
NB92,"Khu vực bãi tắm Hồng Vàn, xã Đồng Tiến",2323555,501698,2027,3,ALL,,,,,,,,,,,,,0.0013075555907562,0.0020812565926462,0.0001037786278175,0.0089456010609865,0.0022007951047271,0.0001684697926975,0.0157730616629123,0.0006708876462653,
NB92,"Khu vực bãi tắm Hồng Vàn, xã Đồng Tiến",2323555,501698,2027,4,ALL,,,,,,,,,,,,,0.0013075555907562,0.0015945335617288,0.0001037786278175,0.0002035672223428,0.0010130434529855,0.0001684697926975,0.0116859013214707,0.0003668472345452,
NB94,Khu vực phía Bắc đảo Cô Tô con,2328260,501917,2027,3,ALL,,,,,,,,,,,,,0.0013030779082328,0.0021898164413869,0.0001037786278175,0.0063840141519904,0.0020604156889021,0.0001684697926975,0.0153188845142722,0.000321012805216,
NB94,Khu vực phía Bắc đảo Cô Tô con,2328260,501917,2027,4,ALL,,,,,,,,,,,,,0.0013075555907562,0.0017279316671192,0.0001037786278175,0.0,0.0010851108236238,0.0001684697926975,0.0069383555091917,0.0004120712110307,
NB95,Khu vực phía Nam đảo Cô Tô con,2326638,502012,2027,3,cobia,7.864258766174316,27.948055267333984,8.165987014770508,31.37616920471192,0.0580576509237289,0.0535900704562664,34.829532623291016,107.43721771240234,3.0914435386657715,5137.81494140625,113.6668472290039,5.162280559539795,,,,,,,,,
NB95,Khu vực phía Nam đảo Cô Tô con,2326638,502012,2027,4,cobia,6.447150230407715,25.839296340942383,8.169597625732422,30.91797065734864,0.0514871664345264,0.0456766970455646,40.86760711669922,133.6559295654297,3.3779137134552,4047.36474609375,127.30716705322266,1.8003078699111938,,,,,,,,,
NB97,Khu vực phía Tây  đảo Cô Tô con,2327497,501058,2027,3,cobia,5.411948204040527,27.96785545349121,8.15169906616211,30.73659896850586,0.0342902466654777,0.0394836068153381,38.434417724609375,116.29264068603516,2.703932523727417,0.0,132.0862579345703,1.7317780256271362,,,,,,,,,
NB97,Khu vực phía Tây  đảo Cô Tô con,2327497,501058,2027,4,cobia,5.536009311676025,24.139265060424805,8.088868141174316,31.502517700195312,0.0397783555090427,0.0213705077767372,38.30128479003906,109.2082290649414,1.9382188320159912,0.0,135.70594787597656,1.85038161277771,,,,,,,,,
NB96,Khu vực phía Đông đảo Cô Tô con,2327640,503181,2027,3,cobia,5.379938125610352,27.31304359436035,8.0921049118042,31.71963691711425,0.0492122806608676,0.0463695712387561,33.45249557495117,95.09463500976562,4.182028770446777,0.0,120.10742950439452,0.0,,,,,,,,,
NB96,Khu vực phía Đông đảo Cô Tô con,2327640,503181,2027,4,cobia,5.8362650871276855,24.003597259521484,8.100301742553711,32.12485122680664,0.0406825356185436,0.0162123721092939,33.848262786865234,98.70015716552734,2.9965267181396484,0.0,132.77027893066406,0.0,,,,,,,,,
NB98,Khu vực cảng Thanh Lân,2323023,505543,2027,3,cobia,5.643957138061523,28.19831657409668,8.086996078491211,31.3439884185791,0.0464317798614501,0.0511583425104618,34.316341400146484,85.74340057373047,3.696532249450684,2198.629638671875,120.65095520019533,4.513039588928223,,,,,,,,,
NB98,Khu vực cảng Thanh Lân,2323023,505543,2027,4,cobia,5.708904266357422,24.17344665527344,8.170221328735352,31.39950942993164,0.0546422898769378,0.0392309390008449,31.572235107421875,107.18953704833984,3.510601282119751,698.1512451171875,121.19801330566406,0.0,,,,,,,,,
NB95,Khu vực phía Nam đảo Cô Tô con,2326638,502012,2027,3,ALL,,,,,,,,,,,,,0.0013030779082328,0.0021447089966386,0.0001037786278175,0.001808880479075,0.0017784789670258,0.0001684697926975,0.0126579189673066,0.0006466239574365,
NB95,Khu vực phía Nam đảo Cô Tô con,2326638,502012,2027,4,ALL,,,,,,,,,,,,,0.0013075555907562,0.0017980511765927,0.0001037786278175,0.0001100125082302,0.0010187386069446,0.0001684697926975,0.0134182702749967,0.0003084893978666,
NB97,Khu vực phía Tây  đảo Cô Tô con,2327497,501058,2027,3,ALL,,,,,,,,,,,,,0.0013030779082328,0.0022656780201941,0.0001037786278175,0.0037670885212719,0.0010272141080349,0.0001684697926975,0.0171129256486892,0.0002234791172668,
NB97,Khu vực phía Tây  đảo Cô Tô con,2327497,501058,2027,4,ALL,,,,,,,,,,,,,0.0013075555907562,0.0018499495927244,0.0001037786278175,0.0008168420754373,0.0012133518466725,0.0001684697926975,0.0122477188706398,0.0003949078381992,
NB96,Khu vực phía Đông đảo Cô Tô con,2327640,503181,2027,3,ALL,,,,,,,,,,,,,0.0013030779082328,0.0023317413870245,0.0001037786278175,0.0,0.0007937565096653,0.0001684697926975,0.014428867958486,0.0003925915225408,
NB96,Khu vực phía Đông đảo Cô Tô con,2327640,503181,2027,4,ALL,,,,,,,,,,,,,0.0013075555907562,0.0020911893807351,0.0001037786278175,0.0023615185637027,0.0015601963968947,0.0001684697926975,0.0139939878135919,0.0006231871666386,
NB98,Khu vực cảng Thanh Lân,2323023,505543,2027,3,ALL,,,,,,,,,,,,,0.0013075555907562,0.0024573553819209,0.0001037786278175,0.0004603498382493,0.0006839641137048,0.0001684697926975,0.0122298719361424,0.0002780739159788,
NB98,Khu vực cảng Thanh Lân,2323023,505543,2027,4,ALL,,,,,,,,,,,,,0.0013075555907562,0.0019582672975957,0.0001037786278175,0.0,0.0019377470016479,0.0001684697926975,0.0187209546566009,0.0004124183324165,
NB99,Khu vực nuôi nhuyễn thể phía Đông Nam đảo Thanh Lân,2321546,505635,2027,3,cobia,5.509665966033936,28.109378814697266,8.077984809875488,31.61677360534668,0.0549913011491298,0.0504601299762725,37.45627212524414,112.15572357177734,3.7556116580963135,1034.5726318359375,140.63363647460938,0.9064635634422302,,,,,,,,,
NB99,Khu vực nuôi nhuyễn thể phía Đông Nam đảo Thanh Lân,2321546,505635,2027,4,cobia,6.3529133796691895,25.24131965637207,8.069107055664062,31.78449440002441,0.0553418844938278,0.0382689014077186,33.58909606933594,97.42559051513672,2.733693599700928,0.0,124.04055786132812,0.0,,,,,,,,,
NB99,Khu vực nuôi nhuyễn thể phía Đông Nam đảo Thanh Lân,2321546,505635,2027,3,ALL,,,,,,,,,,,,,0.0013030779082328,0.0021157618612051,0.0001037786278175,0.0039350613951683,0.0021283184178173,0.0001684697926975,0.0222609099000692,0.0005295424489304,
NB99,Khu vực nuôi nhuyễn thể phía Đông Nam đảo Thanh Lân,2321546,505635,2027,4,ALL,,,,,,,,,,,,,0.0013075555907562,0.0018566431244835,0.0001037786278175,3.888102946802974e-05,0.0013910046545788,0.0001684697926975,0.0184467025101184,0.0003785644075833,
NB4,Khu Hòn Gạc- vịnh Cửa Lục,2320452,429685,2025,1,oyster,6.65004301071167,18.999462127685547,8.08720874786377,29.23102188110352,0.0514070354402065,,33.539634704589844,73.80694580078125,8.960610389709473,0.0,121.81057739257812,0.0,,,,,,,,,0.0404903963208198
NB4,Khu Hòn Gạc- vịnh Cửa Lục,2320452,429685,2025,2,oyster,6.162684440612793,24.85845947265625,8.074051856994629,27.41618156433105,0.0595134198665618,,36.0469856262207,84.44664001464844,9.045403480529783,0.0,122.9609832763672,0.4740234315395355,,,,,,,,,0.0431240610778331
NB4,Khu Hòn Gạc- vịnh Cửa Lục,2320452,429685,2025,3,oyster,6.717092514038086,27.218578338623047,8.06786060333252,27.7605037689209,0.0391755476593971,,33.074012756347656,73.3966064453125,9.45921802520752,0.0,121.78643798828124,5.120176315307617,,,,,,,,,0.0360710844397544
NB4,Khu Hòn Gạc- vịnh Cửa Lục,2320452,429685,2025,4,oyster,6.278393745422363,24.25769424438477,8.129698753356934,28.760534286499023,0.0314258709549903,,32.089012145996094,74.74910736083984,8.000229835510254,0.0,124.24298858642578,6.754417419433594,,,,,,,,,0.0397717989981174
NB4,Khu Hòn Gạc- vịnh Cửa Lục,2320452,429685,2026,1,oyster,7.206003665924072,19.11566162109375,8.125558853149414,28.713661193847656,0.0387195162475109,,36.36857986450195,107.0591812133789,10.095276832580566,0.0,134.16477966308594,0.0,,,,,,,,,0.0430709868669509
NB4,Khu Hòn Gạc- vịnh Cửa Lục,2320452,429685,2026,2,oyster,6.273566246032715,24.523622512817383,8.084524154663086,25.23179244995117,0.0450629070401191,,36.10480117797852,102.6041259765625,11.01113224029541,0.0,116.69483947753906,0.0,,,,,,,,,0.0416672229766845
NB4,Khu Hòn Gạc- vịnh Cửa Lục,2320452,429685,2026,3,oyster,5.993383884429932,27.76512908935547,8.091248512268066,25.556764602661133,0.0375123284757137,,34.434120178222656,105.41629028320312,10.323203086853027,0.0,130.47703552246094,1.718154788017273,,,,,,,,,0.0444863215088844
NB4,Khu Hòn Gạc- vịnh Cửa Lục,2320452,429685,2026,4,oyster,5.4422454833984375,24.814849853515625,8.017186164855957,27.14722442626953,0.0289430208504199,,30.704458236694336,96.66606903076172,9.380196571350098,0.0,121.16381072998048,0.0,,,,,,,,,0.036604780703783
NB4,Khu Hòn Gạc- vịnh Cửa Lục,2320452,429685,2027,1,oyster,7.618100643157959,20.08149528503418,8.153246879577637,27.419404983520508,0.0532632917165756,,31.54128837585449,108.89828491210938,12.074007987976074,0.0,136.17677307128906,0.0,,,,,,,,,0.0392108671367168
NB4,Khu Hòn Gạc- vịnh Cửa Lục,2320452,429685,2027,2,oyster,7.144991874694824,24.81633186340332,8.048293113708496,24.74962615966797,0.0588111504912376,,34.13957977294922,96.13317108154295,11.527995109558104,0.0,124.73402404785156,2.9045891761779785,,,,,,,,,0.039285697042942
NB4,Khu Hòn Gạc- vịnh Cửa Lục,2320452,429685,2027,3,oyster,6.414102077484131,27.864601135253903,8.080726623535156,25.103748321533203,0.0397423096001148,,35.24088287353516,97.38346862792967,9.151662826538086,0.0,133.95730590820312,3.3297550678253174,,,,,,,,,0.0385155864059925
NB3,Cảng Cái Lân- vịnh Cửa Lục,2320268,427607,2025,1,oyster,6.499594211578369,19.287891387939453,8.151341438293457,30.294641494750977,0.03843405097723,,35.20301055908203,71.67891693115234,6.269813060760498,569.88916015625,130.79544067382812,2.1855063438415527,,,,,,,,,0.0387005135416984
NB3,Cảng Cái Lân- vịnh Cửa Lục,2320268,427607,2025,2,oyster,6.071348190307617,25.61603355407715,8.08378791809082,29.37090301513672,0.0405553691089153,,31.05081367492676,110.3743667602539,9.231077194213867,981.9113159179688,122.7898178100586,3.416797876358032,,,,,,,,,0.037674643099308
NB3,Cảng Cái Lân- vịnh Cửa Lục,2320268,427607,2025,3,oyster,5.92905855178833,27.58978080749512,8.124037742614746,29.40764808654785,0.0345037393271923,,29.99030494689941,107.47833251953124,6.781322479248047,3014.315673828125,131.3990936279297,1.4612306356430054,,,,,,,,,0.0379451550543308
NB3,Cảng Cái Lân- vịnh Cửa Lục,2320268,427607,2025,4,oyster,5.918993949890137,25.41057586669922,8.082989692687988,29.52415657043457,0.0362243987619876,,32.21132278442383,102.4750518798828,6.805505752563477,1386.2884521484375,130.63352966308594,0.947327733039856,,,,,,,,,0.0395608730614185
NB3,Cảng Cái Lân- vịnh Cửa Lục,2320268,427607,2026,1,oyster,5.988543510437012,21.020687103271484,8.122686386108398,30.07297706604004,0.0405395552515983,,26.360395431518555,86.34296417236328,5.207067489624023,1994.703857421875,110.68821716308594,0.0,,,,,,,,,0.0366519279778003
NB3,Cảng Cái Lân- vịnh Cửa Lục,2320268,427607,2026,2,oyster,5.185111999511719,24.99201202392578,8.172797203063965,30.049076080322266,0.0440173149108886,,27.66059303283692,55.628173828125,4.032495498657227,763.1675415039062,93.05911254882812,0.0,,,,,,,,,0.0413102954626083
NB3,Cảng Cái Lân- vịnh Cửa Lục,2320268,427607,2026,3,oyster,5.898604393005371,27.230144500732425,8.20276165008545,30.78082656860352,0.0489193461835384,,29.558439254760746,85.56132507324219,4.415085315704346,0.0,110.07837677001952,0.8637750744819641,,,,,,,,,0.0386172495782375
NB3,Cảng Cái Lân- vịnh Cửa Lục,2320268,427607,2026,4,oyster,6.160783767700195,24.27545928955078,8.238029479980469,30.271604537963867,0.0424762144684791,,35.87733840942383,111.84671020507812,4.2462263107299805,0.0,114.93843841552734,0.0,,,,,,,,,0.0435765795409679
NB3,Cảng Cái Lân- vịnh Cửa Lục,2320268,427607,2027,1,oyster,6.616847515106201,20.68317413330078,8.23416805267334,30.28033828735352,0.0559581518173217,,34.40305709838867,119.91709899902344,5.174948215484619,0.0,121.75624084472656,0.0,,,,,,,,,0.0432690009474754
NB3,Cảng Cái Lân- vịnh Cửa Lục,2320268,427607,2027,2,oyster,6.046600341796875,25.216352462768555,8.057305335998535,30.283342361450195,0.0739532485604286,,34.372127532958984,124.38356018066406,5.883497714996338,0.0,120.05984497070312,0.0,,,,,,,,,0.0410918593406677
NB3,Cảng Cái Lân- vịnh Cửa Lục,2320268,427607,2027,3,oyster,5.995443344116211,27.19407081604004,8.165576934814453,30.400362014770508,0.0551970899105072,,31.16555976867676,86.74079132080078,5.274333953857422,0.0,122.12249755859376,0.0,,,,,,,,,0.035749290138483
NB1,Luồng vào cảng Cái Lân tại cầu Bãi Cháy,2318587,428692,2025,1,oyster,6.183389186859131,19.611364364624023,8.104909896850586,30.813322067260746,0.0499786436557769,,33.414981842041016,71.51597595214844,6.071502208709717,0.0,111.2819595336914,0.0,,,,,,,,,0.0367320999503135
NB1,Luồng vào cảng Cái Lân tại cầu Bãi Cháy,2318587,428692,2025,2,oyster,5.95580005645752,24.35516166687012,7.988453388214111,29.35320854187012,0.0628169327974319,,34.57674789428711,62.87291717529297,7.437771797180176,0.0,116.66268157958984,6.247728824615479,,,,,,,,,0.0372039750218391
NB1,Luồng vào cảng Cái Lân tại cầu Bãi Cháy,2318587,428692,2025,3,oyster,5.980692863464356,27.19215583801269,8.000405311584473,29.26268577575684,0.0444268137216568,,37.849830627441406,75.70809173583984,8.79931926727295,0.0,120.90526580810548,1.709267258644104,,,,,,,,,0.0407946966588497
NB1,Luồng vào cảng Cái Lân tại cầu Bãi Cháy,2318587,428692,2025,4,oyster,6.126569271087647,23.825023651123047,8.060420989990234,29.82765769958496,0.0281300526112318,,37.298709869384766,98.81459045410156,6.522496700286865,0.0,129.4630126953125,0.3232808411121368,,,,,,,,,0.0392225757241249
NB1,Luồng vào cảng Cái Lân tại cầu Bãi Cháy,2318587,428692,2026,1,oyster,7.105281829833984,18.74497413635254,8.07756519317627,31.09758758544922,0.0380778200924396,,32.62184143066406,93.50928497314452,7.755555152893066,0.0,126.04019165039062,0.317469984292984,,,,,,,,,0.038108255714178
NB1,Luồng vào cảng Cái Lân tại cầu Bãi Cháy,2318587,428692,2026,2,oyster,6.145415782928467,24.754812240600582,8.016876220703125,30.0561466217041,0.0431814193725585,,34.7703742980957,110.7052001953125,7.014754295349121,0.0,124.76512145996094,3.2624573707580566,,,,,,,,,0.0389618016779422
NB1,Luồng vào cảng Cái Lân tại cầu Bãi Cháy,2318587,428692,2026,3,oyster,6.03412675857544,27.40640449523925,8.089384078979492,29.37174797058105,0.0340758115053176,,35.654335021972656,78.0431137084961,6.482358455657959,0.0,126.0044403076172,1.840251445770264,,,,,,,,,0.0432401448488235
NB1,Luồng vào cảng Cái Lân tại cầu Bãi Cháy,2318587,428692,2026,4,oyster,7.195295810699463,23.813995361328125,8.118185997009277,30.635648727416992,0.0293731912970542,,33.67791748046875,97.82573699951172,6.6907639503479,576.1126708984375,120.71481323242188,0.3603563010692596,,,,,,,,,0.0362926945090293
NB1,Luồng vào cảng Cái Lân tại cầu Bãi Cháy,2318587,428692,2027,1,oyster,6.94443416595459,19.117780685424805,8.144658088684082,31.09220123291016,0.0405058488249778,,35.109745025634766,128.75613403320312,10.658772468566896,0.0,141.61642456054688,3.0761022567749023,,,,,,,,,0.0486987605690956
NB1,Luồng vào cảng Cái Lân tại cầu Bãi Cháy,2318587,428692,2027,2,oyster,6.54229211807251,24.969480514526367,8.030052185058594,30.63745307922364,0.046128187328577,,29.41473388671875,84.50331115722656,5.264924049377441,0.0,108.85562896728516,1.3933943510055542,,,,,,,,,0.0376258864998817
NB1,Luồng vào cảng Cái Lân tại cầu Bãi Cháy,2318587,428692,2027,3,oyster,6.414480686187744,27.215648651123047,8.125618934631348,30.6680908203125,0.0310715120285749,,34.1502571105957,86.06623840332031,4.462451934814453,0.0,124.33695220947266,3.975998640060425,,,,,,,,,0.0368338786065578
NB2,Cảng B12- vịnh Cửa Lục,2319163,428365,2025,1,oyster,6.417141437530518,20.57889938354492,8.082228660583496,29.67781639099121,0.0291273724287748,,33.94785690307617,62.369140625,7.392391681671143,1002.5709838867188,118.29125213623048,0.0,,,,,,,,,0.0374572873115539
NB2,Cảng B12- vịnh Cửa Lục,2319163,428365,2025,2,oyster,6.059560775756836,25.148681640625,7.999128341674805,28.18311882019043,0.0342449322342872,,32.6432991027832,102.97657012939452,10.32142734527588,1908.3072509765625,111.7254867553711,0.6532009243965149,,,,,,,,,0.0353715904057025
NB2,Cảng B12- vịnh Cửa Lục,2319163,428365,2025,3,oyster,6.098947048187256,27.31251335144043,8.063194274902344,29.000953674316406,0.0278905816376209,,32.15541458129883,100.90950775146484,9.262292861938477,4668.8486328125,126.24501037597656,3.880852460861206,,,,,,,,,0.0353719182312488
NB2,Cảng B12- vịnh Cửa Lục,2319163,428365,2025,4,oyster,5.959288597106934,26.016159057617188,8.046576499938965,28.72138023376465,0.0272488147020339,,31.83408546447754,96.7756576538086,10.393328666687012,4659.7744140625,123.4224090576172,1.4429360628128052,,,,,,,,,0.0416192598640918
NB2,Cảng B12- vịnh Cửa Lục,2319163,428365,2026,1,oyster,6.546274185180664,21.35375022888184,8.066749572753906,29.35564994812012,0.0321510098874568,,30.91638946533203,88.87808990478516,10.83176612854004,2730.506103515625,111.6471710205078,0.0,,,,,,,,,0.0457639582455158
NB2,Cảng B12- vịnh Cửa Lục,2319163,428365,2026,2,oyster,5.526309013366699,24.840261459350582,8.129213333129883,28.939985275268555,0.0430811271071434,,30.714025497436523,78.85081481933594,7.318733692169189,0.0,113.41317749023438,0.0,,,,,,,,,0.040117148309946
NB2,Cảng B12- vịnh Cửa Lục,2319163,428365,2026,3,oyster,5.663630485534668,27.40980339050293,8.212347984313965,29.059953689575195,0.0343981608748436,,34.816646575927734,100.0541763305664,6.970869064331055,0.0,115.1970672607422,2.557735681533813,,,,,,,,,0.0429018102586269
NB2,Cảng B12- vịnh Cửa Lục,2319163,428365,2026,4,oyster,5.424875259399414,25.0246639251709,8.162358283996582,29.59789085388184,0.033039066940546,,36.09534454345703,104.91124725341795,7.466618537902832,0.0,118.25724792480467,0.4873499870300293,,,,,,,,,0.0430119074881076
NB2,Cảng B12- vịnh Cửa Lục,2319163,428365,2027,1,oyster,5.726726055145264,20.401573181152344,8.148458480834961,29.6670036315918,0.0487370938062667,,31.938241958618164,94.94335174560548,8.2647705078125,0.0,118.96318817138672,0.0,,,,,,,,,0.0431671291589736
NB2,Cảng B12- vịnh Cửa Lục,2319163,428365,2027,2,oyster,6.993308067321777,24.58354949951172,8.011914253234863,27.77215576171875,0.06090684607625,,34.16270446777344,90.51119232177734,9.38421630859375,0.0,122.86271667480467,0.959346354007721,,,,,,,,,0.0361097529530525
NB2,Cảng B12- vịnh Cửa Lục,2319163,428365,2027,3,oyster,6.605284690856934,27.14866065979004,8.097888946533203,28.709487915039062,0.0431154854595661,,33.93688201904297,97.96578979492188,5.6837921142578125,0.0,126.717041015625,0.0,,,,,,,,,0.0315187461674213
NB5,Ven bờ khu đô thị CENCO 5,2319397,429449,2025,1,oyster,6.07435941696167,20.582149505615234,8.093313217163086,29.082000732421875,0.0782050415873527,,33.35851287841797,68.38182067871094,10.91312313079834,0.0,122.2200698852539,1.6550395488739014,,,,,,,,,0.0380183048546314
NB5,Ven bờ khu đô thị CENCO 5,2319397,429449,2025,2,oyster,5.805086612701416,25.51681900024414,8.016404151916504,27.188718795776367,0.0817383825778961,,29.61808967590332,76.77183532714844,11.243535041809082,0.0,117.80960845947266,2.3588104248046875,,,,,,,,,0.0359317138791084
NB5,Ven bờ khu đô thị CENCO 5,2319397,429449,2025,3,oyster,7.231322765350342,27.479393005371094,8.090218544006348,27.18259620666504,0.0799535363912582,,31.766401290893555,70.49029541015625,11.50244426727295,1993.1326904296875,119.83567810058594,5.237298965454102,,,,,,,,,0.0364770665764808
NB5,Ven bờ khu đô thị CENCO 5,2319397,429449,2025,4,oyster,6.416664123535156,25.36170959472656,8.053747177124023,28.114389419555664,0.0749664306640625,,32.820709228515625,109.51331329345705,11.453361511230469,872.067138671875,126.7429656982422,4.981510162353516,,,,,,,,,0.0342958383262157
NB5,Ven bờ khu đô thị CENCO 5,2319397,429449,2026,1,oyster,6.060852527618408,22.510826110839844,7.996626377105713,28.49285888671875,0.0728234052658081,,27.9426326751709,93.98416137695312,11.947805404663086,0.0,112.91507720947266,1.8322285413742063,,,,,,,,,0.0396268926560878
NB5,Ven bờ khu đô thị CENCO 5,2319397,429449,2026,2,oyster,5.911719799041748,25.70848274230957,7.971542358398437,26.877599716186523,0.0669375509023666,,27.575511932373047,85.75643920898438,12.113283157348633,0.0,105.82958984375,1.4225313663482666,,,,,,,,,0.0321018956601619
NB5,Ven bờ khu đô thị CENCO 5,2319397,429449,2026,3,oyster,4.840630054473877,28.33131980895996,8.007340431213379,28.094566345214844,0.0641800686717033,,33.70352554321289,111.1800308227539,12.043130874633787,0.0,123.27507781982422,1.856452703475952,,,,,,,,,0.0377328060567379
NB5,Ven bờ khu đô thị CENCO 5,2319397,429449,2026,4,oyster,4.957574844360352,25.13823509216309,8.10020923614502,29.52348518371582,0.0704344660043716,,32.39512634277344,105.57635498046876,7.588091850280762,0.0,116.37542724609376,3.692284107208252,,,,,,,,,0.0421319566667079
NB5,Ven bờ khu đô thị CENCO 5,2319397,429449,2027,1,oyster,5.850436210632324,21.331377029418945,8.030202865600586,28.04730033874512,0.0729638114571571,,33.281429290771484,86.41610717773438,9.2219820022583,0.0,112.09274291992188,1.1458441019058228,,,,,,,,,0.0393017344176769
NB5,Ven bờ khu đô thị CENCO 5,2319397,429449,2027,2,oyster,5.91131591796875,25.893348693847656,7.987218856811523,25.799654006958008,0.0756328478455543,,31.65425682067871,99.6362762451172,11.503256797790527,0.0,109.65432739257812,1.2923026084899902,,,,,,,,,0.0334957279264926
NB5,Ven bờ khu đô thị CENCO 5,2319397,429449,2027,3,oyster,5.371768951416016,27.69418907165528,7.981019020080566,26.93816375732422,0.0680494010448455,,31.589263916015625,88.61736297607422,10.447895050048828,0.0,122.43431091308594,2.7601876258850098,,,,,,,,,0.0337096564471721
NB7,Cửa sông Man tại cầu Đá Trắng đường Trới- Vũ Oai,2325055,427799,2025,1,oyster,6.1899285316467285,25.842575073242188,7.837587833404541,25.289106369018555,0.0413842163980007,,33.71792221069336,63.36659622192383,9.529540061950684,0.0,116.15979766845705,0.0,,,,,,,,,0.0393232479691505
NB7,Cửa sông Man tại cầu Đá Trắng đường Trới- Vũ Oai,2325055,427799,2025,2,oyster,5.848684310913086,30.123783111572266,7.815159797668457,24.53874015808105,0.0441492050886154,,35.011314392089844,82.18980407714844,10.527352333068848,0.0,125.13784790039062,0.7606742978096008,,,,,,,,,0.0408100187778472
NB7,Cửa sông Man tại cầu Đá Trắng đường Trới- Vũ Oai,2325055,427799,2025,3,oyster,5.843440532684326,31.77670860290528,7.816783905029297,25.46135902404785,0.0398347079753875,,33.416358947753906,68.74490356445312,9.31343936920166,229.8690643310547,124.49485778808594,1.4063332080841064,,,,,,,,,0.038264911621809
NB7,Cửa sông Man tại cầu Đá Trắng đường Trới- Vũ Oai,2325055,427799,2025,4,oyster,5.663424015045166,30.94074440002441,7.745869159698486,27.79209899902344,0.0414155907928943,,31.82611656188965,78.49610900878906,10.700621604919434,514.8882446289062,115.23263549804688,0.396590918302536,,,,,,,,,0.034316923469305
NB7,Cửa sông Man tại cầu Đá Trắng đường Trới- Vũ Oai,2325055,427799,2026,1,oyster,6.335829734802246,24.70702362060547,7.679049491882324,26.929759979248047,0.0411202237010002,,27.89131546020508,92.27267456054688,10.318194389343262,1732.6446533203125,104.3055648803711,0.8375559449195862,,,,,,,,,0.0406079776585102
NB7,Cửa sông Man tại cầu Đá Trắng đường Trới- Vũ Oai,2325055,427799,2026,2,oyster,5.904261112213135,27.74056053161621,7.804550647735596,26.32972717285156,0.0412608534097671,,28.85264587402344,98.01496887207033,9.07681369781494,4732.26220703125,115.74138641357422,5.209207057952881,,,,,,,,,0.0343376994132995
NB7,Cửa sông Man tại cầu Đá Trắng đường Trới- Vũ Oai,2325055,427799,2026,3,oyster,3.624051332473755,29.51643180847168,7.824603080749512,28.770362854003903,0.0383560918271541,,31.7958984375,81.96684265136719,6.504005432128906,2229.342529296875,118.38951873779295,0.0,,,,,,,,,0.0425027012825012
NB7,Cửa sông Man tại cầu Đá Trắng đường Trới- Vũ Oai,2325055,427799,2026,4,oyster,4.531599521636963,27.33243751525879,7.865728378295898,28.9461669921875,0.0558015070855617,,35.03467559814453,110.4958953857422,7.795372009277344,19090.498046875,127.2510223388672,0.0,,,,,,,,,0.0426598489284515
NB7,Cửa sông Man tại cầu Đá Trắng đường Trới- Vũ Oai,2325055,427799,2027,1,oyster,4.666820526123047,22.57950019836425,7.876398086547852,28.282968521118164,0.0580972470343112,,28.88665008544922,109.24675750732422,6.891700744628906,2040.0220947265625,108.78401184082033,0.0,,,,,,,,,0.0413204208016395
NB7,Cửa sông Man tại cầu Đá Trắng đường Trới- Vũ Oai,2325055,427799,2027,2,oyster,4.763278484344482,25.67347526550293,7.889356136322021,28.58641815185547,0.0627368316054344,,28.56562232971192,90.21778869628906,7.523635387420654,0.0,91.10940551757812,0.0,,,,,,,,,0.0391355641186237
NB7,Cửa sông Man tại cầu Đá Trắng đường Trới- Vũ Oai,2325055,427799,2027,3,oyster,4.8948893547058105,28.534053802490234,7.895867347717285,29.238121032714844,0.0521273985505104,,35.443382263183594,120.14649200439452,5.980985164642334,0.0,124.2005386352539,0.0,,,,,,,,,0.0357518531382083
NB6,Cửa sông Trới ven bờ KCN Việt Hưng,2322158,422550,2025,1,oyster,6.243799209594727,21.28421401977539,7.900151252746582,27.275653839111328,0.0697470232844352,,29.24356269836425,58.32799911499024,12.69822597503662,400.1489562988281,112.58834075927734,0.745498776435852,,,,,,,,,0.0381947234272956
NB6,Cửa sông Trới ven bờ KCN Việt Hưng,2322158,422550,2025,2,oyster,6.030337810516357,25.39403343200684,7.870232582092285,25.949052810668945,0.0791557133197784,,27.09860610961914,69.86564636230469,13.935946464538574,3108.653564453125,111.2136688232422,0.0,,,,,,,,,0.0309784058481454
NB6,Cửa sông Trới ven bờ KCN Việt Hưng,2322158,422550,2025,3,oyster,5.638213157653809,28.174924850463867,7.889320850372314,27.038707733154297,0.0663995370268821,,30.05276298522949,78.53062438964844,16.751129150390625,5463.6513671875,127.81062316894533,1.9678306579589844,,,,,,,,,0.0362258441746234
NB6,Cửa sông Trới ven bờ KCN Việt Hưng,2322158,422550,2025,4,oyster,5.5650811195373535,25.79254722595215,7.935928821563721,28.33121109008789,0.0719042867422103,,33.420982360839844,98.58702850341795,16.359447479248047,6082.16552734375,130.36886596679688,4.716559410095215,,,,,,,,,0.0363728739321231
NB6,Cửa sông Trới ven bờ KCN Việt Hưng,2322158,422550,2026,1,oyster,4.207428455352783,22.983549118041992,7.863048076629639,28.534873962402344,0.0738289877772331,,28.606416702270508,69.81609344482422,17.32252311706543,0.0,109.53990936279295,0.0224560778588056,,,,,,,,,0.0418726168572902
NB6,Cửa sông Trới ven bờ KCN Việt Hưng,2322158,422550,2026,2,oyster,4.623420715332031,26.837343215942383,7.9896240234375,27.31634330749512,0.0756881535053253,,35.11759948730469,113.75337982177734,16.445228576660156,0.0,98.8983917236328,0.0,,,,,,,,,0.0412776432931423
NB6,Cửa sông Trới ven bờ KCN Việt Hưng,2322158,422550,2026,3,oyster,4.048356533050537,28.144227981567383,8.052237510681152,26.67625999450684,0.0683513954281807,,32.64948654174805,105.92529296875,17.40473747253418,0.0,110.00528717041016,5.713963508605957,,,,,,,,,0.0365593433380126
NB6,Cửa sông Trới ven bờ KCN Việt Hưng,2322158,422550,2026,4,oyster,3.66084098815918,25.07076072692871,8.036751747131348,28.25092506408692,0.0772334039211273,,33.86705780029297,110.96498107910156,12.870080947875977,0.0,110.14866638183594,2.649403810501098,,,,,,,,,0.0399081856012344
NB6,Cửa sông Trới ven bờ KCN Việt Hưng,2322158,422550,2027,1,oyster,5.826402187347412,21.002784729003903,7.98231315612793,28.08061408996582,0.0744571685791015,,33.25581741333008,102.81319427490234,13.633260726928713,0.0,117.15091705322266,1.4382754564285278,,,,,,,,,0.0356074981391429
NB6,Cửa sông Trới ven bờ KCN Việt Hưng,2322158,422550,2027,2,oyster,5.727578163146973,25.730701446533203,7.971855640411377,25.951963424682617,0.0786917582154274,,30.61736869812012,81.05171966552734,12.376962661743164,0.0,115.72454833984376,3.665141105651856,,,,,,,,,0.0357768982648849
NB6,Cửa sông Trới ven bờ KCN Việt Hưng,2322158,422550,2027,3,oyster,5.361903190612793,28.30748748779297,8.040590286254883,25.396100997924805,0.0687903240323066,,33.74695587158203,103.32923126220705,12.148896217346191,0.0,134.18287658691406,2.178961753845215,,,,,,,,,0.0323363244533538
NB8,Cửa sông Diễn Vọng tại cầu Bang,2324600,433954,2025,1,oyster,6.081945896148682,23.00809097290039,7.931097507476807,25.73370933532715,0.0643452331423759,,27.55161094665528,58.1778678894043,15.945124626159668,0.0,95.58365631103516,0.566743016242981,,,,,,,,,0.0352495647966861
NB8,Cửa sông Diễn Vọng tại cầu Bang,2324600,433954,2025,2,oyster,5.783200263977051,27.92407417297364,7.816024303436279,26.092748641967773,0.0703372657299041,,30.99189186096192,67.21026611328125,16.169084548950195,1716.447021484375,101.6572723388672,0.914384663105011,,,,,,,,,0.0348124131560325
NB8,Cửa sông Diễn Vọng tại cầu Bang,2324600,433954,2025,3,oyster,5.793281555175781,29.149473190307617,7.849822521209717,27.37907791137696,0.0584739856421947,,28.863374710083008,94.7762222290039,16.29629135131836,4210.36279296875,121.22576904296876,0.3031694293022156,,,,,,,,,0.0293452125042676
NB8,Cửa sông Diễn Vọng tại cầu Bang,2324600,433954,2025,4,oyster,5.920576572418213,26.153966903686523,7.93331241607666,26.9519100189209,0.0651634186506271,,31.376060485839844,100.70721435546876,15.438735008239746,6171.029296875,138.19158935546875,4.969829559326172,,,,,,,,,0.0347740873694419
NB8,Cửa sông Diễn Vọng tại cầu Bang,2324600,433954,2026,1,oyster,5.633914947509766,23.66050720214844,7.841493606567383,27.119287490844727,0.0771947279572486,,29.304075241088867,87.10352325439453,14.465243339538574,1106.177978515625,127.17078399658205,2.486297607421875,,,,,,,,,0.0396468453109264
NB8,Cửa sông Diễn Vọng tại cầu Bang,2324600,433954,2026,2,oyster,4.704565048217773,26.546646118164062,7.781777858734131,27.203569412231445,0.0788030624389648,,29.103633880615234,68.28392791748047,14.640952110290527,0.0,110.09288787841795,0.0,,,,,,,,,0.0367797017097473
NB8,Cửa sông Diễn Vọng tại cầu Bang,2324600,433954,2026,3,oyster,4.496752738952637,27.984996795654297,7.957812309265137,26.305700302124023,0.0653129443526268,,36.46676254272461,117.60645294189452,13.649443626403809,0.0,113.10363006591795,3.1092917919158936,,,,,,,,,0.0426035150885582
NB8,Cửa sông Diễn Vọng tại cầu Bang,2324600,433954,2026,4,oyster,4.3353705406188965,25.432296752929688,7.945987224578857,27.22600746154785,0.0739213824272155,,35.78871154785156,123.22138214111328,11.834332466125488,0.0,105.33250427246094,2.879364013671875,,,,,,,,,0.0432071574032306
NB8,Cửa sông Diễn Vọng tại cầu Bang,2324600,433954,2027,1,oyster,4.452601432800293,22.527034759521484,7.94518232345581,27.00263023376465,0.0711382403969764,,31.919178009033203,104.68549346923828,13.857397079467772,0.0,102.48538208007812,3.427213191986084,,,,,,,,,0.0385571382939815
NB8,Cửa sông Diễn Vọng tại cầu Bang,2324600,433954,2027,2,oyster,5.0937604904174805,26.34664535522461,7.855695247650146,26.0821533203125,0.0762532278895378,,33.427513122558594,107.30040740966795,15.993661880493164,0.0,116.64768981933594,0.0,,,,,,,,,0.0398509353399276
NB8,Cửa sông Diễn Vọng tại cầu Bang,2324600,433954,2027,3,oyster,5.183001518249512,27.841947555541992,7.870734691619873,26.284154891967773,0.0671087279915809,,32.925498962402344,101.27984619140624,13.36324405670166,0.0,121.43467712402344,0.0,,,,,,,,,0.0357270240783691
NB9,Bến phà Tuần Châu,2313924,420738,2025,1,oyster,6.237590789794922,20.6396598815918,8.1102294921875,30.8740234375,0.1069441214203834,,35.1365852355957,88.75094604492188,6.110906600952148,0.0,121.31402587890624,4.3943352699279785,,,,,,,,,0.036957174539566
NB9,Bến phà Tuần Châu,2313924,420738,2025,2,oyster,5.954248428344727,25.523670196533203,8.042915344238281,30.04081916809082,0.1153989136219024,,35.07709884643555,103.55565643310548,5.496603965759277,0.0,135.68565368652344,0.4454070627689361,,,,,,,,,0.0413898229598999
NB9,Bến phà Tuần Châu,2313924,420738,2025,3,oyster,6.162890911102295,27.25985336303711,8.032099723815918,29.7187442779541,0.1018013954162597,,39.39765930175781,86.97344970703125,5.665987491607666,0.0,134.64259338378906,2.5276970863342285,,,,,,,,,0.04478395357728
NB9,Bến phà Tuần Châu,2313924,420738,2025,4,oyster,6.144521236419678,24.69746780395508,8.070542335510254,30.10394096374512,0.0852797478437423,,34.2857551574707,89.23529052734375,4.00424337387085,543.3311767578125,124.5523681640625,4.494819164276123,,,,,,,,,0.0362322852015495
NB9,Bến phà Tuần Châu,2313924,420738,2026,1,oyster,5.974214553833008,22.22728157043457,8.095097541809082,31.226896286010746,0.0825919657945633,,32.42681121826172,131.52374267578125,5.059299468994141,0.0,127.93073272705078,5.25440788269043,,,,,,,,,0.0430293157696723
NB9,Bến phà Tuần Châu,2313924,420738,2026,2,oyster,5.747629165649414,25.93633460998535,8.0575590133667,30.29454803466797,0.0876893624663353,,32.342384338378906,98.11851501464844,4.933994293212891,0.0,109.1203155517578,2.78074312210083,,,,,,,,,0.0368033163249492
NB9,Bến phà Tuần Châu,2313924,420738,2026,3,oyster,5.889006614685059,27.617311477661133,8.179524421691895,30.18501663208008,0.0656830295920372,,32.74993133544922,106.69010162353516,3.163646459579468,0.0,122.78278350830078,5.739231586456299,,,,,,,,,0.037047442048788
NB9,Bến phà Tuần Châu,2313924,420738,2026,4,oyster,6.043890476226807,25.1562442779541,8.120771408081055,30.124832153320312,0.0590709187090396,,34.77397537231445,97.97332000732422,3.266499757766724,0.0,113.93783569335938,4.857397556304932,,,,,,,,,0.0408761240541935
NB9,Bến phà Tuần Châu,2313924,420738,2027,1,oyster,6.210386753082275,21.20292854309082,8.089357376098633,31.330202102661133,0.0590360537171363,,34.543888092041016,97.91202545166016,4.11363697052002,0.0,124.51922607421876,6.687460899353027,,,,,,,,,0.0365343503654003
NB9,Bến phà Tuần Châu,2313924,420738,2027,2,oyster,5.959877014160156,26.044553756713867,8.096907615661621,30.454195022583008,0.0603074058890342,,27.833759307861328,101.25374603271484,3.778321266174317,0.0,105.17931365966795,5.418190002441406,,,,,,,,,0.03395901247859
NB9,Bến phà Tuần Châu,2313924,420738,2027,3,oyster,6.279695510864258,27.56058692932129,8.194540977478027,30.65013885498047,0.0497486442327499,,32.37932586669922,99.17127990722656,1.3366011381149292,0.0,119.54379272460938,1.716844916343689,,,,,,,,,0.0352695435285568
NB10,Bãi tắm Tuần  Châu,2315155,421276,2025,1,oyster,6.533066749572754,20.20024681091309,8.112008094787598,29.799190521240234,0.0712916851043701,,28.41028594970703,64.38636016845703,4.5308380126953125,0.0,112.5682144165039,4.49022912979126,,,,,,,,,0.0361898504197597
NB10,Bãi tắm Tuần  Châu,2315155,421276,2025,2,oyster,6.027963161468506,25.272607803344727,7.993134021759033,28.47913932800293,0.0845076218247413,,31.794981002807617,76.84664154052734,7.865774631500244,0.0,114.3847198486328,3.30655574798584,,,,,,,,,0.0384431667625904
NB10,Bãi tắm Tuần  Châu,2315155,421276,2025,3,oyster,6.128907203674316,27.531543731689453,8.01512336730957,29.04435539245605,0.0702530369162559,,38.558685302734375,98.84254455566406,6.795998573303223,0.0,134.14561462402344,0.6863571405410767,,,,,,,,,0.0421949960291385
NB10,Bãi tắm Tuần  Châu,2315155,421276,2025,4,oyster,6.127562046051025,24.09077835083008,7.972225189208984,29.73848342895508,0.0658314451575279,,35.489540100097656,93.91521453857422,5.23288631439209,1758.91162109375,133.4640655517578,0.9526713490486144,,,,,,,,,0.0410306490957737
NB10,Bãi tắm Tuần  Châu,2315155,421276,2026,1,oyster,5.952117919921875,22.300233840942383,8.073863983154297,30.13106346130371,0.063170425593853,,26.67112922668457,94.49021911621094,4.7312493324279785,1078.5640869140625,116.87042236328124,7.87782096862793,,,,,,,,,0.0414789095520973
NB10,Bãi tắm Tuần  Châu,2315155,421276,2026,2,oyster,5.708976745605469,26.56509780883789,8.093806266784668,28.00485038757324,0.0695607960224151,,27.89655303955078,95.24378967285156,6.996489524841309,180.4232482910156,103.6851806640625,7.2456135749816895,,,,,,,,,0.0353470891714096
NB10,Bãi tắm Tuần  Châu,2315155,421276,2026,3,oyster,6.210339546203613,27.49427795410156,8.169584274291992,29.49435043334961,0.0609618723392486,,31.389881134033203,77.78821563720703,5.481863975524902,0.0,126.1567611694336,2.173250913619995,,,,,,,,,0.0358878970146179
NB10,Bãi tắm Tuần  Châu,2315155,421276,2026,4,oyster,6.007174491882324,25.11638641357422,8.156424522399902,29.8211669921875,0.0533668212592601,,33.044883728027344,91.10272216796876,4.449962139129639,0.0,103.29237365722656,0.8634498119354248,,,,,,,,,0.0397287867963314
NB10,Bãi tắm Tuần  Châu,2315155,421276,2027,1,oyster,6.072951316833496,21.3901424407959,8.164111137390137,29.93833541870117,0.0599007047712802,,33.77055358886719,106.39030456542967,5.38219690322876,0.0,114.16975402832033,2.683169364929199,,,,,,,,,0.0401163138449192
NB10,Bãi tắm Tuần  Châu,2315155,421276,2027,2,oyster,5.993466854095459,26.270063400268555,8.20408821105957,28.186542510986328,0.0658048167824745,,30.94953727722168,99.07413482666016,5.862295627593994,0.0,107.62879180908205,1.4710733890533447,,,,,,,,,0.0383618660271167
NB10,Bãi tắm Tuần  Châu,2315155,421276,2027,3,oyster,6.621854305267334,27.86860084533692,8.190518379211426,29.8068962097168,0.0414793379604816,,32.56364440917969,111.1766586303711,4.739035606384277,0.0,126.9666519165039,4.555092811584473,,,,,,,,,0.0372862592339515
NB11,Cửa sông Hòn Dấu,2316995,413685,2025,1,oyster,6.389674663543701,20.809335708618164,7.863152027130127,27.799177169799805,0.0418824516236782,,34.71442413330078,66.31687927246094,9.175077438354492,299.3624572753906,125.28170013427734,0.0,,,,,,,,,0.0391595438122749
NB11,Cửa sông Hòn Dấu,2316995,413685,2025,2,oyster,6.065667152404785,25.91293716430664,7.874457836151123,25.90131378173828,0.0544654317200183,,34.864070892333984,93.13946533203124,9.204307556152344,0.0,120.65843963623048,0.0,,,,,,,,,0.0331016778945922
NB11,Cửa sông Hòn Dấu,2316995,413685,2025,3,oyster,5.923244953155518,27.96944999694824,7.95353364944458,26.177431106567383,0.041868045926094,,34.727970123291016,78.86078643798828,9.448005676269531,0.0,126.29679870605467,2.581247329711914,,,,,,,,,0.0386704355478286
NB11,Cửa sông Hòn Dấu,2316995,413685,2025,4,oyster,5.966368675231934,23.853254318237305,7.954107284545898,27.12301254272461,0.0289586782455444,,35.787872314453125,84.04010772705078,6.812955379486084,0.0,134.28811645507812,2.3807015419006348,,,,,,,,,0.0405956357717514
NB11,Cửa sông Hòn Dấu,2316995,413685,2026,1,oyster,5.618083477020264,20.815216064453125,7.851345062255859,27.762710571289062,0.0433167703449726,,34.98283767700195,87.76244354248047,9.501330375671388,0.0,132.392822265625,0.0,,,,,,,,,0.0463307984173297
NB11,Cửa sông Hòn Dấu,2316995,413685,2026,2,oyster,5.630953788757324,26.02585220336914,7.892214298248291,26.299022674560547,0.0532829537987709,,33.72012710571289,96.4023666381836,8.661931991577148,0.0,110.98328399658205,0.0,,,,,,,,,0.0373880416154861
NB11,Cửa sông Hòn Dấu,2316995,413685,2026,3,oyster,5.487459659576416,27.45638656616211,7.92181921005249,26.421401977539062,0.0339490734040737,,33.9180793762207,105.57070922851562,8.398626327514648,0.0,129.6516876220703,5.469716548919678,,,,,,,,,0.0380421057343483
NB11,Cửa sông Hòn Dấu,2316995,413685,2026,4,oyster,5.404088020324707,23.29654121398925,7.909301280975342,27.20087623596192,0.0401408337056636,,35.39523696899414,103.55010986328124,7.997709274291992,0.0,118.3762664794922,3.873351573944092,,,,,,,,,0.0373773612082004
NB11,Cửa sông Hòn Dấu,2316995,413685,2027,1,oyster,5.721418857574463,20.59986114501953,7.875762939453125,26.68198204040528,0.0524087324738502,,33.53408432006836,86.18238067626953,6.935211181640625,0.0,136.62939453125,2.964184284210205,,,,,,,,,0.0409481413662433
NB11,Cửa sông Hòn Dấu,2316995,413685,2027,2,oyster,5.30837345123291,26.562965393066406,7.808198928833008,25.557918548583984,0.0600332058966159,,32.23505401611328,96.90223693847656,8.917132377624512,0.0,117.67250061035156,0.0,,,,,,,,,0.037419106811285
NB11,Cửa sông Hòn Dấu,2316995,413685,2027,3,oyster,5.1335062980651855,27.4837646484375,7.871074199676514,26.32032585144043,0.0492583699524402,,34.22417449951172,104.49069213867188,7.574213027954102,0.0,123.48915100097656,1.4866935014724731,,,,,,,,,0.036918144673109
NB12,Bãi tắm Bãi Cháy - phía Tây bãi tắm giáp Đảo Rều,2316901,424936,2025,1,oyster,6.170076847076416,20.110971450805664,8.076903343200684,30.05873680114746,0.068537101149559,,33.49153137207031,74.79253387451172,8.168027877807617,0.0,117.79093170166016,1.8038288354873653,,,,,,,,,0.0383231192827224
NB12,Bãi tắm Bãi Cháy - phía Tây bãi tắm giáp Đảo Rều,2316901,424936,2025,2,oyster,5.99920129776001,24.79463005065918,8.052200317382812,28.923084259033203,0.0736036449670791,,35.889163970947266,69.36790466308594,10.238197326660156,0.0,120.033935546875,6.5896077156066895,,,,,,,,,0.0428666025400161
NB12,Bãi tắm Bãi Cháy - phía Tây bãi tắm giáp Đảo Rều,2316901,424936,2025,3,oyster,6.3218207359313965,27.663789749145508,8.050724983215332,28.249038696289062,0.068118467926979,,35.10283660888672,74.09423828125,7.56323766708374,0.0,113.28146362304688,2.8770861625671387,,,,,,,,,0.0402394980192184
NB12,Bãi tắm Bãi Cháy - phía Tây bãi tắm giáp Đảo Rều,2316901,424936,2025,4,oyster,6.269472122192383,24.43801689147949,8.03986930847168,29.3189754486084,0.0602752156555652,,36.64386749267578,87.00569152832031,7.121408462524414,0.0,126.54959869384766,1.2073283195495603,,,,,,,,,0.0398106947541236
NB12,Bãi tắm Bãi Cháy - phía Tây bãi tắm giáp Đảo Rều,2316901,424936,2026,1,oyster,6.17992115020752,19.99663543701172,8.078073501586914,29.42935371398925,0.0601104646921157,,30.969497680664062,74.28440856933594,9.323552131652832,0.0,119.22374725341795,1.1241896152496338,,,,,,,,,0.0349420979619026
NB12,Bãi tắm Bãi Cháy - phía Tây bãi tắm giáp Đảo Rều,2316901,424936,2026,2,oyster,5.736039638519287,24.882225036621094,7.984219074249268,27.50786781311035,0.0556364879012107,,27.452621459960938,69.81297302246094,8.528799057006836,0.0,102.60079956054688,0.2084240764379501,,,,,,,,,0.0339729338884353
NB12,Bãi tắm Bãi Cháy - phía Tây bãi tắm giáp Đảo Rều,2316901,424936,2026,3,oyster,5.964768886566162,27.43850326538086,8.00822639465332,27.161949157714844,0.0462942533195018,,32.335079193115234,84.92071533203125,6.980936050415039,0.0,132.81944274902344,2.044346570968628,,,,,,,,,0.0374930389225482
NB12,Bãi tắm Bãi Cháy - phía Tây bãi tắm giáp Đảo Rều,2316901,424936,2026,4,oyster,5.612658977508545,24.892410278320312,8.012504577636719,29.118061065673828,0.0433681420981884,,36.49912643432617,95.98444366455078,7.374777793884277,0.0,136.12286376953125,0.6721731424331665,,,,,,,,,0.0413386970758438
NB12,Bãi tắm Bãi Cháy - phía Tây bãi tắm giáp Đảo Rều,2316901,424936,2027,1,oyster,6.068041324615479,20.153884887695312,8.065759658813477,29.527729034423828,0.0522379614412784,,33.507564544677734,86.10382080078125,8.687061309814453,0.0,130.7603759765625,0.0,,,,,,,,,0.0412602126598358
NB12,Bãi tắm Bãi Cháy - phía Tây bãi tắm giáp Đảo Rều,2316901,424936,2027,2,oyster,5.859489917755127,24.62426948547364,8.064002990722656,26.47151756286621,0.0609615445137023,,35.73722839355469,91.90811157226562,9.630290031433104,0.0,109.6386489868164,0.0,,,,,,,,,0.0399116836488246
NB12,Bãi tắm Bãi Cháy - phía Tây bãi tắm giáp Đảo Rều,2316901,424936,2027,3,oyster,5.7375102043151855,27.3273983001709,8.144084930419922,26.62393951416016,0.0356081053614616,,32.3562126159668,105.72137451171876,8.19593620300293,0.0,114.11042785644533,4.369935989379883,,,,,,,,,0.0368144772946834
NB13,Bãi tắm Bãi Cháy - khu Trung tâm bãi tắm,2316868,426503,2025,1,oyster,6.298620700836182,19.84279060363769,8.08665943145752,29.22763633728028,0.0771632865071296,,37.58639526367188,74.99551391601562,7.611953258514404,647.6309814453125,118.89376831054688,0.0,,,,,,,,,0.0379674769937992
NB13,Bãi tắm Bãi Cháy - khu Trung tâm bãi tắm,2316868,426503,2025,2,oyster,5.929256439208984,24.40434837341309,8.012075424194336,27.84539031982422,0.083235390484333,,32.058692932128906,99.25023651123048,8.948692321777344,504.18853759765625,121.59683227539062,0.1393318176269531,,,,,,,,,0.0361354798078537
NB13,Bãi tắm Bãi Cháy - khu Trung tâm bãi tắm,2316868,426503,2025,3,oyster,5.987468242645264,27.355831146240234,8.007183074951172,28.92522430419922,0.0778075754642486,,31.31727409362793,102.05381774902344,7.764686584472656,982.5957641601562,129.26377868652344,1.0429680347442627,,,,,,,,,0.036267876625061
NB13,Bãi tắm Bãi Cháy - khu Trung tâm bãi tắm,2316868,426503,2025,4,oyster,6.088519096374512,24.915266036987305,8.020401954650879,29.10942840576172,0.0719294175505638,,33.905025482177734,106.7024383544922,7.562504768371582,1824.4251708984373,139.12330627441406,5.626664638519287,,,,,,,,,0.0378249697387218
NB13,Bãi tắm Bãi Cháy - khu Trung tâm bãi tắm,2316868,426503,2026,1,oyster,5.650012969970703,21.79184913635254,8.104469299316406,28.62655258178711,0.0763452425599098,,32.449462890625,74.65973663330078,8.514479637145996,1332.979736328125,119.63446044921876,0.0296252090483903,,,,,,,,,0.0416707806289196
NB13,Bãi tắm Bãi Cháy - khu Trung tâm bãi tắm,2316868,426503,2026,2,oyster,4.482112884521484,25.26207160949707,8.092646598815918,28.12083625793457,0.0841380581259727,,31.464448928833008,65.77533721923828,6.701300621032715,1400.494140625,108.77610778808594,0.0,,,,,,,,,0.0394944176077842
NB13,Bãi tắm Bãi Cháy - khu Trung tâm bãi tắm,2316868,426503,2026,3,oyster,5.15142297744751,27.078569412231445,8.24605655670166,29.721900939941406,0.0767332762479782,,28.71725845336914,93.72679138183594,6.014885425567627,305.466064453125,118.08267974853516,0.5778815150260925,,,,,,,,,0.0416198894381523
NB13,Bãi tắm Bãi Cháy - khu Trung tâm bãi tắm,2316868,426503,2026,4,oyster,5.496021270751953,25.29984474182129,8.238964080810547,29.10321044921875,0.0719619840383529,,32.886627197265625,90.40567779541016,6.157571315765381,0.0,103.2250747680664,0.0,,,,,,,,,0.0440555550158023
NB13,Bãi tắm Bãi Cháy - khu Trung tâm bãi tắm,2316868,426503,2027,1,oyster,6.861337661743164,21.28706741333008,8.277636528015137,28.533090591430664,0.07728111743927,,32.40484619140625,97.47490692138672,5.885650634765625,0.0,107.10233306884766,0.0,,,,,,,,,0.0403899177908897
NB13,Bãi tắm Bãi Cháy - khu Trung tâm bãi tắm,2316868,426503,2027,2,oyster,6.2532172203063965,25.70395851135254,8.245956420898438,27.582740783691406,0.0838934481143951,,37.81085968017578,133.98667907714844,6.230405330657959,0.0,135.16238403320312,0.0,,,,,,,,,0.0443615205585956
NB13,Bãi tắm Bãi Cháy - khu Trung tâm bãi tắm,2316868,426503,2027,3,oyster,6.50044584274292,27.68830108642578,8.284976959228516,30.03997039794922,0.0820690095424652,,33.52960968017578,118.74392700195312,3.600722551345825,0.0,122.86578369140624,0.0,,,,,,,,,0.0391707867383956
NB14,Ven bờ phường Hùng Thắng,2317578,422609,2025,1,oyster,6.24477481842041,19.790756225585938,8.089359283447266,29.125991821289062,0.0867106318473815,,36.53229904174805,69.56705474853516,7.629526615142822,35.228233337402344,126.40423583984376,0.0,,,,,,,,,0.0407072976231575
NB14,Ven bờ phường Hùng Thắng,2317578,422609,2025,2,oyster,5.917716026306152,25.13147354125977,8.081992149353027,27.6453800201416,0.0941573977470398,,36.30342864990234,80.50358581542969,8.799914360046387,0.0,125.24093627929688,1.5560704469680786,,,,,,,,,0.0405494421720504
NB14,Ven bờ phường Hùng Thắng,2317578,422609,2025,3,oyster,6.2444353103637695,27.2834587097168,8.146652221679688,27.68223571777344,0.0766151994466781,,33.593528747558594,78.34236907958984,7.103939056396484,0.0,122.50373077392578,1.854605317115784,,,,,,,,,0.038406740874052
NB14,Ven bờ phường Hùng Thắng,2317578,422609,2025,4,oyster,8.453390121459961,24.52906990051269,8.19822883605957,28.20395469665528,0.0675273090600967,,34.536521911621094,95.34178924560548,8.371262550354004,0.0,132.12307739257812,3.8564276695251465,,,,,,,,,0.0413663052022457
NB14,Ven bờ phường Hùng Thắng,2317578,422609,2026,1,oyster,6.998186111450195,20.022789001464844,8.143824577331543,28.5430850982666,0.0695597752928733,,39.08483505249024,129.27613830566406,8.458542823791504,0.0,123.62291717529295,1.341727375984192,,,,,,,,,0.0436871647834777
NB14,Ven bờ phường Hùng Thắng,2317578,422609,2026,2,oyster,6.020046710968018,24.88705444335937,8.054218292236328,25.617706298828125,0.0809160098433494,,32.28645324707031,89.97796630859375,10.986943244934082,0.0,115.55363464355467,3.885025978088379,,,,,,,,,0.0371519587934017
NB14,Ven bờ phường Hùng Thắng,2317578,422609,2026,3,oyster,5.8768463134765625,27.53855323791504,8.031134605407715,25.19564819335937,0.0711405724287033,,32.561370849609375,107.20050048828124,8.4750337600708,0.0,118.08382415771484,1.57381272315979,,,,,,,,,0.0337273627519607
NB14,Ven bờ phường Hùng Thắng,2317578,422609,2026,4,oyster,5.913618087768555,25.105443954467773,8.024528503417969,26.79889488220215,0.060589961707592,,28.573360443115234,75.4492416381836,7.438146114349365,0.0,118.96468353271484,0.0,,,,,,,,,0.0337350256741046
NB14,Ven bờ phường Hùng Thắng,2317578,422609,2027,1,oyster,5.884261131286621,21.62819099426269,8.116608619689941,27.29439353942871,0.0644704103469848,,34.62172317504883,82.70243072509766,8.587577819824219,0.0,135.2959747314453,0.0,,,,,,,,,0.036341942846775
NB14,Ven bờ phường Hùng Thắng,2317578,422609,2027,2,oyster,5.4993767738342285,26.021358489990234,8.045941352844238,25.739574432373047,0.0641100853681564,,31.909996032714844,96.81291198730467,8.290544509887695,0.0,121.72652435302734,0.0,,,,,,,,,0.0346668846905231
NB14,Ven bờ phường Hùng Thắng,2317578,422609,2027,3,oyster,5.684144496917725,27.609819412231445,8.079385757446289,25.716323852539062,0.0642422661185264,,35.267940521240234,96.13755798339844,5.550724983215332,0.0,127.00237274169922,2.514091968536377,,,,,,,,,0.0409929566085338
NB15,Sau chợ Hạ Long 1- cầu Bài Thơ Hạ Long,2317218,430394,2025,1,oyster,6.528181076049805,20.32330703735352,8.139395713806152,30.65813446044922,0.1530097424983978,,37.63064193725586,109.36366271972656,5.510553359985352,0.0,121.9106903076172,0.7648699283599854,,,,,,,,,0.037894956767559
NB15,Sau chợ Hạ Long 1- cầu Bài Thơ Hạ Long,2317218,430394,2025,2,oyster,6.080167770385742,25.278797149658203,8.113492965698242,28.684913635253903,0.1412678360939026,,32.755104064941406,86.88167572021484,6.798062801361084,0.0,129.77798461914062,1.5736571550369265,,,,,,,,,0.0364303737878799
NB15,Sau chợ Hạ Long 1- cầu Bài Thơ Hạ Long,2317218,430394,2025,3,oyster,5.998741626739502,27.258665084838867,8.121158599853516,28.906471252441406,0.1331402957439422,,35.99863052368164,105.87610626220705,5.027404308319092,0.0,123.71170806884766,0.0,,,,,,,,,0.0398192293941974
NB15,Sau chợ Hạ Long 1- cầu Bài Thơ Hạ Long,2317218,430394,2025,4,oyster,6.226950645446777,23.338424682617188,8.165799140930176,28.910669326782227,0.1074325442314148,,35.45148468017578,100.7082061767578,5.176090717315674,0.0,119.2371597290039,0.7163939476013184,,,,,,,,,0.0394002832472324
NB15,Sau chợ Hạ Long 1- cầu Bài Thơ Hạ Long,2317218,430394,2026,1,oyster,6.369145393371582,19.82659149169922,8.13344955444336,31.20585250854492,0.1328587681055069,,34.862728118896484,105.87140655517578,5.809413433074951,0.0,122.30974578857422,3.6846907138824463,,,,,,,,,0.0365305244922637
NB15,Sau chợ Hạ Long 1- cầu Bài Thơ Hạ Long,2317218,430394,2026,2,oyster,6.247890949249268,25.50529670715332,8.150410652160645,28.25662612915039,0.1264536529779434,,31.589012145996094,99.65306854248048,5.756740570068359,0.0,123.41158294677734,9.640539169311523,,,,,,,,,0.0412329286336898
NB15,Sau chợ Hạ Long 1- cầu Bài Thơ Hạ Long,2317218,430394,2026,3,oyster,6.844700813293457,27.59774208068848,8.180343627929688,28.355039596557617,0.1090026721358299,,32.38718032836914,100.29861450195312,4.516183376312256,0.0,120.81829071044922,2.497180938720703,,,,,,,,,0.0378847122192382
NB15,Sau chợ Hạ Long 1- cầu Bài Thơ Hạ Long,2317218,430394,2026,4,oyster,6.531645774841309,24.38039970397949,8.1871976852417,29.433380126953125,0.0891718193888664,,32.5667839050293,114.27190399169922,4.461687088012695,0.0,130.650390625,0.3098840713500976,,,,,,,,,0.0365874730050563
NB15,Sau chợ Hạ Long 1- cầu Bài Thơ Hạ Long,2317218,430394,2027,1,oyster,6.843143939971924,20.3784408569336,8.22834300994873,31.54651260375977,0.0892179757356643,,32.314632415771484,108.1122817993164,5.1118011474609375,0.0,123.3572006225586,7.467678546905518,,,,,,,,,0.0382992178201675
NB15,Sau chợ Hạ Long 1- cầu Bài Thơ Hạ Long,2317218,430394,2027,2,oyster,6.694128513336182,26.12987518310547,8.230718612670898,28.40085220336914,0.0940285101532936,,32.23087310791016,132.3448486328125,5.365015506744385,0.0,122.38351440429688,4.356034278869629,,,,,,,,,0.0380822345614433
NB15,Sau chợ Hạ Long 1- cầu Bài Thơ Hạ Long,2317218,430394,2027,3,oyster,6.9568963050842285,28.70298767089844,8.270798683166504,28.65593719482422,0.0745656043291091,,39.10776519775391,134.4841766357422,3.596198320388794,0.0,130.57373046875,1.0426759719848633,,,,,,,,,0.0425806902348995
NB16,Ven bờ khu vực Bến Đoan- Hạ Long,2317471,431681,2025,1,oyster,6.06944751739502,19.99915885925293,8.056796073913574,29.57389068603516,0.1160151064395904,,34.729759216308594,84.92623138427734,6.347217082977295,376.8817443847656,124.48200225830078,2.9759206771850586,,,,,,,,,0.0407000929117202
NB16,Ven bờ khu vực Bến Đoan- Hạ Long,2317471,431681,2025,2,oyster,5.712298393249512,25.699989318847656,8.028876304626465,28.40449523925781,0.1360333263874054,,33.10392379760742,99.3347396850586,7.27886438369751,0.0,125.55763244628906,3.902720928192138,,,,,,,,,0.0346338525414466
NB16,Ven bờ khu vực Bến Đoan- Hạ Long,2317471,431681,2025,3,oyster,5.90029239654541,27.18506050109864,8.074288368225098,28.96323776245117,0.1095917299389839,,33.133914947509766,74.54779052734375,5.991984844207764,0.0,124.04627227783205,1.1712312698364258,,,,,,,,,0.0367688909173011
NB16,Ven bờ khu vực Bến Đoan- Hạ Long,2317471,431681,2025,4,oyster,5.993293285369873,23.289539337158203,8.093963623046875,29.309947967529297,0.098022885620594,,33.56462097167969,86.40144348144531,4.996192455291748,337.5592041015625,121.92552185058594,2.053835153579712,,,,,,,,,0.0354676470160484
NB16,Ven bờ khu vực Bến Đoan- Hạ Long,2317471,431681,2026,1,oyster,6.09567403793335,20.604724884033203,8.089736938476562,29.98487091064453,0.1106519624590873,,29.430316925048828,95.18133544921876,5.887747764587402,0.0,117.971435546875,3.7229018211364746,,,,,,,,,0.0394731536507606
NB16,Ven bờ khu vực Bến Đoan- Hạ Long,2317471,431681,2026,2,oyster,5.748659610748291,25.647226333618164,8.117486000061035,27.870086669921875,0.1176296845078468,,29.875776290893555,102.52194213867188,6.283630847930908,0.0,116.5057601928711,5.31757402420044,,,,,,,,,0.0377549976110458
NB16,Ven bờ khu vực Bến Đoan- Hạ Long,2317471,431681,2026,3,oyster,6.008919715881348,27.596864700317383,8.195344924926758,28.76065444946289,0.1010747626423835,,34.27385711669922,100.47297668457033,5.192567348480225,0.0,135.5569610595703,3.3566558361053467,,,,,,,,,0.0405102707445621
NB16,Ven bờ khu vực Bến Đoan- Hạ Long,2317471,431681,2026,4,oyster,5.797871112823486,24.148561477661133,8.167295455932617,29.72153854370117,0.0778730884194374,,35.87653350830078,111.5832061767578,4.729457378387451,0.0,116.90287017822266,3.4750146865844727,,,,,,,,,0.0409620217978954
NB16,Ven bờ khu vực Bến Đoan- Hạ Long,2317471,431681,2027,1,oyster,6.078451633453369,20.39042282104492,8.16197395324707,29.84336471557617,0.0804433673620224,,34.36387252807617,99.6443862915039,5.706768035888672,0.0,120.71688079833984,3.683609962463379,,,,,,,,,0.0359241478145122
NB16,Ven bờ khu vực Bến Đoan- Hạ Long,2317471,431681,2027,2,oyster,6.022553443908691,25.516626358032227,8.151113510131836,27.063840866088867,0.0873590037226677,,27.4340877532959,99.06222534179688,7.2295966148376465,0.0,118.26396942138672,2.150899887084961,,,,,,,,,0.0331534594297409
NB16,Ven bờ khu vực Bến Đoan- Hạ Long,2317471,431681,2027,3,oyster,6.237558841705322,27.832012176513672,8.189827919006348,27.95904922485352,0.073372907936573,,30.77148056030273,103.93573760986328,5.365524768829346,0.0,113.7050552368164,1.3056472539901731,,,,,,,,,0.0392151996493339
NB17,Ven bờ khu vực cột 5- phường Hồng Hà- TP Hạ Long,2317257,432137,2025,1,oyster,6.511850357055664,18.261592864990234,8.083964347839355,31.49608993530273,0.0973736941814422,,34.51191329956055,88.45879364013672,11.992746353149414,0.0,118.51383209228516,1.5409735441207886,,,,,,,,,0.0350541584193706
NB17,Ven bờ khu vực cột 5- phường Hồng Hà- TP Hạ Long,2317257,432137,2025,2,oyster,6.138341426849365,24.36819076538086,8.115456581115723,30.26832771301269,0.1121028363704681,,28.95587730407715,69.26497650146484,11.367398262023926,0.0,106.51628875732422,1.193787932395935,,,,,,,,,0.0365808121860027
NB17,Ven bờ khu vực cột 5- phường Hồng Hà- TP Hạ Long,2317257,432137,2025,3,oyster,5.936406135559082,27.52057456970215,8.112971305847168,29.452667236328125,0.1090119704604148,,34.13683319091797,90.9293975830078,13.239789962768556,0.0,130.4888153076172,4.303556442260742,,,,,,,,,0.0442375540733337
NB17,Ven bờ khu vực cột 5- phường Hồng Hà- TP Hạ Long,2317257,432137,2025,4,oyster,5.873478412628174,23.37552261352539,8.131946563720703,29.961143493652344,0.0881350636482238,,32.07428359985352,78.67042541503906,9.816537857055664,504.4696960449219,111.30818939208984,5.099327087402344,,,,,,,,,0.033266544342041
NB17,Ven bờ khu vực cột 5- phường Hồng Hà- TP Hạ Long,2317257,432137,2026,1,oyster,6.194328308105469,19.50497436523437,8.041845321655273,32.16557693481445,0.0909921899437904,,26.57721710205078,114.15534973144533,12.653837203979492,163.8815155029297,124.0453872680664,2.753082513809204,,,,,,,,,0.0371133014559745
NB17,Ven bờ khu vực cột 5- phường Hồng Hà- TP Hạ Long,2317257,432137,2026,2,oyster,6.039122104644775,26.12973594665528,8.046465873718262,31.388324737548828,0.0931849405169487,,28.76928329467773,80.99906921386719,11.449695587158203,0.0,115.88898468017578,1.626622200012207,,,,,,,,,0.0387293398380279
NB17,Ven bờ khu vực cột 5- phường Hồng Hà- TP Hạ Long,2317257,432137,2026,3,oyster,6.211082935333252,27.58577919006348,8.017868995666504,30.37824249267578,0.0735130161046981,,31.19377899169922,94.41144561767578,9.384321212768556,197.87168884277344,105.52686309814452,4.426737785339356,,,,,,,,,0.0387943126261234
NB17,Ven bờ khu vực cột 5- phường Hồng Hà- TP Hạ Long,2317257,432137,2026,4,oyster,5.246326923370361,24.46543502807617,8.141868591308594,30.103309631347656,0.0733750611543655,,32.19989013671875,78.1910400390625,8.436299324035645,0.0,104.43344116210938,2.9247887134552,,,,,,,,,0.0399478077888488
NB17,Ven bờ khu vực cột 5- phường Hồng Hà- TP Hạ Long,2317257,432137,2027,1,oyster,5.946549415588379,19.81269073486328,8.107294082641602,31.72675323486328,0.0751549378037452,,31.177881240844727,92.80471801757812,9.052370071411133,0.0,120.46693420410156,1.428177833557129,,,,,,,,,0.0420756712555885
NB17,Ven bờ khu vực cột 5- phường Hồng Hà- TP Hạ Long,2317257,432137,2027,2,oyster,5.647037029266357,25.003490447998047,7.985962867736816,32.043418884277344,0.0741851851344108,,27.42527961730957,70.93899536132812,9.185332298278809,0.0,105.62334442138672,2.7204065322875977,,,,,,,,,0.0321866944432258
NB17,Ven bờ khu vực cột 5- phường Hồng Hà- TP Hạ Long,2317257,432137,2027,3,oyster,5.644707202911377,27.645597457885746,8.06367301940918,31.755529403686523,0.0567660219967365,,28.0041618347168,79.88461303710938,6.787172317504883,0.0,102.54531860351562,0.9463818669319152,,,,,,,,,0.0393417216837406
NB18,Lạch Hạm Nam Cầu Trắng- TP Hạ Long,2316544,435609,2025,1,oyster,6.885347366333008,18.90324211120605,8.00383472442627,31.07619857788086,0.0885784924030304,,35.12408828735352,110.10440063476562,13.661439895629885,0.0,130.3069610595703,1.0362553596496582,,,,,,,,,0.0394742041826248
NB18,Lạch Hạm Nam Cầu Trắng- TP Hạ Long,2316544,435609,2025,2,oyster,6.535900592803955,24.78569984436035,8.036040306091309,30.700977325439453,0.0841638371348381,,33.27737045288086,87.2585220336914,9.175763130187988,0.0,119.95311737060548,0.0,,,,,,,,,0.035400204360485
NB18,Lạch Hạm Nam Cầu Trắng- TP Hạ Long,2316544,435609,2025,3,oyster,6.118170261383057,27.2627182006836,8.106693267822266,29.4570426940918,0.0706938654184341,,32.37787628173828,79.07008361816406,8.598956108093262,0.0,121.32952117919922,5.543756484985352,,,,,,,,,0.0359283201396465
NB18,Lạch Hạm Nam Cầu Trắng- TP Hạ Long,2316544,435609,2025,4,oyster,5.839652061462402,23.21699523925781,8.136358261108398,29.62190628051757,0.0667197704315185,,33.20882797241211,69.3508529663086,7.091230869293213,0.0,118.48014831542967,1.9407696723937988,,,,,,,,,0.0348462685942649
NB18,Lạch Hạm Nam Cầu Trắng- TP Hạ Long,2316544,435609,2026,1,oyster,6.180927753448486,19.116003036499023,8.124829292297363,31.671510696411133,0.0777693539857864,,32.48688888549805,79.73723602294922,10.282214164733888,0.0,120.60077667236328,1.3381141424179075,,,,,,,,,0.0356496386229991
NB18,Lạch Hạm Nam Cầu Trắng- TP Hạ Long,2316544,435609,2026,2,oyster,6.076369285583496,24.56245231628418,8.087181091308594,30.95767974853516,0.0765376687049865,,28.7865047454834,79.86264038085938,8.873387336730957,0.0,115.37394714355467,2.625534772872925,,,,,,,,,0.0395971648395061
NB18,Lạch Hạm Nam Cầu Trắng- TP Hạ Long,2316544,435609,2026,3,oyster,6.170110702514648,26.982812881469727,8.104412078857422,29.422826766967773,0.0561557114124298,,32.592735290527344,103.04857635498048,6.348966598510742,0.0,117.18637084960938,3.039226531982422,,,,,,,,,0.038831453770399
NB18,Lạch Hạm Nam Cầu Trắng- TP Hạ Long,2316544,435609,2026,4,oyster,6.296979427337647,23.33351325988769,8.1305513381958,29.73089599609375,0.0520812831819057,,33.739967346191406,92.14280700683594,5.884034156799316,0.0,121.99822998046876,2.9812142848968506,,,,,,,,,0.0380992777645587
NB18,Lạch Hạm Nam Cầu Trắng- TP Hạ Long,2316544,435609,2027,1,oyster,6.481142520904541,18.54115867614746,8.14712142944336,32.128082275390625,0.0649567544460296,,30.85799789428711,87.24514770507812,6.939394950866699,0.0,127.0830535888672,1.6313120126724243,,,,,,,,,0.0382518768310546
NB18,Lạch Hạm Nam Cầu Trắng- TP Hạ Long,2316544,435609,2027,2,oyster,6.132473468780518,25.3486385345459,8.085208892822266,31.02599334716797,0.0654651224613189,,28.53965377807617,83.0567398071289,7.825643062591553,0.0,106.81891632080078,0.1336021721363067,,,,,,,,,0.0359417907893657
NB18,Lạch Hạm Nam Cầu Trắng- TP Hạ Long,2316544,435609,2027,3,oyster,6.17649507522583,27.27280044555664,8.102782249450684,29.95851325988769,0.0425368659198284,,31.83913230895996,92.46023559570312,4.769829273223877,0.0,122.55313110351562,3.492676019668579,,,,,,,,,0.0352740958333015
NB19,Lạch Lộ Phong- TP Hạ Long,2316498,443279,2025,1,oyster,6.901636600494385,20.02332305908203,8.110687255859375,30.92667388916016,0.0787222385406494,,32.31175994873047,106.87462615966795,7.99077844619751,932.742919921875,118.26187133789062,2.6469900608062744,,,,,,,,,0.0440220460295677
NB19,Lạch Lộ Phong- TP Hạ Long,2316498,443279,2025,2,oyster,6.078450202941895,25.75598526000977,7.95859432220459,29.82206344604492,0.0894252657890319,,31.536151885986328,118.23394775390624,9.65411376953125,0.0,128.65028381347656,3.112100601196289,,,,,,,,,0.038883239030838
NB19,Lạch Lộ Phong- TP Hạ Long,2316498,443279,2025,3,oyster,6.131252288818359,27.93377113342285,7.996307373046875,30.060794830322266,0.0617295913398265,,35.09073638916016,90.99897003173828,8.94214153289795,0.0,128.4291229248047,4.164236068725586,,,,,,,,,0.0418788194656372
NB19,Lạch Lộ Phong- TP Hạ Long,2316498,443279,2025,4,oyster,6.037269115447998,24.45443153381348,8.041644096374512,30.16800880432129,0.0493044033646583,,35.75093460083008,90.39703369140624,6.439755439758301,397.4237060546875,128.18478393554688,0.5638741850852966,,,,,,,,,0.0407191812992095
NB19,Lạch Lộ Phong- TP Hạ Long,2316498,443279,2026,1,oyster,5.408426284790039,21.549091339111328,8.151582717895508,30.66947555541992,0.0633175447583198,,30.30223274230957,69.9680404663086,7.320451736450195,200.29754638671875,105.6640396118164,0.0,,,,,,,,,0.0423090197145938
NB19,Lạch Lộ Phong- TP Hạ Long,2316498,443279,2026,2,oyster,5.567819118499756,25.10146141052246,8.032946586608887,30.570289611816406,0.0674347355961799,,28.026153564453125,69.2756576538086,8.377029418945312,0.0,112.72303771972656,1.5486875772476196,,,,,,,,,0.0322696901857852
NB19,Lạch Lộ Phong- TP Hạ Long,2316498,443279,2026,3,oyster,6.070219039916992,27.39695930480957,8.101244926452637,30.04328346252441,0.0456483922898769,,30.29558181762696,78.542724609375,6.912724018096924,0.0,112.48639678955078,5.712472915649414,,,,,,,,,0.0338134691119194
NB19,Lạch Lộ Phong- TP Hạ Long,2316498,443279,2026,4,oyster,6.972721099853516,24.51611518859864,8.078306198120117,30.59656143188477,0.0417768396437168,,31.39801406860352,80.35904693603516,6.144357204437256,0.0,125.33982849121094,1.8440616130828853,,,,,,,,,0.0430770777165889
NB19,Lạch Lộ Phong- TP Hạ Long,2316498,443279,2027,1,oyster,6.816829204559326,20.745349884033203,8.05428695678711,30.647306442260746,0.0576344020664691,,34.1251106262207,96.70730590820312,8.164867401123047,0.0,120.70909881591795,0.0,,,,,,,,,0.0379650071263313
NB19,Lạch Lộ Phong- TP Hạ Long,2316498,443279,2027,2,oyster,6.0804362297058105,24.814769744873047,8.012099266052246,30.39841079711914,0.0615001581609249,,31.79339599609375,90.59114074707033,7.835972309112549,0.0,111.90206146240234,0.4115841388702392,,,,,,,,,0.0323419384658336
NB19,Lạch Lộ Phong- TP Hạ Long,2316498,443279,2027,3,oyster,6.2443366050720215,27.24692153930664,8.084277153015137,30.47482109069824,0.0341343246400356,,31.522340774536133,84.15856170654297,5.393212795257568,0.0,117.9735336303711,7.392559051513672,,,,,,,,,0.0336042493581771
NB20,Cảng Km 6 - TP Cẩm Phả,2322174,447656,2025,1,oyster,6.46544361114502,20.615148544311523,8.08643913269043,27.875619888305664,0.0370277017354965,,31.63206672668457,67.22161865234375,5.275893688201904,0.0,110.49635314941406,0.4953347742557525,,,,,,,,,0.0352623499929904
NB20,Cảng Km 6 - TP Cẩm Phả,2322174,447656,2025,2,oyster,5.957482814788818,24.3506088256836,8.039400100708008,26.12151336669922,0.0566749610006809,,35.77340316772461,102.33346557617188,4.6811113357543945,1748.08984375,129.59799194335938,1.2110600471496582,,,,,,,,,0.0454221665859222
NB20,Cảng Km 6 - TP Cẩm Phả,2322174,447656,2025,3,oyster,5.947025775909424,27.130109786987305,8.063514709472656,26.682126998901367,0.0496836081147193,,31.044374465942383,90.60948944091795,7.436266899108887,4362.853515625,118.54412841796876,2.205472469329834,,,,,,,,,0.03463776409626
NB20,Cảng Km 6 - TP Cẩm Phả,2322174,447656,2025,4,oyster,6.075875282287598,25.785629272460938,8.095922470092773,27.403059005737305,0.0500343702733516,,34.08064270019531,98.5185089111328,6.664100170135498,5718.7939453125,131.8488311767578,0.3550487458705902,,,,,,,,,0.0366535931825637
NB20,Cảng Km 6 - TP Cẩm Phả,2322174,447656,2026,1,oyster,6.29113245010376,22.416305541992188,8.113341331481934,27.508543014526367,0.0557985566556453,,31.009639739990234,95.15689086914062,5.667448043823242,3486.99853515625,135.49195861816406,0.9960383772850036,,,,,,,,,0.0472563989460468
NB20,Cảng Km 6 - TP Cẩm Phả,2322174,447656,2026,2,oyster,4.989013195037842,26.328702926635746,8.094446182250977,27.056076049804688,0.0664247870445251,,29.74234771728516,75.74983978271484,3.9655299186706543,0.0,117.69957733154295,0.0,,,,,,,,,0.043656013906002
NB20,Cảng Km 6 - TP Cẩm Phả,2322174,447656,2026,3,oyster,5.52550220489502,27.4705810546875,8.166539192199707,27.92030334472656,0.0445081107318401,,31.32227325439453,108.91651916503906,4.508070945739746,0.0,96.04461669921876,2.2475392818450928,,,,,,,,,0.0446131601929664
NB20,Cảng Km 6 - TP Cẩm Phả,2322174,447656,2026,4,oyster,9.518967628479004,24.36227226257324,8.222378730773926,29.30371856689453,0.0463716089725494,,34.07271957397461,111.138427734375,3.920592784881592,0.0,109.30522918701172,0.0405589789152145,,,,,,,,,0.0418001562356948
NB20,Cảng Km 6 - TP Cẩm Phả,2322174,447656,2027,1,oyster,6.888551235198975,20.95973396301269,8.211470603942871,28.083776473999023,0.055849440395832,,39.58150863647461,144.24659729003906,6.452179908752441,0.0,135.01913452148438,1.9173424243927,,,,,,,,,0.0471446737647056
NB20,Cảng Km 6 - TP Cẩm Phả,2322174,447656,2027,2,oyster,6.945823192596436,26.197093963623047,8.058279991149902,25.98554801940918,0.0686079487204551,,37.43006134033203,128.92800903320312,6.041292667388916,0.0,139.2629852294922,0.0,,,,,,,,,0.0385072492063045
NB20,Cảng Km 6 - TP Cẩm Phả,2322174,447656,2027,3,oyster,6.21165943145752,27.37757873535156,8.059976577758789,26.72901153564453,0.0423471145331859,,31.74690628051757,90.41326904296876,4.307393550872803,0.0,132.056396484375,0.0,,,,,,,,,0.0355019122362136
NB21,Cảng Vũng Đục - TP Cẩm Phả,2321985,452827,2025,1,oyster,6.156986713409424,19.977928161621094,8.093210220336914,30.73350524902344,0.0494487285614013,,31.615259170532227,64.71795654296875,4.992123603820801,627.6439208984375,119.14181518554688,0.0,,,,,,,,,0.036370325833559
NB21,Cảng Vũng Đục - TP Cẩm Phả,2321985,452827,2025,2,oyster,5.659252643585205,24.868894577026367,7.991730213165283,30.75226593017578,0.0576653257012367,,31.240646362304688,101.8091049194336,6.328240394592285,155.77769470214844,118.8332748413086,0.5079033374786377,,,,,,,,,0.0392277315258979
NB21,Cảng Vũng Đục - TP Cẩm Phả,2321985,452827,2025,3,oyster,5.991076946258545,26.821325302124023,8.064390182495117,30.66063690185547,0.0463557429611682,,31.11580467224121,89.99281311035156,5.581717014312744,0.0,118.66043853759766,3.4219088554382324,,,,,,,,,0.0367910452187061
NB21,Cảng Vũng Đục - TP Cẩm Phả,2321985,452827,2025,4,oyster,6.05414342880249,24.31993103027344,8.068924903869629,30.2811222076416,0.0386044457554817,,34.14912033081055,95.7312240600586,4.724257946014404,2157.31005859375,129.480712890625,4.811582565307617,,,,,,,,,0.0352663025259971
NB21,Cảng Vũng Đục - TP Cẩm Phả,2321985,452827,2026,1,oyster,5.740288734436035,21.17963981628418,8.076946258544922,30.90213966369629,0.0450906939804554,,29.88907623291016,78.76045227050781,3.684792995452881,1417.8656005859375,113.36833953857422,0.0,,,,,,,,,0.0459521822631359
NB21,Cảng Vũng Đục - TP Cẩm Phả,2321985,452827,2026,2,oyster,5.964798927307129,25.40968513488769,8.076227188110352,30.107154846191406,0.0619359724223613,,29.57983016967773,67.15591430664062,5.838505268096924,1515.1357421875,110.47450256347656,0.0,,,,,,,,,0.0353867299854755
NB21,Cảng Vũng Đục - TP Cẩm Phả,2321985,452827,2026,3,oyster,6.051144599914551,27.33307647705078,8.112382888793945,30.900421142578125,0.0487093217670917,,26.214054107666016,94.01100158691406,7.094424247741699,4074.934326171875,111.48658752441406,3.0366852283477783,,,,,,,,,0.0377724915742874
NB21,Cảng Vũng Đục - TP Cẩm Phả,2321985,452827,2026,4,oyster,5.597127914428711,25.733190536499023,8.07845687866211,30.15290641784668,0.0509313754737377,,27.326396942138672,83.39124298095703,5.266197204589844,447.9476623535156,96.8092041015625,1.0291532278060913,,,,,,,,,0.0409798324108123
NB21,Cảng Vũng Đục - TP Cẩm Phả,2321985,452827,2027,1,oyster,6.000983238220215,21.10940933227539,8.145349502563477,30.803091049194336,0.062306735664606,,27.831785202026367,71.36237335205078,2.234544038772583,0.0,114.42727661132812,0.0,,,,,,,,,0.0443088673055172
NB21,Cảng Vũng Đục - TP Cẩm Phả,2321985,452827,2027,2,oyster,5.989084720611572,25.72968864440918,8.062960624694824,30.02472877502441,0.0741766467690467,,35.5125732421875,96.90291595458984,4.156682968139648,0.0,118.425537109375,0.0,,,,,,,,,0.0377814956009388
NB21,Cảng Vũng Đục - TP Cẩm Phả,2321985,452827,2027,3,oyster,5.95197343826294,27.58828926086425,8.092903137207031,31.26615524291992,0.0398625433444976,,30.28130340576172,99.51879119873048,2.9540226459503174,0.0,102.91017150878906,2.125457525253296,,,,,,,,,0.0384301990270614
NB23,Ven bờ Nhiệt điện Cẩm Phả - tuyển than Cửa Ông,2323792,459817,2025,1,oyster,6.437122821807861,24.83406448364257,8.007981300354004,27.39576911926269,0.0552846826612949,,28.440692901611328,62.52794647216797,3.894640684127808,0.0,98.06349182128906,0.0,,,,,,,,,0.0349511615931987
NB23,Ven bờ Nhiệt điện Cẩm Phả - tuyển than Cửa Ông,2323792,459817,2025,2,oyster,6.360443115234375,28.166259765625,7.940237522125244,26.40006256103516,0.0515375919640064,,31.83512306213379,88.10333251953125,4.380444049835205,1438.9688720703125,111.76679229736328,3.896883010864258,,,,,,,,,0.039249449968338
NB23,Ven bờ Nhiệt điện Cẩm Phả - tuyển than Cửa Ông,2323792,459817,2025,3,oyster,6.116908073425293,30.42807579040528,7.988752841949463,29.21220588684082,0.0627737417817115,,32.64705276489258,110.81792449951172,3.951914548873901,5321.65478515625,124.49150848388672,0.9007831811904908,,,,,,,,,0.0382006354629993
NB23,Ven bờ Nhiệt điện Cẩm Phả - tuyển than Cửa Ông,2323792,459817,2025,4,oyster,6.4660420417785645,28.95493698120117,7.96291971206665,30.24913024902344,0.0615338422358036,,32.24760437011719,99.59811401367188,5.470855236053467,6974.6845703125,138.3571319580078,5.039279937744141,,,,,,,,,0.0390799790620803
NB23,Ven bờ Nhiệt điện Cẩm Phả - tuyển than Cửa Ông,2323792,459817,2026,1,oyster,6.438947677612305,23.762948989868164,7.98044490814209,27.10090065002441,0.0589530654251575,,33.06377410888672,104.2816390991211,3.640613317489624,1397.350830078125,133.4251251220703,3.205557346343994,,,,,,,,,0.0449424311518669
NB23,Ven bờ Nhiệt điện Cẩm Phả - tuyển than Cửa Ông,2323792,459817,2026,2,oyster,5.535370826721191,25.792999267578125,7.901714324951172,27.96004295349121,0.0538747049868106,,29.242895126342773,86.67721557617188,1.81937038898468,224.75303649902344,106.080810546875,2.2958805561065674,,,,,,,,,0.0398047976195812
NB23,Ven bờ Nhiệt điện Cẩm Phả - tuyển than Cửa Ông,2323792,459817,2026,3,oyster,5.322524547576904,28.86463928222656,8.072370529174805,30.90267372131348,0.0655692890286445,,36.538360595703125,86.54009246826172,1.3808367252349854,0.0,134.58396911621094,0.0,,,,,,,,,0.0507538132369518
NB23,Ven bờ Nhiệt điện Cẩm Phả - tuyển than Cửa Ông,2323792,459817,2026,4,oyster,5.851175785064697,26.821434020996094,8.03683090209961,30.92838859558105,0.052553441375494,,34.073585510253906,131.73167419433594,1.6153712272644043,0.0,114.97981262207033,1.9664206504821773,,,,,,,,,0.0379454530775547
NB23,Ven bờ Nhiệt điện Cẩm Phả - tuyển than Cửa Ông,2323792,459817,2027,1,oyster,6.135456085205078,22.93097877502441,8.064891815185547,28.34018325805664,0.0568249858915805,,36.8804817199707,111.42228698730467,0.0,0.0,123.7589874267578,0.0,,,,,,,,,0.0505827330052852
NB23,Ven bờ Nhiệt điện Cẩm Phả - tuyển than Cửa Ông,2323792,459817,2027,2,oyster,5.994888782501221,26.614133834838867,8.052289962768555,28.13701057434082,0.0679102092981338,,32.62653732299805,113.12254333496094,1.4457794427871704,0.0,109.26456451416016,0.0,,,,,,,,,0.0360205769538879
NB23,Ven bờ Nhiệt điện Cẩm Phả - tuyển than Cửa Ông,2323792,459817,2027,3,oyster,6.180215835571289,28.40659713745117,8.123924255371094,30.858537673950195,0.060501966625452,,38.10163497924805,111.96446990966795,0.8226245045661926,0.0,140.29466247558594,2.43070125579834,,,,,,,,,0.0395036041736602
NB22,Khu vực Hòn Lướt ven cụm công nghiệp Cẩm Thịnh,2322430,458154,2025,1,oyster,6.317223072052002,21.08401679992676,8.032317161560059,30.58676528930664,0.0562407858669757,,32.5811767578125,109.74054718017578,4.237849235534668,1129.5762939453125,117.4691390991211,3.664792537689209,,,,,,,,,0.0368582345545291
NB22,Khu vực Hòn Lướt ven cụm công nghiệp Cẩm Thịnh,2322430,458154,2025,2,oyster,6.037725448608398,24.982690811157227,8.043402671813965,29.672138214111328,0.0685561299324035,,30.228944778442383,96.5430679321289,5.949560642242432,2197.785400390625,119.32557678222656,5.769157409667969,,,,,,,,,0.0426015146076679
NB22,Khu vực Hòn Lướt ven cụm công nghiệp Cẩm Thịnh,2322430,458154,2025,3,oyster,6.037501811981201,27.64592170715332,8.099040985107422,30.87500190734864,0.0537160523235797,,32.06472396850586,101.61028289794922,6.225058078765869,4057.878173828125,121.72998046875,2.892784595489502,,,,,,,,,0.0359274521470069
NB22,Khu vực Hòn Lướt ven cụm công nghiệp Cẩm Thịnh,2322430,458154,2025,4,oyster,5.991642475128174,26.21623611450196,8.057894706726074,29.843658447265625,0.0568730942904949,,29.90372085571289,83.93875885009766,6.449710369110107,0.0,125.38316345214844,2.516728401184082,,,,,,,,,0.0407904535531997
NB22,Khu vực Hòn Lướt ven cụm công nghiệp Cẩm Thịnh,2322430,458154,2026,1,oyster,5.661946296691895,21.62920570373535,8.129176139831543,30.758468627929688,0.0577927343547344,,31.638317108154297,109.84647369384766,5.357216835021973,0.0,103.76817321777344,1.1017776727676392,,,,,,,,,0.0384599715471267
NB22,Khu vực Hòn Lướt ven cụm công nghiệp Cẩm Thịnh,2322430,458154,2026,2,oyster,5.487409114837647,25.856748580932617,8.126168251037598,30.213356018066406,0.0646314471960067,,31.44404983520508,97.96515655517578,4.534797668457031,0.0,110.70146942138672,2.3374805450439453,,,,,,,,,0.0385418124496936
NB22,Khu vực Hòn Lướt ven cụm công nghiệp Cẩm Thịnh,2322430,458154,2026,3,oyster,5.771391868591309,27.70048141479492,8.15372371673584,31.724096298217773,0.0402406752109527,,33.70589065551758,100.7803955078125,3.048043966293335,0.0,108.9561996459961,3.647706270217896,,,,,,,,,0.0392037518322467
NB22,Khu vực Hòn Lướt ven cụm công nghiệp Cẩm Thịnh,2322430,458154,2026,4,oyster,6.224637508392334,24.460838317871094,8.15733814239502,30.789047241210938,0.0333547107875347,,32.10050964355469,99.24130249023438,2.7290401458740234,0.0,116.21831512451172,2.6843748092651367,,,,,,,,,0.0344615988433361
NB22,Khu vực Hòn Lướt ven cụm công nghiệp Cẩm Thịnh,2322430,458154,2027,1,oyster,6.130110740661621,21.006805419921875,8.06452751159668,31.252531051635746,0.0482601821422576,,34.05937957763672,95.5242691040039,4.482949256896973,0.0,137.72366333007812,0.0,,,,,,,,,0.0414007529616355
NB22,Khu vực Hòn Lướt ven cụm công nghiệp Cẩm Thịnh,2322430,458154,2027,2,oyster,6.007263660430908,25.726852416992188,8.052523612976074,30.26374053955078,0.0597170330584049,,28.82135963439941,83.14786529541016,4.24745512008667,0.0,105.29203033447266,0.0,,,,,,,,,0.0317061021924018
NB22,Khu vực Hòn Lướt ven cụm công nghiệp Cẩm Thịnh,2322430,458154,2027,3,oyster,6.280310153961182,27.70965385437012,8.089744567871094,31.47641372680664,0.0295529514551162,,30.070724487304688,103.12550354003906,2.5259850025177,0.0,124.48452758789062,0.0,,,,,,,,,0.0345930717885494
NB24,Cảng Cửa Ông- TP Cẩm Phả,2326075,460842,2025,1,oyster,5.883361339569092,22.46917724609375,8.097179412841797,27.473743438720703,0.0267500523477792,,33.7715950012207,80.2235336303711,2.9213197231292725,1415.8604736328125,123.11004638671876,0.0,,,,,,,,,0.0379944816231727
NB24,Cảng Cửa Ông- TP Cẩm Phả,2326075,460842,2025,2,oyster,6.438144683837891,25.7146053314209,7.99373722076416,25.20787811279297,0.0460760705173015,,34.168121337890625,89.95182037353516,4.777706623077393,4120.73388671875,132.08912658691406,0.0,,,,,,,,,0.04135013371706
NB24,Cảng Cửa Ông- TP Cẩm Phả,2326075,460842,2025,3,oyster,6.173530578613281,29.53022003173828,7.992468357086182,26.960826873779297,0.0315889418125152,,33.99126434326172,91.77165222167967,3.354660749435425,7933.50634765625,118.84652709960938,0.0,,,,,,,,,0.0390950217843055
NB24,Cảng Cửa Ông- TP Cẩm Phả,2326075,460842,2025,4,oyster,6.554429054260254,28.357702255249023,8.03657054901123,29.33403205871582,0.027191512286663,,34.7031135559082,134.00892639160156,6.497949600219727,6641.6494140625,139.7830810546875,0.0,,,,,,,,,0.0395558662712574
NB24,Cảng Cửa Ông- TP Cẩm Phả,2326075,460842,2026,1,oyster,11.05756950378418,22.408004760742188,8.071404457092285,29.04393196105957,0.0382534712553024,,32.579837799072266,110.31272888183594,3.617400169372559,3688.392822265625,119.26560974121094,0.0,,,,,,,,,0.050535075366497
NB24,Cảng Cửa Ông- TP Cẩm Phả,2326075,460842,2026,2,oyster,6.284790992736816,25.140945434570312,8.057918548583984,27.6209774017334,0.0437024272978305,,34.44791030883789,108.5925750732422,3.7363944053649902,107.30734252929688,108.08689880371094,0.0,,,,,,,,,0.0465143658220768
NB24,Cảng Cửa Ông- TP Cẩm Phả,2326075,460842,2026,3,oyster,6.037448406219482,28.160017013549805,8.209071159362793,29.205322265625,0.0435664094984531,,30.44462013244629,100.2636489868164,2.317615509033203,0.0,94.87979888916016,0.0,,,,,,,,,0.0388090200722217
NB24,Cảng Cửa Ông- TP Cẩm Phả,2326075,460842,2026,4,oyster,8.06668472290039,27.04446601867676,8.224915504455566,30.7457332611084,0.0403988100588321,,39.739479064941406,124.28482818603516,3.5252318382263184,0.0,129.65199279785156,0.0,,,,,,,,,0.0427621155977249
NB24,Cảng Cửa Ông- TP Cẩm Phả,2326075,460842,2027,1,oyster,8.42422866821289,21.54175567626953,8.227411270141602,29.42057228088379,0.0407141186296939,,34.061241149902344,148.62623596191406,2.283247232437134,0.0,122.9787139892578,0.0,,,,,,,,,0.0498184338212013
NB24,Cảng Cửa Ông- TP Cẩm Phả,2326075,460842,2027,2,oyster,6.318221092224121,25.70227813720703,8.106282234191895,27.54051971435547,0.0479483641684055,,40.46870422363281,129.25538635253906,1.5815119743347168,0.0,139.70278930664062,0.0,,,,,,,,,0.0435851961374282
NB24,Cảng Cửa Ông- TP Cẩm Phả,2326075,460842,2027,3,oyster,6.7262797355651855,28.25108528137207,8.16831111907959,28.38759994506836,0.0486115925014019,,35.27361297607422,105.76471710205078,0.9307771921157836,786.953857421875,137.40943908691406,0.0,,,,,,,,,0.0466499179601669
NB25,Cảng Cái Rồng- Vân Đồn,2329585,466608,2025,1,oyster,6.248497009277344,20.95821952819824,8.136472702026367,31.45939826965332,0.0728355422616005,,32.055946350097656,57.91182708740234,8.420371055603027,0.0,112.4352569580078,2.1153478622436523,,,,,,,,,0.0360716134309768
NB25,Cảng Cái Rồng- Vân Đồn,2329585,466608,2025,2,oyster,5.832145690917969,25.68088150024414,8.099174499511719,30.303529739379883,0.0729165524244308,,29.13934898376465,60.877079010009766,8.52719783782959,767.779052734375,114.6209487915039,5.379888534545898,,,,,,,,,0.0352069474756717
NB25,Cảng Cái Rồng- Vân Đồn,2329585,466608,2025,3,oyster,5.917884826660156,28.561643600463867,8.085497856140137,30.85758209228516,0.0731466189026832,,28.056793212890625,89.4811019897461,8.193106651306152,3012.298828125,113.38311004638672,2.7217321395874023,,,,,,,,,0.0322258584201335
NB25,Cảng Cái Rồng- Vân Đồn,2329585,466608,2025,4,oyster,5.822565078735352,25.58030128479004,8.093923568725586,30.104394912719727,0.0750295519828796,,30.29238510131836,97.79524993896484,6.886199474334717,1092.2642822265625,118.10570526123048,0.6785266399383545,,,,,,,,,0.039967231452465
NB25,Cảng Cái Rồng- Vân Đồn,2329585,466608,2026,1,oyster,5.738499641418457,21.769466400146484,8.074959754943848,31.314292907714844,0.0715922340750694,,27.14438438415528,103.94255065917967,7.65315055847168,0.0,125.42465209960938,1.5750011205673218,,,,,,,,,0.0425543040037155
NB25,Cảng Cái Rồng- Vân Đồn,2329585,466608,2026,2,oyster,5.280794143676758,26.17473030090332,8.106812477111816,30.252853393554688,0.0713847875595092,,27.808734893798828,77.57752227783203,5.360421180725098,0.0,94.277587890625,0.0,,,,,,,,,0.0335268303751945
NB25,Cảng Cái Rồng- Vân Đồn,2329585,466608,2026,3,oyster,5.727867603302002,28.13190269470215,8.125529289245605,30.83997917175293,0.0589694567024707,,31.41482925415039,101.27127838134766,4.142188549041748,0.0,103.47888946533205,2.8523340225219727,,,,,,,,,0.0398053526878356
NB25,Cảng Cái Rồng- Vân Đồn,2329585,466608,2026,4,oyster,5.952879905700684,24.045373916625977,8.21289348602295,30.12427520751953,0.0585968308150768,,34.6341667175293,107.9469985961914,2.802518844604492,0.0,117.55799865722656,0.0,,,,,,,,,0.0389743223786354
NB25,Cảng Cái Rồng- Vân Đồn,2329585,466608,2027,1,oyster,6.342467308044434,20.126453399658203,8.145042419433594,31.52751350402832,0.0623952932655811,,35.0649299621582,105.45841217041016,5.349247932434082,0.0,130.0168914794922,6.176640510559082,,,,,,,,,0.036674365401268
NB25,Cảng Cái Rồng- Vân Đồn,2329585,466608,2027,2,oyster,6.228097438812256,25.55894470214844,8.013815879821777,30.433652877807617,0.0729286596179008,,32.50111389160156,87.80484008789062,5.347517013549805,0.0,123.04776000976562,1.4507715702056885,,,,,,,,,0.0410811565816402
NB25,Cảng Cái Rồng- Vân Đồn,2329585,466608,2027,3,oyster,6.080289840698242,27.77322578430176,8.082205772399902,30.31970977783203,0.0477170050144195,,30.58016014099121,85.91571044921875,4.270010471343994,0.0,117.2417984008789,2.1230287551879883,,,,,,,,,0.0312979631125927
NB26,Khu vực cảng 10-10 - Cẩm Phả,2321486,455510,2025,1,oyster,6.370523452758789,20.32606315612793,8.119745254516602,30.89129638671875,0.0518471375107765,,32.356815338134766,74.92772674560547,16.399747848510742,0.0,114.61296844482422,0.0,,,,,,,,,0.0366962999105453
NB26,Khu vực cảng 10-10 - Cẩm Phả,2321486,455510,2025,2,oyster,6.723323822021484,24.631141662597656,8.072455406188965,29.59035873413086,0.0622876286506652,,29.203901290893555,58.24919509887695,14.526066780090332,0.0,104.33303833007812,3.147731065750122,,,,,,,,,0.0369445718824863
NB26,Khu vực cảng 10-10 - Cẩm Phả,2321486,455510,2025,3,oyster,6.65927267074585,27.403852462768555,8.088530540466309,28.70855140686035,0.0463291592895984,,35.76018524169922,82.41935729980469,14.228569984436035,338.8059387207031,113.14751434326172,4.109666347503662,,,,,,,,,0.039635382592678
NB26,Khu vực cảng 10-10 - Cẩm Phả,2321486,455510,2025,4,oyster,6.542664051055908,25.314838409423828,8.098016738891602,30.003074645996094,0.0486455485224723,,27.707029342651367,82.98961639404297,13.772504806518556,0.0,112.77360534667967,3.102113962173462,,,,,,,,,0.0319847650825977
NB26,Khu vực cảng 10-10 - Cẩm Phả,2321486,455510,2026,1,oyster,6.850609302520752,20.814529418945312,8.102641105651855,31.299421310424805,0.0583700239658355,,27.8247127532959,82.5625228881836,14.499825477600098,0.0,111.03316497802734,4.7436604499816895,,,,,,,,,0.0375342443585395
NB26,Khu vực cảng 10-10 - Cẩm Phả,2321486,455510,2026,2,oyster,6.080092906951904,25.322059631347656,8.046523094177246,30.547945022583008,0.0579138919711113,,33.18097305297852,112.16218566894533,12.897554397583008,0.0,105.18939208984376,3.382637023925781,,,,,,,,,0.0389401577413082
NB26,Khu vực cảng 10-10 - Cẩm Phả,2321486,455510,2026,3,oyster,5.887171268463135,28.21085548400879,8.0950345993042,29.432313919067383,0.0375987701117992,,32.66175842285156,76.97990417480469,10.50047492980957,0.0,115.79889678955078,0.6238096356391907,,,,,,,,,0.0397810451686382
NB26,Khu vực cảng 10-10 - Cẩm Phả,2321486,455510,2026,4,oyster,6.230650424957275,24.87790298461914,8.156612396240234,29.42592430114746,0.0344721674919128,,30.462940216064453,103.0068359375,10.28222942352295,0.0,116.14965057373048,0.0,,,,,,,,,0.0370701178908348
NB26,Khu vực cảng 10-10 - Cẩm Phả,2321486,455510,2027,1,oyster,6.061653137207031,21.22600746154785,8.123348236083984,31.99704360961914,0.0456105582416057,,35.02761459350586,107.59930419921876,13.048954010009766,0.0,135.5849609375,3.820490837097168,,,,,,,,,0.0425982177257537
NB26,Khu vực cảng 10-10 - Cẩm Phả,2321486,455510,2027,2,oyster,5.936396598815918,26.08571052551269,8.049054145812988,31.26337623596192,0.0575101673603057,,25.976713180541992,67.49752044677734,10.593877792358398,0.0,104.60480499267578,0.0,,,,,,,,,0.0359822809696197
NB26,Khu vực cảng 10-10 - Cẩm Phả,2321486,455510,2027,3,oyster,6.02252721786499,27.608230590820312,8.080450057983398,30.234973907470703,0.035601656883955,,32.76313400268555,87.53782653808594,8.728774070739746,0.0,124.3017578125,2.884352445602417,,,,,,,,,0.0384726338088512
NB27,Khu vực cửa sông Mông Dương - TP.  Cẩm Phả,2330880,459989,2025,1,oyster,5.909992218017578,22.299272537231445,7.892522811889648,26.49479484558105,0.0535465106368064,,33.489227294921875,76.71346282958984,14.331693649291992,0.0,112.6536865234375,0.0,,,,,,,,,0.0396309718489646
NB27,Khu vực cửa sông Mông Dương - TP.  Cẩm Phả,2330880,459989,2025,2,oyster,6.03438663482666,26.95063591003418,7.883738040924072,24.91058921813965,0.0655970424413681,,34.558990478515625,82.65079498291016,13.512093544006348,0.0,106.4693832397461,0.0,,,,,,,,,0.0348482280969619
NB27,Khu vực cửa sông Mông Dương - TP.  Cẩm Phả,2330880,459989,2025,3,oyster,5.931117534637451,28.751678466796875,7.980645179748535,24.12945938110352,0.0478831343352794,,36.879154205322266,87.9892349243164,15.115283966064451,0.0,128.9803466796875,1.3175228834152222,,,,,,,,,0.0358296744525432
NB27,Khu vực cửa sông Mông Dương - TP.  Cẩm Phả,2330880,459989,2025,4,oyster,5.749942302703857,27.66653060913086,7.952106952667236,24.422746658325195,0.0515706986188888,,35.234649658203125,83.19568634033203,12.38189697265625,0.0,123.7041015625,1.21674644947052,,,,,,,,,0.0352649129927158
NB27,Khu vực cửa sông Mông Dương - TP.  Cẩm Phả,2330880,459989,2026,1,oyster,5.622245788574219,21.237966537475582,7.951525211334228,26.76258850097656,0.0566426441073417,,31.975566864013672,79.11316680908203,15.460454940795898,0.0,134.60604858398438,0.4587834477424621,,,,,,,,,0.0354862995445728
NB27,Khu vực cửa sông Mông Dương - TP.  Cẩm Phả,2330880,459989,2026,2,oyster,5.510328769683838,26.98222541809082,7.848897457122803,24.83904266357422,0.0641381219029426,,34.12518310546875,87.83399200439453,16.00307846069336,0.0,120.15049743652344,0.0,,,,,,,,,0.0370554812252521
NB27,Khu vực cửa sông Mông Dương - TP.  Cẩm Phả,2330880,459989,2026,3,oyster,5.3829851150512695,28.052770614624023,7.903598785400391,24.378177642822266,0.047850202769041,,35.83023452758789,112.5543441772461,13.882575988769531,0.0,125.5301284790039,1.6811257600784302,,,,,,,,,0.0385584533214569
NB27,Khu vực cửa sông Mông Dương - TP.  Cẩm Phả,2330880,459989,2026,4,oyster,5.553224086761475,25.03578758239746,7.83681058883667,25.81932640075684,0.04592090472579,,36.16667556762695,96.25154876708984,11.515949249267578,0.0,142.9729766845703,0.0,,,,,,,,,0.0409162603318691
NB27,Khu vực cửa sông Mông Dương - TP.  Cẩm Phả,2330880,459989,2027,1,oyster,5.839168548583984,21.09554481506348,7.92665958404541,26.02263641357422,0.0594922862946987,,32.607418060302734,95.17623138427734,15.196996688842772,0.0,132.04168701171875,0.7567446231842041,,,,,,,,,0.035550370812416
NB27,Khu vực cửa sông Mông Dương - TP.  Cẩm Phả,2330880,459989,2027,2,oyster,5.514062881469727,27.09873390197754,7.912111282348633,24.64494705200196,0.0704528987407684,,31.40342903137207,90.72549438476562,13.385354042053224,0.0,115.27992248535156,0.0,,,,,,,,,0.0357614643871784
NB27,Khu vực cửa sông Mông Dương - TP.  Cẩm Phả,2330880,459989,2027,3,oyster,5.238266468048096,27.679344177246094,7.893601894378662,24.552261352539062,0.0531326010823249,,34.43489456176758,95.16532135009766,10.330499649047852,0.0,129.58309936523438,4.389143466949463,,,,,,,,,0.034645527601242
NB28,"Khu vực ven bờ xã Cẩm Hải, TP.  Cẩm Phả",2333357,460436,2025,1,oyster,6.212873935699463,22.18212890625,7.983927249908447,26.681848526000977,0.0602612420916557,,31.05693244934082,73.69236755371094,7.424762725830078,397.45257568359375,105.11843872070312,0.0,,,,,,,,,0.0392640829086303
NB28,"Khu vực ven bờ xã Cẩm Hải, TP.  Cẩm Phả",2333357,460436,2025,2,oyster,5.802480697631836,26.093021392822266,7.927618980407715,27.4495849609375,0.0713223293423652,,33.788848876953125,107.83273315429688,6.647484302520752,1030.1553955078125,123.07047271728516,2.1252269744873047,,,,,,,,,0.0326087400317192
NB28,"Khu vực ven bờ xã Cẩm Hải, TP.  Cẩm Phả",2333357,460436,2025,3,oyster,6.110848903656006,29.046262741088867,8.01451587677002,28.29230690002441,0.0708912312984466,,30.55266571044922,95.76986694335938,7.097559452056885,2672.23486328125,132.4561309814453,3.854745864868164,,,,,,,,,0.0351628512144088
NB28,"Khu vực ven bờ xã Cẩm Hải, TP.  Cẩm Phả",2333357,460436,2025,4,oyster,5.869077205657959,28.754817962646484,8.039470672607422,29.57686233520508,0.0750582367181778,,33.36946105957031,102.37003326416016,5.317314147949219,4304.23583984375,123.04019165039062,0.8860926628112793,,,,,,,,,0.0390658117830753
NB28,"Khu vực ven bờ xã Cẩm Hải, TP.  Cẩm Phả",2333357,460436,2026,1,oyster,5.928214073181152,22.324594497680664,8.095608711242676,28.35964012145996,0.069675974547863,,31.74144744873047,88.51638793945312,3.5799636840820312,2991.002685546875,125.24842071533205,2.585341453552246,,,,,,,,,0.0445392802357673
NB28,"Khu vực ven bờ xã Cẩm Hải, TP.  Cẩm Phả",2333357,460436,2026,2,oyster,5.083289623260498,25.365478515625,8.027256965637207,27.13159370422364,0.0778731778264045,,28.894432067871094,72.47193908691406,2.528234004974365,0.0,99.93753051757812,0.0,,,,,,,,,0.0354379415512084
NB28,"Khu vực ven bờ xã Cẩm Hải, TP.  Cẩm Phả",2333357,460436,2026,3,oyster,5.940225124359131,28.106306076049805,8.117145538330078,28.68157196044922,0.065090887248516,,33.66409683227539,104.43649291992188,3.865440368652344,0.0,120.25083923339844,0.0,,,,,,,,,0.0428888723254203
NB28,"Khu vực ven bờ xã Cẩm Hải, TP.  Cẩm Phả",2333357,460436,2026,4,oyster,5.62115478515625,26.35891914367676,8.090331077575684,30.071475982666016,0.0637896880507469,,39.182655334472656,116.7522964477539,2.299922704696656,0.0,122.37661743164062,0.3388270437717438,,,,,,,,,0.0449268966913223
NB28,"Khu vực ven bờ xã Cẩm Hải, TP.  Cẩm Phả",2333357,460436,2027,1,oyster,5.915396213531494,21.441627502441406,8.05154037475586,28.69721031188965,0.0660588890314102,,33.145206451416016,118.83049774169922,0.2577969133853912,0.0,115.52969360351562,0.3780824244022369,,,,,,,,,0.0442936830222606
NB28,"Khu vực ven bờ xã Cẩm Hải, TP.  Cẩm Phả",2333357,460436,2027,2,oyster,6.068116664886475,25.923734664916992,7.902189254760742,26.65263938903809,0.0828920528292656,,35.623268127441406,119.7208251953125,2.855104446411133,0.0,129.71946716308594,0.0,,,,,,,,,0.0393697023391723
NB28,"Khu vực ven bờ xã Cẩm Hải, TP.  Cẩm Phả",2333357,460436,2027,3,oyster,6.846931457519531,27.83906936645508,7.967160224914551,27.98105239868164,0.0656163692474365,,37.58919525146485,98.78740692138672,1.5880924463272097,0.0,137.6995086669922,0.0,,,,,,,,,0.0400816202163696
NB29,Luồng Voi Lớn phía Tây xã Đoàn Kết- Vân Đồn,2334332,462783,2025,1,oyster,6.030235767364502,21.76085090637207,8.120265007019043,27.00817108154297,0.0491673164069652,,29.364059448242188,69.56746673583984,4.526308536529541,21.10258674621582,112.75244903564452,0.0,,,,,,,,,0.0348411537706851
NB29,Luồng Voi Lớn phía Tây xã Đoàn Kết- Vân Đồn,2334332,462783,2025,2,oyster,6.300551414489746,26.324932098388672,8.011032104492188,26.502405166625977,0.0681031122803688,,35.785335540771484,93.16207885742188,4.925119876861572,385.1105346679688,119.7109832763672,0.0,,,,,,,,,0.0403844900429248
NB29,Luồng Voi Lớn phía Tây xã Đoàn Kết- Vân Đồn,2334332,462783,2025,3,oyster,6.353492736816406,28.76644325256348,7.957042694091797,27.869239807128903,0.0537311546504497,,30.974044799804688,98.48763275146484,3.404327392578125,526.8812866210938,132.06663513183594,3.626699686050415,,,,,,,,,0.0353261418640613
NB29,Luồng Voi Lớn phía Tây xã Đoàn Kết- Vân Đồn,2334332,462783,2025,4,oyster,6.564774990081787,25.79914093017578,7.946177959442139,29.567188262939453,0.0431836396455764,,32.40989685058594,117.32742309570312,4.210721015930176,2207.201904296875,124.94343566894533,3.659205198287964,,,,,,,,,0.0401374362409114
NB29,Luồng Voi Lớn phía Tây xã Đoàn Kết- Vân Đồn,2334332,462783,2026,1,oyster,6.751806259155273,22.85843086242676,7.976035118103027,28.29166603088379,0.05347690731287,,31.1413688659668,88.1976547241211,3.663195848464966,3098.31298828125,121.4933090209961,2.136528730392456,,,,,,,,,0.0406680926680564
NB29,Luồng Voi Lớn phía Tây xã Đoàn Kết- Vân Đồn,2334332,462783,2026,2,oyster,5.81398868560791,25.60029411315918,8.059135437011719,27.95759391784668,0.0685678794980049,,32.092403411865234,88.0526123046875,3.219401359558105,0.0,115.61647033691406,0.0,,,,,,,,,0.0442313589155674
NB29,Luồng Voi Lớn phía Tây xã Đoàn Kết- Vân Đồn,2334332,462783,2026,3,oyster,6.088650226593018,28.310955047607425,8.160000801086426,29.598466873168945,0.0428807362914085,,33.65623092651367,114.1320343017578,1.1245582103729248,0.0,100.22154235839844,1.7576067447662354,,,,,,,,,0.0368865765631198
NB29,Luồng Voi Lớn phía Tây xã Đoàn Kết- Vân Đồn,2334332,462783,2026,4,oyster,6.252151012420654,25.78309631347656,8.141382217407227,29.8960018157959,0.0449043661355972,,35.674156188964844,99.79200744628906,0.0,0.0,125.51622009277344,0.0,,,,,,,,,0.0420244149863719
NB29,Luồng Voi Lớn phía Tây xã Đoàn Kết- Vân Đồn,2334332,462783,2027,1,oyster,6.276569366455078,22.24234962463379,8.224347114562988,28.704816818237305,0.0503073558211326,,38.05242156982422,120.28397369384766,1.416677474975586,0.0,109.01107025146484,2.2667160034179688,,,,,,,,,0.0428941510617733
NB29,Luồng Voi Lớn phía Tây xã Đoàn Kết- Vân Đồn,2334332,462783,2027,2,oyster,6.423646926879883,26.1741886138916,8.195921897888184,26.873046875,0.0723660513758659,,38.16188049316406,135.60987854003906,4.025657653808594,0.0,144.976318359375,0.0,,,,,,,,,0.0435646176338195
NB29,Luồng Voi Lớn phía Tây xã Đoàn Kết- Vân Đồn,2334332,462783,2027,3,oyster,6.313084602355957,28.696229934692383,8.161428451538086,29.056167602539062,0.0479229129850864,,32.70197677612305,118.85366821289062,1.9668540954589844,225.4627685546875,103.72575378417967,5.119380474090576,,,,,,,,,0.0379506275057792
NB30,Ven bờ Đông Nam xã Đông Xá,2327079,463665,2025,1,oyster,5.992612361907959,21.54598999023437,8.036877632141113,30.28948974609375,0.0632325112819671,,33.083988189697266,105.94758605957033,7.006030082702637,1066.8013916015625,113.80267333984376,0.0,,,,,,,,,0.0362464785575866
NB30,Ven bờ Đông Nam xã Đông Xá,2327079,463665,2025,2,oyster,5.679450988769531,25.54884147644043,7.98404598236084,30.26321601867676,0.0844090729951858,,31.90757179260254,98.2482681274414,7.906546592712402,0.0,109.05130767822266,1.3196271657943726,,,,,,,,,0.0410512574017047
NB30,Ven bờ Đông Nam xã Đông Xá,2327079,463665,2025,3,oyster,5.87897253036499,27.77804946899414,8.08504581451416,30.182376861572266,0.0664040893316268,,35.72983169555664,78.15938568115234,5.636312961578369,0.0,130.55970764160156,6.63557767868042,,,,,,,,,0.0383487753570079
NB30,Ven bờ Đông Nam xã Đông Xá,2327079,463665,2025,4,oyster,6.184516429901123,24.45285987854004,8.069894790649414,29.59136390686035,0.0560946799814701,,34.3607177734375,87.13935089111328,4.8933939933776855,0.0,118.28226470947266,8.853922843933105,,,,,,,,,0.0392451435327529
NB30,Ven bờ Đông Nam xã Đông Xá,2327079,463665,2026,1,oyster,5.937259674072266,20.56848907470703,8.120607376098633,29.970468521118164,0.0691077336668968,,34.3052978515625,95.83815002441406,4.883309364318848,0.0,116.88663482666016,4.079495429992676,,,,,,,,,0.0416813232004642
NB30,Ven bờ Đông Nam xã Đông Xá,2327079,463665,2026,2,oyster,5.605971813201904,25.50010108947754,8.00479507446289,29.091306686401367,0.0777581483125686,,28.52199363708496,83.90485382080078,6.400984764099121,0.0,110.65420532226562,2.6059019565582275,,,,,,,,,0.031790480017662
NB30,Ven bờ Đông Nam xã Đông Xá,2327079,463665,2026,3,oyster,6.029767036437988,27.74574089050293,8.074352264404297,30.220947265625,0.0563237406313419,,31.385292053222656,93.01595306396484,5.78524112701416,0.0,124.53407287597656,0.6397947072982788,,,,,,,,,0.034384585916996
NB30,Ven bờ Đông Nam xã Đông Xá,2327079,463665,2026,4,oyster,6.14094352722168,24.944623947143555,8.067719459533691,29.859106063842773,0.0432723425328731,,30.139591217041016,90.6507797241211,5.315444946289063,0.0,113.67598724365234,1.9013221263885496,,,,,,,,,0.0349527038633823
NB30,Ven bờ Đông Nam xã Đông Xá,2327079,463665,2027,1,oyster,6.205788612365723,21.64182472229004,8.084840774536133,29.863882064819336,0.0537547282874584,,32.53667449951172,90.36287689208984,5.209757328033447,0.0,118.7974624633789,4.3941569328308105,,,,,,,,,0.0351431667804718
NB30,Ven bờ Đông Nam xã Đông Xá,2327079,463665,2027,2,oyster,5.950922012329102,25.78668785095215,8.097058296203613,28.199350357055664,0.057548202574253,,30.53071022033692,92.56692504882812,4.259099006652832,0.0,108.46501922607422,0.8257696628570557,,,,,,,,,0.036155741661787
NB30,Ven bờ Đông Nam xã Đông Xá,2327079,463665,2027,3,oyster,6.547848224639893,27.78641128540039,8.13567066192627,30.52216339111328,0.0386250466108322,,34.560447692871094,104.32414245605467,3.293540954589844,0.0,128.25938415527344,5.23009204864502,,,,,,,,,0.0385352186858654
NB31,Ven bờ Đông xã Hạ Long- Vân Đồn,2331339,470234,2025,1,oyster,5.941795825958252,20.39722442626953,8.10704517364502,30.53994369506836,0.0456219315528869,,34.36663818359375,78.88224029541016,3.524113178253174,0.0,117.6168212890625,2.940352439880371,,,,,,,,,0.0385963581502437
NB31,Ven bờ Đông xã Hạ Long- Vân Đồn,2331339,470234,2025,2,oyster,6.080033779144287,25.058807373046875,7.975065231323242,29.32160377502441,0.0596252419054508,,35.78003692626953,90.81594848632812,6.552037239074707,0.0,127.86764526367188,0.2795340418815613,,,,,,,,,0.0424133501946926
NB31,Ven bờ Đông xã Hạ Long- Vân Đồn,2331339,470234,2025,3,oyster,6.092712879180908,27.76597785949707,8.040255546569824,28.62606811523437,0.0362980142235755,,38.52204132080078,93.58050537109376,6.552859783172607,717.1611938476562,136.15078735351562,0.6909899115562439,,,,,,,,,0.0428786128759384
NB31,Ven bờ Đông xã Hạ Long- Vân Đồn,2331339,470234,2025,4,oyster,6.066309452056885,25.06303977966309,8.027791023254395,30.235811233520508,0.0283072162419557,,31.837905883789062,113.17362213134766,6.383694171905518,864.112548828125,118.09628295898438,0.1021146327257156,,,,,,,,,0.0383532755076885
NB31,Ven bờ Đông xã Hạ Long- Vân Đồn,2331339,470234,2026,1,oyster,6.010632991790772,22.034875869750977,8.082984924316406,30.70212173461914,0.0379989072680473,,24.678422927856445,108.62860107421876,6.732917308807373,0.0,104.66278076171876,0.1805344074964523,,,,,,,,,0.0435394197702407
NB31,Ven bờ Đông xã Hạ Long- Vân Đồn,2331339,470234,2026,2,oyster,6.004752159118652,25.365705490112305,8.03648567199707,29.425275802612305,0.0459386743605136,,36.57056427001953,100.70181274414062,6.385046482086182,0.0,129.96127319335938,0.172432005405426,,,,,,,,,0.0417921729385852
NB31,Ven bờ Đông xã Hạ Long- Vân Đồn,2331339,470234,2026,3,oyster,6.106754302978516,27.66006088256836,8.093111038208008,30.14579200744629,0.0349942035973072,,37.324249267578125,100.08356475830078,5.369706153869629,0.0,116.06558227539062,0.0,,,,,,,,,0.0457459986209869
NB31,Ven bờ Đông xã Hạ Long- Vân Đồn,2331339,470234,2026,4,oyster,6.716278076171875,24.3942928314209,8.118433952331543,30.640958786010746,0.0373808480799198,,34.1475944519043,88.57683563232422,5.120220184326172,146.9493408203125,108.97027587890624,0.0,,,,,,,,,0.0439341366291046
NB31,Ven bờ Đông xã Hạ Long- Vân Đồn,2331339,470234,2027,1,oyster,7.094127655029297,20.42605781555176,8.15969181060791,31.110774993896484,0.0446605645120143,,31.918874740600582,84.81293487548828,6.29306173324585,0.0,124.39659881591795,0.0,,,,,,,,,0.0417913235723972
NB31,Ven bờ Đông xã Hạ Long- Vân Đồn,2331339,470234,2027,2,oyster,6.410854816436768,25.314558029174805,8.075167655944824,30.33376121520996,0.0545209385454654,,36.96908950805664,86.38992309570312,6.459206581115723,0.0,128.9503173828125,4.71779727935791,,,,,,,,,0.0377089530229568
NB31,Ven bờ Đông xã Hạ Long- Vân Đồn,2331339,470234,2027,3,oyster,6.653377056121826,27.48088455200196,8.08493709564209,30.62665748596192,0.0306983925402164,,35.13341522216797,100.0135498046875,5.9444580078125,0.0,128.82667541503906,0.0,,,,,,,,,0.0422606170177459
NB32,Cảng Vạn Hoa- xã Vạn Yên- Vân Đồn,2346140,480817,2025,1,oyster,6.158939838409424,21.93402671813965,8.047872543334961,31.02863311767578,0.028747035190463,,31.70849609375,64.10576629638672,2.343187093734741,840.8530883789062,118.93753051757812,0.7025039196014404,,,,,,,,,0.0375719144940376
NB32,Cảng Vạn Hoa- xã Vạn Yên- Vân Đồn,2346140,480817,2025,2,oyster,5.938202381134033,25.163055419921875,8.072444915771484,30.944459915161133,0.0353679917752742,,31.366838455200195,101.07232666015624,5.145544528961182,2644.2548828125,124.45733642578124,0.0,,,,,,,,,0.0433661453425884
NB32,Cảng Vạn Hoa- xã Vạn Yên- Vân Đồn,2346140,480817,2025,3,oyster,6.133602142333984,27.51133918762207,8.08798599243164,30.025266647338867,0.0401739217340946,,29.074024200439453,104.6031494140625,3.496206521987915,4847.072265625,125.08306884765624,2.740602731704712,,,,,,,,,0.0340048819780349
NB32,Cảng Vạn Hoa- xã Vạn Yên- Vân Đồn,2346140,480817,2025,4,oyster,6.528862476348877,26.39064216613769,8.074580192565918,29.572568893432617,0.0334937386214733,,34.818878173828125,120.1060562133789,2.741035223007202,2370.195556640625,128.52748107910156,2.4273769855499268,,,,,,,,,0.043948907405138
NB32,Cảng Vạn Hoa- xã Vạn Yên- Vân Đồn,2346140,480817,2026,1,oyster,5.913082122802734,22.36822891235352,8.030319213867188,30.381088256835938,0.0360556170344352,,32.29629135131836,85.9484634399414,1.5475399494171145,0.0,118.22344207763672,0.0,,,,,,,,,0.0516153573989868
NB32,Cảng Vạn Hoa- xã Vạn Yên- Vân Đồn,2346140,480817,2026,2,oyster,5.938680171966553,25.72430419921875,8.028818130493164,30.444311141967773,0.049727875739336,,36.887203216552734,89.5482177734375,2.5203170776367188,0.0,121.46869659423828,0.0,,,,,,,,,0.0459609217941761
NB32,Cảng Vạn Hoa- xã Vạn Yên- Vân Đồn,2346140,480817,2026,3,oyster,6.153346061706543,27.46269416809082,8.149971961975098,31.115760803222656,0.0351377315819263,,33.20651626586914,93.14323425292967,0.9893231391906738,0.0,105.7593002319336,0.0,,,,,,,,,0.0383839011192321
NB32,Cảng Vạn Hoa- xã Vạn Yên- Vân Đồn,2346140,480817,2026,4,oyster,6.46012544631958,25.430221557617188,8.140055656433105,30.06026077270508,0.0385151654481887,,36.204586029052734,118.8443832397461,0.8583354353904724,0.0,121.86941528320312,3.984399557113648,,,,,,,,,0.0423248782753944
NB32,Cảng Vạn Hoa- xã Vạn Yên- Vân Đồn,2346140,480817,2027,1,oyster,6.821535587310791,21.277565002441406,8.073426246643066,29.76982688903809,0.0461692996323108,,36.152862548828125,87.29491424560547,1.9185854196548464,219.000228881836,132.9691925048828,1.938042044639588,,,,,,,,,0.0438729152083396
NB32,Cảng Vạn Hoa- xã Vạn Yên- Vân Đồn,2346140,480817,2027,2,oyster,6.3437604904174805,25.28474998474121,8.03194522857666,29.87897682189941,0.0567856431007385,,31.78352165222168,98.18636322021484,2.5299410820007324,695.3110961914062,124.52322387695312,0.0084946192800998,,,,,,,,,0.0429580956697464
NB32,Cảng Vạn Hoa- xã Vạn Yên- Vân Đồn,2346140,480817,2027,3,oyster,7.256952285766602,27.603836059570312,8.149529457092285,30.65614318847656,0.0491364784538745,,31.690629959106445,107.40728759765624,4.0835442543029785,2330.5537109375,110.7413558959961,0.2627118527889251,,,,,,,,,0.0431550741195678
NB33,Thiên Cung - Đầu Gỗ,2313396,423810,2025,1,oyster,6.295251369476318,19.85060691833496,8.132879257202148,30.9904727935791,0.0552376583218574,,33.59757232666016,96.65149688720705,5.557098388671875,0.0,123.78678131103516,2.00893783569336,,,,,,,,,0.0457373857498168
NB33,Thiên Cung - Đầu Gỗ,2313396,423810,2025,2,oyster,6.26867151260376,24.595458984375,8.025578498840332,30.179950714111328,0.0662301704287529,,35.53428649902344,91.77011108398438,6.241330146789551,0.0,123.56574249267578,0.5847280025482178,,,,,,,,,0.0391172766685485
NB33,Thiên Cung - Đầu Gỗ,2313396,423810,2025,3,oyster,6.275686740875244,26.968067169189453,8.06253719329834,30.05649185180664,0.0629431307315826,,35.71870040893555,91.56521606445312,6.508646488189697,0.0,129.50851440429688,7.730267524719238,,,,,,,,,0.0438265241682529
NB33,Thiên Cung - Đầu Gỗ,2313396,423810,2025,4,oyster,6.395132541656494,23.99542808532715,8.070807456970215,30.352859497070312,0.0483045689761638,,33.91264343261719,94.3994598388672,5.760473728179932,0.0,116.88420867919922,1.3669828176498413,,,,,,,,,0.0351078622043132
NB33,Thiên Cung - Đầu Gỗ,2313396,423810,2026,1,oyster,6.497169017791748,19.470434188842773,8.125429153442383,30.96026992797852,0.0526191219687461,,29.391332626342773,71.05889129638672,5.450869083404541,0.0,125.0421905517578,1.9729883670806885,,,,,,,,,0.0374485179781913
NB33,Thiên Cung - Đầu Gỗ,2313396,423810,2026,2,oyster,6.101450443267822,24.79819297790528,8.01636791229248,30.488569259643555,0.0633951723575592,,31.62177276611328,86.0688705444336,6.55848503112793,0.0,118.70623016357422,0.8485614061355591,,,,,,,,,0.0361820831894874
NB33,Thiên Cung - Đầu Gỗ,2313396,423810,2026,3,oyster,6.121023654937744,27.423940658569336,8.030074119567871,30.31486701965332,0.0499517880380153,,34.109676361083984,96.12399291992188,5.914473533630371,0.0,120.71165466308594,0.0,,,,,,,,,0.037331786006689
NB33,Thiên Cung - Đầu Gỗ,2313396,423810,2026,4,oyster,6.201103210449219,24.65398979187012,8.050142288208008,30.62819480895996,0.0416112430393695,,31.84810256958008,89.04830169677734,4.593669891357422,0.0,120.7048110961914,4.300517559051514,,,,,,,,,0.0389953441917896
NB33,Thiên Cung - Đầu Gỗ,2313396,423810,2027,1,oyster,6.64422082901001,20.27126121520996,8.116164207458496,31.41698455810547,0.0384253300726413,,32.84989547729492,103.65266418457033,4.161632537841797,0.0,120.1846694946289,2.395111083984375,,,,,,,,,0.0375440753996372
NB33,Thiên Cung - Đầu Gỗ,2313396,423810,2027,2,oyster,6.32437801361084,25.08889961242676,7.974515914916992,30.20918083190918,0.0464699566364288,,32.21073913574219,90.88916015625,4.640713691711426,0.0,122.14665985107422,5.430022716522217,,,,,,,,,0.0383375659584999
NB33,Thiên Cung - Đầu Gỗ,2313396,423810,2027,3,oyster,6.344716548919678,27.357065200805664,8.054059982299805,31.101747512817383,0.0337873809039592,,34.18614196777344,95.13455200195312,3.2078616619110107,0.0,119.0390853881836,0.0,,,,,,,,,0.0378545336425304
NB34,Đảo TiTop,2307445,430246,2025,1,oyster,6.7109222412109375,21.739315032958984,8.073208808898926,31.452730178833008,0.0528682172298431,,32.5576286315918,85.95728302001953,5.445720672607422,0.0,119.02430725097656,0.0,,,,,,,,,0.0385615602135658
NB34,Đảo TiTop,2307445,430246,2025,2,oyster,6.5631513595581055,25.477596282958984,8.069107055664062,30.172605514526367,0.058648508042097,,34.00735092163086,95.8980712890625,5.648561477661133,0.0,115.95750427246094,0.0,,,,,,,,,0.0363622941076755
NB34,Đảo TiTop,2307445,430246,2025,3,oyster,6.562570571899414,27.81008720397949,8.12182903289795,29.981454849243164,0.0393917001783847,,32.67918014526367,76.80059814453125,4.173548698425293,0.0,116.70183563232422,2.9349706172943115,,,,,,,,,0.0348349064588546
NB34,Đảo TiTop,2307445,430246,2025,4,oyster,6.160123825073242,25.314451217651367,8.105630874633789,29.848779678344727,0.0266019683331251,,30.50113868713379,83.48297882080078,2.225595235824585,0.0,115.86466979980467,3.296400308609009,,,,,,,,,0.0375928319990634
NB34,Đảo TiTop,2307445,430246,2026,1,oyster,6.350700855255127,21.02044677734375,8.080521583557129,31.482799530029297,0.0365148298442363,,35.51261901855469,110.08499145507812,4.509437561035156,0.0,132.80421447753906,2.79472017288208,,,,,,,,,0.0436852015554904
NB34,Đảo TiTop,2307445,430246,2026,2,oyster,6.278074741363525,25.38353157043457,8.052459716796875,30.38285255432129,0.0416730344295501,,32.88082504272461,93.06272888183594,3.912447452545166,0.0,116.25694274902344,0.433263897895813,,,,,,,,,0.0390675514936447
NB34,Đảo TiTop,2307445,430246,2026,3,oyster,6.478782653808594,28.00549697875977,8.083109855651855,30.198139190673828,0.0285348668694496,,33.280723571777344,104.18115234375,3.453622817993164,0.0,125.46015167236328,4.493197441101074,,,,,,,,,0.0389140807092189
NB34,Đảo TiTop,2307445,430246,2026,4,oyster,6.396963119506836,24.821653366088867,8.0687255859375,29.944494247436523,0.0282724555581808,,32.66659164428711,110.39151763916016,2.8727855682373047,0.0,120.80994415283205,0.129273772239685,,,,,,,,,0.0404918752610683
NB34,Đảo TiTop,2307445,430246,2027,1,oyster,6.3920087814331055,20.71446228027344,8.115347862243652,31.538461685180664,0.0350063033401966,,33.566070556640625,94.89080047607422,4.03794527053833,126.48505401611328,120.52460479736328,1.0222772359848022,,,,,,,,,0.0411188378930091
NB34,Đảo TiTop,2307445,430246,2027,2,oyster,6.021848678588867,24.88516998291016,8.042936325073242,31.12724876403809,0.0361842885613441,,31.435470581054688,80.6110610961914,3.9599857330322266,528.212890625,113.85758209228516,0.0286189559847116,,,,,,,,,0.0412975624203681
NB34,Đảo TiTop,2307445,430246,2027,3,oyster,6.325584888458252,27.818498611450195,8.102683067321777,31.881175994873047,0.0255638044327497,,27.13591766357422,103.370849609375,3.514958620071411,1870.599853515625,105.24459838867188,4.704047203063965,,,,,,,,,0.0372932069003582
NB35,Khu nghỉ đêm - Cát Lán,2307219,430996,2025,1,oyster,6.376784801483154,21.60165977478028,8.055082321166992,31.26053237915039,0.0614874884486198,,33.60020065307617,72.69525909423828,4.135035037994385,165.51963806152344,118.82676696777344,0.0,,,,,,,,,0.0398707054555416
NB35,Khu nghỉ đêm - Cát Lán,2307219,430996,2025,2,oyster,6.349412441253662,24.78853988647461,8.066441535949707,30.39373588562012,0.0617249906063079,,34.02083206176758,97.13220977783205,4.5332512855529785,0.0,111.33616638183594,0.0,,,,,,,,,0.0348161347210407
NB35,Khu nghỉ đêm - Cát Lán,2307219,430996,2025,3,oyster,6.454301834106445,27.351303100585938,8.097765922546387,29.780797958374023,0.0489698313176631,,33.1293830871582,103.0330810546875,3.2244019508361816,0.0,128.59039306640625,1.9363250732421875,,,,,,,,,0.0344136096537113
NB35,Khu nghỉ đêm - Cát Lán,2307219,430996,2025,4,oyster,6.314154148101807,24.76984977722168,8.056047439575195,29.743051528930664,0.0423541478812694,,34.341827392578125,93.68891143798828,2.4874513149261475,0.0,119.44683837890624,2.25657606124878,,,,,,,,,0.0358405038714408
NB35,Khu nghỉ đêm - Cát Lán,2307219,430996,2026,1,oyster,6.446631908416748,21.082672119140625,8.10163402557373,31.29090881347656,0.0552256256341934,,35.02100372314453,88.9949951171875,3.399244546890259,0.0,120.55575561523438,0.7685602903366089,,,,,,,,,0.0446131117641925
NB35,Khu nghỉ đêm - Cát Lán,2307219,430996,2026,2,oyster,6.375761032104492,25.304718017578125,8.043304443359375,29.585208892822266,0.0610837861895561,,31.852367401123047,108.9332046508789,4.295854091644287,0.0,114.70838928222656,1.434336543083191,,,,,,,,,0.0359790548682212
NB35,Khu nghỉ đêm - Cát Lán,2307219,430996,2026,3,oyster,6.561617374420166,27.873044967651367,8.119997024536133,30.36988639831543,0.032011155039072,,31.455808639526367,77.6607894897461,1.7875558137893677,0.0,114.34782409667967,4.728379726409912,,,,,,,,,0.035246156156063
NB35,Khu nghỉ đêm - Cát Lán,2307219,430996,2026,4,oyster,6.48792839050293,25.00750160217285,8.091273307800293,29.49131202697754,0.0316860377788543,,34.31846618652344,104.23492431640624,0.8115385174751282,0.0,128.79885864257812,1.2760324478149414,,,,,,,,,0.0415744669735431
NB35,Khu nghỉ đêm - Cát Lán,2307219,430996,2027,1,oyster,6.654873847961426,21.28719520568848,8.116345405578613,30.426612854003903,0.041799671947956,,36.25343704223633,100.4855728149414,1.7468383312225342,172.47438049316406,131.484130859375,1.1203083992004397,,,,,,,,,0.0404334366321563
NB35,Khu nghỉ đêm - Cát Lán,2307219,430996,2027,2,oyster,6.364523410797119,25.23699760437012,8.092597007751465,29.56586647033692,0.0453593917191028,,32.42080307006836,96.52767181396484,4.467206001281738,205.973373413086,124.43338775634766,0.0,,,,,,,,,0.0425807796418666
NB35,Khu nghỉ đêm - Cát Lán,2307219,430996,2027,3,oyster,6.790173053741455,28.436521530151367,8.156189918518066,30.421743392944336,0.0360927656292915,,32.74732208251953,120.67230987548828,3.784866571426392,620.26416015625,120.1043472290039,3.116981506347656,,,,,,,,,0.0421423651278018
NB36,Khu Nghỉ đêm - Hang Luồn,2306977,431601,2025,1,oyster,6.412505626678467,21.027467727661133,8.025908470153809,31.50491714477539,0.0678674578666687,,30.26007843017578,68.47785949707031,4.7067646980285645,217.345443725586,116.57081604003906,0.0,,,,,,,,,0.0387606099247932
NB36,Khu Nghỉ đêm - Hang Luồn,2306977,431601,2025,2,oyster,6.1497015953063965,26.30948829650879,8.001805305480957,30.217493057250977,0.0725324377417564,,32.678375244140625,88.12395477294922,5.246647357940674,0.0,114.77873992919922,2.653417587280273,,,,,,,,,0.0376829504966735
NB36,Khu Nghỉ đêm - Hang Luồn,2306977,431601,2025,3,oyster,6.451233386993408,27.995290756225582,8.086901664733887,29.99276161193848,0.0627178773283958,,31.960697174072266,78.02776336669922,4.2051262855529785,0.0,120.98313903808594,6.965799331665039,,,,,,,,,0.0338060520589351
NB36,Khu Nghỉ đêm - Hang Luồn,2306977,431601,2025,4,oyster,6.204004764556885,24.54852294921875,8.064472198486328,29.79472923278809,0.052949234843254,,33.55559539794922,106.71257781982422,4.120837211608887,0.0,120.9768524169922,3.799346923828125,,,,,,,,,0.0371153838932514
NB36,Khu Nghỉ đêm - Hang Luồn,2306977,431601,2026,1,oyster,6.225085258483887,20.65927696228028,8.079413414001465,31.37157440185547,0.0628542155027389,,34.34457778930664,96.86356353759766,4.506857395172119,0.0,121.65103912353516,2.2342567443847656,,,,,,,,,0.043215837329626
NB36,Khu Nghỉ đêm - Hang Luồn,2306977,431601,2026,2,oyster,6.033063888549805,25.994504928588867,8.004861831665039,30.718246459960938,0.0638224855065345,,28.85055351257324,95.74512481689452,3.727371692657471,0.0,106.46849822998048,1.1132136583328247,,,,,,,,,0.030777309089899
NB36,Khu Nghỉ đêm - Hang Luồn,2306977,431601,2026,3,oyster,6.638500213623047,27.64306259155273,8.118752479553223,30.210315704345703,0.0445973649621009,,32.34147262573242,98.44751739501952,2.713764905929565,0.0,119.45263671875,4.152745246887207,,,,,,,,,0.0331691950559616
NB36,Khu Nghỉ đêm - Hang Luồn,2306977,431601,2026,4,oyster,6.08477258682251,25.1274356842041,8.11646556854248,30.250112533569336,0.037672720849514,,32.04544448852539,92.00502014160156,2.712174892425537,0.0,112.35247039794922,0.0,,,,,,,,,0.0391624458134174
NB36,Khu Nghỉ đêm - Hang Luồn,2306977,431601,2027,1,oyster,6.349615097045898,21.21672821044922,8.10245132446289,31.360727310180664,0.0431531518697738,,36.16569137573242,94.47938537597656,2.736973285675049,0.0,131.50172424316406,0.8817724585533142,,,,,,,,,0.0396460741758346
NB36,Khu Nghỉ đêm - Hang Luồn,2306977,431601,2027,2,oyster,6.40697717666626,25.84258270263672,8.039341926574707,30.366186141967773,0.055990744382143,,34.366573333740234,84.59546661376953,2.9041454792022705,0.0,128.46795654296875,0.0,,,,,,,,,0.0438666678965091
NB36,Khu Nghỉ đêm - Hang Luồn,2306977,431601,2027,3,oyster,6.4980082511901855,28.417724609375,8.070930480957031,30.89375305175781,0.0330371186137199,,36.399845123291016,120.21160888671876,1.1348520517349243,0.0,129.43370056152344,2.305192470550537,,,,,,,,,0.0386620983481407
NB37,Bồ Nâu - Sửng Sốt,2305988,431059,2025,1,oyster,6.03428316116333,21.177783966064453,8.069047927856445,31.49568748474121,0.0224081613123416,,32.75066375732422,78.36197662353516,5.145344257354736,43.065040588378906,115.59576416015624,3.485548734664917,,,,,,,,,0.0365491174161434
NB37,Bồ Nâu - Sửng Sốt,2305988,431059,2025,2,oyster,6.379744529724121,25.599740982055664,8.12313175201416,30.38145637512207,0.0277101229876279,,30.885231018066406,84.74388885498047,5.939840793609619,558.4566040039062,119.7075424194336,0.2465361803770065,,,,,,,,,0.0386437699198722
NB37,Bồ Nâu - Sửng Sốt,2305988,431059,2025,3,oyster,6.714413642883301,27.7257022857666,8.11561393737793,30.35948371887207,0.0189583282917737,,34.14876937866211,126.73928833007812,6.788231372833252,2571.72265625,124.81428527832033,0.0356254838407039,,,,,,,,,0.0388824567198753
NB37,Bồ Nâu - Sửng Sốt,2305988,431059,2025,4,oyster,6.5827155113220215,25.469451904296875,8.125785827636719,30.40446853637696,0.0222741216421127,,30.78546714782715,116.25613403320312,7.008285999298096,1334.5684814453125,124.15520477294922,0.0,,,,,,,,,0.0418479479849338
NB37,Bồ Nâu - Sửng Sốt,2305988,431059,2026,1,oyster,5.919815540313721,21.815773010253903,8.081339836120605,31.4112606048584,0.0292761400341987,,30.012466430664062,102.62357330322266,6.696689605712891,3558.888427734375,105.78723907470705,0.0,,,,,,,,,0.0416504889726638
NB37,Bồ Nâu - Sửng Sốt,2305988,431059,2026,2,oyster,6.649641036987305,24.55364418029785,8.13753890991211,29.99720001220703,0.0341545231640338,,30.238073348999023,81.93273162841797,8.235246658325195,3585.140625,109.75797271728516,0.0,,,,,,,,,0.0434171929955482
NB37,Bồ Nâu - Sửng Sốt,2305988,431059,2026,3,oyster,6.298218727111816,28.108278274536133,8.07841968536377,30.528181076049805,0.0336006358265876,,35.053218841552734,81.46839141845703,7.412677764892578,1292.587890625,119.5692138671875,0.0,,,,,,,,,0.0434251464903354
NB37,Bồ Nâu - Sửng Sốt,2305988,431059,2026,4,oyster,8.58419418334961,24.61962127685547,8.105493545532227,29.962047576904297,0.0460762158036232,,30.96475601196289,76.54387664794922,6.471022129058838,290.4488525390625,108.75475311279295,0.0,,,,,,,,,0.0398054160177707
NB37,Bồ Nâu - Sửng Sốt,2305988,431059,2027,1,oyster,6.900981903076172,20.71138572692871,8.0927152633667,31.4429988861084,0.0520295090973377,,32.209415435791016,88.95157623291016,6.657245635986328,0.0,109.2010726928711,0.0,,,,,,,,,0.0418545491993427
NB37,Bồ Nâu - Sửng Sốt,2305988,431059,2027,2,oyster,6.358248710632324,24.808597564697266,8.099468231201172,30.38500213623047,0.0597885437309742,,38.141300201416016,106.58174896240234,6.394334316253662,0.0,113.45135498046876,0.0,,,,,,,,,0.047540258616209
NB37,Bồ Nâu - Sửng Sốt,2305988,431059,2027,3,oyster,5.704146862030029,27.688852310180664,8.102617263793945,30.47789764404297,0.0353961996734142,,34.48561096191406,97.1295394897461,7.045214653015137,0.0,114.68022918701172,3.420971155166626,,,,,,,,,0.0419173017144203
NB38,Khu nghỉ đêm - Lờm bò,2304145,430616,2025,1,oyster,7.063047885894775,20.184160232543945,8.129338264465332,32.366214752197266,0.0291415061801671,,35.27992248535156,99.1694793701172,4.642807483673096,221.1339263916016,121.5635757446289,0.0,,,,,,,,,0.0389393754303455
NB38,Khu nghỉ đêm - Lờm bò,2304145,430616,2025,2,oyster,6.543829917907715,25.607078552246094,8.087030410766602,30.83314323425293,0.0410708226263523,,34.58014297485352,92.37493133544922,7.831828594207764,0.0,128.46966552734375,0.836743950843811,,,,,,,,,0.0410106852650642
NB38,Khu nghỉ đêm - Lờm bò,2304145,430616,2025,3,oyster,6.304009914398193,27.334611892700195,8.125804901123047,31.129796981811523,0.0340940281748771,,33.16810607910156,81.37833404541016,4.804934978485107,0.0,126.84477996826172,1.303661823272705,,,,,,,,,0.0385194644331932
NB38,Khu nghỉ đêm - Lờm bò,2304145,430616,2025,4,oyster,6.505945205688477,23.972457885742188,8.108281135559082,30.68950080871582,0.017052374780178,,35.83259963989258,103.62960052490234,4.402390003204346,0.0,121.6576690673828,0.0,,,,,,,,,0.0401923134922981
NB38,Khu nghỉ đêm - Lờm bò,2304145,430616,2026,1,oyster,6.969776630401611,19.33830070495605,8.201138496398926,32.17851638793945,0.0288021601736545,,37.498985290527344,96.8018035888672,2.4102556705474854,0.0,122.20851135253906,0.3078106641769409,,,,,,,,,0.0434403866529464
NB38,Khu nghỉ đêm - Lờm bò,2304145,430616,2026,2,oyster,6.759490966796875,25.51167678833008,8.198721885681152,30.64687156677246,0.0388938710093498,,35.95526885986328,119.9214324951172,6.130538463592529,0.0,134.36981201171875,2.5788028240203857,,,,,,,,,0.0430872924625873
NB38,Khu nghỉ đêm - Lờm bò,2304145,430616,2026,3,oyster,6.767998218536377,27.907939910888672,8.209480285644531,30.967403411865234,0.0264569539576768,,35.771827697753906,114.4417724609375,5.561542510986328,0.0,135.5496826171875,0.3188787400722503,,,,,,,,,0.0389025956392288
NB38,Khu nghỉ đêm - Lờm bò,2304145,430616,2026,4,oyster,9.096257209777832,24.39484024047852,8.1719970703125,31.19891357421875,0.0246517620980739,,35.20991134643555,121.55300903320312,6.247888088226318,0.0,130.5862274169922,0.0,,,,,,,,,0.0419818125665187
NB38,Khu nghỉ đêm - Lờm bò,2304145,430616,2027,1,oyster,7.326028823852539,19.32439041137696,8.16918659210205,32.15265274047852,0.0279569458216428,,39.89866638183594,151.11106872558594,4.998048782348633,0.0,130.016845703125,0.0,,,,,,,,,0.0434894561767578
NB38,Khu nghỉ đêm - Lờm bò,2304145,430616,2027,2,oyster,6.607998371124268,25.29258155822754,8.210220336914062,31.3906192779541,0.0393174365162849,,35.80450439453125,100.95770263671876,5.699759483337402,0.0,118.31890869140624,0.0,,,,,,,,,0.0409110486507415
NB38,Khu nghỉ đêm - Lờm bò,2304145,430616,2027,3,oyster,7.345743179321289,28.2309627532959,8.215940475463867,30.96389389038086,0.0257971547544002,,40.83794021606445,122.57383728027344,5.432456970214844,0.0,140.1688232421875,0.6543256640434265,,,,,,,,,0.0482172779738903
NB41,Làng chài Hoa Cương,2309195,425079,2025,1,oyster,6.298633098602295,21.36029624938965,8.159150123596191,30.882614135742188,0.0592067427933216,,35.13199615478516,87.5870361328125,5.261448860168457,0.0,130.21429443359375,1.768372654914856,,,,,,,,,0.0424282811582088
NB41,Làng chài Hoa Cương,2309195,425079,2025,2,oyster,6.250444412231445,25.43604278564453,8.080485343933105,30.42305564880371,0.0641133785247802,,33.040748596191406,90.68072509765624,5.890356063842773,0.0,123.57269287109376,0.184994176030159,,,,,,,,,0.038347590714693
NB41,Làng chài Hoa Cương,2309195,425079,2025,3,oyster,6.176008224487305,26.97266387939453,8.088212013244629,29.808609008789062,0.0606852024793624,,34.15443420410156,96.54846954345705,5.569873332977295,0.0,122.69888305664062,1.933392643928528,,,,,,,,,0.0395069047808647
NB41,Làng chài Hoa Cương,2309195,425079,2025,4,oyster,6.156680107116699,24.8916130065918,8.098153114318848,29.98023223876953,0.0469975583255291,,33.66797637939453,90.64678192138672,3.2116947174072266,0.0,122.48773956298828,4.7267231941223145,,,,,,,,,0.0362911373376846
NB41,Làng chài Hoa Cương,2309195,425079,2026,1,oyster,6.377842426300049,21.30683708190918,8.118410110473633,30.96831703186035,0.0520219877362251,,35.44266891479492,87.67521667480469,3.680787324905396,0.0,126.3848876953125,3.288924217224121,,,,,,,,,0.0370269827544689
NB41,Làng chài Hoa Cương,2309195,425079,2026,2,oyster,6.730448246002197,25.548099517822266,8.0779447555542,30.20050811767578,0.0626826509833335,,31.133012771606445,88.81278991699219,4.526107311248779,0.0,121.51472473144533,0.578043520450592,,,,,,,,,0.036228023469448
NB41,Làng chài Hoa Cương,2309195,425079,2026,3,oyster,6.58258581161499,27.272613525390625,8.091727256774902,30.63178253173828,0.0436775162816047,,31.07556915283203,87.43250274658203,3.5976290702819824,0.0,104.93063354492188,0.0,,,,,,,,,0.0335303805768489
NB41,Làng chài Hoa Cương,2309195,425079,2026,4,oyster,6.293682098388672,24.72386741638184,8.12549877166748,30.1575927734375,0.0363954454660415,,29.629638671875,104.29762268066406,1.6187132596969604,0.0,113.48985290527344,2.100385427474976,,,,,,,,,0.0355809591710567
NB41,Làng chài Hoa Cương,2309195,425079,2027,1,oyster,6.249916076660156,21.392492294311523,8.137558937072754,30.83505249023437,0.0365447402000427,,36.52237319946289,117.06779479980467,0.9430237412452698,0.0,132.3095703125,4.506725788116455,,,,,,,,,0.0452028699219226
NB41,Làng chài Hoa Cương,2309195,425079,2027,2,oyster,6.370394706726074,25.55473899841309,8.131791114807129,29.875621795654297,0.0480481199920177,,36.94408798217773,100.243408203125,2.8861186504364014,0.0,125.63347625732422,0.0,,,,,,,,,0.038303654640913
NB41,Làng chài Hoa Cương,2309195,425079,2027,3,oyster,6.901432514190674,27.98861312866211,8.23269271850586,30.26510429382324,0.0350170247256755,,36.80522537231445,102.55242156982422,3.058504819869995,0.0,133.7446746826172,0.5379869341850281,,,,,,,,,0.0415229946374893
NB39,Khu nghỉ đêm Cống Đỏ,2309402,433983,2025,1,oyster,6.900986671447754,19.760400772094727,8.087141036987305,32.953277587890625,0.0281108804047107,,35.75731658935547,92.52116394042967,3.5892422199249268,1311.4986572265625,110.50931549072266,0.2866058051586151,,,,,,,,,0.0401640869677066
NB39,Khu nghỉ đêm Cống Đỏ,2309402,433983,2025,2,oyster,6.7939958572387695,24.72618293762207,8.08832836151123,30.793006896972656,0.0431157760322093,,33.134185791015625,112.9145278930664,6.013311386108398,3739.3125,123.60951232910156,6.266383647918701,,,,,,,,,0.0446231476962566
NB39,Khu nghỉ đêm Cống Đỏ,2309402,433983,2025,3,oyster,6.422824382781982,27.73953056335449,8.124354362487793,30.321632385253903,0.0312070995569229,,32.262237548828125,115.19718933105467,6.516964912414551,1937.4742431640625,118.66949462890624,1.3771172761917114,,,,,,,,,0.0441045761108398
NB39,Khu nghỉ đêm Cống Đỏ,2309402,433983,2025,4,oyster,6.316964149475098,25.33393859863281,8.096752166748047,30.724672317504883,0.0242523085325956,,32.31943130493164,111.9615707397461,8.248357772827148,3262.188232421875,114.75736236572266,0.0,,,,,,,,,0.0442826449871063
NB39,Khu nghỉ đêm Cống Đỏ,2309402,433983,2026,1,oyster,6.471780776977539,20.863433837890625,8.12862491607666,31.629867553710938,0.0386986769735813,,32.868289947509766,106.60218811035156,4.192971229553223,1754.108642578125,112.01632690429688,0.0,,,,,,,,,0.0484930872917175
NB39,Khu nghỉ đêm Cống Đỏ,2309402,433983,2026,2,oyster,6.066437721252441,25.55960464477539,8.159355163574219,30.80794143676757,0.0458541847765445,,35.280574798583984,78.21026611328125,4.590384483337402,0.0,118.08898162841795,0.0,,,,,,,,,0.0460977330803871
NB39,Khu nghỉ đêm Cống Đỏ,2309402,433983,2026,3,oyster,6.13994836807251,28.03500366210937,8.171931266784668,30.512916564941406,0.0308228265494108,,34.52417755126953,87.3685302734375,3.274528741836548,0.0,105.9069595336914,0.0,,,,,,,,,0.040727823972702
NB39,Khu nghỉ đêm Cống Đỏ,2309402,433983,2026,4,oyster,8.272687911987305,24.487625122070312,8.12657356262207,30.38677215576172,0.0391552001237869,,34.68985748291016,101.23369598388672,6.614911079406738,0.0,122.81072998046876,0.0,,,,,,,,,0.0469199307262897
NB39,Khu nghỉ đêm Cống Đỏ,2309402,433983,2027,1,oyster,7.079384326934815,20.49598693847656,8.185962677001953,31.560266494750977,0.0451578795909881,,34.25710678100586,105.62032318115234,5.755119323730469,0.0,115.15110778808594,3.345545053482056,,,,,,,,,0.0399748273193836
NB39,Khu nghỉ đêm Cống Đỏ,2309402,433983,2027,2,oyster,7.261519432067871,25.7088565826416,8.158109664916992,30.64341926574707,0.0565119832754135,,32.526023864746094,84.0731430053711,5.918907642364502,0.0,137.43203735351562,0.0,,,,,,,,,0.0400845780968666
NB39,Khu nghỉ đêm Cống Đỏ,2309402,433983,2027,3,oyster,7.115250587463379,27.551025390625,8.14123821258545,30.226089477539062,0.0348335728049278,,35.77939224243164,104.26058197021484,4.993494510650635,0.0,120.31905364990234,0.7232881188392639,,,,,,,,,0.034201730042696
NB40,Làng chài Ba Hang,2312233,423638,2025,1,oyster,6.298298358917236,19.86459350585937,8.064327239990234,31.006914138793945,0.0729688480496406,,31.1593074798584,79.72801208496094,4.151721477508545,0.0,116.10191345214844,0.0,,,,,,,,,0.0377541035413742
NB40,Làng chài Ba Hang,2312233,423638,2025,2,oyster,6.126440048217773,24.739717483520508,8.01905345916748,30.15477180480957,0.0744301080703735,,34.382747650146484,101.06021881103516,5.49267578125,0.0,122.10334777832033,1.1500980854034424,,,,,,,,,0.0403840765357017
NB40,Làng chài Ba Hang,2312233,423638,2025,3,oyster,6.287106037139893,26.956581115722656,8.068204879760742,29.93070602416992,0.0649447664618492,,35.03279495239258,83.82515716552734,4.836726188659668,0.0,129.3071746826172,3.745740413665772,,,,,,,,,0.0418975427746772
NB40,Làng chài Ba Hang,2312233,423638,2025,4,oyster,6.3282623291015625,24.11018753051757,8.064187049865723,30.070066452026367,0.0557341799139976,,34.92424774169922,100.81382751464844,4.702160835266113,18.97311782836914,124.86676788330078,1.963818311691284,,,,,,,,,0.0360582768917083
NB40,Làng chài Ba Hang,2312233,423638,2026,1,oyster,6.655552387237549,21.05110740661621,8.119247436523438,30.55371284484864,0.0676808506250381,,34.26557159423828,97.3545150756836,5.35277795791626,0.0,121.03703308105467,3.4778308868408203,,,,,,,,,0.0437146462500095
NB40,Làng chài Ba Hang,2312233,423638,2026,2,oyster,6.164040565490723,25.211929321289062,8.041014671325684,30.00864791870117,0.0749553143978118,,31.07414436340332,84.40099334716797,5.365816593170166,0.0,108.95874786376952,0.4531976282596588,,,,,,,,,0.0326082296669483
NB40,Làng chài Ba Hang,2312233,423638,2026,3,oyster,6.221874713897705,27.51898002624512,8.083831787109375,30.085596084594727,0.0536781512200832,,29.634180068969727,80.72416687011719,4.381821155548096,0.0,115.74556732177734,4.420180320739746,,,,,,,,,0.0344086587429046
NB40,Làng chài Ba Hang,2312233,423638,2026,4,oyster,6.399834156036377,24.993698120117188,8.09981918334961,29.70696449279785,0.041006576269865,,31.01500129699707,81.54910278320312,3.0498528480529785,0.0,103.99542999267578,3.348721981048584,,,,,,,,,0.0411605834960937
NB40,Làng chài Ba Hang,2312233,423638,2027,1,oyster,6.6187896728515625,21.37053108215332,8.106314659118652,30.55340385437012,0.0433642156422138,,38.32987594604492,112.95809936523438,2.442213296890259,0.0,132.48406982421875,1.265040397644043,,,,,,,,,0.0412447974085807
NB40,Làng chài Ba Hang,2312233,423638,2027,2,oyster,6.316338062286377,25.164012908935547,8.049139976501465,29.635629653930664,0.0582567974925041,,33.77006149291992,92.806640625,4.199388980865479,0.0,121.0563735961914,0.0,,,,,,,,,0.0413901731371879
NB40,Làng chài Ba Hang,2312233,423638,2027,3,oyster,6.336925983428955,27.37695503234864,8.111074447631836,30.346494674682617,0.0277156103402376,,30.474916458129883,92.2368392944336,4.029194355010986,428.0672912597656,113.78467559814452,5.331785202026367,,,,,,,,,0.0339803323149681
NB42,Làng chài Cửa Vạn,2301526,434156,2025,1,oyster,6.900814533233643,19.628875732421875,8.104007720947266,31.34179306030273,0.0625664144754409,,32.3739013671875,88.4996566772461,7.625774383544922,0.0,114.09931182861328,0.0,,,,,,,,,0.0399431027472019
NB42,Làng chài Cửa Vạn,2301526,434156,2025,2,oyster,6.093498229980469,24.673480987548828,7.979606628417969,30.052623748779297,0.0750785171985626,,33.17361831665039,74.44606018066406,9.443687438964844,0.0,100.46649169921876,7.336367607116699,,,,,,,,,0.0368515029549598
NB42,Làng chài Cửa Vạn,2301526,434156,2025,3,oyster,6.111560821533203,27.803028106689453,8.012858390808105,30.05949211120605,0.0454769358038902,,33.94761276245117,77.46005249023438,7.522055625915527,0.0,125.6679458618164,4.7981157302856445,,,,,,,,,0.0392444059252738
NB42,Làng chài Cửa Vạn,2301526,434156,2025,4,oyster,6.061856269836426,25.22588539123535,8.056984901428223,30.937152862548828,0.0373290479183197,,31.930980682373047,71.97027587890625,6.0313897132873535,173.55902099609375,121.43809509277344,4.685500621795654,,,,,,,,,0.033817384392023
NB42,Làng chài Cửa Vạn,2301526,434156,2026,1,oyster,6.725947856903076,21.65733528137207,8.10956859588623,31.335176467895508,0.0547391586005687,,33.40286636352539,95.5446548461914,7.851235389709473,0.0,128.23696899414062,1.0394240617752075,,,,,,,,,0.041230421513319
NB42,Làng chài Cửa Vạn,2301526,434156,2026,2,oyster,6.138335704803467,25.394392013549805,8.085039138793945,30.1645736694336,0.0542725250124931,,28.26572036743164,78.6731185913086,7.262614727020264,0.0,113.98502349853516,1.2737661600112915,,,,,,,,,0.032480239868164
NB42,Làng chài Cửa Vạn,2301526,434156,2026,3,oyster,5.965064525604248,27.44955444335937,8.104985237121582,29.65835189819336,0.0286841392517089,,30.544246673583984,83.44409942626953,6.643671989440918,0.0,113.23204803466795,4.855700492858887,,,,,,,,,0.0380070358514785
NB42,Làng chài Cửa Vạn,2301526,434156,2026,4,oyster,6.006673812866211,24.276979446411133,8.08116340637207,30.42391014099121,0.0295530147850513,,31.65440559387207,101.68209075927734,6.936505317687988,0.0,103.54652404785156,1.417103886604309,,,,,,,,,0.0418877080082893
NB42,Làng chài Cửa Vạn,2301526,434156,2027,1,oyster,6.000926017761231,19.674190521240234,8.086806297302246,31.31966781616211,0.0407733619213104,,34.00132369995117,99.08135986328124,8.694785118103027,0.0,134.17422485351562,5.593974590301514,,,,,,,,,0.0413267165422439
NB42,Làng chài Cửa Vạn,2301526,434156,2027,2,oyster,5.866217136383057,25.064754486083984,8.030898094177246,30.998580932617188,0.042511336505413,,30.9892578125,97.3125228881836,4.4969868659973145,0.0,108.61041259765624,0.716987133026123,,,,,,,,,0.0375776477158069
NB42,Làng chài Cửa Vạn,2301526,434156,2027,3,oyster,5.995887279510498,27.212852478027344,8.126850128173828,31.035350799560547,0.0313196294009685,,31.610496520996094,109.82501983642578,4.198239326477051,0.0,122.56641387939452,4.144115447998047,,,,,,,,,0.0334386527538299
NB43,Làng chài Cống Tầu,2296143,437139,2025,1,oyster,6.666167259216309,20.59808158874512,8.087869644165039,31.496702194213867,0.0509209558367729,,32.840553283691406,78.6644287109375,4.520232677459717,0.0,125.8909683227539,0.0,,,,,,,,,0.0358311794698238
NB43,Làng chài Cống Tầu,2296143,437139,2025,2,oyster,6.398789405822754,25.197139739990234,8.10095500946045,31.21295738220215,0.0583809092640876,,32.39787292480469,78.96282958984375,4.513021945953369,0.0,118.01907348632812,1.8108834028244016,,,,,,,,,0.0365345813333988
NB43,Làng chài Cống Tầu,2296143,437139,2025,3,oyster,6.20820426940918,28.34978485107422,8.116822242736816,30.607532501220703,0.0321581400930881,,34.96194839477539,98.1277084350586,3.2667500972747803,0.0,129.18992614746094,2.2134265899658203,,,,,,,,,0.0395571440458297
NB43,Làng chài Cống Tầu,2296143,437139,2025,4,oyster,6.11818790435791,24.02855682373047,8.141474723815918,30.491323471069336,0.0329795442521572,,34.695762634277344,94.17581176757812,1.956875324249268,0.0,128.66781616210938,4.529975414276123,,,,,,,,,0.0385378897190094
NB43,Làng chài Cống Tầu,2296143,437139,2026,1,oyster,6.746172904968262,19.86686897277832,8.123733520507812,31.56854248046875,0.0396581776440143,,37.80244827270508,105.44170379638672,3.8812851905822754,0.0,140.32301330566406,2.6079108715057373,,,,,,,,,0.0427078790962696
NB43,Làng chài Cống Tầu,2296143,437139,2026,2,oyster,6.429356098175049,25.353412628173828,8.069820404052734,30.897253036499023,0.0382294431328773,,29.827247619628903,76.28838348388672,4.227829933166504,0.0,109.88262176513672,2.222553014755249,,,,,,,,,0.0345756895840168
NB43,Làng chài Cống Tầu,2296143,437139,2026,3,oyster,6.317916393280029,27.87129211425781,8.087488174438477,30.94220924377441,0.0260008182376623,,31.48716163635254,90.10855865478516,2.3225209712982178,0.0,118.0974578857422,0.9048632383346558,,,,,,,,,0.0352915562689304
NB43,Làng chài Cống Tầu,2296143,437139,2026,4,oyster,6.859055519104004,24.310760498046875,8.079195976257324,30.488853454589844,0.0301709584891796,,32.09737014770508,103.07593536376952,1.045663595199585,0.0,120.886962890625,2.513148784637451,,,,,,,,,0.0403916910290718
NB43,Làng chài Cống Tầu,2296143,437139,2027,1,oyster,6.639379024505615,20.177791595458984,8.12791919708252,31.430788040161133,0.0391244366765022,,36.67422866821289,113.6635971069336,2.332496166229248,0.0,136.28927612304688,2.0681209564208984,,,,,,,,,0.0387575328350067
NB43,Làng chài Cống Tầu,2296143,437139,2027,2,oyster,6.461278438568115,25.66047477722168,8.062312126159668,30.51276206970215,0.0396834425628185,,31.727277755737305,77.3104019165039,3.4011001586914062,0.0,115.97563934326172,0.0,,,,,,,,,0.0397252328693866
NB43,Làng chài Cống Tầu,2296143,437139,2027,3,oyster,6.546704292297363,27.82676124572754,8.061727523803711,31.27973747253418,0.0240401476621627,,34.77404022216797,105.49436950683594,1.90178644657135,0.0,126.21551513671876,0.1470178663730621,,,,,,,,,0.0419217497110366
NB44,Làng chài Vông Viêng,2305622,438613,2025,1,oyster,6.504553318023682,20.869382858276367,8.098625183105469,31.52630615234375,0.0585095956921577,,32.259273529052734,58.7431869506836,4.6573991775512695,0.0,110.8758773803711,3.973042964935303,,,,,,,,,0.0352720506489276
NB44,Làng chài Vông Viêng,2305622,438613,2025,2,oyster,6.164437294006348,25.74497985839844,8.025256156921387,31.296794891357425,0.0626721382141113,,29.88913345336914,73.05519104003906,5.073129177093506,1118.2384033203125,106.4788055419922,1.689621090888977,,,,,,,,,0.0337036065757274
NB44,Làng chài Vông Viêng,2305622,438613,2025,3,oyster,5.992727756500244,28.4614315032959,8.032556533813477,31.388992309570312,0.0507644526660442,,25.00931739807129,82.69661712646484,4.530134201049805,2850.534912109375,102.83698272705078,2.4937472343444824,,,,,,,,,0.0309207756072282
NB44,Làng chài Vông Viêng,2305622,438613,2025,4,oyster,5.991156101226807,24.448930740356445,8.061117172241211,30.61054992675781,0.0503853671252727,,30.46204376220703,100.90524291992188,3.532939910888672,3152.912841796875,115.49259185791016,0.3224627375602722,,,,,,,,,0.0417564213275909
NB44,Làng chài Vông Viêng,2305622,438613,2026,1,oyster,6.184213161468506,21.870323181152344,8.07774543762207,31.34148597717285,0.0563787668943405,,30.04646110534668,115.15744018554688,4.12143087387085,0.0,130.25814819335938,3.853633165359497,,,,,,,,,0.0437044762074947
NB44,Làng chài Vông Viêng,2305622,438613,2026,2,oyster,5.867836952209473,25.96013259887696,8.08383846282959,31.86407470703125,0.0664104148745536,,31.55814552307129,80.57783508300781,3.852129459381104,0.0,90.07430267333984,0.0,,,,,,,,,0.0380178205668926
NB44,Làng chài Vông Viêng,2305622,438613,2026,3,oyster,6.0750250816345215,28.519386291503903,8.133508682250977,31.80355834960937,0.0370647646486759,,29.537485122680664,111.40484619140624,2.726276159286499,0.0,90.49055480957033,4.658385753631592,,,,,,,,,0.0373340137302875
NB44,Làng chài Vông Viêng,2305622,438613,2026,4,oyster,7.134677410125732,24.993837356567383,8.121098518371582,31.604217529296875,0.0410605110228061,,34.83205795288086,88.44197082519531,1.833638429641724,0.0,114.6709213256836,0.0,,,,,,,,,0.0453329496085643
NB44,Làng chài Vông Viêng,2305622,438613,2027,1,oyster,6.814642429351807,21.90617179870605,8.096468925476074,31.41538619995117,0.0422107204794883,,33.23354721069336,96.44184112548828,1.468130588531494,0.0,126.09815979003906,0.0,,,,,,,,,0.0383283533155918
NB44,Làng chài Vông Viêng,2305622,438613,2027,2,oyster,7.071304798126221,25.23603630065918,8.06462287902832,31.6366024017334,0.0552363879978656,,35.262489318847656,88.60243225097656,2.551520586013794,0.0,132.68527221679688,0.0,,,,,,,,,0.0365367978811264
NB44,Làng chài Vông Viêng,2305622,438613,2027,3,oyster,6.411637306213379,28.02946853637696,8.081818580627441,32.009212493896484,0.0332366377115249,,32.84555435180664,104.2466278076172,2.1763112545013428,0.0,128.57485961914062,1.7185977697372437,,,,,,,,,0.0343598462641239
NB45,Làng chài Cống Đầm,2306077,451136,2025,1,oyster,7.0077080726623535,20.05701446533203,8.080897331237793,30.90665054321289,0.0509475320577621,,33.28376770019531,121.3612823486328,7.885918140411377,169.38145446777344,107.30218505859376,3.134958982467652,,,,,,,,,0.041244126856327
NB45,Làng chài Cống Đầm,2306077,451136,2025,2,oyster,6.3906965255737305,25.70969581604004,8.051044464111328,30.22244644165039,0.0628355741500854,,32.520233154296875,60.86273193359375,7.51740026473999,0.0,120.2090301513672,0.7776232361793518,,,,,,,,,0.0402970723807811
NB45,Làng chài Cống Đầm,2306077,451136,2025,3,oyster,6.01553201675415,27.297494888305664,8.045446395874023,30.179317474365234,0.0354246385395526,,32.581844329833984,78.03961181640625,7.976189613342285,1716.1639404296875,114.96915435791016,4.385193824768066,,,,,,,,,0.0374460481107234
NB45,Làng chài Cống Đầm,2306077,451136,2025,4,oyster,5.799588680267334,25.14020347595215,8.064849853515625,30.58740234375,0.0452945977449417,,31.30168533325196,102.2920913696289,6.417703151702881,3160.8583984375,127.17281341552734,1.2465732097625732,,,,,,,,,0.039086777716875
NB45,Làng chài Cống Đầm,2306077,451136,2026,1,oyster,5.821078777313232,21.981019973754883,8.18120002746582,30.7211856842041,0.0521838702261447,,26.92032241821289,76.2209701538086,7.65051794052124,1347.728759765625,110.43864440917967,0.0,,,,,,,,,0.0414159558713436
NB45,Làng chài Cống Đầm,2306077,451136,2026,2,oyster,5.855515956878662,24.604211807250977,8.10998249053955,30.02000999450684,0.0614630319178104,,29.46595764160156,88.73115539550781,7.961246013641357,3466.0888671875,111.08478546142578,0.721695601940155,,,,,,,,,0.0371587686240673
NB45,Làng chài Cống Đầm,2306077,451136,2026,3,oyster,4.870333671569824,27.0482234954834,8.191261291503906,30.383533477783203,0.0474879406392574,,27.02999687194824,71.49037170410156,6.71358585357666,3492.378662109375,98.95532989501952,1.4178589582443235,,,,,,,,,0.0391973555088043
NB45,Làng chài Cống Đầm,2306077,451136,2026,4,oyster,5.236274242401123,24.39989471435547,8.189885139465332,30.45953750610352,0.0532963797450065,,30.923748016357425,85.71868896484375,7.263058662414551,0.0,122.60356903076172,0.0,,,,,,,,,0.0432283766567707
NB45,Làng chài Cống Đầm,2306077,451136,2027,1,oyster,6.885973930358887,20.46403312683105,8.238931655883789,30.67184066772461,0.0720368772745132,,30.106931686401367,97.56243896484376,9.012460708618164,0.0,111.67955780029295,0.0,,,,,,,,,0.0342774726450443
NB45,Làng chài Cống Đầm,2306077,451136,2027,2,oyster,5.340851783752441,25.02532196044922,8.167511940002441,29.80583953857422,0.0747346878051757,,36.20745468139648,117.5990982055664,5.673013210296631,0.0,123.48129272460938,0.0,,,,,,,,,0.0414885953068733
NB45,Làng chài Cống Đầm,2306077,451136,2027,3,oyster,5.450088024139404,27.34674072265625,8.265874862670898,30.47428131103516,0.0659195929765701,,31.16853141784668,97.32589721679688,3.5203561782836914,0.0,112.15274810791016,0.0,,,,,,,,,0.0358981639146804
NB46,Bãi Dài - Vân Đồn,2334825,472577,2025,1,oyster,6.704692363739014,21.041061401367188,8.079689979553223,30.46445083618164,0.0611790865659713,,34.02156448364258,92.22314453125,4.8464531898498535,0.0,123.47244262695312,1.0452601909637451,,,,,,,,,0.0384553633630275
NB46,Bãi Dài - Vân Đồn,2334825,472577,2025,2,oyster,6.361144065856934,25.460254669189453,8.04913330078125,28.96263694763184,0.0655397325754165,,30.49997329711914,85.91019439697266,4.697772979736328,0.0,119.51956939697266,0.9465367794036864,,,,,,,,,0.032044131308794
NB46,Bãi Dài - Vân Đồn,2334825,472577,2025,3,oyster,6.277477741241455,27.86810111999512,8.09341812133789,29.05430030822754,0.0377670601010322,,34.82448959350586,95.30091094970705,2.3445301055908203,0.0,120.45689392089844,0.278560608625412,,,,,,,,,0.0401566624641418
NB46,Bãi Dài - Vân Đồn,2334825,472577,2025,4,oyster,6.335324287414551,24.4611759185791,8.105992317199707,29.45711898803711,0.0374519824981689,,35.567970275878906,91.51692199707033,1.7308272123336792,0.0,130.019775390625,0.0,,,,,,,,,0.0423153713345527
NB46,Bãi Dài - Vân Đồn,2334825,472577,2026,1,oyster,6.51639461517334,21.084453582763672,8.115636825561523,29.844316482543945,0.0443891435861587,,38.2586784362793,108.62928009033205,3.172149181365967,0.0,127.69042205810548,0.2647314965724945,,,,,,,,,0.0418997891247272
NB46,Bãi Dài - Vân Đồn,2334825,472577,2026,2,oyster,6.397182464599609,25.584592819213867,8.092820167541504,27.583532333374023,0.0525930188596248,,37.1434326171875,104.78237915039062,3.4458529949188232,0.0,128.0514373779297,0.7662386894226074,,,,,,,,,0.0424061305820941
NB46,Bãi Dài - Vân Đồn,2334825,472577,2026,3,oyster,7.005599021911621,27.745079040527344,8.113096237182617,28.48073005676269,0.0318003743886947,,35.34230422973633,113.21361541748048,1.746174931526184,277.4050598144531,127.10206604003906,0.0,,,,,,,,,0.0432784296572208
NB46,Bãi Dài - Vân Đồn,2334825,472577,2026,4,oyster,9.048752784729004,25.083829879760746,8.08814525604248,29.464862823486328,0.0359132438898086,,35.68582534790039,100.38219451904295,3.7124199867248535,0.0,115.87969207763672,1.0287655591964722,,,,,,,,,0.0477982275187969
NB46,Bãi Dài - Vân Đồn,2334825,472577,2027,1,oyster,7.327601432800293,21.0261344909668,8.076640129089355,30.216541290283203,0.0437847897410392,,32.94044494628906,102.87786865234376,2.054105758666992,0.0,115.59738159179688,3.727954864501953,,,,,,,,,0.0345146730542182
NB46,Bãi Dài - Vân Đồn,2334825,472577,2027,2,oyster,6.380304336547852,25.7988395690918,8.042571067810059,27.09052085876465,0.0545422323048114,,34.98171615600586,102.1860122680664,1.082878828048706,392.20654296875,121.7577133178711,3.56394910812378,,,,,,,,,0.0421385504305362
NB46,Bãi Dài - Vân Đồn,2334825,472577,2027,3,oyster,7.115513801574707,29.17515754699707,8.13882827758789,29.43618965148925,0.0454985350370407,,38.80995178222656,106.593505859375,0.0,3193.79150390625,129.89735412597656,0.5457130670547485,,,,,,,,,0.0450409241020679
NB47,"Bãi tắm Minh Châu- xã Minh Châu, Vân Đồn",2316823,479287,2025,1,oyster,6.218634128570557,20.38981819152832,8.061412811279297,31.016769409179688,0.0680452063679695,,33.27558898925781,73.3311538696289,6.375093936920166,338.047119140625,123.05487060546876,0.1542965918779373,,,,,,,,,0.0377224497497081
NB47,"Bãi tắm Minh Châu- xã Minh Châu, Vân Đồn",2316823,479287,2025,2,oyster,5.714399337768555,25.30954933166504,8.034408569335938,30.07679748535156,0.0749238058924675,,31.57455825805664,95.57088470458984,7.495391368865967,0.0,119.82361602783205,3.727736234664917,,,,,,,,,0.0341479294002056
NB47,"Bãi tắm Minh Châu- xã Minh Châu, Vân Đồn",2316823,479287,2025,3,oyster,5.994088649749756,27.58172607421875,8.079315185546875,29.980209350585938,0.0645135045051574,,32.55177307128906,69.71895599365234,5.21168851852417,0.0,123.34434509277344,4.380107402801514,,,,,,,,,0.0347599945962429
NB47,"Bãi tắm Minh Châu- xã Minh Châu, Vân Đồn",2316823,479287,2025,4,oyster,6.30266809463501,24.82875061035156,8.033243179321289,30.59604454040528,0.0573297403752803,,35.379573822021484,93.43165588378906,4.884232044219971,0.0,127.67579650878906,4.4135823249816895,,,,,,,,,0.0361338667571544
NB47,"Bãi tắm Minh Châu- xã Minh Châu, Vân Đồn",2316823,479287,2026,1,oyster,5.907534599304199,20.426359176635746,8.076483726501465,30.76227760314941,0.0652685016393661,,33.26294708251953,79.18110656738281,4.873204708099365,0.0,109.8913803100586,1.4822405576705933,,,,,,,,,0.03884207457304
NB47,"Bãi tắm Minh Châu- xã Minh Châu, Vân Đồn",2316823,479287,2026,2,oyster,5.965396404266357,25.294864654541016,8.011331558227539,29.850969314575195,0.0661108642816543,,28.61808586120605,102.78006744384766,5.859742164611816,0.0,110.16522979736328,1.25725257396698,,,,,,,,,0.0304567217826843
NB47,"Bãi tắm Minh Châu- xã Minh Châu, Vân Đồn",2316823,479287,2026,3,oyster,6.280819892883301,27.398422241210938,8.047430992126465,30.03120994567871,0.0514332205057144,,31.69790267944336,92.58949279785156,5.285861492156982,0.0,129.6885986328125,3.4262077808380127,,,,,,,,,0.0387351065874099
NB47,"Bãi tắm Minh Châu- xã Minh Châu, Vân Đồn",2316823,479287,2026,4,oyster,6.45220947265625,25.32659339904785,8.03530216217041,30.796754837036133,0.0400438383221626,,32.343257904052734,102.88741302490234,4.250783920288086,0.0,123.26889038085938,5.015993118286133,,,,,,,,,0.0379975624382495
NB47,"Bãi tắm Minh Châu- xã Minh Châu, Vân Đồn",2316823,479287,2027,1,oyster,6.162074089050293,21.08477210998535,8.039083480834961,30.52914810180664,0.0507258772850036,,32.918853759765625,78.12298583984375,3.625193119049072,0.0,124.73406982421876,1.0471357107162476,,,,,,,,,0.0369527898728847
NB47,"Bãi tắm Minh Châu- xã Minh Châu, Vân Đồn",2316823,479287,2027,2,oyster,6.302432060241699,25.812240600585938,8.012840270996094,29.71859169006348,0.0616141408681869,,31.91177558898925,80.72138214111328,3.8490068912506095,0.0,124.08877563476562,0.9739803075790404,,,,,,,,,0.0363740064203739
NB47,"Bãi tắm Minh Châu- xã Minh Châu, Vân Đồn",2316823,479287,2027,3,oyster,6.301666259765625,27.59792900085449,8.061922073364258,30.608009338378903,0.0298097860068082,,31.440868377685547,94.05108642578124,3.0637402534484863,0.0,114.8086166381836,3.30989408493042,,,,,,,,,0.0356675237417221
NB48,"Bãi tắm Sơn Hào- xã Quan Lạn, Vân Đồn",2311631,475997,2025,1,oyster,6.293014526367188,21.07177734375,8.08802604675293,31.525388717651367,0.0702148973941803,,33.283931732177734,77.29352569580078,3.4377126693725586,0.0,119.79527282714844,0.0,,,,,,,,,0.0392183177173137
NB48,"Bãi tắm Sơn Hào- xã Quan Lạn, Vân Đồn",2311631,475997,2025,2,oyster,6.254981994628906,25.823606491088867,8.031118392944336,29.880220413208008,0.0761936008930206,,37.27699279785156,108.1926040649414,4.762710094451904,0.0,126.85640716552734,0.3308751881122589,,,,,,,,,0.0426428169012069
NB48,"Bãi tắm Sơn Hào- xã Quan Lạn, Vân Đồn",2311631,475997,2025,3,oyster,6.310812950134277,27.489049911499023,8.048822402954102,30.04435920715332,0.0658953040838241,,33.32653045654297,83.53815460205078,3.485065460205078,824.18603515625,114.99578094482422,3.15779447555542,,,,,,,,,0.0361602194607257
NB48,"Bãi tắm Sơn Hào- xã Quan Lạn, Vân Đồn",2311631,475997,2025,4,oyster,6.371161460876465,25.95823097229004,8.008796691894531,29.993783950805664,0.0620267614722251,,33.792694091796875,104.29916381835938,4.250082492828369,0.0,127.70269012451172,4.016109466552734,,,,,,,,,0.0404542386531829
NB48,"Bãi tắm Sơn Hào- xã Quan Lạn, Vân Đồn",2311631,475997,2026,1,oyster,6.78428316116333,21.07331275939941,8.079700469970703,31.32510566711425,0.0622900389134883,,34.35472869873047,93.4985580444336,1.92870032787323,0.0,123.04698181152344,2.469578742980957,,,,,,,,,0.0385530591011047
NB48,"Bãi tắm Sơn Hào- xã Quan Lạn, Vân Đồn",2311631,475997,2026,2,oyster,6.551389217376709,25.9074821472168,8.029041290283203,30.41737174987793,0.0718415603041648,,35.252986907958984,102.24240112304688,3.1383156776428223,0.0,132.55784606933594,4.737003803253174,,,,,,,,,0.0390498228371143
NB48,"Bãi tắm Sơn Hào- xã Quan Lạn, Vân Đồn",2311631,475997,2026,3,oyster,6.032027244567871,27.788143157958984,8.1079740524292,30.66953468322754,0.0567191317677497,,35.75434112548828,115.4772491455078,1.901636242866516,0.0,119.41397857666016,3.156367778778076,,,,,,,,,0.0391114354133605
NB48,"Bãi tắm Sơn Hào- xã Quan Lạn, Vân Đồn",2311631,475997,2026,4,oyster,6.446793556213379,24.97230529785156,8.062093734741211,30.00595474243164,0.0495953112840652,,35.58430480957031,104.1172332763672,1.079053521156311,0.0,123.91019439697266,0.5394963622093201,,,,,,,,,0.0367004051804542
NB48,"Bãi tắm Sơn Hào- xã Quan Lạn, Vân Đồn",2311631,475997,2027,1,oyster,6.704553127288818,21.67444229125977,8.12862491607666,30.763153076171875,0.0541140660643577,,38.40253829956055,114.34051513671876,1.1211256980895996,0.0,137.3107452392578,0.6586580276489258,,,,,,,,,0.0398260690271854
NB48,"Bãi tắm Sơn Hào- xã Quan Lạn, Vân Đồn",2311631,475997,2027,2,oyster,6.606051445007324,25.96657371520996,8.126216888427734,30.162303924560547,0.055712804198265,,31.03258514404297,89.33674621582031,1.887154459953308,0.0,123.43162536621094,0.0,,,,,,,,,0.0362366773188114
NB48,"Bãi tắm Sơn Hào- xã Quan Lạn, Vân Đồn",2311631,475997,2027,3,oyster,6.969659328460693,28.002519607543945,8.1735258102417,30.786540985107425,0.0403690487146377,,34.95148468017578,113.9456558227539,1.1249735355377195,0.0,126.14478302001952,1.532820463180542,,,,,,,,,0.0426592677831649
NB49,"Bãi tắm Quan Lạn- xã Quan Lạn, Vân Đồn",2308150,473396,2025,1,oyster,6.358274936676025,20.556406021118164,8.06080436706543,30.639009475708008,0.054883137345314,,32.230010986328125,75.88560485839844,8.617353439331055,0.0,108.87256622314452,3.772373914718628,,,,,,,,,0.0329826474189758
NB49,"Bãi tắm Quan Lạn- xã Quan Lạn, Vân Đồn",2308150,473396,2025,2,oyster,6.018387794494629,25.25957489013672,8.034360885620117,29.807605743408203,0.0607970617711544,,28.3167667388916,71.66681671142578,7.218703269958496,0.0,109.58219909667967,3.098241806030273,,,,,,,,,0.0374205373227596
NB49,"Bãi tắm Quan Lạn- xã Quan Lạn, Vân Đồn",2308150,473396,2025,3,oyster,6.413628101348877,27.924917221069336,8.081689834594727,29.4365348815918,0.0521283373236656,,35.06251907348633,80.58279418945312,8.422438621520996,0.0,124.02365112304688,9.04263687133789,,,,,,,,,0.0378747172653675
NB49,"Bãi tắm Quan Lạn- xã Quan Lạn, Vân Đồn",2308150,473396,2025,4,oyster,6.177441596984863,24.96532821655273,8.103759765625,29.744365692138672,0.0411967113614082,,32.0388298034668,73.51334381103516,8.202767372131348,0.0,117.3965072631836,4.691702365875244,,,,,,,,,0.0392891876399517
NB49,"Bãi tắm Quan Lạn- xã Quan Lạn, Vân Đồn",2308150,473396,2026,1,oyster,6.29905891418457,20.81436538696289,8.114462852478027,30.476625442504883,0.0435864068567752,,33.8223876953125,93.24552917480467,7.313647747039795,0.0,120.6625747680664,4.6884870529174805,,,,,,,,,0.0401195585727691
NB49,"Bãi tắm Quan Lạn- xã Quan Lạn, Vân Đồn",2308150,473396,2026,2,oyster,5.926799774169922,25.5614013671875,8.026643753051758,29.961498260498047,0.0549210608005523,,29.991161346435547,93.8285675048828,7.925515651702881,0.0,107.13459777832033,1.979793190956116,,,,,,,,,0.0357936806976795
NB49,"Bãi tắm Quan Lạn- xã Quan Lạn, Vân Đồn",2308150,473396,2026,3,oyster,6.037459373474121,28.035619735717773,8.104256629943848,29.249616622924805,0.0294013880193233,,33.93242263793945,93.1947250366211,6.460212707519531,0.0,118.36408233642578,6.661057949066162,,,,,,,,,0.0376504808664321
NB49,"Bãi tắm Quan Lạn- xã Quan Lạn, Vân Đồn",2308150,473396,2026,4,oyster,5.924675941467285,24.490596771240234,8.094290733337402,29.64255142211914,0.0303504634648561,,30.45591354370117,94.44103240966795,7.8989763259887695,0.0,120.10405731201172,0.0,,,,,,,,,0.0377254597842693
NB49,"Bãi tắm Quan Lạn- xã Quan Lạn, Vân Đồn",2308150,473396,2027,1,oyster,5.864464282989502,20.364892959594727,8.105361938476562,30.214618682861328,0.038074929267168,,30.96796226501465,100.4068832397461,8.668042182922363,0.0,112.77603149414062,3.2522010803222656,,,,,,,,,0.0368713848292827
NB49,"Bãi tắm Quan Lạn- xã Quan Lạn, Vân Đồn",2308150,473396,2027,2,oyster,5.696733951568604,25.45595932006836,7.986891269683838,29.511354446411133,0.0448974557220935,,26.12428092956543,86.00222778320312,7.583501815795898,0.0,104.23953247070312,3.727717876434326,,,,,,,,,0.0360481701791286
NB49,"Bãi tắm Quan Lạn- xã Quan Lạn, Vân Đồn",2308150,473396,2027,3,oyster,6.115646839141846,27.70749855041504,8.08199691772461,29.70551109313965,0.0307885073125362,,35.19734573364258,94.87083435058594,5.88126802444458,0.0,122.35265350341795,4.81129789352417,,,,,,,,,0.0351424217224121
NB50,"Bãi tắm Ngọc Vừng- xã Ngọc Vừng, Vân Đồn",2301554,459059,2025,1,oyster,6.270425796508789,19.89934730529785,8.076431274414062,33.23612976074219,0.0353355854749679,,35.917503356933594,83.93206024169922,4.247949600219727,0.0,114.1405258178711,0.3895548582077026,,,,,,,,,0.037904143333435
NB50,"Bãi tắm Ngọc Vừng- xã Ngọc Vừng, Vân Đồn",2301554,459059,2025,2,oyster,6.307823657989502,24.892263412475582,8.188044548034668,32.85728454589844,0.0374132134020328,,33.63791275024414,74.74459075927734,5.826357364654541,1278.1689453125,106.62447357177734,4.402447700500488,,,,,,,,,0.0390561074018478
NB50,"Bãi tắm Ngọc Vừng- xã Ngọc Vừng, Vân Đồn",2301554,459059,2025,3,oyster,6.78481912612915,27.792621612548828,8.234822273254395,30.90303039550781,0.0290654376149177,,33.24760055541992,108.86216735839844,6.851230144500732,4295.8583984375,119.45010375976562,3.0822136402130127,,,,,,,,,0.0398032590746879
NB50,"Bãi tắm Ngọc Vừng- xã Ngọc Vừng, Vân Đồn",2301554,459059,2025,4,oyster,6.688724517822266,25.03396224975586,8.13373851776123,31.151840209960938,0.0281531978398561,,34.65072250366211,147.56776428222656,7.765690326690674,2026.535400390625,119.49522399902344,0.0,,,,,,,,,0.0456355884671211
NB50,"Bãi tắm Ngọc Vừng- xã Ngọc Vừng, Vân Đồn",2301554,459059,2026,1,oyster,6.544477939605713,20.318986892700195,8.15531063079834,31.81046485900879,0.0452399887144565,,26.649534225463867,126.69729614257812,6.489013671875,3740.125732421875,116.28844451904295,1.82340145111084,,,,,,,,,0.0439180172979831
NB50,"Bãi tắm Ngọc Vừng- xã Ngọc Vừng, Vân Đồn",2301554,459059,2026,2,oyster,5.153222560882568,25.76115608215332,8.108824729919434,31.481388092041016,0.0547339394688606,,26.98909568786621,82.4745864868164,7.3335652351379395,1348.032958984375,111.75131225585938,0.0,,,,,,,,,0.0412743613123893
NB50,"Bãi tắm Ngọc Vừng- xã Ngọc Vừng, Vân Đồn",2301554,459059,2026,3,oyster,5.789716720581055,28.215919494628903,8.154918670654297,31.14023971557617,0.0428558401763439,,30.200244903564453,76.16837310791016,5.301785469055176,0.0,100.34822082519533,0.0,,,,,,,,,0.0404442846775054
NB50,"Bãi tắm Ngọc Vừng- xã Ngọc Vừng, Vân Đồn",2301554,459059,2026,4,oyster,10.314324378967283,25.164527893066406,8.215269088745117,31.38999557495117,0.0456729121506214,,33.131797790527344,83.67535400390625,5.718662261962891,0.0,116.1213836669922,2.138153553009033,,,,,,,,,0.0409385189414024
NB50,"Bãi tắm Ngọc Vừng- xã Ngọc Vừng, Vân Đồn",2301554,459059,2027,1,oyster,6.963640213012695,21.47625732421875,8.221830368041992,31.920886993408203,0.0509529672563076,,35.75239181518555,131.20083618164062,4.766696453094482,0.0,105.55512237548828,1.3753896951675415,,,,,,,,,0.0414676517248153
NB50,"Bãi tắm Ngọc Vừng- xã Ngọc Vừng, Vân Đồn",2301554,459059,2027,2,oyster,6.513768672943115,25.7890567779541,8.256213188171387,31.64964866638184,0.0679388493299484,,36.22403717041016,122.65685272216795,5.504636764526367,0.0,123.12542724609376,0.0,,,,,,,,,0.0407657325267791
NB50,"Bãi tắm Ngọc Vừng- xã Ngọc Vừng, Vân Đồn",2301554,459059,2027,3,oyster,6.675325870513916,28.121814727783203,8.16004467010498,30.80850982666016,0.04258469119668,,34.621971130371094,104.54844665527344,3.840468883514404,0.0,137.39199829101562,0.0,,,,,,,,,0.0392215624451637
NB51,Luồng giữa Cửa Lục,2306441,428888,2025,1,oyster,6.262640476226807,21.217708587646484,8.118158340454102,31.28643035888672,0.0469798520207405,,30.68994331359864,84.33592987060547,4.044103622436523,620.9404907226562,116.37147521972656,1.340282917022705,,,,,,,,,0.0362281911075115
NB51,Luồng giữa Cửa Lục,2306441,428888,2025,2,oyster,5.928165435791016,26.003965377807617,8.10238265991211,29.864152908325195,0.0559948533773422,,28.828237533569336,92.31781005859376,5.771815776824951,1046.4737548828125,105.94415283203124,1.7256274223327637,,,,,,,,,0.0407198630273342
NB51,Luồng giữa Cửa Lục,2306441,428888,2025,3,oyster,5.956335067749023,27.525203704833984,8.127325057983398,30.410175323486328,0.0441173873841762,,29.71722984313965,109.84131622314452,5.525346279144287,1916.196044921875,126.19114685058594,4.260472297668457,,,,,,,,,0.0344184599816799
NB51,Luồng giữa Cửa Lục,2306441,428888,2025,4,oyster,5.926529407501221,25.885513305664062,8.13406753540039,29.81311416625977,0.0454868525266647,,29.201824188232425,84.19528198242188,4.458832740783691,1158.78759765625,112.05844116210938,2.1074533462524414,,,,,,,,,0.0406431816518306
NB51,Luồng giữa Cửa Lục,2306441,428888,2026,1,oyster,5.7824387550354,22.314647674560547,8.08349895477295,31.03233337402344,0.0532708577811718,,29.83798217773437,73.01899719238281,2.544644355773926,571.0841674804688,108.95002746582033,3.233513116836548,,,,,,,,,0.0398083701729774
NB51,Luồng giữa Cửa Lục,2306441,428888,2026,2,oyster,5.275726795196533,25.544702529907227,8.176613807678223,30.63519859313965,0.066987320780754,,30.677648544311523,79.61939239501953,4.1588521003723145,0.0,111.51448059082033,0.0,,,,,,,,,0.0405106358230114
NB51,Luồng giữa Cửa Lục,2306441,428888,2026,3,oyster,5.89481782913208,27.379648208618164,8.227320671081543,30.744213104248047,0.0456598326563835,,32.63568115234375,116.86466979980467,2.595066547393799,0.0,105.50245666503906,0.0,,,,,,,,,0.0360793732106685
NB51,Luồng giữa Cửa Lục,2306441,428888,2026,4,oyster,5.805542469024658,24.45134925842285,8.208972930908203,30.49772834777832,0.0435137152671813,,35.318267822265625,100.7413330078125,2.162726402282715,0.0,119.90480041503906,0.2552104890346527,,,,,,,,,0.0415904037654399
NB51,Luồng giữa Cửa Lục,2306441,428888,2027,1,oyster,6.156599998474121,21.282114028930664,8.162199020385742,30.975017547607425,0.0569029375910759,,35.1793212890625,112.61946105957033,2.4725537300109863,0.0,122.41938018798828,0.0,,,,,,,,,0.0412337146699428
NB51,Luồng giữa Cửa Lục,2306441,428888,2027,2,oyster,6.818817615509033,25.77782821655273,8.101840019226074,30.28125762939453,0.071867249906063,,34.016239166259766,87.32520294189453,4.21282958984375,0.0,126.73919677734376,0.0,,,,,,,,,0.037177849560976
NB51,Luồng giữa Cửa Lục,2306441,428888,2027,3,oyster,6.861021995544434,27.309005737304688,8.19538688659668,31.2158317565918,0.0561148077249527,,33.822689056396484,98.19474029541016,2.615997552871704,0.0,126.05072784423828,1.725597262382507,,,,,,,,,0.0391508713364601
NB52,Luồng khu Hòn Một,2308114,431758,2025,1,oyster,6.268347263336182,21.49954414367676,8.116567611694336,31.29413414001465,0.0229023825377225,,31.96273231506348,69.5672836303711,3.909605026245117,349.39599609375,107.78179931640624,0.0,,,,,,,,,0.0372950844466686
NB52,Luồng khu Hòn Một,2308114,431758,2025,2,oyster,5.967101097106934,24.71263313293457,8.050297737121582,30.98626518249512,0.0319296531379222,,31.40085792541504,90.93663787841795,5.41449499130249,325.9144897460937,109.88998413085938,0.0,,,,,,,,,0.0369976870715618
NB52,Luồng khu Hòn Một,2308114,431758,2025,3,oyster,6.122557163238525,27.450836181640625,8.09701919555664,30.402393341064453,0.0223927702754735,,33.18730926513672,107.87198638916016,5.998864650726318,893.8092041015625,129.59788513183594,2.0287489891052246,,,,,,,,,0.0419058427214622
NB52,Luồng khu Hòn Một,2308114,431758,2025,4,oyster,6.331931114196777,25.082735061645508,8.089422225952148,29.66576766967773,0.0205685887485742,,34.35422134399414,112.28214263916016,6.563310623168945,4755.23974609375,127.95501708984376,1.1465096473693848,,,,,,,,,0.0418285690248012
NB52,Luồng khu Hòn Một,2308114,431758,2026,1,oyster,6.243863105773926,22.12053871154785,8.093484878540039,31.08370018005371,0.0331870764493942,,29.979780197143555,102.49082946777344,5.422004699707031,4918.03857421875,113.7080078125,0.0,,,,,,,,,0.0459256134927272
NB52,Luồng khu Hòn Một,2308114,431758,2026,2,oyster,5.342439651489258,25.28031539916992,8.078478813171387,30.706768035888672,0.0424846298992633,,30.14417266845703,87.83931732177734,5.913267135620117,3877.920654296875,108.01828002929688,0.0,,,,,,,,,0.0439068600535392
NB52,Luồng khu Hòn Một,2308114,431758,2026,3,oyster,5.164998531341553,27.010141372680664,8.131484031677246,31.51529884338379,0.0422789268195629,,26.862932205200195,65.22245788574219,4.908654689788818,1666.598876953125,101.45349884033205,0.0,,,,,,,,,0.0347696915268898
NB52,Luồng khu Hòn Một,2308114,431758,2026,4,oyster,5.4436750411987305,25.427385330200195,8.200641632080078,30.29184913635254,0.0481784641742706,,30.62876892089844,59.42637252807617,5.996814250946045,0.0,104.62564086914062,0.0,,,,,,,,,0.0426951646804809
NB52,Luồng khu Hòn Một,2308114,431758,2027,1,oyster,7.240456104278564,21.24570846557617,8.192397117614746,31.402801513671875,0.0545760579407215,,34.66712951660156,100.71681213378906,6.005982398986816,0.0,115.55086517333984,0.0,,,,,,,,,0.0436002574861049
NB52,Luồng khu Hòn Một,2308114,431758,2027,2,oyster,6.064752101898193,26.050033569335938,8.17476749420166,30.580291748046875,0.0722774267196655,,38.0549430847168,135.9971160888672,5.870540142059326,0.0,121.08663940429688,0.0933794826269149,,,,,,,,,0.0401277840137481
NB52,Luồng khu Hòn Một,2308114,431758,2027,3,oyster,5.998781204223633,27.389795303344727,8.13504695892334,32.00404739379883,0.0564786233007907,,32.15243148803711,105.91212463378906,4.858314514160156,0.0,112.45446014404295,0.0,,,,,,,,,0.0368329063057899
NB53,Luồng khu Áng Dù,2299562,437380,2025,1,oyster,7.262275218963623,19.73548889160156,8.142864227294922,32.84994888305664,0.0275919996201992,,32.18133544921875,85.65336608886719,3.2900729179382324,218.3803253173828,113.95988464355467,0.7232398390769958,,,,,,,,,0.0341853834688663
NB53,Luồng khu Áng Dù,2299562,437380,2025,2,oyster,6.625724792480469,24.43074607849121,8.071122169494629,31.430620193481445,0.036248218268156,,31.804044723510746,91.79670715332033,6.684848785400391,1842.702392578125,112.1946258544922,1.3316274881362915,,,,,,,,,0.04057302698493
NB53,Luồng khu Áng Dù,2299562,437380,2025,3,oyster,6.6765336990356445,28.06648063659668,8.097294807434082,31.32114791870117,0.0224712137132883,,35.84172058105469,130.43589782714844,6.603150844573975,5531.15625,138.07569885253906,1.357296586036682,,,,,,,,,0.0413254909217357
NB53,Luồng khu Áng Dù,2299562,437380,2025,4,oyster,6.349422454833984,25.086790084838867,8.041720390319824,31.52703285217285,0.0266811642795801,,32.40224075317383,112.81814575195312,6.795254707336426,3821.103271484375,130.43978881835938,0.5490785837173462,,,,,,,,,0.0445375330746173
NB53,Luồng khu Áng Dù,2299562,437380,2026,1,oyster,6.113794803619385,22.165666580200195,8.113458633422852,31.774642944335938,0.0264851599931716,,33.12276077270508,101.139404296875,4.046000957489014,4139.81787109375,115.9698257446289,0.0,,,,,,,,,0.0521585568785667
NB53,Luồng khu Áng Dù,2299562,437380,2026,2,oyster,5.721748352050781,25.29517364501953,8.146469116210938,30.88880729675293,0.0356988459825515,,32.27561950683594,89.80887603759766,6.715161323547363,2023.9366455078125,106.64391326904295,0.0,,,,,,,,,0.0439956896007061
NB53,Luồng khu Áng Dù,2299562,437380,2026,3,oyster,5.585786819458008,28.41278076171875,8.144949913024902,31.35565948486328,0.0319686233997345,,31.69353103637696,79.76778411865234,5.969614505767822,1053.917724609375,109.00614166259766,0.0,,,,,,,,,0.0386282466351985
NB53,Luồng khu Áng Dù,2299562,437380,2026,4,oyster,6.956920623779297,24.707189559936523,8.132983207702637,30.983179092407227,0.0392595417797565,,31.69326972961425,82.99159240722656,8.37204360961914,0.0,113.8987808227539,0.0,,,,,,,,,0.0426619239151477
NB53,Luồng khu Áng Dù,2299562,437380,2027,1,oyster,7.044589996337891,20.924747467041016,8.122804641723633,32.1368522644043,0.0460434146225452,,36.00054168701172,94.26512145996094,5.031295299530029,0.0,111.73060607910156,0.0,,,,,,,,,0.0405614599585533
NB53,Luồng khu Áng Dù,2299562,437380,2027,2,oyster,6.525118350982666,26.01483154296875,8.203924179077148,31.29997444152832,0.061786726117134,,34.786563873291016,102.7234878540039,5.3265485763549805,0.0,119.55198669433594,0.0,,,,,,,,,0.0403597503900527
NB53,Luồng khu Áng Dù,2299562,437380,2027,3,oyster,6.451022624969482,28.378910064697266,8.178980827331543,31.303316116333008,0.0391955152153968,,34.80134963989258,126.40663146972656,3.4569225311279297,0.0,116.78694152832033,0.4293199181556701,,,,,,,,,0.0390769131481647
NB54,Luồng Hang Trống,2299151,443343,2025,1,oyster,6.708776950836182,21.32150077819824,8.103530883789062,32.81056594848633,0.0274328123778104,,33.45400619506836,73.61483001708984,3.329062461853028,0.0,121.8995361328125,2.490884065628052,,,,,,,,,0.0402268022298812
NB54,Luồng Hang Trống,2299151,443343,2025,2,oyster,6.386983394622803,26.0510482788086,8.110332489013672,31.074886322021484,0.0327529720962047,,31.0728759765625,88.9151382446289,7.727478504180908,688.4003295898438,115.91765594482422,0.2257447689771652,,,,,,,,,0.0363187119364738
NB54,Luồng Hang Trống,2299151,443343,2025,3,oyster,6.263315677642822,28.33740234375,8.068285942077637,30.2657527923584,0.0493293553590774,,30.2730770111084,100.97373962402344,6.1004319190979,767.8631591796875,117.87388610839844,3.8387293815612793,,,,,,,,,0.0368456020951271
NB54,Luồng Hang Trống,2299151,443343,2025,4,oyster,6.217987060546875,24.843870162963867,8.122601509094238,31.332977294921875,0.0427379123866558,,28.586423873901367,104.50120544433594,5.12346887588501,1764.133544921875,108.78623962402344,1.1147193908691406,,,,,,,,,0.0407540649175643
NB54,Luồng Hang Trống,2299151,443343,2026,1,oyster,5.8186869621276855,22.242094039916992,8.150429725646973,32.07716751098633,0.0372687168419361,,35.99564743041992,131.22889709472656,2.637078285217285,2744.99560546875,132.32852172851562,3.6387939453125,,,,,,,,,0.0483925119042396
NB54,Luồng Hang Trống,2299151,443343,2026,2,oyster,6.55766487121582,24.8703727722168,8.132184028625488,31.507736206054688,0.0430241860449314,,28.00475311279297,55.6829948425293,5.1369476318359375,4094.10107421875,105.64159393310548,0.0,,,,,,,,,0.0406216792762279
NB54,Luồng Hang Trống,2299151,443343,2026,3,oyster,5.693914413452148,27.8199520111084,8.126913070678711,31.64415168762207,0.0387399420142173,,30.864580154418945,86.73116302490234,5.477167129516602,5343.35546875,112.98835754394533,2.572726249694824,,,,,,,,,0.0408843718469142
NB54,Luồng Hang Trống,2299151,443343,2026,4,oyster,5.535575866699219,25.768648147583008,8.132283210754395,31.16996955871582,0.0413748919963836,,30.914278030395508,68.72486877441406,4.061203002929688,4292.29150390625,115.40464782714844,0.0,,,,,,,,,0.0417443662881851
NB54,Luồng Hang Trống,2299151,443343,2027,1,oyster,5.788197040557861,22.121803283691406,8.036190032958984,31.74332618713379,0.0528973340988159,,29.64608192443848,76.18185424804688,2.185328960418701,312.9076843261719,107.55500793457033,0.760865330696106,,,,,,,,,0.0464599765837192
NB54,Luồng Hang Trống,2299151,443343,2027,2,oyster,6.868649959564209,25.84730529785156,8.092756271362305,31.260347366333008,0.0634569376707077,,27.90203094482422,66.78412628173828,3.1224730014801025,0.0,102.56084442138672,0.0,,,,,,,,,0.040117010474205
NB54,Luồng Hang Trống,2299151,443343,2027,3,oyster,6.339558124542236,27.93055534362793,8.092157363891602,32.205596923828125,0.0345370098948478,,34.425819396972656,105.37905883789062,1.8467111587524407,0.0,111.47550964355467,2.500467538833618,,,,,,,,,0.0380857586860656
NB55,Luồng khu Trà Giới,2306115,446899,2025,1,oyster,6.717142105102539,19.82266426086425,8.03194808959961,32.13325500488281,0.0275522992014884,,31.752498626708984,106.4629135131836,3.841826677322388,0.0,114.83843994140624,0.0,,,,,,,,,0.0366607084870338
NB55,Luồng khu Trà Giới,2306115,446899,2025,2,oyster,6.436888217926025,24.5042724609375,8.017803192138672,31.513078689575195,0.043786134570837,,35.14789962768555,80.3284683227539,4.434088230133057,0.0,129.08206176757812,1.3274688720703125,,,,,,,,,0.0420801676809787
NB55,Luồng khu Trà Giới,2306115,446899,2025,3,oyster,6.25692892074585,27.02996253967285,8.10400104522705,30.880599975585938,0.029522031545639,,33.9033317565918,86.32422637939453,5.411735534667969,0.0,118.0740737915039,2.1294138431549072,,,,,,,,,0.0385977439582347
NB55,Luồng khu Trà Giới,2306115,446899,2025,4,oyster,6.356020927429199,23.90067481994629,8.072283744812012,30.63570022583008,0.0182416718453168,,34.52738571166992,94.19889068603516,5.348258018493652,0.0,122.023193359375,2.196574687957764,,,,,,,,,0.0401954464614391
NB55,Luồng khu Trà Giới,2306115,446899,2026,1,oyster,6.451146602630615,18.665531158447266,8.140408515930176,32.591026306152344,0.026652842760086,,35.362979888916016,97.45490264892578,3.584647417068481,502.1392822265625,132.25631713867188,2.22100830078125,,,,,,,,,0.0407139360904693
NB55,Luồng khu Trà Giới,2306115,446899,2026,2,oyster,5.935171604156494,25.631330490112305,8.038531303405762,31.566791534423828,0.0332559682428836,,28.727140426635746,88.93984985351562,6.694360256195068,1313.59765625,109.95214080810548,4.132668972015381,,,,,,,,,0.0408992804586887
NB55,Luồng khu Trà Giới,2306115,446899,2026,3,oyster,6.001758098602295,27.40739631652832,8.075789451599121,31.03988647460937,0.0327104739844799,,28.45811653137207,107.30245208740234,6.615847110748291,5470.8125,118.18665313720705,1.3480103015899658,,,,,,,,,0.0382782630622386
NB55,Luồng khu Trà Giới,2306115,446899,2026,4,oyster,6.180575370788574,24.97332572937012,7.999164581298828,30.56089401245117,0.0342718251049518,,28.38706588745117,101.55807495117188,6.996920108795166,212.5530242919922,109.59188842773438,0.0,,,,,,,,,0.0449476465582847
NB55,Luồng khu Trà Giới,2306115,446899,2027,1,oyster,5.886271953582764,20.82814216613769,8.091428756713867,31.88772201538086,0.0328088998794555,,25.864835739135746,86.45547485351562,3.166290521621704,1089.07861328125,100.4867935180664,0.0,,,,,,,,,0.0389269143342971
NB55,Luồng khu Trà Giới,2306115,446899,2027,2,oyster,5.817358016967773,24.849098205566406,8.115620613098145,32.264984130859375,0.0417371429502964,,24.821407318115234,84.11639404296875,5.186805725097656,0.0,91.3599853515625,0.0,,,,,,,,,0.0368514545261859
NB55,Luồng khu Trà Giới,2306115,446899,2027,3,oyster,6.118303298950195,27.8261775970459,8.192268371582031,31.877626419067383,0.0314421951770782,,32.001609802246094,82.67242431640625,4.12819242477417,0.0,100.69062042236328,0.0,,,,,,,,,0.0401468425989151
NB56,Luồng khu Đông Tráng,2305453,452834,2025,1,oyster,7.076778888702393,19.94202423095703,8.052156448364258,32.19832992553711,0.0423863343894481,,32.16227340698242,78.96393585205078,2.2937562465667725,264.2247619628906,98.32137298583984,0.0,,,,,,,,,0.0377460122108459
NB56,Luồng khu Đông Tráng,2305453,452834,2025,2,oyster,6.213376998901367,25.893842697143555,8.077117919921875,30.31182098388672,0.0578029006719589,,33.85710525512695,87.30889892578125,6.093174457550049,88.73138427734375,120.80200958251952,1.776573896408081,,,,,,,,,0.0371726155281066
NB56,Luồng khu Đông Tráng,2305453,452834,2025,3,oyster,6.329527854919434,27.97314643859864,8.105748176574707,31.080053329467773,0.0320231392979621,,34.12286758422852,110.86917877197266,5.536698818206787,0.0,118.31678009033205,5.904953479766846,,,,,,,,,0.0396163053810596
NB56,Luồng khu Đông Tráng,2305453,452834,2025,4,oyster,6.585552215576172,24.27335548400879,8.074625015258789,30.46783447265625,0.0229618549346923,,33.491455078125,74.6227035522461,3.210503339767456,0.0,120.14230346679688,5.388131618499756,,,,,,,,,0.0403531268239021
NB56,Luồng khu Đông Tráng,2305453,452834,2026,1,oyster,6.925540447235107,19.93608283996582,8.12018871307373,31.838882446289062,0.0400766432285308,,37.14208221435547,107.31282806396484,2.68924617767334,0.0,131.85891723632812,0.2644928693771362,,,,,,,,,0.0460380874574184
NB56,Luồng khu Đông Tráng,2305453,452834,2026,2,oyster,6.397873878479004,25.519433975219727,8.125802040100098,30.69817924499512,0.0448498167097568,,32.96553421020508,72.19047546386719,2.954284906387329,0.0,96.83173370361328,0.0,,,,,,,,,0.0365115068852901
NB56,Luồng khu Đông Tráng,2305453,452834,2026,3,oyster,6.439558029174805,27.488014221191406,8.156574249267578,30.703332901000977,0.0277885273098945,,35.3326530456543,84.50275421142578,2.674511671066284,0.0,122.61415100097656,0.0,,,,,,,,,0.0343979187309742
NB56,Luồng khu Đông Tráng,2305453,452834,2026,4,oyster,6.409347057342529,24.51723861694336,8.067081451416016,30.203857421875,0.0189160425215959,,33.089683532714844,103.3612060546875,3.215416431427002,0.0,118.52328491210938,0.0,,,,,,,,,0.0382251106202602
NB56,Luồng khu Đông Tráng,2305453,452834,2027,1,oyster,7.142697334289551,20.42440414428711,8.138511657714844,31.95432472229004,0.0396150313317775,,38.30069732666016,98.3263931274414,2.5193467140197754,0.0,132.22488403320312,1.930783033370972,,,,,,,,,0.0460101999342441
NB56,Luồng khu Đông Tráng,2305453,452834,2027,2,oyster,6.839382648468018,25.68980598449707,8.103367805480957,30.98898124694824,0.0457245744764804,,33.221778869628906,84.80671691894531,3.0597097873687744,386.2439270019531,128.34591674804688,1.0704429149627686,,,,,,,,,0.0397022180259227
NB56,Luồng khu Đông Tráng,2305453,452834,2027,3,oyster,7.236539363861084,27.56720924377441,8.190003395080566,31.041400909423828,0.0345048271119594,,33.13827896118164,107.43860626220705,3.7620725631713854,74.82037353515625,131.08343505859375,0.8494526743888855,,,,,,,,,0.0426063537597656
NB57,Cảng Hòn Nét,2313052,449812,2025,1,oyster,6.156329154968262,20.495201110839844,8.145755767822266,31.52644920349121,0.0275434534996747,,37.09085464477539,97.29476928710938,3.020481824874878,0.0,119.67583465576172,0.0,,,,,,,,,0.0420291312038898
NB57,Cảng Hòn Nét,2313052,449812,2025,2,oyster,6.359779357910156,25.64679336547852,8.027531623840332,30.19173049926757,0.0426342971622943,,37.56270217895508,95.00272369384766,4.277708053588867,0.0,131.26890563964844,0.0,,,,,,,,,0.0471009947359561
NB57,Cảng Hòn Nét,2313052,449812,2025,3,oyster,6.407407760620117,27.86129379272461,8.110616683959961,30.87530517578125,0.0220590028911829,,37.12284851074219,94.72463989257812,3.296720504760742,31.098663330078125,121.9726791381836,0.0,,,,,,,,,0.0415677279233932
NB57,Cảng Hòn Nét,2313052,449812,2025,4,oyster,6.809343338012695,24.99747657775879,8.082541465759277,29.9111557006836,0.0192674174904823,,37.22773742675781,106.63387298583984,4.418314933776856,255.80191040039065,127.70716094970705,0.4184066653251648,,,,,,,,,0.0452582128345966
NB57,Cảng Hòn Nét,2313052,449812,2026,1,oyster,6.967365741729736,21.356761932373047,8.121994018554688,31.2710189819336,0.0354149565100669,,29.91771697998047,104.07798767089844,5.142373085021973,26.53933334350586,121.370849609375,1.2563966512680054,,,,,,,,,0.0434203818440437
NB57,Cảng Hòn Nét,2313052,449812,2026,2,oyster,6.5171427726745605,24.95989990234375,8.1014986038208,30.39995384216309,0.0356684811413288,,34.55224609375,80.49388885498047,4.605124473571777,0.0,125.23741149902344,0.0,,,,,,,,,0.0426883213222026
NB57,Cảng Hòn Nét,2313052,449812,2026,3,oyster,6.477956295013428,27.61030960083008,8.064353942871094,30.692174911499023,0.0260684378445148,,35.386409759521484,98.85865783691406,2.936875343322754,0.0,104.06229400634766,1.4139212369918823,,,,,,,,,0.0409061722457408
NB57,Cảng Hòn Nét,2313052,449812,2026,4,oyster,8.081869125366211,24.57652473449707,8.076190948486328,30.08881187438965,0.028401767835021,,39.12160873413086,103.16910552978516,4.390455722808838,0.0,135.95822143554688,0.0,,,,,,,,,0.0464177280664444
NB57,Cảng Hòn Nét,2313052,449812,2027,1,oyster,6.672667503356934,20.52349090576172,8.103212356567383,31.32684326171875,0.0355605073273181,,41.24591064453125,105.01918029785156,4.662291526794434,0.0,128.6169891357422,0.3425872027873993,,,,,,,,,0.0450015254318714
NB57,Cảng Hòn Nét,2313052,449812,2027,2,oyster,6.876909255981445,24.90006256103516,8.024209022521973,29.977279663085938,0.0391473732888698,,33.05873107910156,89.72777557373047,4.321102619171143,0.0,110.9365234375,1.1300904750823977,,,,,,,,,0.0373421423137187
NB57,Cảng Hòn Nét,2313052,449812,2027,3,oyster,6.343278884887695,28.00731086730957,8.085442543029785,31.256465911865234,0.0239706821739673,,35.54865646362305,87.63095092773438,2.740389347076416,47.612091064453125,134.95233154296875,0.9913551807403564,,,,,,,,,0.0390637777745723
NB58,Luồng Cửa Ông,2319421,458021,2025,1,oyster,6.427093982696533,22.02400779724121,8.089691162109375,32.43756484985352,0.0301850214600563,,32.17120361328125,77.4068603515625,0.0,0.0,120.52320861816406,0.0,,,,,,,,,0.0398611351847648
NB58,Luồng Cửa Ông,2319421,458021,2025,2,oyster,6.600669860839844,26.08745384216309,8.192841529846191,30.006006240844727,0.0327637568116188,,32.15855026245117,84.809326171875,3.738311767578125,1298.1661376953125,110.04126739501952,6.330711364746094,,,,,,,,,0.0401512943208217
NB58,Luồng Cửa Ông,2319421,458021,2025,3,oyster,6.828174114227295,28.772357940673828,8.168196678161621,30.65673446655273,0.0257312469184398,,36.10531234741211,150.93356323242188,4.994414806365967,4723.04296875,130.0855712890625,4.775754928588867,,,,,,,,,0.0397604145109653
NB58,Luồng Cửa Ông,2319421,458021,2025,4,oyster,6.667224884033203,26.20130920410156,8.16045093536377,30.13310813903809,0.0315137654542923,,33.81734085083008,108.02313232421876,4.219131946563721,2099.96875,121.59627532958984,3.347018480300904,,,,,,,,,0.0456588491797447
NB58,Luồng Cửa Ông,2319421,458021,2026,1,oyster,7.510821342468262,22.285852432250977,8.107813835144043,31.76289176940918,0.0337798669934272,,31.08319854736328,112.16960144042967,5.84381103515625,2769.41650390625,91.10889434814452,2.9354560375213623,,,,,,,,,0.0493335090577602
NB58,Luồng Cửa Ông,2319421,458021,2026,2,oyster,5.894518852233887,24.613006591796875,8.264774322509766,30.69189453125,0.0355022475123405,,31.92265892028809,92.35334014892578,5.040385246276856,0.0,110.49026489257812,0.0,,,,,,,,,0.0421875566244125
NB58,Luồng Cửa Ông,2319421,458021,2026,3,oyster,7.331214427947998,28.971738815307617,8.201658248901367,31.20998954772949,0.0300862155854702,,39.280120849609375,120.71210479736328,3.351451873779297,0.0,120.13375854492188,0.0,,,,,,,,,0.0453678853809833
NB58,Luồng Cửa Ông,2319421,458021,2026,4,oyster,6.75006628036499,26.014184951782227,8.192869186401367,29.80699348449707,0.0327052846550941,,41.3613395690918,149.9839630126953,2.198548078536988,0.0,124.97576904296876,0.0,,,,,,,,,0.0453937575221061
NB58,Luồng Cửa Ông,2319421,458021,2027,1,oyster,6.97990083694458,21.598182678222656,8.127936363220215,32.03546524047852,0.038329854607582,,40.743289947509766,131.0467529296875,4.005095958709717,0.0,147.9435577392578,1.2540539503097534,,,,,,,,,0.0481556206941604
NB58,Luồng Cửa Ông,2319421,458021,2027,2,oyster,6.596673011779785,25.400819778442383,8.160094261169434,31.10679054260254,0.0494118146598339,,34.04252243041992,84.80672454833984,5.458662509918213,0.0,128.1683807373047,0.0,,,,,,,,,0.0403972044587135
NB58,Luồng Cửa Ông,2319421,458021,2027,3,oyster,6.936356067657471,28.07669258117676,8.158768653869629,30.81523323059082,0.0298992879688739,,37.519927978515625,97.6199722290039,3.0558054447174072,0.0,129.709228515625,0.0,,,,,,,,,0.040136806666851
NB59,Lạch Vông Vang - Cống Thẻ,2322828,469833,2025,1,oyster,6.431910991668701,21.238325119018555,8.125807762145996,31.179096221923828,0.058086097240448,,31.974580764770508,74.9399185180664,4.094566345214844,377.1101684570313,115.01251983642578,3.981739044189453,,,,,,,,,0.0357800908386707
NB59,Lạch Vông Vang - Cống Thẻ,2322828,469833,2025,2,oyster,6.035326480865479,25.358142852783203,8.098580360412598,30.353185653686523,0.0671330541372299,,28.91611289978028,88.41727447509766,5.5137481689453125,112.81705474853516,127.89811706542967,2.9568030834198,,,,,,,,,0.0381930358707904
NB59,Lạch Vông Vang - Cống Thẻ,2322828,469833,2025,3,oyster,6.3382954597473145,28.166540145874023,8.114267349243164,30.69291114807129,0.0554031729698181,,32.77529525756836,89.28292846679688,4.960310935974121,87.9401626586914,117.10098266601562,0.0295198168605566,,,,,,,,,0.0380694344639778
NB59,Lạch Vông Vang - Cống Thẻ,2322828,469833,2025,4,oyster,6.684929370880127,24.97234916687012,8.140691757202148,29.970420837402344,0.051245205104351,,31.086902618408203,78.4156265258789,2.531156778335572,0.0,112.8688735961914,4.251316547393799,,,,,,,,,0.0374895222485065
NB59,Lạch Vông Vang - Cống Thẻ,2322828,469833,2026,1,oyster,6.7249755859375,21.532032012939453,8.116979598999023,31.323558807373047,0.055659182369709,,36.742652893066406,111.86660766601562,3.866189002990722,67.12797546386719,136.65992736816406,4.313004970550537,,,,,,,,,0.0437609851360321
NB59,Lạch Vông Vang - Cống Thẻ,2322828,469833,2026,2,oyster,6.545527935028076,25.802270889282227,8.096091270446777,30.29356575012207,0.0612806379795074,,27.484731674194336,92.33322143554688,4.518643379211426,0.0,104.10743713378906,3.040177583694458,,,,,,,,,0.0344897136092186
NB59,Lạch Vông Vang - Cống Thẻ,2322828,469833,2026,3,oyster,6.635754108428955,27.925302505493164,8.063725471496582,30.42451858520508,0.0406313240528106,,33.36064529418945,103.30357360839844,3.8138177394866943,0.0,108.6800537109375,1.748931050300598,,,,,,,,,0.0378444455564022
NB59,Lạch Vông Vang - Cống Thẻ,2322828,469833,2026,4,oyster,6.331794261932373,25.470834732055664,8.115277290344238,30.244548797607425,0.0338663645088672,,35.31839370727539,113.9119644165039,0.9783370494842528,0.0,130.3061981201172,1.3058664798736572,,,,,,,,,0.0386428423225879
NB59,Lạch Vông Vang - Cống Thẻ,2322828,469833,2027,1,oyster,6.25540018081665,21.83230400085449,8.089330673217773,30.674880981445312,0.0474230274558067,,36.95930099487305,106.98839569091795,1.120076060295105,0.0,118.50794219970705,0.0,,,,,,,,,0.0420164316892623
NB59,Lạch Vông Vang - Cống Thẻ,2322828,469833,2027,2,oyster,6.405534744262695,25.745569229125977,8.125842094421387,29.628894805908203,0.0547609888017177,,33.17850112915039,106.5185546875,3.1378190517425537,0.0,120.39128112792967,1.14366614818573,,,,,,,,,0.0395215079188346
NB59,Lạch Vông Vang - Cống Thẻ,2322828,469833,2027,3,oyster,6.712048530578613,28.615367889404297,8.198797225952148,30.046030044555664,0.0274967178702354,,36.22214126586914,80.15509796142578,2.344749927520752,0.0,137.30316162109375,0.667772114276886,,,,,,,,,0.0408440381288528
NB60,Cửa Đối,2319552,480158,2025,1,oyster,7.004737377166748,21.74189186096192,8.117161750793457,31.787935256958008,0.0428557135164737,,36.67200469970703,86.96794128417969,0.0437912829220294,0.0,124.3637237548828,0.0,,,,,,,,,0.0442767441272735
NB60,Cửa Đối,2319552,480158,2025,2,oyster,6.686529159545898,26.26468276977539,8.200937271118164,29.98477935791016,0.0582157969474792,,33.89585876464844,91.46187591552734,3.5419962406158447,0.0,118.29386138916016,5.932543277740479,,,,,,,,,0.0378966405987739
NB60,Cửa Đối,2319552,480158,2025,3,oyster,6.978940963745117,28.31679344177246,8.194960594177246,31.44793701171875,0.0266039557754993,,39.55965423583984,137.4488067626953,0.824604868888855,118.1590347290039,132.37303161621094,2.198352575302124,,,,,,,,,0.0381049774587154
NB60,Cửa Đối,2319552,480158,2025,4,oyster,6.6854987144470215,26.58987808227539,8.194313049316406,30.162960052490234,0.0275282282382249,,42.11383819580078,122.16024017333984,2.569267511367798,0.0,130.59107971191406,2.1168785095214844,,,,,,,,,0.0459230840206146
NB60,Cửa Đối,2319552,480158,2026,1,oyster,8.086774826049805,21.06279754638672,8.20617389678955,31.467161178588867,0.0391113795340061,,40.33092880249024,142.3930206298828,4.172333717346191,0.0,123.7398910522461,0.8164626955986023,,,,,,,,,0.0435161367058754
NB60,Cửa Đối,2319552,480158,2026,2,oyster,6.42395544052124,26.03538703918457,8.185042381286621,30.321258544921875,0.0392412990331649,,37.46094512939453,157.3912353515625,3.163123369216919,0.0,122.18456268310548,0.0,,,,,,,,,0.040567860007286
NB60,Cửa Đối,2319552,480158,2026,3,oyster,6.595381736755371,29.08018684387207,8.211928367614746,31.14391326904297,0.0305690821260213,,40.0709114074707,79.33224487304688,2.6111600399017334,0.0,118.40242767333984,4.28717851638794,,,,,,,,,0.0457625649869442
NB60,Cửa Đối,2319552,480158,2026,4,oyster,6.818141937255859,25.40718460083008,8.251465797424316,29.937562942504883,0.0338520556688308,,39.10503768920898,125.1280746459961,2.1900835037231445,0.0,142.0933837890625,0.0,,,,,,,,,0.0416762977838516
NB60,Cửa Đối,2319552,480158,2027,1,oyster,6.637012958526611,21.596240997314453,8.259029388427734,31.14142417907715,0.0393687859177589,,33.94477844238281,106.4869384765625,3.508179187774658,0.0,125.68444061279295,0.0,,,,,,,,,0.0409999005496501
NB60,Cửa Đối,2319552,480158,2027,2,oyster,7.140170574188232,25.968425750732425,8.294528007507324,30.18051719665528,0.0480407327413558,,35.55525207519531,118.1821746826172,3.280731439590454,0.0,118.13092041015624,0.0,,,,,,,,,0.0385082066059112
NB60,Cửa Đối,2319552,480158,2027,3,oyster,6.819222927093506,29.32036399841309,8.221424102783203,30.508060455322266,0.0264210067689418,,40.01651763916016,139.19195556640625,1.432838797569275,0.0,146.63449096679688,0.0,,,,,,,,,0.04431764036417
NB61,Lạch giữa đảo Thẻ Vàng- đảo Vạn Đuôi,2314890,456306,2025,1,oyster,6.26522970199585,22.010475158691406,8.101006507873535,32.02897262573242,0.0201393812894821,,32.4931640625,77.75985717773438,0.5364311337471008,0.0,121.24861145019533,0.0,,,,,,,,,0.0354342013597488
NB61,Lạch giữa đảo Thẻ Vàng- đảo Vạn Đuôi,2314890,456306,2025,2,oyster,6.1611528396606445,26.052392959594727,8.095619201660156,30.57256317138672,0.0353918671607971,,34.3429069519043,93.30158233642578,3.361659049987793,1360.16748046875,121.9847640991211,0.0,,,,,,,,,0.0436233468353748
NB61,Lạch giữa đảo Thẻ Vàng- đảo Vạn Đuôi,2314890,456306,2025,3,oyster,6.505368232727051,28.306884765625,8.136845588684082,31.74118995666504,0.0245282649993896,,31.111780166625977,101.6375732421875,2.75469708442688,4766.3779296875,125.24954223632812,1.478702425956726,,,,,,,,,0.0366754606366157
NB61,Lạch giữa đảo Thẻ Vàng- đảo Vạn Đuôi,2314890,456306,2025,4,oyster,6.542174816131592,26.20333480834961,8.166691780090332,29.826431274414062,0.0274187009781599,,33.02880859375,107.7074203491211,4.087762355804443,3385.89501953125,117.646484375,2.5424532890319824,,,,,,,,,0.0427107848227024
NB61,Lạch giữa đảo Thẻ Vàng- đảo Vạn Đuôi,2314890,456306,2026,1,oyster,7.487631797790527,22.393230438232425,8.075997352600098,31.863908767700195,0.0313363894820213,,31.977258682250977,109.68724060058594,4.32963752746582,2262.295166015625,94.08428955078124,6.017364978790283,,,,,,,,,0.052007932215929
NB61,Lạch giữa đảo Thẻ Vàng- đảo Vạn Đuôi,2314890,456306,2026,2,oyster,6.536108016967773,24.662885665893555,8.155746459960938,30.92946434020996,0.0370515882968902,,33.26554870605469,85.91107940673828,5.818037509918213,0.0,106.80535125732422,0.0,,,,,,,,,0.0490938425064086
NB61,Lạch giữa đảo Thẻ Vàng- đảo Vạn Đuôi,2314890,456306,2026,3,oyster,6.08149528503418,27.80794143676757,8.11707878112793,31.43610572814941,0.0250363759696483,,35.919639587402344,106.15718841552734,3.411815643310547,0.0,116.1883544921875,0.4123797118663788,,,,,,,,,0.0413342639803886
NB61,Lạch giữa đảo Thẻ Vàng- đảo Vạn Đuôi,2314890,456306,2026,4,oyster,6.068229675292969,25.09621810913086,8.101627349853516,30.11948776245117,0.0261326283216476,,32.8174934387207,120.23382568359376,3.255155086517334,0.0,102.7789306640625,0.0,,,,,,,,,0.0434708669781684
NB61,Lạch giữa đảo Thẻ Vàng- đảo Vạn Đuôi,2314890,456306,2027,1,oyster,6.97235107421875,21.408201217651367,8.162439346313477,31.94208526611328,0.0275736115872859,,35.83340835571289,111.93783569335938,3.34407639503479,0.0,123.85132598876952,1.0194261074066162,,,,,,,,,0.0448619276285171
NB61,Lạch giữa đảo Thẻ Vàng- đảo Vạn Đuôi,2314890,456306,2027,2,oyster,7.1850666999816895,25.733402252197266,8.171728134155273,30.87150764465332,0.0355931334197521,,33.20111846923828,76.98123168945312,5.951115131378174,0.0,132.7245330810547,0.0,,,,,,,,,0.0416178032755851
NB61,Lạch giữa đảo Thẻ Vàng- đảo Vạn Đuôi,2314890,456306,2027,3,oyster,6.774535655975342,27.544437408447266,8.093744277954102,31.25478744506836,0.0284165777266025,,34.421817779541016,90.62004852294922,4.247867584228516,0.0,127.5863265991211,0.8750742673873901,,,,,,,,,0.0389508567750453
NB62,Lạch Đẳng Chén phía Tây đảo Đống Chén,2316094,465215,2025,1,oyster,6.326165199279785,21.18708229064941,8.02500057220459,29.79520606994629,0.0728672966361045,,31.585432052612305,67.7620620727539,1.778489589691162,0.0,118.20378112792967,0.0,,,,,,,,,0.0369145795702934
NB62,Lạch Đẳng Chén phía Tây đảo Đống Chén,2316094,465215,2025,2,oyster,6.1806960105896,26.149513244628903,7.979427814483643,29.012733459472656,0.0770518332719802,,35.61740493774414,80.35125732421875,2.183049440383911,0.0,130.14404296875,0.0,,,,,,,,,0.046050451695919
NB62,Lạch Đẳng Chén phía Tây đảo Đống Chén,2316094,465215,2025,3,oyster,6.722346782684326,27.614477157592773,8.069364547729492,28.75717735290528,0.0649606138467788,,35.33552932739258,97.58847045898438,1.3756320476531982,617.0692749023438,126.05531311035156,0.0,,,,,,,,,0.0427156873047351
NB62,Lạch Đẳng Chén phía Tây đảo Đống Chén,2316094,465215,2025,4,oyster,6.844939708709717,24.892837524414062,8.056818962097168,29.50588035583496,0.0682890638709068,,33.012325286865234,111.21630096435548,1.1972143650054932,0.0,135.8671417236328,7.477993011474609,,,,,,,,,0.04411057010293
NB62,Lạch Đẳng Chén phía Tây đảo Đống Chén,2316094,465215,2026,1,oyster,7.266102790832519,21.40555191040039,8.118118286132812,29.73497200012207,0.0728130117058754,,36.32799530029297,119.56354522705078,1.5817404985427856,0.0,129.27783203125,0.6406561732292175,,,,,,,,,0.0413627065718174
NB62,Lạch Đẳng Chén phía Tây đảo Đống Chén,2316094,465215,2026,2,oyster,6.583667278289795,26.269922256469727,8.131001472473145,27.53995704650879,0.077271930873394,,35.8037109375,111.03791046142578,2.1074790954589844,0.0,141.76266479492188,1.4372336864471436,,,,,,,,,0.0432669855654239
NB62,Lạch Đẳng Chén phía Tây đảo Đống Chén,2316094,465215,2026,3,oyster,6.798512935638428,29.00636100769043,8.154278755187988,29.12531280517578,0.063292346894741,,40.49747467041016,119.38213348388672,1.488364815711975,420.8626708984375,121.7300262451172,3.51514744758606,,,,,,,,,0.0442308560013771
NB62,Lạch Đẳng Chén phía Tây đảo Đống Chén,2316094,465215,2026,4,oyster,6.919876575469971,25.88193893432617,8.116732597351074,29.92905807495117,0.063490480184555,,37.92987823486328,124.52011108398438,1.444876790046692,213.71261596679688,120.19319152832033,7.0402140617370605,,,,,,,,,0.0427465662360191
NB62,Lạch Đẳng Chén phía Tây đảo Đống Chén,2316094,465215,2027,1,oyster,6.907456398010254,22.9999942779541,8.137414932250977,29.55227851867676,0.0721901357173919,,39.426490783691406,112.3104019165039,1.228514313697815,204.01417541503903,121.611572265625,4.1136627197265625,,,,,,,,,0.0420655719935894
NB62,Lạch Đẳng Chén phía Tây đảo Đống Chén,2316094,465215,2027,2,oyster,6.860361576080322,26.498943328857425,8.125035285949707,27.92490577697754,0.0840094164013862,,35.42315673828125,113.98571014404295,2.9313747882843018,435.0935668945313,131.99301147460938,3.243579864501953,,,,,,,,,0.0401282124221324
NB62,Lạch Đẳng Chén phía Tây đảo Đống Chén,2316094,465215,2027,3,oyster,6.722776889801025,29.60108757019043,8.208518028259277,30.158781051635746,0.0669783651828765,,38.13815307617188,118.41810607910156,0.064747616648674,364.77435302734375,114.00920867919922,0.604061484336853,,,,,,,,,0.040372647345066
NB63,Lạch Đầu Gỗ phía Đông đảo Đống Chén,2316643,468221,2025,1,oyster,6.692196369171143,20.74942970275879,8.12326431274414,32.408966064453125,0.0305413492023944,,28.16981315612793,59.54148864746094,0.3660785257816314,214.1309356689453,108.3112335205078,0.3916215598583221,,,,,,,,,0.0347278863191604
NB63,Lạch Đầu Gỗ phía Đông đảo Đống Chén,2316643,468221,2025,2,oyster,6.368446826934815,26.15497589111328,8.08592414855957,30.609325408935547,0.0464964695274829,,30.584272384643555,81.05545043945312,4.847830295562744,2746.485595703125,109.53097534179688,2.1496920585632324,,,,,,,,,0.0398804955184459
NB63,Lạch Đầu Gỗ phía Đông đảo Đống Chén,2316643,468221,2025,3,oyster,6.865081310272217,27.852882385253903,8.197308540344238,31.236059188842773,0.0358468256890773,,32.65856170654297,117.03495025634766,3.3757331371307373,4451.89013671875,113.29165649414062,0.1337628662586212,,,,,,,,,0.0414638631045818
NB63,Lạch Đầu Gỗ phía Đông đảo Đống Chén,2316643,468221,2025,4,oyster,7.147677421569824,25.777198791503903,8.147879600524902,30.42488670349121,0.0300868228077888,,37.53030014038086,142.32391357421875,3.160696506500244,3336.0419921875,122.54380798339844,2.2895941734313965,,,,,,,,,0.0445267185568809
NB63,Lạch Đầu Gỗ phía Đông đảo Đống Chén,2316643,468221,2026,1,oyster,7.267219543457031,22.088417053222656,8.097639083862305,31.042600631713867,0.0325879678130149,,39.80752182006836,131.87884521484375,5.130080223083496,2085.5390625,109.88660430908205,0.0,,,,,,,,,0.0517874844372272
NB63,Lạch Đầu Gỗ phía Đông đảo Đống Chén,2316643,468221,2026,2,oyster,5.706185817718506,24.58234405517578,8.131919860839844,30.556684494018555,0.038128312677145,,30.22571182250977,78.46369934082031,5.138129234313965,0.0,103.68517303466795,0.0,,,,,,,,,0.0406740233302116
NB63,Lạch Đầu Gỗ phía Đông đảo Đống Chén,2316643,468221,2026,3,oyster,7.05135440826416,27.995763778686523,8.189064979553223,31.139434814453125,0.0403754375874996,,34.59391403198242,88.59860229492188,2.8394908905029297,0.0,110.9301528930664,0.0,,,,,,,,,0.0436026342213153
NB63,Lạch Đầu Gỗ phía Đông đảo Đống Chén,2316643,468221,2026,4,oyster,7.897353649139404,24.5184383392334,8.146550178527832,30.26474380493164,0.0349202677607536,,41.60988235473633,114.9054718017578,0.8126824498176575,0.0,122.28299713134766,0.0,,,,,,,,,0.0440930649638175
NB63,Lạch Đầu Gỗ phía Đông đảo Đống Chén,2316643,468221,2027,1,oyster,8.746353149414062,20.781274795532227,8.204957962036133,30.49277877807617,0.0420252680778503,,42.110347747802734,108.35627746582033,4.037086486816406,0.0,122.8920669555664,4.42728853225708,,,,,,,,,0.0451941974461078
NB63,Lạch Đầu Gỗ phía Đông đảo Đống Chén,2316643,468221,2027,2,oyster,7.200883388519287,25.595361709594727,8.086329460144043,30.65504646301269,0.0566044971346855,,36.16446685791016,122.98777770996094,6.141428470611572,0.0,127.53897857666016,0.1689570993185043,,,,,,,,,0.0326053202152252
NB63,Lạch Đầu Gỗ phía Đông đảo Đống Chén,2316643,468221,2027,3,oyster,6.883577823638916,27.88806533813477,8.132821083068848,30.664594650268555,0.0340220779180526,,40.43809127807617,111.53780364990234,4.836708068847656,0.0,141.54562377929688,0.0,,,,,,,,,0.0400140844285488
NB64,Lạch Cống Nứa phía Đông đảo Cống Nứa,2317955,471418,2025,1,oyster,6.655269622802734,21.23153686523437,8.149596214294434,32.30686569213867,0.0250456370413303,,34.361324310302734,78.09843444824219,0.8739871978759766,0.0,105.08206176757812,0.5186328887939453,,,,,,,,,0.038864392787218
NB64,Lạch Cống Nứa phía Đông đảo Cống Nứa,2317955,471418,2025,2,oyster,6.707809925079346,24.97648811340332,8.136441230773926,30.266876220703125,0.0338794738054275,,28.97297477722168,74.72500610351562,2.353396415710449,0.0,115.5776138305664,1.1548837423324585,,,,,,,,,0.0391674637794494
NB64,Lạch Cống Nứa phía Đông đảo Cống Nứa,2317955,471418,2025,3,oyster,6.790088176727295,27.56302833557129,8.178406715393066,30.32615089416504,0.0174530483782291,,39.75737762451172,108.9744644165039,2.607757568359375,0.0,139.19296264648438,0.0,,,,,,,,,0.0431583411991596
NB64,Lạch Cống Nứa phía Đông đảo Cống Nứa,2317955,471418,2025,4,oyster,6.622445583343506,25.01728630065918,8.135839462280273,30.4561767578125,0.0178042072802782,,35.50035095214844,99.92269134521484,3.030557632446289,0.0,122.1943359375,2.1575376987457275,,,,,,,,,0.0451670140027999
NB64,Lạch Cống Nứa phía Đông đảo Cống Nứa,2317955,471418,2026,1,oyster,7.131406307220459,21.0045223236084,8.17746353149414,32.27985763549805,0.0270940344780683,,36.91200637817383,89.16376495361328,2.499889850616455,860.5244140625,122.042236328125,0.0,,,,,,,,,0.0383720807731151
NB64,Lạch Cống Nứa phía Đông đảo Cống Nứa,2317955,471418,2026,2,oyster,6.643158912658691,26.204111099243164,8.19494342803955,29.97477531433105,0.0332221761345863,,36.24081802368164,123.48998260498048,5.751363277435303,719.2576904296875,124.96514892578124,0.0,,,,,,,,,0.0499421283602714
NB64,Lạch Cống Nứa phía Đông đảo Cống Nứa,2317955,471418,2026,3,oyster,7.16121768951416,28.6889705657959,8.250083923339844,30.414356231689453,0.033302079886198,,36.911598205566406,148.77685546875,6.801701545715332,2006.6026611328125,125.56450653076172,2.3900506496429443,,,,,,,,,0.0472303628921508
NB64,Lạch Cống Nứa phía Đông đảo Cống Nứa,2317955,471418,2026,4,oyster,6.53886604309082,26.328109741210938,8.175798416137695,29.63043212890625,0.0321069099009037,,38.15641021728516,131.6714630126953,5.425767421722412,1535.5361328125,141.13352966308594,0.0,,,,,,,,,0.0522391647100448
NB64,Lạch Cống Nứa phía Đông đảo Cống Nứa,2317955,471418,2027,1,oyster,6.491454601287842,22.47177505493164,8.188278198242188,31.450782775878903,0.0316033959388732,,33.57799530029297,82.17124938964844,4.036007404327393,870.89892578125,114.4530029296875,0.0,,,,,,,,,0.047470323741436
NB64,Lạch Cống Nứa phía Đông đảo Cống Nứa,2317955,471418,2027,2,oyster,6.857804298400879,24.513858795166016,8.252917289733887,30.668420791625977,0.0347843468189239,,35.40092468261719,89.4273452758789,6.710804462432861,1824.7509765625,127.39871215820312,0.0,,,,,,,,,0.0428593009710311
NB64,Lạch Cống Nứa phía Đông đảo Cống Nứa,2317955,471418,2027,3,oyster,8.050048828125,28.03744888305664,8.147883415222168,31.148998260498047,0.0338353924453258,,42.66939163208008,127.87838745117188,5.302093505859375,645.8033447265625,144.9750213623047,0.0,,,,,,,,,0.0460680499672889
NB65,Vụng Đá Bạc phía Đông đảo Trà Bản,2314090,474853,2025,1,oyster,6.667105197906494,21.84798622131348,8.104755401611328,30.90240478515625,0.0598601400852203,,33.75199508666992,90.7419891357422,2.2206430435180664,144.09149169921875,111.16224670410156,0.0,,,,,,,,,0.0378042683005332
NB65,Vụng Đá Bạc phía Đông đảo Trà Bản,2314090,474853,2025,2,oyster,6.544365406036377,25.120824813842773,8.044967651367188,30.357072830200195,0.066519521176815,,34.305328369140625,84.90338897705078,2.987963914871216,845.100830078125,131.7417449951172,1.58148193359375,,,,,,,,,0.0429692789912223
NB65,Vụng Đá Bạc phía Đông đảo Trà Bản,2314090,474853,2025,3,oyster,6.755063056945801,27.5563907623291,8.096383094787598,30.724496841430664,0.0486855879426002,,31.39653778076172,102.48343658447266,3.041303873062134,2612.981689453125,117.2159652709961,3.4326114654541016,,,,,,,,,0.0398331470787525
NB65,Vụng Đá Bạc phía Đông đảo Trà Bản,2314090,474853,2025,4,oyster,6.753564357757568,24.531923294067383,8.094405174255371,30.04954719543457,0.0490624047815799,,32.98835754394531,101.74556732177734,2.6570067405700684,1815.70166015625,129.3810577392578,1.570760726928711,,,,,,,,,0.047604139894247
NB65,Vụng Đá Bạc phía Đông đảo Trà Bản,2314090,474853,2026,1,oyster,7.421477794647217,22.490318298339844,8.127537727355957,30.44943046569824,0.0613191053271293,,35.750999450683594,102.41325378417967,2.2663793563842773,763.9261474609375,124.72589874267578,0.0,,,,,,,,,0.0496713072061538
NB65,Vụng Đá Bạc phía Đông đảo Trà Bản,2314090,474853,2026,2,oyster,6.111692428588867,26.10036849975586,8.113393783569336,29.43256378173828,0.0692509114742279,,34.86082458496094,103.52629089355467,2.8964715003967285,1860.6689453125,124.58387756347656,4.6441755294799805,,,,,,,,,0.0433329977095127
NB65,Vụng Đá Bạc phía Đông đảo Trà Bản,2314090,474853,2026,3,oyster,6.0118279457092285,28.70391082763672,8.107032775878906,30.65026092529297,0.0529341176152229,,33.46736526489258,102.87042236328124,1.430113673210144,0.0,120.6691436767578,0.0,,,,,,,,,0.0435247309505939
NB65,Vụng Đá Bạc phía Đông đảo Trà Bản,2314090,474853,2026,4,oyster,6.370730400085449,25.5959587097168,8.177021026611328,29.996496200561523,0.0442564189434051,,37.966529846191406,97.18347930908205,0.0,0.0,130.71409606933594,0.0,,,,,,,,,0.0427473410964012
NB65,Vụng Đá Bạc phía Đông đảo Trà Bản,2314090,474853,2027,1,oyster,7.568450927734375,22.06755256652832,8.219738960266113,29.943416595458984,0.0554895550012588,,38.637996673583984,103.331787109375,0.8475451469421387,378.8443908691406,120.91389465332033,0.0,,,,,,,,,0.0357163473963737
NB65,Vụng Đá Bạc phía Đông đảo Trà Bản,2314090,474853,2027,2,oyster,5.849584102630615,25.902387619018555,8.184956550598145,29.78586769104004,0.0681069865822792,,36.21327209472656,138.97982788085938,2.152787208557129,0.0,125.34011840820312,3.934702157974243,,,,,,,,,0.0393071398138999
NB65,Vụng Đá Bạc phía Đông đảo Trà Bản,2314090,474853,2027,3,oyster,7.607865333557129,28.679000854492188,8.228384017944336,30.59624481201172,0.0488726831972599,,38.3740348815918,111.29661560058594,1.537501096725464,0.0,126.82076263427734,0.8044759035110474,,,,,,,,,0.0419832058250904
NB66,Luồng Con Quýt phía Tây Bắc đảo Trà Bản,2323246,478861,2025,1,oyster,6.779455184936523,21.76229286193848,8.114483833312988,30.982566833496094,0.0578990951180458,,31.506818771362305,74.4664077758789,1.9254776239395144,492.5681457519531,116.92362213134766,0.0,,,,,,,,,0.0363331362605094
NB66,Luồng Con Quýt phía Tây Bắc đảo Trà Bản,2323246,478861,2025,2,oyster,6.800566673278809,25.05927085876465,8.096388816833496,30.534820556640625,0.0833765119314193,,31.89129066467285,109.32488250732422,3.6273210048675537,3210.133544921875,133.4337158203125,4.313937664031982,,,,,,,,,0.0399449057877063
NB66,Luồng Con Quýt phía Tây Bắc đảo Trà Bản,2323246,478861,2025,3,oyster,6.927544116973877,28.42607879638672,8.126506805419922,30.91091728210449,0.0656086802482605,,33.8192138671875,122.5873565673828,2.9962351322174072,13.103208541870115,114.62582397460938,5.661285877227783,,,,,,,,,0.0374814979732036
NB66,Luồng Con Quýt phía Tây Bắc đảo Trà Bản,2323246,478861,2025,4,oyster,6.505874633789063,25.08573341369629,8.145524978637695,30.806934356689453,0.0600278116762638,,36.474517822265625,111.2877197265625,1.191223382949829,0.0,137.3930206298828,5.3770294189453125,,,,,,,,,0.0460170023143291
NB66,Luồng Con Quýt phía Tây Bắc đảo Trà Bản,2323246,478861,2026,1,oyster,7.468356132507324,21.814462661743164,8.101764678955078,30.358129501342773,0.0596595928072929,,38.019657135009766,111.94740295410156,1.5016309022903442,423.5405578613281,130.50047302246094,1.5098389387130735,,,,,,,,,0.0411622785031795
NB66,Luồng Con Quýt phía Tây Bắc đảo Trà Bản,2323246,478861,2026,2,oyster,6.224183082580566,25.6883487701416,8.127708435058594,30.04627227783203,0.0606217794120311,,33.807655334472656,103.68453979492188,2.19985580444336,0.0,112.21285247802734,1.3249205350875854,,,,,,,,,0.0458415821194648
NB66,Luồng Con Quýt phía Tây Bắc đảo Trà Bản,2323246,478861,2026,3,oyster,6.443955898284912,29.246335983276367,8.134734153747559,30.496788024902344,0.0478889755904674,,40.39759063720703,113.63258361816406,1.2465201616287231,0.0,136.195068359375,1.1414247751235962,,,,,,,,,0.0428764969110488
NB66,Luồng Con Quýt phía Tây Bắc đảo Trà Bản,2323246,478861,2026,4,oyster,6.839014530181885,25.96276092529297,8.186844825744629,30.672828674316406,0.0391046367585659,,37.25519561767578,114.68423461914062,1.6754354238510132,0.0,130.60838317871094,0.0,,,,,,,,,0.0411191992461681
NB66,Luồng Con Quýt phía Tây Bắc đảo Trà Bản,2323246,478861,2027,1,oyster,7.406870365142822,22.49092674255371,8.196752548217773,30.354846954345703,0.0522872433066368,,37.85750579833984,90.70899963378906,0.7999513745307922,0.0,118.98380279541016,0.2625449299812317,,,,,,,,,0.0433756746351718
NB66,Luồng Con Quýt phía Tây Bắc đảo Trà Bản,2323246,478861,2027,2,oyster,6.700100898742676,26.693878173828125,8.176332473754883,28.58177375793457,0.0647448599338531,,40.26523208618164,122.92044067382812,2.342528343200684,0.0,138.6085205078125,0.6547732353210449,,,,,,,,,0.0348150134086608
NB66,Luồng Con Quýt phía Tây Bắc đảo Trà Bản,2323246,478861,2027,3,oyster,6.434969902038574,28.785533905029297,8.213848114013672,29.30202293395996,0.041261576116085,,31.848478317260746,97.24745178222656,1.5466400384902954,0.0,116.4247817993164,1.864301443099976,,,,,,,,,0.0376374535262584
NB67,Luồng Con Quýt phía Đông đảo Cái Lim,2332924,481604,2025,1,oyster,6.079641819000244,21.83098030090332,8.10575008392334,30.97642707824707,0.0263417363166809,,32.991539001464844,81.13117218017578,1.1363626718521118,0.0,126.9171142578125,0.0,,,,,,,,,0.0408748127520084
NB67,Luồng Con Quýt phía Đông đảo Cái Lim,2332924,481604,2025,2,oyster,6.491535663604736,24.60883331298828,8.039170265197754,28.977684020996094,0.0393568836152553,,36.46067810058594,97.34578704833984,3.038525342941284,0.0,136.10772705078125,0.2919402718544006,,,,,,,,,0.0451315604150295
NB67,Luồng Con Quýt phía Đông đảo Cái Lim,2332924,481604,2025,3,oyster,6.646419525146484,27.360395431518555,8.122893333435059,29.157102584838867,0.0199235156178474,,36.3583869934082,85.25486755371094,1.5536218881607056,0.0,129.8445587158203,2.0106639862060547,,,,,,,,,0.0434758104383945
NB67,Luồng Con Quýt phía Đông đảo Cái Lim,2332924,481604,2025,4,oyster,6.704280853271484,25.30971908569336,8.147093772888184,30.242332458496094,0.0177436210215091,,37.98662567138672,102.63922119140624,2.112849235534668,0.0,130.5697479248047,0.0,,,,,,,,,0.0381862297654151
NB67,Luồng Con Quýt phía Đông đảo Cái Lim,2332924,481604,2026,1,oyster,7.941666603088379,21.35276222229004,8.155197143554688,31.314640045166016,0.0331702791154384,,33.5301628112793,94.26593780517578,2.262617826461792,0.0,117.18851470947266,2.602264404296875,,,,,,,,,0.0397647805511951
NB67,Luồng Con Quýt phía Đông đảo Cái Lim,2332924,481604,2026,2,oyster,6.917888641357422,25.52853775024414,8.029037475585938,29.45203399658203,0.0409767404198646,,36.605247497558594,126.64571380615234,3.600188970565796,0.0,139.22787475585938,2.3894190788269043,,,,,,,,,0.0451388098299503
NB67,Luồng Con Quýt phía Đông đảo Cái Lim,2332924,481604,2026,3,oyster,6.871927261352539,28.76164627075196,8.080714225769043,30.14636993408203,0.0256949886679649,,38.09562301635742,87.17379760742188,0.0871396660804748,658.3060913085938,123.65611267089844,0.0,,,,,,,,,0.0399681702256202
NB67,Luồng Con Quýt phía Đông đảo Cái Lim,2332924,481604,2026,4,oyster,13.043896675109863,25.577407836914062,8.137236595153809,29.49140739440918,0.034531582146883,,37.30976486206055,117.52977752685548,4.116002559661865,1060.0753173828125,119.91759490966795,4.074743747711182,,,,,,,,,0.0474900864064693
NB67,Luồng Con Quýt phía Đông đảo Cái Lim,2332924,481604,2027,1,oyster,7.523889064788818,22.11700820922852,8.108976364135742,30.990478515625,0.0348683334887027,,37.88798141479492,142.75929260253906,3.378336191177368,0.0,129.1709747314453,0.0,,,,,,,,,0.0517077222466468
NB67,Luồng Con Quýt phía Đông đảo Cái Lim,2332924,481604,2027,2,oyster,6.321528434753418,25.36421012878418,8.121785163879395,29.67400360107422,0.037797313183546,,36.60840606689453,114.08831787109376,2.682887554168701,0.0,118.40660095214844,1.5073260068893433,,,,,,,,,0.0402497500181198
NB67,Luồng Con Quýt phía Đông đảo Cái Lim,2332924,481604,2027,3,oyster,6.901098728179932,28.12320137023925,8.110942840576172,29.47677421569824,0.0341899134218692,,41.71965026855469,83.2164535522461,4.8686628341674805,0.0,111.1097412109375,0.0,,,,,,,,,0.0464557260274887
NB68,Lạch Vông Vang phía Bắc đảo Trà Bản,2325763,474553,2025,1,oyster,6.905050277709961,21.65173721313477,8.132854461669922,31.514604568481445,0.0378494895994663,,28.565080642700195,62.02262496948242,0.6236499547958374,0.0,114.34745025634766,0.0,,,,,,,,,0.037515353411436
NB68,Lạch Vông Vang phía Bắc đảo Trà Bản,2325763,474553,2025,2,oyster,6.544776439666748,26.19927406311035,8.16928768157959,29.78641128540039,0.0497959963977336,,35.64925003051758,94.68080139160156,3.112835645675659,762.7222900390625,120.91258239746094,0.7740748524665833,,,,,,,,,0.0401161797344684
NB68,Lạch Vông Vang phía Bắc đảo Trà Bản,2325763,474553,2025,3,oyster,6.786438941955566,27.98649978637696,8.181488990783691,30.70720863342285,0.0276779476553201,,33.63827896118164,117.13198852539062,4.289530277252197,943.12158203125,125.9343719482422,5.776546478271484,,,,,,,,,0.039730466902256
NB68,Lạch Vông Vang phía Bắc đảo Trà Bản,2325763,474553,2025,4,oyster,6.96526575088501,26.14981269836425,8.0977783203125,29.914634704589844,0.0225283969193696,,33.050323486328125,129.02438354492188,4.440575122833252,0.0,129.9375762939453,0.4890835881233215,,,,,,,,,0.0391493663191795
NB68,Lạch Vông Vang phía Bắc đảo Trà Bản,2325763,474553,2026,1,oyster,7.6739091873168945,21.809240341186523,8.110957145690918,32.06426239013672,0.0370014309883117,,39.07461929321289,120.83672332763672,4.171875953674316,0.0,114.73816680908205,0.0,,,,,,,,,0.0435619689524173
NB68,Lạch Vông Vang phía Bắc đảo Trà Bản,2325763,474553,2026,2,oyster,6.04271936416626,25.577238082885746,8.140442848205566,31.784873962402344,0.0449440404772758,,33.24658203125,101.96791076660156,2.3511998653411865,0.0,93.60794830322266,0.0,,,,,,,,,0.0395288318395614
NB68,Lạch Vông Vang phía Bắc đảo Trà Bản,2325763,474553,2026,3,oyster,6.181581020355225,28.565576553344727,8.23281478881836,31.722166061401367,0.0294012129306793,,36.95110702514648,92.4940185546875,2.0399720668792725,0.0,121.24928283691406,0.0,,,,,,,,,0.0405691266059875
NB68,Lạch Vông Vang phía Bắc đảo Trà Bản,2325763,474553,2026,4,oyster,12.80583953857422,24.963712692260746,8.236029624938965,30.11592102050781,0.0298417750746011,,38.113712310791016,120.09278869628906,4.052034378051758,0.0,127.67568969726562,1.9267573356628416,,,,,,,,,0.0459149628877639
NB68,Lạch Vông Vang phía Bắc đảo Trà Bản,2325763,474553,2027,1,oyster,7.535005569458008,21.38837623596192,8.185712814331055,31.795333862304688,0.0397378019988536,,42.7960090637207,149.8580322265625,6.94220495223999,0.0,147.3260498046875,0.0,,,,,,,,,0.0454098060727119
NB68,Lạch Vông Vang phía Bắc đảo Trà Bản,2325763,474553,2027,2,oyster,6.948884010314941,25.59108161926269,8.201647758483887,31.77528953552246,0.045326504856348,,33.58449172973633,99.2343978881836,3.857466220855713,0.0,126.56985473632812,1.0422648191452026,,,,,,,,,0.0382053516805172
NB68,Lạch Vông Vang phía Bắc đảo Trà Bản,2325763,474553,2027,3,oyster,7.29316520690918,28.436647415161133,8.198163986206055,31.63162612915039,0.0363367982208728,,39.72441864013672,124.71845245361328,2.289754867553711,0.0,138.27943420410156,0.0,,,,,,,,,0.0419881679117679
NB69,Lạch đảo Cống Đông- Cống Tây,2310803,454256,2025,1,oyster,6.349515914916992,20.932693481445312,8.094459533691406,31.43022918701172,0.0341667681932449,,30.98602294921875,76.2092514038086,2.307670831680298,0.0,112.34305572509766,0.0013189280871301,,,,,,,,,0.0348364003002643
NB69,Lạch đảo Cống Đông- Cống Tây,2310803,454256,2025,2,oyster,6.021714687347412,25.628360748291016,8.040828704833984,30.50177764892578,0.0391178466379642,,32.199928283691406,75.72628021240234,3.275455951690674,736.8396606445312,124.50099182128906,0.0,,,,,,,,,0.0417978167533874
NB69,Lạch đảo Cống Đông- Cống Tây,2310803,454256,2025,3,oyster,6.439987659454346,28.01665496826172,8.117935180664062,31.882307052612305,0.0241628549993038,,33.57346725463867,122.73638916015624,4.380463600158691,2674.67431640625,124.96778106689452,0.0,,,,,,,,,0.0399526059627532
NB69,Lạch đảo Cống Đông- Cống Tây,2310803,454256,2025,4,oyster,6.538967132568359,25.110780715942383,8.166301727294922,30.293773651123047,0.0344247706234455,,32.739707946777344,111.45657348632812,5.349161624908447,57.13077545166016,126.1287841796875,0.0,,,,,,,,,0.0457080192863941
NB69,Lạch đảo Cống Đông- Cống Tây,2310803,454256,2026,1,oyster,7.205997467041016,21.52985572814941,8.17336654663086,31.00418281555176,0.0382990837097168,,32.3977165222168,99.1289291381836,2.8760268688201904,705.1036987304688,110.62769317626952,0.0,,,,,,,,,0.0447539836168289
NB69,Lạch đảo Cống Đông- Cống Tây,2310803,454256,2026,2,oyster,6.461582183837891,24.773536682128903,8.125021934509277,30.74180793762207,0.046411320567131,,33.88504409790039,91.71678161621094,3.992492198944092,3196.84130859375,122.93795013427734,0.05402772128582,,,,,,,,,0.0449174121022224
NB69,Lạch đảo Cống Đông- Cống Tây,2310803,454256,2026,3,oyster,6.288321971893311,27.67378807067871,8.104830741882324,31.16461181640625,0.0383806191384792,,32.48963165283203,78.28366088867188,4.029809951782227,0.0,103.34083557128906,1.6916767358779907,,,,,,,,,0.0413501262664794
NB69,Lạch đảo Cống Đông- Cống Tây,2310803,454256,2026,4,oyster,8.738476753234863,25.09014892578125,8.110129356384277,30.32605361938477,0.0345753617584705,,33.874977111816406,98.89502716064452,3.755071640014648,297.7672119140625,115.42777252197266,0.3718649446964264,,,,,,,,,0.0395285673439502
NB69,Lạch đảo Cống Đông- Cống Tây,2310803,454256,2027,1,oyster,8.137118339538574,21.73894500732422,8.103431701660156,30.53305435180664,0.0444765426218509,,39.09332275390625,104.7557144165039,1.989694714546204,0.0,128.4937744140625,0.0,,,,,,,,,0.0504059419035911
NB69,Lạch đảo Cống Đông- Cống Tây,2310803,454256,2027,2,oyster,6.75191593170166,25.03570556640625,8.051077842712402,30.10877990722656,0.0585858449339866,,37.11449432373047,115.31922149658205,3.459272623062134,0.0,126.8039321899414,0.0,,,,,,,,,0.0398827195167541
NB69,Lạch đảo Cống Đông- Cống Tây,2310803,454256,2027,3,oyster,6.422787189483643,27.661256790161133,8.090808868408203,30.895666122436523,0.0261616054922342,,32.17283630371094,69.12432861328125,3.66218376159668,0.0,124.41645050048828,1.160778522491455,,,,,,,,,0.034121785312891
NB70,Ven bờ khu Cống Yên phía Bắc đảo Ngọc Vừng,2305149,458041,2025,1,oyster,6.362705707550049,20.55657958984375,8.070377349853516,32.73996353149414,0.0202868171036243,,34.24469375610352,87.97305297851562,3.197551727294922,0.0,118.91580963134766,0.0,,,,,,,,,0.037760179489851
NB70,Ven bờ khu Cống Yên phía Bắc đảo Ngọc Vừng,2305149,458041,2025,2,oyster,6.559584617614746,25.281036376953125,8.107396125793457,31.706520080566406,0.0274443998932838,,34.45525360107422,88.4556884765625,3.66400671005249,711.8634643554688,118.69188690185548,0.0,,,,,,,,,0.0414793826639652
NB70,Ven bờ khu Cống Yên phía Bắc đảo Ngọc Vừng,2305149,458041,2025,3,oyster,6.841476440429688,27.94683074951172,8.160499572753906,31.50703811645508,0.0212740916758775,,34.46002960205078,125.59119415283205,6.529741287231445,2645.35986328125,122.24382781982422,4.3355817794799805,,,,,,,,,0.0425400584936142
NB70,Ven bờ khu Cống Yên phía Bắc đảo Ngọc Vừng,2305149,458041,2025,4,oyster,6.76479434967041,25.45944023132324,8.091246604919434,31.556516647338867,0.0245378464460372,,34.84590148925781,110.11830139160156,7.072249889373779,1879.1165771484373,127.60061645507812,0.0,,,,,,,,,0.04131630808115
NB70,Ven bờ khu Cống Yên phía Bắc đảo Ngọc Vừng,2305149,458041,2026,1,oyster,6.146337985992432,22.05210494995117,8.111510276794434,32.1737174987793,0.0305992774665355,,30.51114273071289,122.11048126220705,4.429899215698242,3695.347900390625,117.89832305908205,0.0,,,,,,,,,0.0483320131897926
NB70,Ven bờ khu Cống Yên phía Bắc đảo Ngọc Vừng,2305149,458041,2026,2,oyster,6.026633739471436,25.385143280029297,8.1384916305542,31.00368881225586,0.0268232189118862,,29.32588577270508,77.5011215209961,6.70715856552124,3187.898193359375,97.62386322021484,0.0,,,,,,,,,0.0454921312630176
NB70,Ven bờ khu Cống Yên phía Bắc đảo Ngọc Vừng,2305149,458041,2026,3,oyster,5.996723651885986,28.3118896484375,8.082029342651367,30.71103286743164,0.0285177454352378,,35.31558609008789,94.01062774658205,7.285410404205322,2651.91259765625,113.2785415649414,0.0,,,,,,,,,0.0445144362747669
NB70,Ven bờ khu Cống Yên phía Bắc đảo Ngọc Vừng,2305149,458041,2026,4,oyster,13.21979808807373,24.7161808013916,8.08553695678711,31.43366432189941,0.046309296041727,,34.55891036987305,86.63268280029297,7.619133472442627,0.0,120.33952331542967,0.0,,,,,,,,,0.0438583046197891
NB70,Ven bờ khu Cống Yên phía Bắc đảo Ngọc Vừng,2305149,458041,2027,1,oyster,6.967433929443359,20.86018943786621,8.079343795776367,32.089412689208984,0.0523995533585548,,33.83488082885742,112.2012710571289,4.619392395019531,0.0,92.61209106445312,2.3608672618865967,,,,,,,,,0.0401389673352241
NB70,Ven bờ khu Cống Yên phía Bắc đảo Ngọc Vừng,2305149,458041,2027,2,oyster,6.755716800689697,25.987274169921875,8.115616798400879,31.83920288085937,0.0650818198919296,,34.63094711303711,81.90057373046875,4.525157451629639,0.0,124.80704498291016,0.3048901259899139,,,,,,,,,0.0393024645745754
NB70,Ven bờ khu Cống Yên phía Bắc đảo Ngọc Vừng,2305149,458041,2027,3,oyster,6.803955554962158,28.17556953430176,8.097956657409668,31.559125900268555,0.0429808124899864,,34.96503829956055,111.39047241210938,5.189225673675537,0.0,115.6975326538086,0.0,,,,,,,,,0.0438873469829559
NB71,"Cửa sông Rút- sông - sông Bạch Đằng, phía Tây xã Tiền Phong",2305248,403881,2025,1,oyster,6.330246448516846,21.54819107055664,7.81229305267334,16.324636459350586,0.0542353130877018,,35.84769821166992,73.6502456665039,46.9050178527832,826.5835571289062,128.77883911132812,3.7297439575195312,,,,,,,,,0.0395360887050628
NB71,"Cửa sông Rút- sông - sông Bạch Đằng, phía Tây xã Tiền Phong",2305248,403881,2025,2,oyster,5.608797073364258,27.15966987609864,7.69518232345581,11.58604621887207,0.0638423860073089,,29.63682556152344,80.1528091430664,38.96481323242188,3241.166015625,108.49800872802734,0.9244967699050904,,,,,,,,,0.0307536069303751
NB71,"Cửa sông Rút- sông - sông Bạch Đằng, phía Tây xã Tiền Phong",2305248,403881,2025,3,oyster,5.041287899017334,28.75226211547852,7.707983493804932,12.287328720092772,0.0577712804079055,,31.95551300048828,94.28467559814452,43.41193771362305,0.0,139.00439453125,0.0,,,,,,,,,0.0406650565564632
NB71,"Cửa sông Rút- sông - sông Bạch Đằng, phía Tây xã Tiền Phong",2305248,403881,2025,4,oyster,5.417977333068848,25.85424041748047,7.639618873596191,13.129794120788574,0.0581648722290992,,34.1837043762207,91.10133361816406,41.167930603027344,0.0,124.78903198242188,2.1479995250701904,,,,,,,,,0.0388492979109287
NB71,"Cửa sông Rút- sông - sông Bạch Đằng, phía Tây xã Tiền Phong",2305248,403881,2026,1,oyster,5.178127765655518,22.25443458557129,7.6533122062683105,16.426706314086914,0.0707206204533577,,34.00592803955078,91.08531951904295,50.97208786010742,0.0,121.98809814453124,1.386446237564087,,,,,,,,,0.0424908734858036
NB71,"Cửa sông Rút- sông - sông Bạch Đằng, phía Tây xã Tiền Phong",2305248,403881,2026,2,oyster,3.9378879070281982,28.634855270385746,7.746670246124268,13.04860496520996,0.0795309990644455,,37.86835479736328,106.66153717041016,42.8065299987793,0.0,120.52877044677734,0.4863153100013733,,,,,,,,,0.044798869639635
NB71,"Cửa sông Rút- sông - sông Bạch Đằng, phía Tây xã Tiền Phong",2305248,403881,2026,3,oyster,4.671398639678955,28.2885799407959,7.704062461853027,11.733124732971191,0.0698574408888816,,38.83442687988281,124.82852935791016,43.68599319458008,4150.73388671875,127.89705657958984,0.0,,,,,,,,,0.0411212258040905
NB71,"Cửa sông Rút- sông - sông Bạch Đằng, phía Tây xã Tiền Phong",2305248,403881,2026,4,oyster,4.936507701873779,25.327072143554688,7.697348117828369,13.978765487670898,0.0816865637898445,,29.84394645690918,126.13382720947266,49.04346466064453,0.0,129.0830841064453,0.0,,,,,,,,,0.0336574800312519
NB71,"Cửa sông Rút- sông - sông Bạch Đằng, phía Tây xã Tiền Phong",2305248,403881,2027,1,oyster,5.451719284057617,21.272253036499023,7.658348083496094,14.799201965332031,0.0831296369433403,,32.73324203491211,112.73450469970705,50.68208694458008,0.0,127.36138916015624,0.0,,,,,,,,,0.0372414514422416
NB71,"Cửa sông Rút- sông - sông Bạch Đằng, phía Tây xã Tiền Phong",2305248,403881,2027,2,oyster,4.801608085632324,27.207683563232425,7.640867233276367,12.749333381652832,0.0808610096573829,,36.88397979736328,104.02500915527344,40.03885269165039,5174.03564453125,129.23541259765625,0.0,,,,,,,,,0.038772739470005
NB71,"Cửa sông Rút- sông - sông Bạch Đằng, phía Tây xã Tiền Phong",2305248,403881,2027,3,oyster,2.775233507156372,28.1938591003418,7.750957489013672,9.053001403808594,0.0777436643838882,,32.09782791137695,89.99468231201172,47.70496368408203,0.0,130.12338256835938,0.0,,,,,,,,,0.0401915237307548
NB72,"Cửa sông Chanh, phía Đông Bắc xã Tiền Phong",2307350,407776,2025,1,oyster,6.298887729644775,20.80868530273437,7.583893775939941,13.927709579467772,0.0589595288038253,,32.52716064453125,75.42560577392578,55.5161018371582,0.0,121.23983764648438,4.337767601013184,,,,,,,,,0.0341290868818759
NB72,"Cửa sông Chanh, phía Đông Bắc xã Tiền Phong",2307350,407776,2025,2,oyster,5.847830295562744,27.26611518859864,7.622029781341553,8.122069358825684,0.0665589496493339,,32.943355560302734,80.57614135742188,50.3060188293457,0.0,126.87114715576172,1.7367208003997805,,,,,,,,,0.0366413295269012
NB72,"Cửa sông Chanh, phía Đông Bắc xã Tiền Phong",2307350,407776,2025,3,oyster,5.389662265777588,28.90252494812012,7.632663726806641,9.434494018554688,0.0476228855550289,,37.07003784179688,80.39883422851562,49.02616500854492,0.0,132.5249481201172,3.743860960006714,,,,,,,,,0.0386950299143791
NB72,"Cửa sông Chanh, phía Đông Bắc xã Tiền Phong",2307350,407776,2025,4,oyster,5.633903980255127,25.59025764465332,7.685320377349853,12.832895278930664,0.0533828735351562,,35.337791442871094,87.17778778076172,45.81696319580078,0.0,135.9001922607422,0.8431677222251892,,,,,,,,,0.0375171564519405
NB72,"Cửa sông Chanh, phía Đông Bắc xã Tiền Phong",2307350,407776,2026,1,oyster,6.006917476654053,21.032197952270508,7.62613582611084,16.076990127563477,0.0634945333003997,,38.653568267822266,119.14705657958984,50.3349723815918,0.0,138.16986083984375,0.0,,,,,,,,,0.0445073507726192
NB72,"Cửa sông Chanh, phía Đông Bắc xã Tiền Phong",2307350,407776,2026,2,oyster,5.494659423828125,27.632230758666992,7.702203273773193,11.51548194885254,0.0707065090537071,,34.723358154296875,113.34552001953124,40.58325958251953,2601.343505859375,125.57101440429688,3.490519046783448,,,,,,,,,0.0357971601188182
NB72,"Cửa sông Chanh, phía Đông Bắc xã Tiền Phong",2307350,407776,2026,3,oyster,4.427029132843018,28.776264190673828,7.635960102081299,11.433396339416504,0.0672680139541626,,32.97443389892578,127.73404693603516,47.85260009765625,0.0,139.18112182617188,3.1938443183898926,,,,,,,,,0.0348127037286758
NB72,"Cửa sông Chanh, phía Đông Bắc xã Tiền Phong",2307350,407776,2026,4,oyster,5.477977275848389,25.23187828063965,7.6947150230407715,13.874507904052734,0.0624474920332431,,33.87253189086914,115.75743103027344,44.29372024536133,0.0,127.01612091064452,0.0,,,,,,,,,0.03939089179039
NB72,"Cửa sông Chanh, phía Đông Bắc xã Tiền Phong",2307350,407776,2027,1,oyster,5.910037040710449,20.54073143005371,7.7321343421936035,15.403644561767578,0.0740745216608047,,36.02864074707031,109.17972564697266,50.04375457763672,0.0,131.05270385742188,2.3262171745300293,,,,,,,,,0.0385543368756771
NB72,"Cửa sông Chanh, phía Đông Bắc xã Tiền Phong",2307350,407776,2027,2,oyster,3.991888523101807,28.180889129638672,7.67308235168457,11.957636833190918,0.0783128142356872,,30.98682975769043,94.35855102539062,42.03865432739258,0.0,98.94416046142578,6.620984077453613,,,,,,,,,0.0401009693741798
NB72,"Cửa sông Chanh, phía Đông Bắc xã Tiền Phong",2307350,407776,2027,3,oyster,4.6068196296691895,28.34862518310547,7.775664329528809,10.85496997833252,0.0764637514948844,,40.188270568847656,159.42779541015625,46.31221389770508,0.0,143.44114685058594,2.2313168048858643,,,,,,,,,0.0474056899547576
NB74,"Luồng sông Voi Lớn, phía Nam xã Đồng Rui, Tiên Yên",2142967,461852,2025,1,oyster,6.351588726043701,23.520421981811523,8.018964767456055,28.20191764831543,0.0301586277782917,,33.45490264892578,71.91831970214844,2.8479552268981934,1452.2813720703125,123.45548248291016,5.610177040100098,,,,,,,,,0.0383149087429046
NB74,"Luồng sông Voi Lớn, phía Nam xã Đồng Rui, Tiên Yên",2142967,461852,2025,2,oyster,6.19602108001709,26.2719669342041,7.993747234344482,28.46705818176269,0.0368576273322105,,34.22113037109375,105.61382293701172,5.146275520324707,3564.541015625,130.63137817382812,1.38744056224823,,,,,,,,,0.0400122180581092
NB74,"Luồng sông Voi Lớn, phía Nam xã Đồng Rui, Tiên Yên",2142967,461852,2025,3,oyster,6.019512176513672,27.72984313964844,8.05735969543457,29.21148109436035,0.0360008440911769,,30.541513442993164,93.97254943847656,3.874432802200317,4497.4716796875,126.6756591796875,0.6402290463447571,,,,,,,,,0.0379973202943801
NB74,"Luồng sông Voi Lớn, phía Nam xã Đồng Rui, Tiên Yên",2142967,461852,2025,4,oyster,6.3349480628967285,25.40610122680664,8.062952995300293,29.17778205871582,0.0307286381721496,,33.56159973144531,96.7304916381836,4.757774353027344,2893.18603515625,130.3074188232422,1.3609181642532349,,,,,,,,,0.0398114286363124
NB74,"Luồng sông Voi Lớn, phía Nam xã Đồng Rui, Tiên Yên",2142967,461852,2026,1,oyster,5.875610828399658,22.795146942138672,8.137560844421387,28.677215576171875,0.0306540690362453,,31.05733299255371,103.91309356689452,2.8167948722839355,0.0,116.2912368774414,0.0,,,,,,,,,0.0443644449114799
NB74,"Luồng sông Voi Lớn, phía Nam xã Đồng Rui, Tiên Yên",2142967,461852,2026,2,oyster,5.849265575408936,26.561214447021484,8.009737014770508,28.922134399414062,0.0429015345871448,,36.76679992675781,98.42267608642578,5.152111530303955,0.0,115.30886840820312,0.0,,,,,,,,,0.0496769361197948
NB74,"Luồng sông Voi Lớn, phía Nam xã Đồng Rui, Tiên Yên",2142967,461852,2026,3,oyster,5.823320865631104,27.358009338378903,8.079752922058105,29.730358123779297,0.0339314639568328,,34.88222885131836,99.86288452148438,2.8157010078430176,0.0,118.63047790527344,0.718867838382721,,,,,,,,,0.044393140822649
NB74,"Luồng sông Voi Lớn, phía Nam xã Đồng Rui, Tiên Yên",2142967,461852,2026,4,oyster,6.073640823364258,24.65209197998047,8.03014087677002,29.96342086791992,0.0292764697223901,,35.17416763305664,100.76690673828124,3.074325561523437,0.0,112.80547332763672,0.0,,,,,,,,,0.0447769612073898
NB74,"Luồng sông Voi Lớn, phía Nam xã Đồng Rui, Tiên Yên",2142967,461852,2027,1,oyster,6.776998043060303,21.580223083496094,8.089004516601562,28.536590576171875,0.0413253158330917,,35.27223587036133,103.17523193359376,2.944520235061645,5.395476341247559,137.6051025390625,0.1285310834646225,,,,,,,,,0.0408085212111473
NB74,"Luồng sông Voi Lớn, phía Nam xã Đồng Rui, Tiên Yên",2142967,461852,2027,2,oyster,6.4580607414245605,25.082124710083008,8.002105712890625,28.433399200439453,0.0410593077540397,,36.60578536987305,83.2052993774414,2.986423254013061,0.0,150.3314666748047,0.0,,,,,,,,,0.046370692551136
NB74,"Luồng sông Voi Lớn, phía Nam xã Đồng Rui, Tiên Yên",2142967,461852,2027,3,oyster,6.481482982635498,27.41349983215332,8.077539443969727,29.33379364013672,0.0328984446823596,,34.652076721191406,82.91797637939453,1.2645282745361328,1144.130615234375,137.0145721435547,0.3400614857673645,,,,,,,,,0.040995966643095
NB73,"Cửa sông Kênh Trai, giáp ranh xã Tân An- Hoàng Tân",2315467,409808,2025,1,oyster,6.469650745391846,22.228973388671875,7.975198745727539,20.81673622131348,0.0405756048858165,,36.011837005615234,82.11882781982422,29.895898818969727,0.0,132.9675750732422,0.0,,,,,,,,,0.0410976037383079
NB73,"Cửa sông Kênh Trai, giáp ranh xã Tân An- Hoàng Tân",2315467,409808,2025,2,oyster,5.854403972625732,26.84198570251465,7.887767314910889,17.764375686645508,0.0418370477855205,,43.22427368164063,103.50735473632812,24.24231338500977,0.0,138.39202880859375,0.0,,,,,,,,,0.0437347590923309
NB73,"Cửa sông Kênh Trai, giáp ranh xã Tân An- Hoàng Tân",2315467,409808,2025,3,oyster,5.932084560394287,28.448148727416992,7.788948059082031,17.3091983795166,0.0386422388255596,,35.07012176513672,93.9298324584961,27.851411819458008,658.4434814453125,107.26959228515624,3.573020696640014,,,,,,,,,0.0377253144979476
NB73,"Cửa sông Kênh Trai, giáp ranh xã Tân An- Hoàng Tân",2315467,409808,2025,4,oyster,6.284073352813721,25.719980239868164,7.843666553497314,16.93071937561035,0.0446433424949646,,31.02937698364257,118.88109588623048,32.39384078979492,3855.126708984375,120.78372955322266,4.517345905303955,,,,,,,,,0.0316857285797596
NB73,"Cửa sông Kênh Trai, giáp ranh xã Tân An- Hoàng Tân",2315467,409808,2026,1,oyster,6.61769437789917,23.49553871154785,7.868874549865723,19.578405380249023,0.0650594010949134,,28.587865829467773,109.01395416259766,39.79032516479492,585.8779296875,131.61337280273438,0.9986797571182252,,,,,,,,,0.0411671511828899
NB73,"Cửa sông Kênh Trai, giáp ranh xã Tân An- Hoàng Tân",2315467,409808,2026,2,oyster,5.774463653564453,27.17243385314941,7.747768878936768,14.960827827453612,0.0682454407215118,,28.76347541809082,111.89324188232422,29.814695358276367,1475.9801025390625,109.38330841064452,0.6344864964485168,,,,,,,,,0.0324459969997406
NB73,"Cửa sông Kênh Trai, giáp ranh xã Tân An- Hoàng Tân",2315467,409808,2026,3,oyster,3.926414728164673,28.68416404724121,7.641359329223633,14.001500129699709,0.0567514225840568,,29.36190223693848,82.87084197998047,46.06785583496094,1776.302001953125,111.881591796875,0.0,,,,,,,,,0.0397620908915996
NB73,"Cửa sông Kênh Trai, giáp ranh xã Tân An- Hoàng Tân",2315467,409808,2026,4,oyster,4.691243171691895,25.33112525939941,7.813668251037598,15.299388885498049,0.0753742530941963,,31.21718978881836,96.99402618408205,46.57606506347656,0.0,110.50017547607422,0.0,,,,,,,,,0.0395492985844612
NB73,"Cửa sông Kênh Trai, giáp ranh xã Tân An- Hoàng Tân",2315467,409808,2027,1,oyster,4.865226745605469,22.169336318969727,7.884027004241943,20.20493507385254,0.0794087573885917,,32.80506134033203,85.89962768554688,47.81650924682617,0.0,118.60458374023438,1.5242271423339844,,,,,,,,,0.0399092100560665
NB73,"Cửa sông Kênh Trai, giáp ranh xã Tân An- Hoàng Tân",2315467,409808,2027,2,oyster,3.742142677307129,28.25546646118164,7.817978858947754,17.05169677734375,0.0874396786093711,,39.61505126953125,103.87740325927734,39.68130493164063,0.0,117.82957458496094,0.0,,,,,,,,,0.0485560446977615
NB73,"Cửa sông Kênh Trai, giáp ranh xã Tân An- Hoàng Tân",2315467,409808,2027,3,oyster,2.4337074756622314,28.44611549377441,7.810951232910156,12.475457191467283,0.0755045488476753,,38.021183013916016,126.5096435546875,46.9626350402832,8505.2314453125,137.95223999023438,0.0,,,,,,,,,0.0457423441112041
NB75,"Luồng sông Voi Lớn, ven bờ xã Hải Lạng, Tiên Yên",2352748,464214,2025,1,oyster,5.94740629196167,22.490827560424805,8.01669692993164,26.800369262695312,0.042374238371849,,33.936668395996094,81.34978485107422,5.013706684112549,2209.2470703125,127.42000579833984,1.3243612051010132,,,,,,,,,0.0391849614679813
NB75,"Luồng sông Voi Lớn, ven bờ xã Hải Lạng, Tiên Yên",2352748,464214,2025,2,oyster,5.751439571380615,25.701011657714844,8.006616592407227,26.867176055908203,0.0626727193593978,,32.430477142333984,93.66263580322266,7.1444621086120605,4246.318359375,124.31898498535156,0.0,,,,,,,,,0.0334102436900138
NB75,"Luồng sông Voi Lớn, ven bờ xã Hải Lạng, Tiên Yên",2352748,464214,2025,3,oyster,5.688016891479492,27.725685119628903,7.936820030212402,26.989192962646484,0.0566781535744667,,28.04657745361328,83.15188598632812,6.826530933380127,3892.793212890625,124.01869201660156,1.012399673461914,,,,,,,,,0.0390767939388752
NB75,"Luồng sông Voi Lớn, ven bờ xã Hải Lạng, Tiên Yên",2352748,464214,2025,4,oyster,6.171467304229736,25.67799949645996,7.923903465270996,28.25105667114257,0.0578152015805244,,31.897178649902344,99.33970642089844,7.248315334320068,3475.501220703125,132.97593688964844,1.9057790040969849,,,,,,,,,0.0351506769657135
NB75,"Luồng sông Voi Lớn, ven bờ xã Hải Lạng, Tiên Yên",2352748,464214,2026,1,oyster,5.315910339355469,23.7827091217041,7.9580979347229,28.59573554992676,0.0619158782064914,,30.503746032714844,79.80921173095703,3.740688800811768,0.0,110.31927490234376,0.0,,,,,,,,,0.0421159677207469
NB75,"Luồng sông Voi Lớn, ven bờ xã Hải Lạng, Tiên Yên",2352748,464214,2026,2,oyster,5.724756717681885,26.4398136138916,8.020627975463867,27.563291549682617,0.0681031867861747,,35.09515380859375,114.44495391845705,3.6227662563323975,0.0,120.15753173828124,0.0,,,,,,,,,0.04290272295475
NB75,"Luồng sông Voi Lớn, ven bờ xã Hải Lạng, Tiên Yên",2352748,464214,2026,3,oyster,5.576349258422852,27.66275978088379,8.076973915100098,27.930082321166992,0.0493931174278259,,34.339996337890625,102.03352355957033,3.037362813949585,0.0,115.21228790283205,0.0,,,,,,,,,0.0398151203989982
NB75,"Luồng sông Voi Lớn, ven bờ xã Hải Lạng, Tiên Yên",2352748,464214,2026,4,oyster,6.031408309936523,24.61937141418457,8.054344177246094,29.21730613708496,0.0489330701529979,,33.96202087402344,104.8514404296875,3.0299174785614014,0.0,116.98435974121094,0.1725295782089233,,,,,,,,,0.0470900125801563
NB75,"Luồng sông Voi Lớn, ven bờ xã Hải Lạng, Tiên Yên",2352748,464214,2027,1,oyster,6.454384326934815,21.66073989868164,7.96718168258667,27.207181930541992,0.062556117773056,,36.108917236328125,77.5745620727539,2.37034273147583,0.0,127.8028335571289,1.814263939857483,,,,,,,,,0.0391348525881767
NB75,"Luồng sông Voi Lớn, ven bờ xã Hải Lạng, Tiên Yên",2352748,464214,2027,2,oyster,6.3534016609191895,26.013765335083008,7.949343204498291,26.101232528686523,0.0752338990569114,,35.421714782714844,95.31705474853516,2.2159316539764404,385.0141906738281,136.9876251220703,0.0,,,,,,,,,0.0397636294364929
NB75,"Luồng sông Voi Lớn, ven bờ xã Hải Lạng, Tiên Yên",2352748,464214,2027,3,oyster,5.905418395996094,27.63824462890625,7.9771318435668945,27.61919593811035,0.0556279346346855,,29.666358947753903,104.62874603271484,0.699329137802124,0.0,136.917724609375,0.0,,,,,,,,,0.0423860177397728
NB76,Khu vực cảng Mũi Chùa (cửa sông Tiên Yên),2354602,469532,2025,1,oyster,6.144403457641602,21.84089469909668,7.800135135650635,27.73104476928711,0.0412095226347446,,32.01609420776367,69.49798583984375,1.7797996997833252,754.8646240234375,124.56149291992188,0.0,,,,,,,,,0.044397946447134
NB76,Khu vực cảng Mũi Chùa (cửa sông Tiên Yên),2354602,469532,2025,2,oyster,6.164774417877197,25.17548179626465,7.800443172454834,26.713041305541992,0.0582256168127059,,33.666439056396484,107.63946533203124,1.996034979820252,2316.668212890625,126.53205108642578,0.0,,,,,,,,,0.0400670394301414
NB76,Khu vực cảng Mũi Chùa (cửa sông Tiên Yên),2354602,469532,2025,3,oyster,6.048866271972656,27.88465118408203,7.812140464782715,27.82377052307129,0.049292679876089,,31.35964012145996,81.74844360351562,4.597318172454834,3975.34326171875,118.41221618652344,3.919595718383789,,,,,,,,,0.0379083640873432
NB76,Khu vực cảng Mũi Chùa (cửa sông Tiên Yên),2354602,469532,2025,4,oyster,6.166357517242432,25.11045837402344,7.888085842132568,28.469133377075195,0.0508896522223949,,33.78038787841797,112.40692901611328,3.2095425128936768,3446.555908203125,140.25050354003906,4.987234592437744,,,,,,,,,0.0379066355526447
NB76,Khu vực cảng Mũi Chùa (cửa sông Tiên Yên),2354602,469532,2026,1,oyster,6.325800895690918,22.896663665771484,7.885928153991699,28.028553009033203,0.0556484125554561,,30.921724319458008,85.84889221191406,0.0,1167.87890625,113.04953002929688,0.0,,,,,,,,,0.0475001148879528
NB76,Khu vực cảng Mũi Chùa (cửa sông Tiên Yên),2354602,469532,2026,2,oyster,5.65847110748291,27.119468688964844,7.949153900146484,26.698076248168945,0.070910632610321,,31.22388458251953,107.49075317382812,1.51056969165802,0.0,114.36465454101562,0.0,,,,,,,,,0.0384528115391731
NB76,Khu vực cảng Mũi Chùa (cửa sông Tiên Yên),2354602,469532,2026,3,oyster,5.369233131408691,27.991167068481445,7.932863235473633,27.98349571228028,0.0376937873661518,,34.17467498779297,110.10662078857422,1.522310495376587,0.0,118.82350158691406,0.3170924782752991,,,,,,,,,0.0436331182718277
NB76,Khu vực cảng Mũi Chùa (cửa sông Tiên Yên),2354602,469532,2026,4,oyster,5.571378231048584,24.724050521850582,7.891149520874023,28.845447540283203,0.0458572134375572,,33.673065185546875,120.8342056274414,0.0,0.0,110.99764251708984,0.0,,,,,,,,,0.0462872274219989
NB76,Khu vực cảng Mũi Chùa (cửa sông Tiên Yên),2354602,469532,2027,1,oyster,6.362379550933838,21.946971893310547,7.927596092224121,27.60725212097168,0.0657390058040618,,34.310401916503906,112.9353256225586,3.1662797927856445,0.0,121.3193359375,0.0,,,,,,,,,0.0388289466500282
NB76,Khu vực cảng Mũi Chùa (cửa sông Tiên Yên),2354602,469532,2027,2,oyster,6.632968425750732,26.671072006225582,7.928849220275879,27.4353141784668,0.0794250071048736,,34.7972526550293,106.57691955566406,1.3505384922027588,0.0,124.4967803955078,0.0,,,,,,,,,0.0440985448658466
NB76,Khu vực cảng Mũi Chùa (cửa sông Tiên Yên),2354602,469532,2027,3,oyster,6.299346923828125,27.80595588684082,8.036439895629883,27.583839416503903,0.0545772537589073,,36.558326721191406,103.6174087524414,0.4228260517120361,738.9013061523438,138.68072509765625,0.0,,,,,,,,,0.0395596995949745
NB77,"Khu vực Hòn Thạch, Đầm Hà",2349384,482845,2025,1,oyster,6.605169296264648,22.52302360534668,8.061747550964355,29.36897659301757,0.0493678525090217,,35.95151901245117,75.71106719970703,3.9778451919555664,0.0,122.18890380859376,0.0,,,,,,,,,0.0427250899374485
NB77,"Khu vực Hòn Thạch, Đầm Hà",2349384,482845,2025,2,oyster,6.631960868835449,25.61085319519043,7.982598304748535,28.25953865051269,0.0541075430810451,,34.832550048828125,79.7762680053711,4.358773231506348,0.0,121.08808135986328,0.8173374533653259,,,,,,,,,0.0392785482108593
NB77,"Khu vực Hòn Thạch, Đầm Hà",2349384,482845,2025,3,oyster,6.6310553550720215,27.56211280822754,8.084600448608398,28.48316764831543,0.029819831252098,,33.10932159423828,86.98247528076172,2.5161690711975098,0.0,116.0457992553711,1.5650497674942017,,,,,,,,,0.0412118695676326
NB77,"Khu vực Hòn Thạch, Đầm Hà",2349384,482845,2025,4,oyster,6.283581256866455,24.43134307861328,8.066606521606445,28.8872127532959,0.0249587073922157,,37.24533462524414,104.3347625732422,4.434220314025879,0.0,140.1063232421875,0.030371194705367,,,,,,,,,0.0461937487125396
NB77,"Khu vực Hòn Thạch, Đầm Hà",2349384,482845,2026,1,oyster,6.357300281524658,20.828672409057617,8.121064186096191,29.121347427368164,0.0343086719512939,,35.54917526245117,96.76654815673828,5.063186168670654,0.0,117.2947769165039,0.0,,,,,,,,,0.0425572134554386
NB77,"Khu vực Hòn Thạch, Đầm Hà",2349384,482845,2026,2,oyster,6.039241313934326,24.91459846496582,8.122564315795898,27.23144149780273,0.042219839990139,,34.94322967529297,79.79370880126953,3.7556989192962646,0.0,105.79850769042967,0.0,,,,,,,,,0.0399727858603
NB77,"Khu vực Hòn Thạch, Đầm Hà",2349384,482845,2026,3,oyster,6.36055326461792,28.4779052734375,8.192159652709961,26.993427276611328,0.0283375363796949,,36.536434173583984,106.93354034423828,2.2693569660186768,0.0,138.40101623535156,3.3791093826293945,,,,,,,,,0.0423153154551982
NB77,"Khu vực Hòn Thạch, Đầm Hà",2349384,482845,2026,4,oyster,7.274947166442871,25.29720115661621,8.13412094116211,27.965789794921875,0.0267536006867885,,38.59126281738281,128.83253479003906,7.606564044952393,546.950439453125,141.42684936523438,0.4327136278152466,,,,,,,,,0.0492859780788421
NB77,"Khu vực Hòn Thạch, Đầm Hà",2349384,482845,2027,1,oyster,7.259082317352295,22.2250919342041,8.070457458496094,28.33029556274414,0.0353345833718776,,32.06730651855469,125.34318542480467,9.012069702148438,317.2395324707031,129.13092041015625,1.5179558992385864,,,,,,,,,0.0426956936717033
NB77,"Khu vực Hòn Thạch, Đầm Hà",2349384,482845,2027,2,oyster,7.010677337646484,25.422103881835938,8.036826133728027,26.909761428833008,0.0472628474235534,,31.94425773620605,102.1723175048828,6.74976921081543,0.0,120.86531829833984,0.0,,,,,,,,,0.0357529409229755
NB77,"Khu vực Hòn Thạch, Đầm Hà",2349384,482845,2027,3,oyster,6.514054298400879,28.76471519470215,8.102184295654297,26.252824783325195,0.0395550914108753,,36.27479934692383,117.14088439941406,3.754773378372192,369.4362487792969,130.24606323242188,0.1799427270889282,,,,,,,,,0.0394356064498424
NB79,"Khu vực cửa sông Đường Hoa, huyện Hải Hà",2361229,492995,2025,1,oyster,5.983212471008301,20.773828506469727,7.971594333648682,27.0374755859375,0.0307144336402416,,33.51236724853516,77.105224609375,6.113508701324463,295.0577087402344,125.35328674316406,0.0,,,,,,,,,0.0383241400122642
NB79,"Khu vực cửa sông Đường Hoa, huyện Hải Hà",2361229,492995,2025,2,oyster,5.89077091217041,25.724533081054688,7.899677753448486,25.88624382019043,0.0396451391279697,,31.50944328308105,83.99799346923828,10.186321258544922,1413.2017822265625,128.3629608154297,0.0,,,,,,,,,0.0334379076957702
NB79,"Khu vực cửa sông Đường Hoa, huyện Hải Hà",2361229,492995,2025,3,oyster,6.075348854064941,28.085264205932617,7.92889928817749,27.093975067138672,0.0298968274146318,,30.030418395996094,91.91991424560548,9.811509132385254,2435.707763671875,115.45410919189452,1.308466553688049,,,,,,,,,0.0312793962657451
NB79,"Khu vực cửa sông Đường Hoa, huyện Hải Hà",2361229,492995,2025,4,oyster,6.136364936828613,24.72805404663086,7.945179462432861,27.845428466796875,0.0319521091878414,,32.606163024902344,102.87421417236328,9.91833782196045,1586.744384765625,137.9006805419922,3.9512033462524414,,,,,,,,,0.0403823032975196
NB79,"Khu vực cửa sông Đường Hoa, huyện Hải Hà",2361229,492995,2026,1,oyster,5.489724159240723,23.13725471496582,7.978258609771728,27.94342041015625,0.0338834375143051,,31.516996383666992,93.10089111328124,10.241915702819824,2379.232666015625,129.4192657470703,0.7020519971847534,,,,,,,,,0.0413993038237094
NB79,"Khu vực cửa sông Đường Hoa, huyện Hải Hà",2361229,492995,2026,2,oyster,5.086347579956055,25.67466735839844,8.024059295654297,27.966028213500977,0.0483395755290985,,31.823427200317383,92.26378631591795,8.638046264648438,0.0,125.2932586669922,0.0,,,,,,,,,0.0434475280344486
NB79,"Khu vực cửa sông Đường Hoa, huyện Hải Hà",2361229,492995,2026,3,oyster,5.417648792266846,27.970848083496094,8.111895561218262,28.358083724975582,0.0374369025230407,,35.467994689941406,120.411376953125,6.573947429656982,0.0,105.71276092529295,0.0,,,,,,,,,0.0433869771659374
NB79,"Khu vực cửa sông Đường Hoa, huyện Hải Hà",2361229,492995,2026,4,oyster,5.467084884643555,24.75296401977539,8.085477828979492,29.157978057861328,0.0421622730791568,,33.95719909667969,105.5976333618164,6.506582260131836,0.0,110.52796936035156,0.0,,,,,,,,,0.0421429127454757
NB79,"Khu vực cửa sông Đường Hoa, huyện Hải Hà",2361229,492995,2027,1,oyster,5.322425842285156,21.528186798095703,8.160785675048828,28.81820106506348,0.0690303295850753,,34.34214782714844,107.93563842773438,6.858190059661865,0.0,114.89460754394533,0.0,,,,,,,,,0.0426378697156906
NB79,"Khu vực cửa sông Đường Hoa, huyện Hải Hà",2361229,492995,2027,2,oyster,5.407094955444336,25.54315757751465,8.067004203796387,26.716869354248047,0.0817597806453704,,33.44336700439453,100.13111877441406,7.874186992645264,0.0,123.29681396484376,0.0,,,,,,,,,0.0380884930491447
NB79,"Khu vực cửa sông Đường Hoa, huyện Hải Hà",2361229,492995,2027,3,oyster,6.897027969360352,27.366418838500977,8.145063400268555,28.21460151672364,0.0610652416944503,,35.5484619140625,89.56665802001953,5.892075061798096,0.0,131.58926391601562,0.71684730052948,,,,,,,,,0.0350871309638023
NB78,"Khu vực ven bờ xã Đầm Hà, huyện Đầm Hà (cửa sông Đầm Hà)",2157972,487264,2025,1,oyster,6.152734756469727,21.75247001647949,7.889892578125,20.67060852050781,0.029348224401474,,30.789464950561523,81.69562530517578,7.555209636688232,1551.475341796875,110.9687042236328,0.0,,,,,,,,,0.0365644581615924
NB78,"Khu vực ven bờ xã Đầm Hà, huyện Đầm Hà (cửa sông Đầm Hà)",2157972,487264,2025,2,oyster,5.610049247741699,26.654184341430664,7.760674953460693,19.35396194458008,0.0359298661351203,,30.79209327697754,97.42208862304688,9.018138885498049,4358.4140625,114.6599578857422,0.0,,,,,,,,,0.0316232107579708
NB78,"Khu vực ven bờ xã Đầm Hà, huyện Đầm Hà (cửa sông Đầm Hà)",2157972,487264,2025,3,oyster,5.7980170249938965,28.27593994140625,7.777357578277588,20.11405563354492,0.0316601656377315,,33.8143424987793,104.96421813964844,11.298077583312988,3783.998046875,128.59149169921875,2.510143995285034,,,,,,,,,0.0418553315103054
NB78,"Khu vực ven bờ xã Đầm Hà, huyện Đầm Hà (cửa sông Đầm Hà)",2157972,487264,2025,4,oyster,5.946135997772217,24.330909729003903,7.75118350982666,20.133525848388672,0.0354359894990921,,34.3116569519043,106.35652923583984,8.518128395080566,3360.29931640625,143.08004760742188,2.0882468223571777,,,,,,,,,0.0454845018684864
NB78,"Khu vực ven bờ xã Đầm Hà, huyện Đầm Hà (cửa sông Đầm Hà)",2157972,487264,2026,1,oyster,5.415774822235107,22.80970764160156,7.757568836212158,21.15500831604004,0.033101312816143,,32.48405456542969,80.42103576660156,6.388943195343018,0.0,123.52157592773438,0.0,,,,,,,,,0.040883082896471
NB78,"Khu vực ven bờ xã Đầm Hà, huyện Đầm Hà (cửa sông Đầm Hà)",2157972,487264,2026,2,oyster,5.086093425750732,27.467947006225582,7.749661445617676,21.47136878967285,0.0464233346283435,,38.2817268371582,122.044921875,5.684410572052002,0.0,110.45360565185548,0.5350819230079651,,,,,,,,,0.0454287193715572
NB78,"Khu vực ven bờ xã Đầm Hà, huyện Đầm Hà (cửa sông Đầm Hà)",2157972,487264,2026,3,oyster,4.570141315460205,28.76167297363281,7.653230667114258,21.058652877807617,0.0377067290246486,,34.548587799072266,104.42440795898438,6.325613975524902,0.0,111.34434509277344,0.8535205721855164,,,,,,,,,0.0398554280400276
NB78,"Khu vực ven bờ xã Đầm Hà, huyện Đầm Hà (cửa sông Đầm Hà)",2157972,487264,2026,4,oyster,5.211211681365967,24.003368377685547,7.783163547515869,22.990657806396484,0.0457736812531948,,33.87894821166992,117.6134796142578,6.597498416900635,0.0,106.96863555908205,5.255795001983643,,,,,,,,,0.0416152887046337
NB78,"Khu vực ven bờ xã Đầm Hà, huyện Đầm Hà (cửa sông Đầm Hà)",2157972,487264,2027,1,oyster,5.560286998748779,21.24848365783692,7.732248306274414,21.75942039489746,0.0684999749064445,,33.339111328125,91.53483581542967,7.224828243255615,0.0,130.35829162597656,3.481817960739136,,,,,,,,,0.035852737724781
NB78,"Khu vực ven bờ xã Đầm Hà, huyện Đầm Hà (cửa sông Đầm Hà)",2157972,487264,2027,2,oyster,5.211916923522949,27.08296012878418,7.5791521072387695,22.802091598510746,0.0749414041638374,,31.77825927734375,86.93077087402344,5.118349075317383,0.0,117.19869995117188,2.824446439743042,,,,,,,,,0.0321817398071289
NB78,"Khu vực ven bờ xã Đầm Hà, huyện Đầm Hà (cửa sông Đầm Hà)",2157972,487264,2027,3,oyster,5.270457267761231,28.47561836242676,7.604771137237549,21.772062301635746,0.0440226532518863,,33.77307891845703,95.90605926513672,2.9693737030029297,0.0,126.36109161376952,0.0,,,,,,,,,0.0367396995425224
NB80,"Khu vực Bắc Hòn Mỹ, Hải Hà",2362684,497074,2025,1,oyster,6.3594183921813965,21.545286178588867,7.952830791473389,28.806713104248047,0.0392799600958824,,35.53618621826172,78.79014587402344,2.3809468746185303,133.36444091796875,137.13284301757812,0.0,,,,,,,,,0.0457472577691078
NB80,"Khu vực Bắc Hòn Mỹ, Hải Hà",2362684,497074,2025,2,oyster,6.05550479888916,25.30223655700684,8.002097129821777,28.070650100708008,0.0408324897289276,,34.05060195922852,59.99571228027344,1.8174161911010744,617.7294921875,129.84645080566406,0.0,,,,,,,,,0.04084262996912
NB80,"Khu vực Bắc Hòn Mỹ, Hải Hà",2362684,497074,2025,3,oyster,6.324834823608398,27.76815223693848,8.098678588867188,29.8283634185791,0.0306912045925855,,34.94215774536133,105.40896606445312,1.5763908624649048,3786.691650390625,129.92369079589844,0.7205356359481812,,,,,,,,,0.0417913571000099
NB80,"Khu vực Bắc Hòn Mỹ, Hải Hà",2362684,497074,2025,4,oyster,6.822506427764893,23.90620994567871,8.113930702209473,28.654794692993164,0.0401897355914115,,33.32857131958008,103.14598083496094,2.841207265853882,1730.4219970703125,126.43872833251952,0.0,,,,,,,,,0.0530069395899772
NB80,"Khu vực Bắc Hòn Mỹ, Hải Hà",2362684,497074,2026,1,oyster,6.42520809173584,21.411117553710938,8.074180603027344,28.98624992370605,0.0424577742815017,,31.82270240783692,83.82669067382812,1.3526458740234375,1240.4931640625,116.010986328125,0.7357674837112427,,,,,,,,,0.0475644245743751
NB80,"Khu vực Bắc Hòn Mỹ, Hải Hà",2362684,497074,2026,2,oyster,6.103356838226318,25.3381576538086,8.133455276489258,28.795040130615234,0.0611126385629177,,30.7037296295166,77.06444549560547,1.6737000942230225,4503.89208984375,127.80307006835938,0.0,,,,,,,,,0.0465977005660533
NB80,"Khu vực Bắc Hòn Mỹ, Hải Hà",2362684,497074,2026,3,oyster,5.684202194213867,27.923133850097656,8.155058860778809,31.16920661926269,0.0470369830727577,,31.52449607849121,89.3626480102539,1.8020482063293457,4943.224609375,99.0428466796875,0.0,,,,,,,,,0.043388694524765
NB80,"Khu vực Bắc Hòn Mỹ, Hải Hà",2362684,497074,2026,4,oyster,34.606101989746094,25.32870483398437,8.087362289428711,29.90714263916016,0.0470585748553276,,31.855335235595703,85.31034851074219,0.6729023456573486,0.0,125.8495864868164,0.0,,,,,,,,,0.0416846610605716
NB80,"Khu vực Bắc Hòn Mỹ, Hải Hà",2362684,497074,2027,1,oyster,7.388254165649414,21.05554580688477,8.141900062561035,28.723756790161133,0.0516066141426563,,37.18559646606445,133.5452880859375,1.2058981657028198,0.0,105.1353530883789,7.536627769470215,,,,,,,,,0.0411656200885772
NB80,"Khu vực Bắc Hòn Mỹ, Hải Hà",2362684,497074,2027,2,oyster,7.2232346534729,26.50579261779785,8.063353538513184,27.95035552978516,0.0682153776288032,,35.55506896972656,122.28974151611328,2.629547119140625,0.0,143.7372283935547,3.187598705291748,,,,,,,,,0.0422381199896335
NB80,"Khu vực Bắc Hòn Mỹ, Hải Hà",2362684,497074,2027,3,oyster,6.877409934997559,27.809314727783203,8.077418327331543,30.73461151123047,0.0465546213090419,,37.61173248291016,128.20614624023438,1.323616862297058,0.0,123.15276336669922,2.3643956184387207,,,,,,,,,0.0400259830057621
NB82,"Khu bến phà Cái Chiên phía Băc đảo Cái Chiên, Hải Hà",2359689,500633,2025,1,oyster,6.440594673156738,20.94925308227539,8.013758659362793,30.011289596557617,0.0617535896599292,,35.919979095458984,103.83228302001952,2.4537951946258545,0.0,131.23095703125,6.396529197692871,,,,,,,,,0.0407814532518386
NB82,"Khu bến phà Cái Chiên phía Băc đảo Cái Chiên, Hải Hà",2359689,500633,2025,2,oyster,6.133669853210449,25.793472290039062,7.950261116027832,28.903932571411133,0.070174902677536,,38.728477478027344,101.38685607910156,2.8510994911193848,0.0,142.8049774169922,0.2233713269233703,,,,,,,,,0.0465532913804054
NB82,"Khu bến phà Cái Chiên phía Băc đảo Cái Chiên, Hải Hà",2359689,500633,2025,3,oyster,6.313536643981934,27.75408363342285,8.050325393676758,28.952924728393555,0.0437815375626087,,37.12845230102539,91.9190444946289,2.747448205947876,0.0,140.8585968017578,4.092471122741699,,,,,,,,,0.0419142395257949
NB82,"Khu bến phà Cái Chiên phía Băc đảo Cái Chiên, Hải Hà",2359689,500633,2025,4,oyster,6.374672889709473,23.8518009185791,8.091230392456055,30.44761276245117,0.0399336665868759,,35.421295166015625,91.8570327758789,1.5859781503677368,64.59718322753906,117.98099517822266,0.0,,,,,,,,,0.0419652499258518
NB82,"Khu bến phà Cái Chiên phía Băc đảo Cái Chiên, Hải Hà",2359689,500633,2026,1,oyster,6.751006126403809,21.45329475402832,8.107828140258789,29.82073402404785,0.0537397824227809,,32.621395111083984,100.98136901855467,0.641155481338501,0.0,122.21470642089844,3.203092575073242,,,,,,,,,0.0439868532121181
NB82,"Khu bến phà Cái Chiên phía Băc đảo Cái Chiên, Hải Hà",2359689,500633,2026,2,oyster,6.515291690826416,26.513153076171875,8.084014892578125,27.763328552246094,0.0665912330150604,,35.661041259765625,119.86719512939452,2.7629523277282715,0.0,133.19520568847656,1.341671347618103,,,,,,,,,0.0405165739357471
NB82,"Khu bến phà Cái Chiên phía Băc đảo Cái Chiên, Hải Hà",2359689,500633,2026,3,oyster,6.3635735511779785,27.79066467285156,8.125749588012695,28.692346572875977,0.0344440899789333,,34.089385986328125,141.20315551757812,1.1423715353012085,0.0,129.130615234375,2.941056728363037,,,,,,,,,0.0413919202983379
NB82,"Khu bến phà Cái Chiên phía Băc đảo Cái Chiên, Hải Hà",2359689,500633,2026,4,oyster,8.750648498535156,24.711822509765625,8.090495109558105,29.87983703613281,0.032104704529047,,36.26809310913086,95.0262222290039,0.972647488117218,189.9136657714844,116.1013641357422,1.0426738262176514,,,,,,,,,0.0386969000101089
NB82,"Khu bến phà Cái Chiên phía Băc đảo Cái Chiên, Hải Hà",2359689,500633,2027,1,oyster,7.568305492401123,22.475141525268555,8.072587966918945,30.0828857421875,0.0474210008978843,,36.82929229736328,120.97113800048828,4.626336574554443,0.0,115.66746520996094,0.1992929279804229,,,,,,,,,0.0440781489014625
NB82,"Khu bến phà Cái Chiên phía Băc đảo Cái Chiên, Hải Hà",2359689,500633,2027,2,oyster,6.522017478942871,25.45722007751465,8.083415985107422,27.490318298339844,0.0627152323722839,,35.537776947021484,104.51365661621094,2.982950448989868,0.0,109.22000885009766,2.658231496810913,,,,,,,,,0.0418865866959095
NB82,"Khu bến phà Cái Chiên phía Băc đảo Cái Chiên, Hải Hà",2359689,500633,2027,3,oyster,6.700876712799072,28.25615119934082,8.167792320251465,28.63265419006348,0.0389069318771362,,35.57554244995117,117.70103454589844,0.8363621234893799,930.1779174804688,121.98058319091795,7.3323445320129395,,,,,,,,,0.036812923848629
NB81,"Khu vực ven bờ xã Quảng Phong, Hải Hà (phía Bắc Đảo Miều)",2364428,499994,2025,1,oyster,6.376543521881104,21.278852462768555,7.985371589660644,28.21839141845703,0.0646311491727829,,35.81031799316406,82.7320785522461,1.9262707233428955,0.0,122.87596130371094,0.0,,,,,,,,,0.0401452258229255
NB81,"Khu vực ven bờ xã Quảng Phong, Hải Hà (phía Bắc Đảo Miều)",2364428,499994,2025,2,oyster,6.969592571258545,26.1400089263916,7.938529014587402,27.37482070922852,0.0708618536591529,,38.041595458984375,100.97349548339844,3.60786247253418,0.0,118.95611572265624,1.093468189239502,,,,,,,,,0.0400623753666877
NB81,"Khu vực ven bờ xã Quảng Phong, Hải Hà (phía Bắc Đảo Miều)",2364428,499994,2025,3,oyster,6.897388458251953,28.18076133728028,8.013965606689453,28.41618156433105,0.0333197154104709,,38.55288696289063,107.87071990966795,2.8346948623657227,0.0,129.14552307128906,4.255139827728272,,,,,,,,,0.0407331250607967
NB81,"Khu vực ven bờ xã Quảng Phong, Hải Hà (phía Bắc Đảo Miều)",2364428,499994,2025,4,oyster,6.704059600830078,22.63825416564941,8.055870056152344,30.19675064086914,0.0406366735696792,,37.68459701538086,108.0293426513672,1.372338891029358,0.0,133.4524688720703,1.6791311502456665,,,,,,,,,0.0441334918141365
NB81,"Khu vực ven bờ xã Quảng Phong, Hải Hà (phía Bắc Đảo Miều)",2364428,499994,2026,1,oyster,7.084728240966797,20.907758712768555,8.168232917785645,27.73275375366211,0.0560076981782913,,35.59866714477539,103.20333099365234,0.0,0.0,123.27684783935548,0.0,,,,,,,,,0.0432088114321231
NB81,"Khu vực ven bờ xã Quảng Phong, Hải Hà (phía Bắc Đảo Miều)",2364428,499994,2026,2,oyster,6.434146881103516,25.722230911254883,8.101052284240723,26.067855834960938,0.0652435049414634,,39.52768325805664,128.06227111816406,3.137941360473633,0.0,139.00408935546875,0.0,,,,,,,,,0.0383636988699436
NB81,"Khu vực ven bờ xã Quảng Phong, Hải Hà (phía Bắc Đảo Miều)",2364428,499994,2026,3,oyster,6.051370620727539,28.87362289428711,8.121221542358398,27.07788848876953,0.0407456755638122,,37.83339309692383,115.06005096435548,0.909088969230652,0.0,139.6555938720703,1.9459420442581177,,,,,,,,,0.0410019494593143
NB81,"Khu vực ven bờ xã Quảng Phong, Hải Hà (phía Bắc Đảo Miều)",2364428,499994,2026,4,oyster,6.073209762573242,24.60328865051269,8.208706855773926,29.83824348449707,0.0370879992842674,,38.9265022277832,92.30914306640624,0.176170065999031,229.025619506836,130.20611572265625,2.8173980712890625,,,,,,,,,0.0413573421537876
NB81,"Khu vực ven bờ xã Quảng Phong, Hải Hà (phía Bắc Đảo Miều)",2364428,499994,2027,1,oyster,6.828363418579102,22.770282745361328,8.251409530639648,28.387094497680664,0.0598964132368564,,40.01645278930664,119.1216049194336,5.724681854248047,0.0,121.52700805664062,0.0,,,,,,,,,0.0370823107659816
NB81,"Khu vực ven bờ xã Quảng Phong, Hải Hà (phía Bắc Đảo Miều)",2364428,499994,2027,2,oyster,7.10397481918335,26.23207092285156,8.203431129455566,26.991777420043945,0.070133663713932,,34.89337921142578,127.8008270263672,4.356523990631104,0.0,121.20706176757812,0.0,,,,,,,,,0.041025523096323
NB81,"Khu vực ven bờ xã Quảng Phong, Hải Hà (phía Bắc Đảo Miều)",2364428,499994,2027,3,oyster,6.791913986206055,28.40714263916016,8.1692476272583,27.1310977935791,0.0502660758793354,,38.03157043457031,139.00881958007812,2.7473509311676025,0.0,119.62374877929688,3.1437108516693115,,,,,,,,,0.0360391065478324
NB83,"Bãi tắm Đầu Rồng- xã Cái Chiên, Hải Hà",2356931,499505,2025,1,oyster,6.193641662597656,21.355030059814453,8.068747520446777,29.65387344360352,0.0300278346985578,,24.89563369750977,54.56999588012695,1.6441874504089355,132.66409301757812,100.10192108154295,0.0,,,,,,,,,0.0301823113113641
NB83,"Bãi tắm Đầu Rồng- xã Cái Chiên, Hải Hà",2356931,499505,2025,2,oyster,6.480368137359619,25.512136459350582,8.051705360412598,29.344877243041992,0.0461065880954265,,36.66511154174805,96.00477600097656,4.834799766540527,666.6962890625,130.39865112304688,1.4126983880996704,,,,,,,,,0.0447626933455467
NB83,"Bãi tắm Đầu Rồng- xã Cái Chiên, Hải Hà",2356931,499505,2025,3,oyster,6.366364002227783,27.89252662658692,8.095416069030762,30.691320419311523,0.0316582769155502,,33.194419860839844,125.99050903320312,2.905430793762207,2295.167724609375,119.21009826660156,4.9093098640441895,,,,,,,,,0.0345504134893417
NB83,"Bãi tắm Đầu Rồng- xã Cái Chiên, Hải Hà",2356931,499505,2025,4,oyster,6.6248321533203125,25.2127685546875,8.05846881866455,30.91165351867676,0.0302906278520822,,35.63336181640625,116.9031982421875,2.122884750366211,1134.964111328125,131.1842041015625,1.0554897785186768,,,,,,,,,0.0464924126863479
NB83,"Bãi tắm Đầu Rồng- xã Cái Chiên, Hải Hà",2356931,499505,2026,1,oyster,6.852999687194824,22.12241172790528,8.13144588470459,29.632640838623047,0.036070704460144,,32.134498596191406,91.8252182006836,3.91888427734375,1448.8485107421875,111.79380798339844,0.0,,,,,,,,,0.0476593300700187
NB83,"Bãi tắm Đầu Rồng- xã Cái Chiên, Hải Hà",2356931,499505,2026,2,oyster,6.147960662841797,24.570436477661133,8.150629043579102,29.87055206298828,0.0384067855775356,,33.808773040771484,73.92864227294922,3.5346179008483887,3299.5693359375,122.15660858154295,0.0,,,,,,,,,0.0419794395565986
NB83,"Bãi tắm Đầu Rồng- xã Cái Chiên, Hải Hà",2356931,499505,2026,3,oyster,5.697940826416016,28.12031364440918,8.144169807434082,30.61727905273437,0.0350378155708313,,32.053924560546875,98.68003845214844,2.685445070266724,0.0,107.93759155273438,0.7281455397605896,,,,,,,,,0.0470655895769596
NB83,"Bãi tắm Đầu Rồng- xã Cái Chiên, Hải Hà",2356931,499505,2026,4,oyster,6.493757247924805,25.37649726867676,8.15195369720459,30.9981746673584,0.0345181599259376,,34.7681770324707,90.1502914428711,0.8902784585952759,0.0,128.39663696289062,0.0,,,,,,,,,0.0434043183922767
NB83,"Bãi tắm Đầu Rồng- xã Cái Chiên, Hải Hà",2356931,499505,2027,1,oyster,7.111865520477295,21.69163703918457,8.133646965026855,29.831695556640625,0.0409325994551181,,38.51927185058594,106.44063568115234,2.237529754638672,0.0,124.43470001220705,0.0,,,,,,,,,0.0451585873961448
NB83,"Bãi tắm Đầu Rồng- xã Cái Chiên, Hải Hà",2356931,499505,2027,2,oyster,6.400286674499512,25.13105583190918,8.103299140930176,29.656471252441406,0.0484988763928413,,35.407108306884766,92.62413024902344,2.242440700531006,0.0,122.44803619384766,0.0,,,,,,,,,0.0412288457155227
NB83,"Bãi tắm Đầu Rồng- xã Cái Chiên, Hải Hà",2356931,499505,2027,3,oyster,6.405481338500977,27.64319229125977,8.156164169311523,30.51506805419922,0.0366263017058372,,35.57956314086914,82.91455078125,1.6358433961868286,0.0,142.80581665039062,1.5356593132019043,,,,,,,,,0.0388867072761058
NB85,Ven bờ xã Quảng Nghĩa -Móng Cái,2374296,507087,2025,1,oyster,6.311150074005127,22.31614112854004,7.784255981445312,26.10774040222168,0.0436896719038486,,32.21531677246094,68.80604553222656,2.5921719074249268,0.0,122.63711547851562,0.0,,,,,,,,,0.0395889952778816
NB85,Ven bờ xã Quảng Nghĩa -Móng Cái,2374296,507087,2025,2,oyster,6.198564052581787,27.4986629486084,7.741202354431152,23.03400039672852,0.0553674921393394,,38.80708694458008,89.07970428466797,3.668189525604248,0.0,136.2068328857422,0.0,,,,,,,,,0.0488391332328319
NB85,Ven bờ xã Quảng Nghĩa -Móng Cái,2374296,507087,2025,3,oyster,6.240866661071777,28.523845672607425,7.765788555145264,24.97013664245605,0.034785158932209,,35.35026168823242,100.8543701171875,2.3933358192443848,0.0,119.94279479980467,0.0,,,,,,,,,0.0422492511570453
NB85,Ven bờ xã Quảng Nghĩa -Móng Cái,2374296,507087,2025,4,oyster,6.016829490661621,23.19024085998535,7.86573600769043,25.6226749420166,0.0353765599429607,,36.38829040527344,87.14372253417969,0.0,0.0,142.17520141601562,0.4758427143096924,,,,,,,,,0.0498446971178054
NB85,Ven bờ xã Quảng Nghĩa -Móng Cái,2374296,507087,2026,1,oyster,6.22159481048584,21.89776611328125,7.861599445343018,25.930814743041992,0.0425278171896934,,34.32735824584961,99.9585952758789,0.5201195478439331,0.0,128.91709899902344,0.0,,,,,,,,,0.0369816906750202
NB85,Ven bờ xã Quảng Nghĩa -Móng Cái,2374296,507087,2026,2,oyster,6.085005283355713,27.408769607543945,7.881295680999756,24.410541534423828,0.0555445328354835,,36.93217849731445,118.951904296875,2.2715601921081543,0.0,134.10655212402344,0.0,,,,,,,,,0.0474077314138412
NB85,Ven bờ xã Quảng Nghĩa -Móng Cái,2374296,507087,2026,3,oyster,5.911907196044922,28.395050048828125,7.80833101272583,25.107406616210938,0.0328864865005016,,36.37957382202149,107.07146453857422,0.5857420563697815,0.0,130.19752502441406,0.0,,,,,,,,,0.0425667613744735
NB85,Ven bờ xã Quảng Nghĩa -Móng Cái,2374296,507087,2026,4,oyster,6.358211040496826,22.422521591186523,7.938324928283691,23.558841705322266,0.0417710654437541,,37.14458847045898,138.88320922851562,2.850886821746826,435.3219299316406,128.08441162109375,0.0,,,,,,,,,0.0432122237980365
NB85,Ven bờ xã Quảng Nghĩa -Móng Cái,2374296,507087,2027,1,oyster,6.789322376251221,22.40374565124512,7.93911600112915,24.227384567260746,0.0480048395693302,,32.11410903930664,114.915771484375,3.0972421169281006,841.4996948242188,110.97786712646484,2.2954530715942383,,,,,,,,,0.0428738966584205
NB85,Ven bờ xã Quảng Nghĩa -Móng Cái,2374296,507087,2027,2,oyster,6.476483345031738,26.35693359375,7.865135669708252,25.68533706665039,0.0624193958938121,,33.111515045166016,111.46624755859376,2.8915610313415527,875.949951171875,140.64193725585938,0.0466015823185443,,,,,,,,,0.0408609174191951
NB85,Ven bờ xã Quảng Nghĩa -Móng Cái,2374296,507087,2027,3,oyster,6.0867838859558105,28.443981170654297,7.853835582733154,26.22773742675781,0.0465972013771534,,32.42224884033203,97.62265014648438,2.313884019851685,533.398681640625,124.41252899169922,0.0,,,,,,,,,0.0449294447898864
NB84,Ven bờ phía Tây đảo Vĩnh Thực- Móng Cái,2362922,508334,2025,1,oyster,6.725333213806152,21.192222595214844,7.998050689697266,28.4140625,0.0807176381349563,,37.279571533203125,97.40779113769533,0.895043671131134,0.0,133.0460968017578,0.0,,,,,,,,,0.0446665249764919
NB84,Ven bờ phía Tây đảo Vĩnh Thực- Móng Cái,2362922,508334,2025,2,oyster,6.5822625160217285,25.922382354736328,7.96503210067749,28.363481521606445,0.0805931612849235,,37.59620666503906,105.21859741210938,3.6201348304748535,0.0,141.2655792236328,0.0,,,,,,,,,0.0397849604487419
NB84,Ven bờ phía Tây đảo Vĩnh Thực- Móng Cái,2362922,508334,2025,3,oyster,6.406673908233643,27.61874771118164,8.017439842224121,28.26018714904785,0.0462077744305133,,34.587982177734375,101.72533416748048,2.75641131401062,0.0,135.8134765625,1.8713074922561648,,,,,,,,,0.0401186235249042
NB84,Ven bờ phía Tây đảo Vĩnh Thực- Móng Cái,2362922,508334,2025,4,oyster,6.731095314025879,24.03681945800781,8.091117858886719,29.336021423339844,0.0560926981270313,,38.21419906616211,106.39100646972656,1.0144705772399902,0.0,129.0959930419922,1.4469281435012815,,,,,,,,,0.049149852246046
NB84,Ven bờ phía Tây đảo Vĩnh Thực- Móng Cái,2362922,508334,2026,1,oyster,6.8420729637146,21.26961135864257,8.156668663024902,27.94728660583496,0.0681440755724906,,37.06068420410156,99.86605834960938,2.470806360244751,0.0,120.3624267578125,4.918045520782471,,,,,,,,,0.0368494801223278
NB84,Ven bờ phía Tây đảo Vĩnh Thực- Móng Cái,2362922,508334,2026,2,oyster,6.63288688659668,25.979633331298828,8.117435455322266,26.88398551940918,0.0790190175175666,,34.79344177246094,117.33876037597656,3.663815259933472,0.0,124.72400665283205,3.208028554916382,,,,,,,,,0.0436749383807182
NB84,Ven bờ phía Tây đảo Vĩnh Thực- Móng Cái,2362922,508334,2026,3,oyster,6.443996906280518,28.366809844970703,8.111737251281738,28.230567932128903,0.0438049398362636,,34.723785400390625,108.7849578857422,1.4465272426605225,0.0,126.2994613647461,2.229454278945923,,,,,,,,,0.038130048662424
NB84,Ven bờ phía Tây đảo Vĩnh Thực- Móng Cái,2362922,508334,2026,4,oyster,6.298725128173828,25.116191864013672,8.221416473388672,29.982810974121094,0.0424770563840866,,38.64439392089844,96.49490356445312,0.0,0.0,122.63145446777344,2.9182703495025635,,,,,,,,,0.0416743718087673
NB84,Ven bờ phía Tây đảo Vĩnh Thực- Móng Cái,2362922,508334,2027,1,oyster,6.945010662078857,22.155685424804688,8.239710807800293,26.984485626220703,0.056910902261734,,43.50228500366211,147.62098693847656,1.1838668584823608,0.0,148.66448974609375,0.9864785075187684,,,,,,,,,0.0383357517421245
NB84,Ven bờ phía Tây đảo Vĩnh Thực- Móng Cái,2362922,508334,2027,2,oyster,6.780041217803955,27.00214385986328,8.11588191986084,26.20315933227539,0.0650424137711525,,38.97183227539063,155.84530639648438,3.001789331436157,0.0,153.8971710205078,2.100082874298096,,,,,,,,,0.0391791872680187
NB84,Ven bờ phía Tây đảo Vĩnh Thực- Móng Cái,2362922,508334,2027,3,oyster,6.339308261871338,28.778493881225582,8.100577354431152,26.985530853271484,0.0450741052627563,,36.50740432739258,114.86223602294922,0.4281940460205078,0.0,130.581298828125,5.238554000854492,,,,,,,,,0.0401828326284885
NB86,Ven bờ phường Hải Yên - Móng Cái,2378235,515563,2025,1,oyster,6.095983505249023,22.00619888305664,7.815921306610107,22.87263870239257,0.0389740765094757,,35.28636169433594,75.19873809814453,1.354151725769043,0.0,131.69271850585938,0.0,,,,,,,,,0.0467890352010726
NB86,Ven bờ phường Hải Yên - Móng Cái,2378235,515563,2025,2,oyster,6.273140907287598,28.06343078613281,7.828733444213867,22.5234432220459,0.0542427897453308,,37.86029052734375,77.07823181152344,5.141449928283691,0.0,144.03387451171875,0.0,,,,,,,,,0.0474032275378704
NB86,Ven bờ phường Hải Yên - Móng Cái,2378235,515563,2025,3,oyster,6.311630725860596,28.457592010498047,7.778997421264648,21.52120590209961,0.0204539243131876,,34.255271911621094,102.54218292236328,3.421966314315796,0.0,109.25336456298828,0.0,,,,,,,,,0.0377304591238498
NB86,Ven bờ phường Hải Yên - Móng Cái,2378235,515563,2025,4,oyster,6.058525085449219,23.19312286376953,7.897036552429199,22.67220497131348,0.0238912422209978,,37.43496322631836,118.7198715209961,3.9023630619049072,0.0,144.9346160888672,0.7594621181488037,,,,,,,,,0.0445772781968116
NB86,Ven bờ phường Hải Yên - Móng Cái,2378235,515563,2026,1,oyster,6.506728172302246,22.20528793334961,7.834100723266602,22.493867874145508,0.0374293029308319,,33.29055404663086,79.59632110595703,1.8915817737579343,0.0,125.79512786865234,0.0,,,,,,,,,0.0373154282569885
NB86,Ven bờ phường Hải Yên - Móng Cái,2378235,515563,2026,2,oyster,6.350368499755859,26.75059127807617,7.7740607261657715,21.96334457397461,0.0393783897161483,,37.15703201293945,98.40647888183594,4.191468715667725,0.0,134.50692749023438,0.0,,,,,,,,,0.0443822629749774
NB86,Ven bờ phường Hải Yên - Móng Cái,2378235,515563,2026,3,oyster,5.769400119781494,28.868412017822266,7.76329231262207,20.48403549194336,0.0224120635539293,,34.52254104614258,96.84928131103516,2.6664183139801025,719.8680419921875,125.36026763916016,0.0,,,,,,,,,0.0431467853486537
NB86,Ven bờ phường Hải Yên - Móng Cái,2378235,515563,2026,4,oyster,5.665546417236328,24.10404586791992,7.738749027252197,22.501522064208984,0.0353614762425422,,36.2358283996582,125.3711166381836,4.283041954040527,805.5650024414062,142.8987579345703,2.249985694885254,,,,,,,,,0.0484522953629493
NB86,Ven bờ phường Hải Yên - Móng Cái,2378235,515563,2027,1,oyster,6.441432476043701,23.20408821105957,7.7578816413879395,22.953481674194336,0.0377213284373283,,30.86069107055664,108.33989715576172,1.0895211696624756,0.0,134.82664489746094,6.734538555145264,,,,,,,,,0.0433458387851715
NB86,Ven bờ phường Hải Yên - Móng Cái,2378235,515563,2027,2,oyster,6.345367908477783,27.713024139404297,7.837573051452637,23.616771697998047,0.0398325994610786,,37.721805572509766,102.74488067626952,3.453791379928589,282.3671875,137.7903289794922,0.2898664176464081,,,,,,,,,0.0428786426782608
NB86,Ven bờ phường Hải Yên - Móng Cái,2378235,515563,2027,3,oyster,5.613925933837891,28.927085876464844,7.66977596282959,22.719356536865234,0.0324530377984046,,32.101097106933594,106.6645050048828,1.2115061283111572,0.0,119.7174301147461,0.0,,,,,,,,,0.0433016158640384
NB87,Khu vực cửa sông KaLong - Móng Cái,2369213,521009,2025,1,oyster,6.045121669769287,21.81437492370605,7.755382061004639,24.587385177612305,0.06599972397089,,31.156055450439453,91.83488464355467,7.066326141357422,0.0,105.5365982055664,0.0,,,,,,,,,0.0339145921170711
NB87,Khu vực cửa sông KaLong - Móng Cái,2369213,521009,2025,2,oyster,5.936335563659668,27.263782501220703,7.655502796173096,20.62972450256348,0.0690104961395263,,35.90171813964844,99.00923919677734,7.6114373207092285,0.0,110.34037017822266,2.504488229751587,,,,,,,,,0.0387970097362995
NB87,Khu vực cửa sông KaLong - Móng Cái,2369213,521009,2025,3,oyster,5.714524745941162,28.28887176513672,7.711665630340576,18.89299201965332,0.0453195944428443,,36.33956909179688,87.24772644042969,9.255396842956545,121.99871826171876,131.16432189941406,4.425711631774902,,,,,,,,,0.0416831411421299
NB87,Khu vực cửa sông KaLong - Móng Cái,2369213,521009,2025,4,oyster,5.780690670013428,22.95084953308105,7.87882137298584,25.048418045043945,0.0660745501518249,,33.952850341796875,79.93643951416016,11.316606521606444,0.0,130.788818359375,0.0,,,,,,,,,0.04083963483572
NB87,Khu vực cửa sông KaLong - Móng Cái,2369213,521009,2026,1,oyster,6.088199615478516,20.738317489624023,7.868189811706543,25.140092849731445,0.0672779083251953,,34.10551834106445,97.4717788696289,10.098386764526367,0.0,114.63875579833984,0.0,,,,,,,,,0.037760704755783
NB87,Khu vực cửa sông KaLong - Móng Cái,2369213,521009,2026,2,oyster,5.495859622955322,26.922508239746094,7.75084638595581,20.774635314941406,0.0615832917392253,,30.191255569458008,96.0715560913086,7.870582580566406,0.0,109.92131805419922,2.893725872039795,,,,,,,,,0.0354006811976432
NB87,Khu vực cửa sông KaLong - Móng Cái,2369213,521009,2026,3,oyster,4.8703293800354,28.083635330200195,7.69485330581665,19.72794532775879,0.0344701781868934,,33.26112747192383,74.3198013305664,4.176964282989502,0.0,117.39176940917967,5.513672828674316,,,,,,,,,0.0391817614436149
NB87,Khu vực cửa sông KaLong - Móng Cái,2369213,521009,2026,4,oyster,5.723403930664063,22.3247013092041,7.861208915710449,24.73685836791992,0.0522526986896991,,37.318790435791016,110.90653228759766,9.470250129699709,0.0,142.55410766601562,0.8576786518096924,,,,,,,,,0.0399310924112796
NB87,Khu vực cửa sông KaLong - Móng Cái,2369213,521009,2027,1,oyster,5.684787273406982,20.65821647644043,7.846707820892334,26.09099578857422,0.060090996325016,,34.766361236572266,92.42390441894533,9.568939208984377,0.0,134.4344482421875,0.0,,,,,,,,,0.0379320532083511
NB87,Khu vực cửa sông KaLong - Móng Cái,2369213,521009,2027,2,oyster,5.201810836791992,26.910377502441406,7.695066452026367,21.549001693725582,0.0683284252882003,,30.61173439025879,113.01737213134766,7.677407264709473,0.0,117.22305297851562,0.7157255411148071,,,,,,,,,0.0348502919077873
NB87,Khu vực cửa sông KaLong - Móng Cái,2369213,521009,2027,3,oyster,5.122286796569824,28.0445499420166,7.587737083435059,21.48314094543457,0.0386988706886768,,32.30304336547852,108.13995361328124,3.844555377960205,0.0,122.02731323242188,5.153839588165283,,,,,,,,,0.0373835079371929
NB88,"Khu vực ven bờ  Núi Tổ Chim, Hải Hoà - Móng Cái ",2379574,529701,2025,1,oyster,6.484135627746582,22.52749824523925,7.904871940612793,26.873779296875,0.0738174319267273,,34.6910400390625,86.66796875,5.258011817932129,0.0,123.83050537109376,1.058851957321167,,,,,,,,,0.0362838953733444
NB88,"Khu vực ven bờ  Núi Tổ Chim, Hải Hoà - Móng Cái ",2379574,529701,2025,2,oyster,6.202621936798096,26.7646598815918,7.878875255584717,25.783348083496094,0.0769949927926063,,30.9193172454834,72.94332122802734,5.147580146789551,925.7979736328124,110.41287994384766,0.7817244529724121,,,,,,,,,0.0390706807374954
NB88,"Khu vực ven bờ  Núi Tổ Chim, Hải Hoà - Móng Cái ",2379574,529701,2025,3,oyster,6.071169853210449,28.586896896362305,7.862277984619141,26.78389549255371,0.0574350766837596,,29.375877380371094,94.22682189941406,3.805204391479492,4213.62744140625,114.95496368408205,3.678147315979004,,,,,,,,,0.0306215267628431
NB88,"Khu vực ven bờ  Núi Tổ Chim, Hải Hoà - Móng Cái ",2379574,529701,2025,4,oyster,6.144981861114502,24.55582046508789,7.885171890258789,28.261817932128903,0.0691190958023071,,32.76335525512695,95.02267456054688,0.0,0.0,132.6732940673828,2.996033191680908,,,,,,,,,0.0438037626445293
NB88,"Khu vực ven bờ  Núi Tổ Chim, Hải Hoà - Móng Cái ",2379574,529701,2026,1,oyster,6.422329902648926,22.66371154785156,7.884915828704834,26.35994911193848,0.060480497777462,,38.09357833862305,127.06798553466795,2.431908130645752,0.0,136.33551025390625,3.4069204330444336,,,,,,,,,0.0382054261863231
NB88,"Khu vực ven bờ  Núi Tổ Chim, Hải Hoà - Móng Cái ",2379574,529701,2026,2,oyster,5.721817493438721,27.792591094970703,7.840236186981201,26.92508125305176,0.0659893602132797,,36.03667449951172,86.71312713623047,3.793465614318848,0.0,122.37078857421876,0.0,,,,,,,,,0.0481626354157924
NB88,"Khu vực ven bờ  Núi Tổ Chim, Hải Hoà - Móng Cái ",2379574,529701,2026,3,oyster,5.484776973724365,28.23457908630371,7.894233226776123,28.109479904174805,0.039595328271389,,32.77842712402344,107.20866394042967,0.1989624053239822,0.0,109.43407440185548,0.0,,,,,,,,,0.04028145596385
NB88,"Khu vực ven bờ  Núi Tổ Chim, Hải Hoà - Móng Cái ",2379574,529701,2026,4,oyster,5.796993255615234,24.17645263671875,7.945196151733398,28.059223175048828,0.0504055358469486,,35.03074264526367,115.1581039428711,2.316089868545532,0.0,120.44351959228516,2.223130702972412,,,,,,,,,0.0370667055249214
NB88,"Khu vực ven bờ  Núi Tổ Chim, Hải Hoà - Móng Cái ",2379574,529701,2027,1,oyster,6.217528343200684,22.357440948486328,7.920826435089111,26.73652458190918,0.0610545352101326,,34.776268005371094,115.75642395019533,2.071206569671631,0.0,134.3331298828125,4.522074699401856,,,,,,,,,0.0439754240214824
NB88,"Khu vực ven bờ  Núi Tổ Chim, Hải Hoà - Móng Cái ",2379574,529701,2027,2,oyster,6.005435943603516,26.63214492797852,7.830105304718018,26.07826232910156,0.0674953758716583,,35.67634963989258,91.82268524169922,2.320849895477295,0.0,133.9669647216797,0.0,,,,,,,,,0.0407265275716781
NB88,"Khu vực ven bờ  Núi Tổ Chim, Hải Hoà - Móng Cái ",2379574,529701,2027,3,oyster,5.822165966033936,27.055810928344727,7.907161712646484,24.48251724243164,0.0480914413928985,,37.015262603759766,94.198974609375,3.24329686164856,0.0,125.54588317871094,0.0,,,,,,,,,0.0404882654547691
NB89,Bãi tắm Trà Cổ,2375900,528808,2025,1,oyster,6.265580654144287,21.1987247467041,8.012018203735352,28.96109962463379,0.0810177475214004,,31.36840438842773,64.48314666748047,21.97804069519043,0.0,106.5411148071289,1.5535194873809814,,,,,,,,,0.0301710721105337
NB89,Bãi tắm Trà Cổ,2375900,528808,2025,2,oyster,6.382924556732178,25.93694496154785,7.929722309112549,27.49106216430664,0.083783708512783,,31.164093017578125,79.74044799804688,18.724504470825195,0.0,113.30631256103516,0.265470027923584,,,,,,,,,0.040200375020504
NB89,Bãi tắm Trà Cổ,2375900,528808,2025,3,oyster,6.68075704574585,27.94944190979004,8.007646560668945,26.97270393371582,0.0696539431810379,,33.66714096069336,84.51949310302734,17.03321075439453,1242.695556640625,113.91405487060548,3.9474070072174072,,,,,,,,,0.0363719128072261
NB89,Bãi tắm Trà Cổ,2375900,528808,2025,4,oyster,6.4426798820495605,24.901079177856445,8.004549980163574,30.38812065124512,0.0737706422805786,,28.15859031677246,92.56137084960938,16.040760040283203,852.702392578125,127.26750183105467,3.5362226963043213,,,,,,,,,0.0306849535554647
NB89,Bãi tắm Trà Cổ,2375900,528808,2026,1,oyster,5.901102542877197,22.431188583374023,8.009154319763184,28.67171859741211,0.0809488967061042,,31.8010482788086,99.47972106933594,19.01325225830078,0.0,119.1141128540039,4.73849630355835,,,,,,,,,0.0421621166169643
NB89,Bãi tắm Trà Cổ,2375900,528808,2026,2,oyster,5.7088494300842285,25.85161018371582,7.968571186065674,26.222883224487305,0.0838429033756256,,33.13483810424805,93.097900390625,18.88974952697754,0.0,109.6719741821289,0.9077876806259156,,,,,,,,,0.034183707088232
NB89,Bãi tắm Trà Cổ,2375900,528808,2026,3,oyster,4.618635177612305,29.02544403076172,8.120516777038574,27.034643173217773,0.0732218101620674,,32.32244873046875,101.90743255615234,18.75381851196289,0.0,106.55206298828124,4.546078681945801,,,,,,,,,0.0374348498880863
NB89,Bãi tắm Trà Cổ,2375900,528808,2026,4,oyster,5.070359230041504,25.475584030151367,8.12568187713623,29.59871482849121,0.0772664994001388,,34.79510498046875,103.69559478759766,17.272397994995117,0.0,112.800048828125,7.633730888366699,,,,,,,,,0.0409753359854221
NB89,Bãi tắm Trà Cổ,2375900,528808,2027,1,oyster,5.982064723968506,21.067407608032227,8.11144733428955,28.23322868347168,0.0775500535964965,,31.834197998046875,100.43546295166016,14.406370162963867,0.0,113.80208587646484,4.181585788726807,,,,,,,,,0.0374702848494052
NB89,Bãi tắm Trà Cổ,2375900,528808,2027,2,oyster,5.882011413574219,26.020511627197266,8.05958080291748,26.34504127502441,0.0805429890751838,,30.63610076904297,102.55646514892578,12.437033653259276,0.0,111.983154296875,1.3097214698791504,,,,,,,,,0.0354587584733963
NB89,Bãi tắm Trà Cổ,2375900,528808,2027,3,oyster,5.578841686248779,28.33641624450684,8.073095321655273,26.980693817138672,0.072147712111473,,30.76629638671875,103.07735443115234,12.927101135253906,0.0,127.48242950439452,5.055283546447754,,,,,,,,,0.0289959553629159
NB90,Khu vực cảng Cô Tô,2319575,501050,2025,1,oyster,6.716548919677734,21.3665828704834,8.09483814239502,32.83074951171875,0.0274457167834043,,31.36260414123535,66.48380279541016,1.047590970993042,1067.731689453125,105.11489868164062,0.0,,,,,,,,,0.0394497290253639
NB90,Khu vực cảng Cô Tô,2319575,501050,2025,2,oyster,6.222349643707275,24.45176887512207,8.160058975219727,31.71442413330078,0.0331269837915897,,28.13393211364746,78.56951141357422,6.880492210388184,4990.580078125,100.06908416748048,8.259417533874512,,,,,,,,,0.0402412749826908
NB90,Khu vực cảng Cô Tô,2319575,501050,2025,3,oyster,6.297592639923096,28.31473922729492,8.153410911560059,31.19018173217773,0.0240588635206222,,34.06050491333008,117.6630630493164,5.0109686851501465,4924.66845703125,121.228515625,4.513805866241455,,,,,,,,,0.0389184728264808
NB90,Khu vực cảng Cô Tô,2319575,501050,2025,4,oyster,6.917708396911621,25.639272689819336,8.128716468811035,31.075916290283203,0.0332332849502563,,31.907201766967773,102.68482971191406,3.790060758590698,594.175537109375,115.503173828125,3.058422327041626,,,,,,,,,0.0420351773500442
NB90,Khu vực cảng Cô Tô,2319575,501050,2026,1,oyster,7.1081390380859375,22.628028869628903,8.13650894165039,32.0303840637207,0.0345907174050807,,38.71234893798828,99.7300796508789,2.5130114555358887,0.0,119.59375,2.4924302101135254,,,,,,,,,0.0532092228531837
NB90,Khu vực cảng Cô Tô,2319575,501050,2026,2,oyster,6.192461013793945,25.975399017333984,8.144369125366211,31.94807815551757,0.0416014678776264,,30.64167594909668,88.18916320800781,4.802910804748535,0.0,101.04468536376952,0.0,,,,,,,,,0.0365349799394607
NB90,Khu vực cảng Cô Tô,2319575,501050,2026,3,oyster,5.500895023345947,28.2943172454834,8.147603988647461,32.266822814941406,0.0292317047715187,,32.82292938232422,87.5722427368164,2.3335931301116943,0.0,99.09283447265624,0.0,,,,,,,,,0.0397335179150104
NB90,Khu vực cảng Cô Tô,2319575,501050,2026,4,oyster,6.528259754180908,24.714338302612305,8.173118591308594,30.858354568481445,0.0466740392148494,,33.114356994628906,99.78074645996094,2.0886118412017822,0.0,119.65298461914062,0.0,,,,,,,,,0.0434194840490818
NB90,Khu vực cảng Cô Tô,2319575,501050,2027,1,oyster,6.742890357971191,21.443359375,8.133950233459473,31.56993103027344,0.046317733824253,,39.36920166015625,120.76433563232422,0.8998867869377136,0.0,149.22235107421875,0.0,,,,,,,,,0.0426823310554027
NB90,Khu vực cảng Cô Tô,2319575,501050,2027,2,oyster,6.819449424743652,25.57229995727539,8.118976593017578,31.81047248840332,0.0549471974372863,,32.70484924316406,95.9756088256836,4.064688682556152,884.3740234375,120.08428192138672,5.153285503387451,,,,,,,,,0.035482533276081
NB90,Khu vực cảng Cô Tô,2319575,501050,2027,3,oyster,6.522531032562256,28.4572811126709,8.217864990234375,31.52643775939941,0.056993693113327,,31.59025001525879,109.98529052734376,4.326013565063477,3148.1552734375,126.26073455810548,3.8794491291046143,,,,,,,,,0.0448570400476455
NB91,"Khu vực Vụng cát 2, 3 - khu 4 thị trấn Cô Tô",2317783,498813,2025,1,oyster,6.559621810913086,21.56147003173828,8.120467185974121,32.87088394165039,0.0255707986652851,,34.74113464355469,81.34368133544922,0.0,503.6027526855469,119.4172134399414,1.3302197456359863,,,,,,,,,0.0417080074548721
NB91,"Khu vực Vụng cát 2, 3 - khu 4 thị trấn Cô Tô",2317783,498813,2025,2,oyster,6.218960762023926,24.896434783935547,8.2142915725708,31.274463653564453,0.0322433710098266,,28.086475372314453,84.9957046508789,4.487727642059326,4550.341796875,105.59954071044922,5.412103652954102,,,,,,,,,0.0402059219777584
NB91,"Khu vực Vụng cát 2, 3 - khu 4 thị trấn Cô Tô",2317783,498813,2025,3,oyster,6.59282112121582,27.923778533935547,8.265284538269043,30.32649803161621,0.0241202507168054,,37.4367790222168,136.21766662597656,3.9168665409088135,2792.0,133.00213623046875,2.2759902477264404,,,,,,,,,0.0418696999549865
NB91,"Khu vực Vụng cát 2, 3 - khu 4 thị trấn Cô Tô",2317783,498813,2025,4,oyster,6.817935466766357,25.995681762695312,8.157126426696777,30.932138442993164,0.0254249107092618,,36.3148307800293,143.45339965820312,3.907724380493164,1049.0447998046875,124.31742095947266,0.0,,,,,,,,,0.0495311580598354
NB91,"Khu vực Vụng cát 2, 3 - khu 4 thị trấn Cô Tô",2317783,498813,2026,1,oyster,6.600627422332764,22.080406188964844,8.072830200195312,31.548805236816406,0.0290618687868118,,31.37508010864257,92.94808959960938,4.597780227661133,2929.24365234375,102.76092529296876,3.951048851013184,,,,,,,,,0.0439865179359912
NB91,"Khu vực Vụng cát 2, 3 - khu 4 thị trấn Cô Tô",2317783,498813,2026,2,oyster,5.54770565032959,26.02535820007324,8.117305755615234,30.97827339172364,0.0390279218554496,,28.24555778503418,86.9152603149414,6.137711524963379,1033.1072998046875,105.38954162597656,0.0,,,,,,,,,0.0436229407787323
NB91,"Khu vực Vụng cát 2, 3 - khu 4 thị trấn Cô Tô",2317783,498813,2026,3,oyster,6.816359996795654,28.004291534423828,8.138629913330078,31.41805458068848,0.0377654172480106,,29.83061408996582,72.72017669677734,5.382103443145752,0.0,106.5842514038086,0.0,,,,,,,,,0.0422773025929927
NB91,"Khu vực Vụng cát 2, 3 - khu 4 thị trấn Cô Tô",2317783,498813,2026,4,oyster,9.967790603637695,24.874914169311523,8.177536964416504,30.76081657409668,0.0306243784725666,,37.26403045654297,92.53988647460938,2.8807289600372314,0.0,129.9150390625,0.0,,,,,,,,,0.0447310656309127
NB91,"Khu vực Vụng cát 2, 3 - khu 4 thị trấn Cô Tô",2317783,498813,2027,1,oyster,7.207716941833496,21.499069213867188,8.140873908996582,31.67475891113281,0.0308537110686302,,37.02482604980469,140.2095947265625,5.803128242492676,0.0,123.02899169921876,2.4515633583068848,,,,,,,,,0.0437168255448341
NB91,"Khu vực Vụng cát 2, 3 - khu 4 thị trấn Cô Tô",2317783,498813,2027,2,oyster,6.400420665740967,25.9802188873291,8.197096824645996,31.12735366821289,0.0430072769522666,,34.86943054199219,90.9698715209961,7.218238830566406,0.0,111.21839904785156,0.0,,,,,,,,,0.0385453552007675
NB91,"Khu vực Vụng cát 2, 3 - khu 4 thị trấn Cô Tô",2317783,498813,2027,3,oyster,7.075770854949951,28.65672492980957,8.103225708007812,31.12703514099121,0.0329015925526618,,38.698204040527344,120.22581481933594,5.4384636878967285,0.0,140.05801391601562,1.55384624004364,,,,,,,,,0.0409683063626289
NB92,"Khu vực bãi tắm Hồng Vàn, xã Đồng Tiến",2323555,501698,2025,1,oyster,6.413689136505127,21.895883560180664,8.080900192260742,31.78198432922364,0.0466372594237327,,31.822553634643555,76.7813720703125,2.51863694190979,2008.94677734375,114.1867904663086,0.0,,,,,,,,,0.0396771654486656
NB92,"Khu vực bãi tắm Hồng Vàn, xã Đồng Tiến",2323555,501698,2025,2,oyster,6.114143371582031,25.27020072937012,8.016733169555664,30.92884063720703,0.0520432256162166,,29.086292266845703,83.91534423828125,3.800862073898315,3355.4970703125,119.83810424804688,0.0872295871376991,,,,,,,,,0.0423424430191516
NB92,"Khu vực bãi tắm Hồng Vàn, xã Đồng Tiến",2323555,501698,2025,3,oyster,6.398353576660156,28.373432159423828,8.080408096313477,31.07808303833008,0.0440354235470294,,29.97223663330078,110.8785629272461,3.6507985591888414,3852.423828125,111.24492645263672,2.0901968479156494,,,,,,,,,0.0402250401675701
NB92,"Khu vực bãi tắm Hồng Vàn, xã Đồng Tiến",2323555,501698,2025,4,oyster,6.745755195617676,25.28595733642578,8.088001251220703,31.11864852905273,0.0500586628913879,,30.083881378173828,98.38323974609376,1.9704210758209229,0.0,112.3920669555664,3.397777795791626,,,,,,,,,0.040737859904766
NB92,"Khu vực bãi tắm Hồng Vàn, xã Đồng Tiến",2323555,501698,2026,1,oyster,7.01687479019165,20.825796127319336,8.131579399108887,31.88981437683105,0.0561033561825752,,34.251617431640625,118.69573974609376,0.6337665319442749,0.0,118.1474609375,0.0,,,,,,,,,0.0419624596834182
NB92,"Khu vực bãi tắm Hồng Vàn, xã Đồng Tiến",2323555,501698,2026,2,oyster,6.126987457275391,26.474903106689453,8.137558937072754,31.478172302246094,0.0669360235333442,,35.34721374511719,114.21571350097656,2.444027900695801,0.0,107.14501190185548,0.3209655582904815,,,,,,,,,0.0407120436429977
NB92,"Khu vực bãi tắm Hồng Vàn, xã Đồng Tiến",2323555,501698,2026,3,oyster,5.502511501312256,28.52692413330078,8.133471488952637,30.663074493408203,0.0377968251705169,,35.68949508666992,89.619140625,1.2097034454345703,0.0,113.9981460571289,0.0,,,,,,,,,0.0440525710582733
NB92,"Khu vực bãi tắm Hồng Vàn, xã Đồng Tiến",2323555,501698,2026,4,oyster,6.486018180847168,25.577577590942383,8.212488174438477,31.112239837646484,0.0408323258161544,,34.57878494262695,107.09782409667967,0.3891845047473907,0.0,130.6968536376953,0.0,,,,,,,,,0.0353226885199546
NB92,"Khu vực bãi tắm Hồng Vàn, xã Đồng Tiến",2323555,501698,2027,1,oyster,7.536809921264648,22.1623592376709,8.292963027954102,31.28293800354004,0.0516070276498794,,40.87016296386719,121.09915924072266,1.0245893001556396,0.0,119.0308837890625,1.781480312347412,,,,,,,,,0.0368034392595291
NB92,"Khu vực bãi tắm Hồng Vàn, xã Đồng Tiến",2323555,501698,2027,2,oyster,7.021965026855469,26.78996658325196,8.173027992248535,31.392353057861328,0.0690197646617889,,39.34270858764648,120.2296142578125,2.898356676101685,0.0,146.55972290039062,0.0,,,,,,,,,0.041635476052761
NB92,"Khu vực bãi tắm Hồng Vàn, xã Đồng Tiến",2323555,501698,2027,3,oyster,7.149100303649902,27.975696563720703,8.170714378356934,30.368162155151367,0.0484888441860675,,37.3193244934082,103.81519317626952,2.1852355003356934,0.0,130.8721466064453,2.5991857051849365,,,,,,,,,0.042314562946558
NB93,Khu vực ven bờ phía Nam xã Đồng Tiến,2321580,498778,2025,1,oyster,6.693401336669922,21.86708641052246,8.137031555175781,32.59374237060547,0.0315000936388969,,32.13041687011719,92.75689697265624,1.0462223291397097,314.053955078125,118.60555267333984,0.0,,,,,,,,,0.0363611690700054
NB93,Khu vực ven bờ phía Nam xã Đồng Tiến,2321580,498778,2025,2,oyster,6.452467441558838,25.55154800415039,8.096492767333984,30.7277774810791,0.0335946828126907,,30.58041954040528,75.47811889648438,2.926017999649048,2443.300048828125,118.83158111572266,1.4333988428115845,,,,,,,,,0.0437729842960834
NB93,Khu vực ven bờ phía Nam xã Đồng Tiến,2321580,498778,2025,3,oyster,6.3255615234375,28.475744247436523,8.142414093017578,31.45125389099121,0.0271141342818737,,35.94691848754883,118.38439178466795,3.711483478546143,5998.94140625,140.5817413330078,0.0,,,,,,,,,0.045924849808216
NB93,Khu vực ven bờ phía Nam xã Đồng Tiến,2321580,498778,2025,4,oyster,6.764841556549072,25.83375740051269,8.069247245788574,30.911869049072266,0.0346303880214691,,31.856081008911133,102.41970825195312,3.123741626739502,6104.09814453125,111.59730529785156,0.0,,,,,,,,,0.0443416200578212
NB93,Khu vực ven bờ phía Nam xã Đồng Tiến,2321580,498778,2026,1,oyster,7.23033332824707,22.157983779907227,8.110764503479004,32.26887512207031,0.0359077975153923,,35.093780517578125,100.59739685058594,1.9038265943527224,3452.52294921875,106.43968963623048,0.0,,,,,,,,,0.0484725497663021
NB93,Khu vực ven bờ phía Nam xã Đồng Tiến,2321580,498778,2026,2,oyster,5.923593521118164,24.872461318969727,8.182307243347168,30.84907341003418,0.0392442680895328,,31.65276908874512,95.1654815673828,2.9389190673828125,1031.6812744140625,108.23167419433594,0.0,,,,,,,,,0.0468097105622291
NB93,Khu vực ven bờ phía Nam xã Đồng Tiến,2321580,498778,2026,3,oyster,6.96348237991333,27.8408432006836,8.210451126098633,31.32339096069336,0.040949210524559,,32.444705963134766,82.43222045898438,3.9286699295043945,0.0,119.824462890625,0.0,,,,,,,,,0.0420991294085979
NB93,Khu vực ven bờ phía Nam xã Đồng Tiến,2321580,498778,2026,4,oyster,7.877695560455322,25.050689697265625,8.114788055419922,30.6394157409668,0.0338290557265281,,41.19454574584961,126.2761688232422,1.5074241161346436,0.0,128.26779174804688,0.0,,,,,,,,,0.0463761687278747
NB93,Khu vực ven bờ phía Nam xã Đồng Tiến,2321580,498778,2027,1,oyster,7.918156147003174,21.2089786529541,8.107156753540039,31.69435310363769,0.0459787100553512,,39.5890998840332,119.91860961914062,1.5116100311279297,0.0,125.31358337402344,0.2151040881872177,,,,,,,,,0.0412921607494354
NB93,Khu vực ven bờ phía Nam xã Đồng Tiến,2321580,498778,2027,2,oyster,7.0095295906066895,26.122926712036133,8.134160995483398,30.67910957336425,0.0698616877198219,,35.61739730834961,102.92372131347656,3.5978147983551025,0.0,125.8076400756836,0.0,,,,,,,,,0.0418365076184272
NB93,Khu vực ven bờ phía Nam xã Đồng Tiến,2321580,498778,2027,3,oyster,7.043426513671875,27.9610538482666,8.103625297546387,31.26937866210937,0.0398198924958705,,41.253814697265625,105.95233917236328,2.378793239593506,0.0,140.70896911621094,1.410203456878662,,,,,,,,,0.0407835766673088
NB94,Khu vực phía Bắc đảo Cô Tô con,2328260,501917,2025,1,oyster,6.753393173217773,21.05035781860352,8.081658363342285,32.21446990966797,0.0395840518176555,,33.18362045288086,85.15985107421875,0.0,0.0,112.7809829711914,0.0,,,,,,,,,0.0397800840437412
NB94,Khu vực phía Bắc đảo Cô Tô con,2328260,501917,2025,2,oyster,6.243719577789307,25.954593658447266,8.117499351501465,32.30198669433594,0.0381075739860534,,28.164051055908203,81.92806243896484,0.6671855449676514,919.575927734375,103.76761627197266,2.5044074058532715,,,,,,,,,0.033582579344511
NB94,Khu vực phía Bắc đảo Cô Tô con,2328260,501917,2025,3,oyster,6.436104774475098,28.95251846313477,8.192828178405762,31.033206939697266,0.0408570356667041,,29.523601531982425,114.51290130615234,3.000807762145996,4043.0048828125,116.40267944335938,3.9507040977478014,,,,,,,,,0.040224153548479
NB94,Khu vực phía Bắc đảo Cô Tô con,2328260,501917,2025,4,oyster,6.862026214599609,25.69485664367676,8.16240119934082,31.05570411682129,0.0409689061343669,,34.3398323059082,125.71844482421876,2.6562838554382324,919.9960327148438,115.1583023071289,3.7431232929229736,,,,,,,,,0.0475245118141174
NB94,Khu vực phía Bắc đảo Cô Tô con,2328260,501917,2026,1,oyster,7.318202972412109,21.920276641845703,8.156034469604492,31.706005096435547,0.0424235984683036,,37.43254852294922,116.32542419433594,4.513582229614258,2649.176513671875,116.4508819580078,0.8683028221130371,,,,,,,,,0.051050666719675
NB94,Khu vực phía Bắc đảo Cô Tô con,2328260,501917,2026,2,oyster,6.249159336090088,24.728057861328125,8.1970796585083,32.1370964050293,0.0557013116776943,,29.559144973754883,98.6357421875,5.426372528076172,1289.4771728515625,77.98026275634766,0.0,,,,,,,,,0.0426143482327461
NB94,Khu vực phía Bắc đảo Cô Tô con,2328260,501917,2026,3,oyster,5.78960657119751,28.451229095458984,8.180032730102539,31.64103507995605,0.0495584532618522,,30.054670333862305,101.7363510131836,4.469630241394043,541.7152709960938,102.08968353271484,0.6340885758399963,,,,,,,,,0.040947537869215
NB94,Khu vực phía Bắc đảo Cô Tô con,2328260,501917,2026,4,oyster,6.481588363647461,25.11248016357422,8.210454940795898,30.762264251708984,0.0477731637656688,,30.571502685546875,93.06039428710938,1.4497498273849487,22.411680221557617,109.78823852539062,0.0,,,,,,,,,0.0465213395655155
NB94,Khu vực phía Bắc đảo Cô Tô con,2328260,501917,2027,1,oyster,7.080663204193115,22.43564987182617,8.222036361694336,31.285558700561523,0.0538859143853187,,40.03305435180664,116.8826675415039,0.8457370400428772,0.0,140.73541259765625,0.0,,,,,,,,,0.0459270849823951
NB94,Khu vực phía Bắc đảo Cô Tô con,2328260,501917,2027,2,oyster,6.589069843292236,26.30282020568848,8.269742965698242,31.06512451171875,0.0679786726832389,,40.54429244995117,118.88990020751952,4.966686725616455,0.0,126.15990447998048,0.0,,,,,,,,,0.0440361611545085
NB94,Khu vực phía Bắc đảo Cô Tô con,2328260,501917,2027,3,oyster,6.129401683807373,28.185659408569336,8.24277114868164,31.193153381347656,0.0480702742934227,,34.56382369995117,102.2624282836914,3.441176652908325,0.0,120.06355285644533,0.0,,,,,,,,,0.0373965986073017
NB95,Khu vực phía Nam đảo Cô Tô con,2326638,502012,2025,1,oyster,6.737043857574463,21.70942687988281,8.137345314025879,32.518524169921875,0.0200528763234615,,30.075469970703125,98.94342803955078,0.764136016368866,803.19921875,126.71163177490234,2.232367753982544,,,,,,,,,0.0367598831653595
NB95,Khu vực phía Nam đảo Cô Tô con,2326638,502012,2025,2,oyster,6.530008792877197,25.52559280395508,8.184699058532715,30.21096420288086,0.0246052220463752,,29.14299774169922,97.71197509765624,4.426368713378906,4445.32177734375,108.30716705322266,6.796086311340332,,,,,,,,,0.0428656823933124
NB95,Khu vực phía Nam đảo Cô Tô con,2326638,502012,2025,3,oyster,6.734477043151856,28.939626693725582,8.197616577148438,30.68348693847656,0.0250739809125661,,35.907508850097656,127.64744567871094,4.772822380065918,4895.32568359375,123.0111312866211,2.621342897415161,,,,,,,,,0.0452222898602485
NB95,Khu vực phía Nam đảo Cô Tô con,2326638,502012,2025,4,oyster,6.776161193847656,25.7247314453125,8.149740219116211,31.125619888305664,0.0254020225256681,,35.03640365600586,119.35932159423828,3.5888805389404297,5653.5322265625,130.48870849609375,5.539717197418213,,,,,,,,,0.0413627885282039
NB95,Khu vực phía Nam đảo Cô Tô con,2326638,502012,2026,1,oyster,6.44310188293457,23.071069717407227,8.106158256530762,32.19861602783203,0.0297754500061273,,37.17385482788086,95.2221908569336,3.1155712604522705,4147.53076171875,113.2697296142578,1.0230205059051514,,,,,,,,,0.0529394224286079
NB95,Khu vực phía Nam đảo Cô Tô con,2326638,502012,2026,2,oyster,5.773940086364746,25.47884178161621,8.20619010925293,30.90114402770996,0.024698618799448,,26.18528175354004,76.63768005371094,5.015746593475342,2953.61962890625,103.55094909667967,0.0,,,,,,,,,0.0407040566205978
NB95,Khu vực phía Nam đảo Cô Tô con,2326638,502012,2026,3,oyster,5.987226963043213,28.83645820617676,8.22587776184082,30.7482967376709,0.0324686542153358,,31.922637939453125,112.48733520507812,5.685140609741211,1168.9920654296875,122.3155288696289,0.0,,,,,,,,,0.0426255799829959
NB95,Khu vực phía Nam đảo Cô Tô con,2326638,502012,2026,4,oyster,6.318111896514893,25.30279922485352,8.152409553527832,30.371315002441406,0.0360732562839984,,36.16139221191406,93.18634033203124,3.8556394577026367,0.0,124.23926544189452,0.0,,,,,,,,,0.0447398647665977
NB95,Khu vực phía Nam đảo Cô Tô con,2326638,502012,2027,1,oyster,30.80615997314453,21.887039184570312,8.091666221618652,31.982608795166016,0.0331836156547069,,34.801300048828125,98.26787567138672,1.5378215312957764,0.0,121.83319091796876,2.3089044094085693,,,,,,,,,0.0439068712294101
NB95,Khu vực phía Nam đảo Cô Tô con,2326638,502012,2027,2,oyster,6.813562870025635,26.0421142578125,8.058659553527832,31.49820327758789,0.0529044233262538,,33.35354995727539,123.76448059082033,4.2601704597473145,0.0,111.23631286621094,0.0,,,,,,,,,0.0390700735151767
NB95,Khu vực phía Nam đảo Cô Tô con,2326638,502012,2027,3,oyster,6.847437858581543,27.85295295715332,8.142752647399902,31.64078712463379,0.0458753891289234,,36.95669937133789,114.75048828125,3.3046252727508545,0.0,127.69271087646484,0.0,,,,,,,,,0.0446673445403575
NB96,Khu vực phía Đông đảo Cô Tô con,2327640,503181,2025,1,oyster,6.629741668701172,22.152755737304688,8.117094993591309,32.68505096435547,0.029824336990714,,27.457639694213867,93.4003677368164,0.5247707962989807,467.9424743652344,101.4161605834961,0.0,,,,,,,,,0.0307211503386497
NB96,Khu vực phía Đông đảo Cô Tô con,2327640,503181,2025,2,oyster,6.422260761260986,25.05533599853516,8.15967082977295,30.2170639038086,0.042628888040781,,29.23235893249512,124.5719223022461,2.815502405166626,2246.51416015625,112.12368774414062,3.1337451934814453,,,,,,,,,0.0399566143751144
NB96,Khu vực phía Đông đảo Cô Tô con,2327640,503181,2025,3,oyster,6.491329669952393,28.292400360107425,8.257094383239746,30.88408088684082,0.0311157256364822,,34.65517807006836,110.7138442993164,3.8343775272369385,3079.585205078125,129.57879638671875,1.3664036989212036,,,,,,,,,0.0413764491677284
NB96,Khu vực phía Đông đảo Cô Tô con,2327640,503181,2025,4,oyster,6.855620861053467,25.65483283996582,8.218416213989258,30.73128128051757,0.0323597192764282,,35.38882827758789,145.8181915283203,2.8831653594970703,714.5172119140625,110.5467300415039,4.766755104064941,,,,,,,,,0.0427982844412326
NB96,Khu vực phía Đông đảo Cô Tô con,2327640,503181,2026,1,oyster,7.326516628265381,22.79941368103028,8.125824928283691,31.07985115051269,0.0362174436450004,,42.74427795410156,130.09078979492188,4.380527973175049,1349.0360107421875,117.10657501220705,0.0,,,,,,,,,0.0520416125655174
NB96,Khu vực phía Đông đảo Cô Tô con,2327640,503181,2026,2,oyster,6.25715970993042,26.336320877075195,8.196480751037598,29.52646827697754,0.0425933711230754,,33.57498550415039,93.28022003173828,3.096947193145752,0.0,102.1523208618164,0.0,,,,,,,,,0.0427842922508716
NB96,Khu vực phía Đông đảo Cô Tô con,2327640,503181,2026,3,oyster,6.115218639373779,28.702392578125,8.189730644226074,31.41446685791016,0.0298788379877805,,37.8254280090332,115.1736297607422,1.0582489967346191,0.0,126.70915985107422,0.0,,,,,,,,,0.0425753742456436
NB96,Khu vực phía Đông đảo Cô Tô con,2327640,503181,2026,4,oyster,7.503597259521484,25.697460174560547,8.212483406066895,30.48641014099121,0.0379030369222164,,39.22023010253906,104.57923126220705,1.82517671585083,607.7010498046875,130.0116729736328,0.0,,,,,,,,,0.048445176333189
NB96,Khu vực phía Đông đảo Cô Tô con,2327640,503181,2027,1,oyster,8.130008697509766,22.77916145324707,8.229774475097656,30.285261154174805,0.0440802983939647,,42.31259536743164,109.42825317382812,3.193969249725342,0.0,127.53965759277344,0.0,,,,,,,,,0.0498027093708515
NB96,Khu vực phía Đông đảo Cô Tô con,2327640,503181,2027,2,oyster,7.110334873199463,26.13438415527344,8.198554992675781,29.618282318115234,0.0583735592663288,,39.49628448486328,142.439697265625,4.284651756286621,0.0,137.1622314453125,0.0,,,,,,,,,0.0405559204518795
NB96,Khu vực phía Đông đảo Cô Tô con,2327640,503181,2027,3,oyster,7.52557373046875,28.400224685668945,8.185277938842773,31.434101104736328,0.0437735766172409,,39.98984146118164,109.10659790039062,2.492163896560669,0.0,131.3947296142578,0.8153155446052551,,,,,,,,,0.0421997718513011
NB97,Khu vực phía Tây  đảo Cô Tô con,2327497,501058,2025,1,oyster,6.929718017578125,21.882753372192383,8.147536277770996,32.90940856933594,0.0269463453441858,,30.46699905395508,83.5077896118164,0.4346085786819458,0.0,110.9400863647461,0.0,,,,,,,,,0.034105971455574
NB97,Khu vực phía Tây  đảo Cô Tô con,2327497,501058,2025,2,oyster,6.411430835723877,26.47307777404785,8.121513366699219,31.750537872314453,0.0345441214740276,,31.85332298278809,86.32521057128906,3.52871322631836,782.322509765625,116.38888549804688,0.41930091381073,,,,,,,,,0.0401276536285877
NB97,Khu vực phía Tây  đảo Cô Tô con,2327497,501058,2025,3,oyster,6.43157958984375,28.6309871673584,8.19506549835205,31.93399810791016,0.0222859848290681,,32.52141189575195,119.21180725097656,3.291236639022827,1630.2615966796875,106.52326965332033,3.777660608291626,,,,,,,,,0.0392967239022254
NB97,Khu vực phía Tây  đảo Cô Tô con,2327497,501058,2025,4,oyster,6.752739429473877,25.93682289123535,8.218337059020996,30.833471298217773,0.025671673938632,,33.66295623779297,142.85997009277344,3.437406301498413,1147.2532958984375,115.18693542480467,2.203716993331909,,,,,,,,,0.0443479605019092
NB97,Khu vực phía Tây  đảo Cô Tô con,2327497,501058,2026,1,oyster,7.469607353210449,21.802709579467773,8.127890586853027,31.73276901245117,0.0270491428673267,,41.18341827392578,162.85816955566406,6.920673847198486,1606.7828369140625,121.76631927490234,4.660008430480957,,,,,,,,,0.0548947267234325
NB97,Khu vực phía Tây  đảo Cô Tô con,2327497,501058,2026,2,oyster,6.254197120666504,24.302677154541016,8.079084396362305,31.800737380981445,0.0368045419454574,,31.454235076904297,82.41219329833984,6.410372734069824,3628.05517578125,107.86375427246094,0.0,,,,,,,,,0.0434671938419342
NB97,Khu vực phía Tây  đảo Cô Tô con,2327497,501058,2026,3,oyster,5.35006046295166,28.273054122924805,8.142213821411133,31.36232566833496,0.038986463099718,,29.612150192260746,98.30441284179688,4.3784379959106445,2337.281005859375,100.63623046875,0.0,,,,,,,,,0.0418080575764179
NB97,Khu vực phía Tây  đảo Cô Tô con,2327497,501058,2026,4,oyster,7.033348560333252,24.984027862548828,8.252379417419434,30.6782341003418,0.0496318005025386,,32.96347427368164,77.9939193725586,3.459358930587769,0.0,118.6920166015625,0.0,,,,,,,,,0.0494899488985538
NB97,Khu vực phía Tây  đảo Cô Tô con,2327497,501058,2027,1,oyster,32.48549270629883,21.407480239868164,8.27868366241455,31.702407836914062,0.0420980080962181,,42.10369491577149,133.85365295410156,3.019930362701416,0.0,125.0811767578125,2.4373819828033447,,,,,,,,,0.044777937233448
NB97,Khu vực phía Tây  đảo Cô Tô con,2327497,501058,2027,2,oyster,6.824479579925537,25.834997177124023,8.186076164245605,31.61560821533203,0.0541999079287052,,37.57759475708008,138.91085815429688,5.927234649658203,0.0,115.1590805053711,0.6221280694007874,,,,,,,,,0.0406552590429782
NB97,Khu vực phía Tây  đảo Cô Tô con,2327497,501058,2027,3,oyster,6.160910129547119,28.46064567565918,8.201290130615234,31.844467163085938,0.044826753437519,,33.00236892700195,91.60099029541016,3.504445791244507,0.0,119.24581909179688,0.2261820435523986,,,,,,,,,0.0380529873073101
NB98,Khu vực cảng Thanh Lân,2323023,505543,2025,1,oyster,6.5291266441345215,22.521181106567383,8.125931739807129,32.69057846069336,0.0278471577912569,,32.72579574584961,72.5166015625,0.7544277310371399,0.0,114.1139907836914,0.0,,,,,,,,,0.0375098772346973
NB98,Khu vực cảng Thanh Lân,2323023,505543,2025,2,oyster,6.269378662109375,26.36641311645508,8.143959045410156,31.433853149414062,0.0347281657159328,,32.96451568603516,85.47038269042969,1.8434929847717283,1283.6669921875,113.00374603271484,2.920180320739746,,,,,,,,,0.0429354682564735
NB98,Khu vực cảng Thanh Lân,2323023,505543,2025,3,oyster,6.430929660797119,28.7513427734375,8.172661781311035,31.818004608154297,0.024096256121993,,36.2081413269043,96.8039093017578,2.23607873916626,5695.27685546875,114.5465087890625,2.1055352687835693,,,,,,,,,0.0388043485581874
NB98,Khu vực cảng Thanh Lân,2323023,505543,2025,4,oyster,6.530728340148926,25.96173477172852,8.196799278259277,31.01284408569336,0.0288745984435081,,29.19638061523437,109.38909912109376,3.4204115867614746,4053.240478515625,109.11817932128906,3.780171155929565,,,,,,,,,0.0407381802797317
NB98,Khu vực cảng Thanh Lân,2323023,505543,2026,1,oyster,7.110272407531738,23.132347106933597,8.113031387329102,31.800655364990234,0.0295855049043893,,35.77133560180664,155.85855102539062,5.370779991149902,3124.182861328125,111.2408218383789,3.926129102706909,,,,,,,,,0.0511285290122032
NB98,Khu vực cảng Thanh Lân,2323023,505543,2026,2,oyster,5.888493537902832,25.77550506591797,8.170454025268555,31.47942543029785,0.0388531610369682,,33.5487060546875,93.34904479980467,4.745058059692383,1775.43896484375,121.02428436279295,0.0,,,,,,,,,0.0484151802957057
NB98,Khu vực cảng Thanh Lân,2323023,505543,2026,3,oyster,5.499215602874756,28.947118759155277,8.152734756469727,31.51296043395996,0.035053726285696,,30.05035781860352,95.69587707519533,2.5636849403381348,0.0,100.49752044677734,0.0,,,,,,,,,0.0397631749510765
NB98,Khu vực cảng Thanh Lân,2323023,505543,2026,4,oyster,6.231964111328125,24.67119026184082,8.179741859436035,31.19181060791016,0.0424867495894432,,31.658445358276367,85.98898315429688,0.7513224482536316,0.0,114.42330932617188,0.0,,,,,,,,,0.0430766604840755
NB98,Khu vực cảng Thanh Lân,2323023,505543,2027,1,oyster,7.614132404327393,22.075666427612305,8.192749977111816,31.253995895385746,0.045644074678421,,39.074989318847656,121.49065399169922,2.23451566696167,0.0,116.8590087890625,2.573899269104004,,,,,,,,,0.0389365814626216
NB98,Khu vực cảng Thanh Lân,2323023,505543,2027,2,oyster,6.68389892578125,25.535812377929688,8.164422988891602,31.561771392822266,0.0619177483022213,,39.37729644775391,134.01246643066406,3.606359004974365,0.0,126.26087188720705,0.0,,,,,,,,,0.0427412763237953
NB98,Khu vực cảng Thanh Lân,2323023,505543,2027,3,oyster,7.151303768157959,28.30130195617676,8.136720657348633,32.1970329284668,0.0438856072723865,,31.119274139404297,92.8031768798828,2.741882801055908,0.0,118.78998565673828,0.0,,,,,,,,,0.0359983146190643
NB99,Khu vực nuôi nhuyễn thể phía Đông Nam đảo Thanh Lân,2321546,505635,2025,1,oyster,6.886439800262451,22.959341049194336,8.100462913513184,32.23794174194336,0.030742639675736427,,31.226375579833984,86.29277801513672,0.0,0.0,106.76551055908203,0.0,,,,,,,,,0.03191857039928436
NB99,Khu vực nuôi nhuyễn thể phía Đông Nam đảo Thanh Lân,2321546,505635,2025,2,oyster,6.597370147705078,26.377765655517578,8.128641128540039,30.557418823242188,0.04319638013839722,,33.235294342041016,103.2001724243164,1.9687360525131226,0.0,124.69508361816406,0.8482985496520996,,,,,,,,,0.03546818345785141
NB99,Khu vực nuôi nhuyễn thể phía Đông Nam đảo Thanh Lân,2321546,505635,2025,3,oyster,6.6657304763793945,28.176767349243164,8.195802688598633,32.52056121826172,0.02285507693886757,,37.620243072509766,96.99502563476562,0.8707727193832397,0.0,132.12774658203125,1.1985700130462646,,,,,,,,,0.03806556761264801
NB99,Khu vực nuôi nhuyễn thể phía Đông Nam đảo Thanh Lân,2321546,505635,2025,4,oyster,6.834310531616211,24.866252899169922,8.202813148498535,31.630800247192383,0.02735639549791813,,34.454803466796875,114.54182434082031,2.086919069290161,252.03895568847656,118.7750244140625,0.0,,,,,,,,,0.040991924703121185
NB99,Khu vực nuôi nhuyễn thể phía Đông Nam đảo Thanh Lân,2321546,505635,2026,1,oyster,7.314605236053467,23.130651473999023,8.199358940124512,31.20787239074707,0.028568541631102562,,40.02173614501953,154.76487731933594,6.846993446350098,450.0345153808594,116.96710205078125,1.9343914985656738,,,,,,,,,0.05544450134038925
NB99,Khu vực nuôi nhuyễn thể phía Đông Nam đảo Thanh Lân,2321546,505635,2026,2,oyster,6.915708065032959,25.931976318359375,8.180957794189453,31.130939483642578,0.03576856851577759,,40.01538848876953,153.11306762695312,4.26030158996582,1111.034423828125,141.7068634033203,2.214120388031006,,,,,,,,,0.05204613506793976
NB99,Khu vực nuôi nhuyễn thể phía Đông Nam đảo Thanh Lân,2321546,505635,2026,3,oyster,7.029850959777832,29.074705123901367,8.132044792175293,31.719518661499023,0.028644420206546783,,37.59440231323242,105.05193328857422,5.293778419494629,2195.041748046875,130.6132354736328,6.8484320640563965,,,,,,,,,0.04918353632092476
NB99,Khu vực nuôi nhuyễn thể phía Đông Nam đảo Thanh Lân,2321546,505635,2026,4,oyster,13.04882526397705,26.09230613708496,8.164254188537598,30.929561614990234,0.035583749413490295,,38.671058654785156,99.45198059082031,5.644705772399902,2883.121337890625,135.82748413085938,0.0,,,,,,,,,0.051198579370975494
NB99,Khu vực nuôi nhuyễn thể phía Đông Nam đảo Thanh Lân,2321546,505635,2027,1,oyster,33.278228759765625,22.29876708984375,8.174527168273926,30.89979362487793,0.03300502896308899,,39.60343933105469,101.11495208740234,5.348821640014648,733.8370361328125,133.38119506835938,0.0,,,,,,,,,0.04767666384577751
NB99,Khu vực nuôi nhuyễn thể phía Đông Nam đảo Thanh Lân,2321546,505635,2027,2,oyster,8.354562759399414,24.19437599182129,8.194905281066895,30.552570343017578,0.039999961853027344,,38.39324951171875,85.12976837158203,6.043097019195557,325.4489440917969,119.38790893554688,0.0,,,,,,,,,0.04500668868422508
NB99,Khu vực nuôi nhuyễn thể phía Đông Nam đảo Thanh Lân,2321546,505635,2027,3,oyster,7.388437747955322,28.33060646057129,8.12669849395752,31.32089614868164,0.0307253897190094,,40.87541580200195,124.9894790649414,4.842405796051025,0.0,129.85423278808594,0.0,,,,,,,,,0.04362281411886215
